// Generated from the editor's UI text font asset; see
// engine/editor/assets/fonts/THIRD_PARTY_NOTICES.md for license and provenance.
inline constexpr std::array<std::uint8_t, 68028> uve_ui_font_ttf_bytes{{
    0x00, 0x01, 0x00, 0x00, 0x00, 0x10, 0x01, 0x00, 0x00, 0x04, 0x00, 0x00, 0x47, 0x44, 0x45, 0x46,
    0x34, 0xB9, 0x2C, 0x15, 0x00, 0x00, 0x02, 0x58, 0x00, 0x00, 0x01, 0x58, 0x47, 0x50, 0x4F, 0x53,
    0xB3, 0x2A, 0x2B, 0x68, 0x00, 0x00, 0x96, 0x70, 0x00, 0x00, 0x73, 0x4C, 0x47, 0x53, 0x55, 0x42,
    0x10, 0x68, 0x15, 0x0B, 0x00, 0x00, 0x1A, 0xD0, 0x00, 0x00, 0x0C, 0x1A, 0x4F, 0x53, 0x2F, 0x32,
    0x61, 0x05, 0x1D, 0x7A, 0x00, 0x00, 0x01, 0xF8, 0x00, 0x00, 0x00, 0x60, 0x53, 0x54, 0x41, 0x54,
    0x5F, 0x0D, 0x43, 0x39, 0x00, 0x00, 0x01, 0x98, 0x00, 0x00, 0x00, 0x5E, 0x63, 0x6D, 0x61, 0x70,
    0xE7, 0x8B, 0x30, 0x2D, 0x00, 0x00, 0x07, 0x9C, 0x00, 0x00, 0x04, 0x26, 0x67, 0x61, 0x73, 0x70,
    0x00, 0x00, 0x00, 0x10, 0x00, 0x00, 0x01, 0x14, 0x00, 0x00, 0x00, 0x08, 0x67, 0x6C, 0x79, 0x66,
    0x01, 0xC2, 0x92, 0x0A, 0x00, 0x00, 0x36, 0xF8, 0x00, 0x00, 0x5F, 0x78, 0x68, 0x65, 0x61, 0x64,
    0x26, 0x57, 0x64, 0xE0, 0x00, 0x00, 0x01, 0x60, 0x00, 0x00, 0x00, 0x36, 0x68, 0x68, 0x65, 0x61,
    0x0B, 0xA6, 0x07, 0x7E, 0x00, 0x00, 0x01, 0x3C, 0x00, 0x00, 0x00, 0x24, 0x68, 0x6D, 0x74, 0x78,
    0x2C, 0x44, 0x65, 0xFF, 0x00, 0x00, 0x12, 0xFC, 0x00, 0x00, 0x07, 0xD4, 0x6C, 0x6F, 0x63, 0x61,
    0x1C, 0x94, 0x33, 0xFA, 0x00, 0x00, 0x03, 0xB0, 0x00, 0x00, 0x03, 0xEC, 0x6D, 0x61, 0x78, 0x70,
    0x02, 0x07, 0x00, 0x9E, 0x00, 0x00, 0x01, 0x1C, 0x00, 0x00, 0x00, 0x20, 0x6E, 0x61, 0x6D, 0x65,
    0xDF, 0xAF, 0x1D, 0x2A, 0x00, 0x00, 0x0B, 0xC4, 0x00, 0x00, 0x07, 0x36, 0x70, 0x6F, 0x73, 0x74,
    0xD6, 0x99, 0x69, 0x35, 0x00, 0x00, 0x26, 0xEC, 0x00, 0x00, 0x10, 0x09, 0x70, 0x72, 0x65, 0x70,
    0x68, 0x06, 0x8C, 0x85, 0x00, 0x00, 0x01, 0x0C, 0x00, 0x00, 0x00, 0x07, 0xB8, 0x01, 0xFF, 0x85,
    0xB0, 0x04, 0x8D, 0x00, 0x00, 0x01, 0x00, 0x01, 0xFF, 0xFF, 0x00, 0x0F, 0x00, 0x01, 0x00, 0x00,
    0x01, 0xF5, 0x00, 0x55, 0x00, 0x07, 0x00, 0x47, 0x00, 0x06, 0x00, 0x01, 0x00, 0x00, 0x00, 0x00,
    0x00, 0x00, 0x00, 0x00, 0x00, 0x00, 0x00, 0x00, 0x00, 0x04, 0x00, 0x01, 0x00, 0x01, 0x00, 0x00,
    0x03, 0xCA, 0xFF, 0x06, 0x00, 0x00, 0x08, 0x36, 0xFF, 0xBF, 0xFE, 0x4C, 0x08, 0x1A, 0x00, 0x01,
    0x00, 0x00, 0x00, 0x00, 0x00, 0x00, 0x00, 0x00, 0x00, 0x00, 0x00, 0x00, 0x00, 0x00, 0x01, 0xF5,
    0x00, 0x01, 0x00, 0x00, 0x00, 0x01, 0x00, 0x00, 0x2A, 0xD0, 0x08, 0x74, 0x5F, 0x0F, 0x3C, 0xF5,
    0x00, 0x03, 0x03, 0xE8, 0x00, 0x00, 0x00, 0x00, 0xDF, 0x0A, 0xFC, 0x7E, 0x00, 0x00, 0x00, 0x00,
    0xE0, 0x5C, 0x24, 0xCD, 0xFF, 0xBF, 0xFE, 0xD8, 0x08, 0x1A, 0x03, 0xDA, 0x00, 0x00, 0x00, 0x06,
    0x00, 0x02, 0x00, 0x00, 0x00, 0x00, 0x00, 0x00, 0x00, 0x01, 0x00, 0x01, 0x00, 0x08, 0x00, 0x03,
    0x00, 0x00, 0x00, 0x14, 0x00, 0x03, 0x00, 0x00, 0x00, 0x2C, 0x00, 0x02, 0x77, 0x64, 0x74, 0x68,
    0x01, 0x0C, 0x00, 0x00, 0x77, 0x67, 0x68, 0x74, 0x01, 0x0D, 0x00, 0x01, 0x69, 0x74, 0x61, 0x6C,
    0x01, 0x15, 0x00, 0x02, 0x00, 0x26, 0x00, 0x16, 0x00, 0x06, 0x00, 0x03, 0x00, 0x02, 0x00, 0x02,
    0x01, 0x16, 0x00, 0x00, 0x00, 0x00, 0x00, 0x01, 0x00, 0x00, 0x00, 0x03, 0x00, 0x01, 0x00, 0x02,
    0x01, 0x0E, 0x01, 0x90, 0x00, 0x00, 0x02, 0xBC, 0x00, 0x00, 0x00, 0x01, 0x00, 0x00, 0x00, 0x02,
    0x01, 0x14, 0x00, 0x64, 0x00, 0x00, 0x00, 0x00, 0x00, 0x04, 0x02, 0x39, 0x01, 0x90, 0x00, 0x05,
    0x00, 0x00, 0x02, 0x8A, 0x02, 0x58, 0x00, 0x00, 0x00, 0x4B, 0x02, 0x8A, 0x02, 0x58, 0x00, 0x00,
    0x01, 0x5E, 0x00, 0x26, 0x01, 0x2D, 0x00, 0x00, 0x00, 0x00, 0x00, 0x00, 0x00, 0x00, 0x00, 0x00,
    0x00, 0x00, 0xA0, 0x00, 0x00, 0x6F, 0x00, 0x00, 0x00, 0x6A, 0x00, 0x00, 0x00, 0x00, 0x00, 0x00,
    0x00, 0x00, 0x4E, 0x4F, 0x4E, 0x45, 0x00, 0xC0, 0x00, 0x20, 0x22, 0x12, 0x03, 0xCA, 0xFF, 0x06,
    0x00, 0x00, 0x03, 0xDA, 0x01, 0x5E, 0x00, 0x00, 0x00, 0x93, 0x00, 0x00, 0x00, 0x00, 0x01, 0xFE,
    0x02, 0xD0, 0x00, 0x00, 0x00, 0x20, 0x00, 0x03, 0x00, 0x01, 0x00, 0x02, 0x00, 0x80, 0x00, 0x00,
    0x00, 0x0E, 0x00, 0x00, 0x01, 0x2C, 0x00, 0x16, 0x00, 0x09, 0x00, 0x64, 0x00, 0x64, 0x00, 0x5C,
    0x00, 0x54, 0x00, 0x46, 0x00, 0x3C, 0x00, 0x34, 0x00, 0x2C, 0x00, 0x2C, 0x00, 0x01, 0x00, 0x09,
    0x01, 0x36, 0x01, 0x37, 0x01, 0x38, 0x01, 0x39, 0x01, 0x3A, 0x01, 0x3B, 0x01, 0x3C, 0x01, 0x57,
    0x01, 0xA2, 0x00, 0x01, 0x00, 0x04, 0x00, 0x01, 0x01, 0xA9, 0x00, 0x01, 0x00, 0x04, 0x00, 0x01,
    0x01, 0x33, 0x00, 0x02, 0x00, 0x32, 0x00, 0x06, 0x00, 0x01, 0x02, 0x6A, 0x00, 0x02, 0x00, 0x0A,
    0x00, 0x06, 0x00, 0x01, 0x05, 0x79, 0x00, 0x01, 0x02, 0xBD, 0x00, 0x01, 0x00, 0x04, 0x00, 0x01,
    0x01, 0x2E, 0x00, 0x01, 0x00, 0x04, 0x00, 0x01, 0x01, 0x2A, 0x00, 0x02, 0x00, 0x0A, 0x00, 0x06,
    0x00, 0x01, 0x02, 0x69, 0x00, 0x01, 0x01, 0x35, 0x00, 0x02, 0x00, 0x1C, 0x00, 0x01, 0x00, 0x0B,
    0x00, 0x01, 0x00, 0x0E, 0x00, 0x1F, 0x00, 0x01, 0x00, 0x21, 0x00, 0x2F, 0x00, 0x01, 0x00, 0x31,
    0x00, 0x37, 0x00, 0x01, 0x00, 0x39, 0x00, 0x3D, 0x00, 0x01, 0x00, 0x3F, 0x00, 0x47, 0x00, 0x01,
    0x00, 0x4C, 0x00, 0x54, 0x00, 0x01, 0x00, 0x56, 0x00, 0x62, 0x00, 0x01, 0x00, 0x64, 0x00, 0x68,
    0x00, 0x01, 0x00, 0x6A, 0x00, 0x8A, 0x00, 0x01, 0x00, 0x8C, 0x00, 0x8F, 0x00, 0x01, 0x00, 0x92,
    0x00, 0xA0, 0x00, 0x01, 0x00, 0xA3, 0x00, 0xA8, 0x00, 0x01, 0x00, 0xAA, 0x00, 0xB4, 0x00, 0x01,
    0x00, 0xB6, 0x00, 0xCE, 0x00, 0x01, 0x00, 0xD0, 0x00, 0xD4, 0x00, 0x01, 0x00, 0xD6, 0x00, 0xDC,
    0x00, 0x01, 0x00, 0xDE, 0x00, 0xDE, 0x00, 0x01, 0x00, 0xE3, 0x00, 0xEB, 0x00, 0x01, 0x00, 0xED,
    0x00, 0xF9, 0x00, 0x01, 0x00, 0xFB, 0x00, 0xFF, 0x00, 0x01, 0x01, 0x01, 0x01, 0x35, 0x00, 0x01,
    0x01, 0x36, 0x01, 0x3C, 0x00, 0x02, 0x01, 0x57, 0x01, 0x57, 0x00, 0x02, 0x01, 0xA2, 0x01, 0xA2,
    0x00, 0x02, 0x01, 0xAD, 0x01, 0xAE, 0x00, 0x01, 0x01, 0xD2, 0x01, 0xD6, 0x00, 0x03, 0x01, 0xD8,
    0x01, 0xE5, 0x00, 0x03, 0x00, 0x01, 0x00, 0x02, 0x00, 0x00, 0x00, 0x22, 0x00, 0x00, 0x00, 0x0C,
    0x00, 0x02, 0x00, 0x03, 0x01, 0xD2, 0x01, 0xD6, 0x00, 0x00, 0x01, 0xD8, 0x01, 0xDE, 0x00, 0x05,
    0x01, 0xE2, 0x01, 0xE4, 0x00, 0x0C, 0x00, 0x01, 0x00, 0x03, 0x01, 0xDF, 0x01, 0xE0, 0x01, 0xE5,
    0x00, 0x00, 0x00, 0x14, 0x00, 0x32, 0x00, 0x3E, 0x00, 0x4A, 0x00, 0x56, 0x00, 0x62, 0x00, 0x6E,
    0x00, 0x7A, 0x00, 0x86, 0x00, 0x92, 0x00, 0x9E, 0x00, 0xAA, 0x00, 0xD2, 0x01, 0x0B, 0x01, 0x3E,
    0x01, 0x4A, 0x01, 0x56, 0x01, 0x62, 0x01, 0x6E, 0x01, 0x95, 0x01, 0xC3, 0x01, 0xCF, 0x01, 0xD7,
    0x01, 0xF7, 0x02, 0x03, 0x02, 0x0F, 0x02, 0x1B, 0x02, 0x27, 0x02, 0x33, 0x02, 0x3F, 0x02, 0x4B,
    0x02, 0x57, 0x02, 0x71, 0x02, 0xAB, 0x02, 0xB7, 0x02, 0xC3, 0x02, 0xCF, 0x02, 0xE9, 0x03, 0x0B,
    0x03, 0x17, 0x03, 0x23, 0x03, 0x2F, 0x03, 0x3B, 0x03, 0x47, 0x03, 0x53, 0x03, 0x5F, 0x03, 0x6B,
    0x03, 0x76, 0x03, 0x92, 0x03, 0xB0, 0x03, 0xBC, 0x03, 0xCE, 0x03, 0xDA, 0x03, 0xE6, 0x03, 0xF2,
    0x04, 0x12, 0x04, 0x30, 0x04, 0x49, 0x04, 0x55, 0x04, 0x61, 0x04, 0x6D, 0x04, 0x79, 0x04, 0xA7,
    0x04, 0xDB, 0x04, 0xE7, 0x04, 0xF3, 0x04, 0xFF, 0x05, 0x0B, 0x05, 0x17, 0x05, 0x23, 0x05, 0x5F,
    0x05, 0x6B, 0x05, 0xAA, 0x05, 0xCC, 0x05, 0xF2, 0x06, 0x31, 0x06, 0x5B, 0x06, 0x67, 0x06, 0x73,
    0x06, 0x7F, 0x06, 0xBC, 0x06, 0xC8, 0x06, 0xD4, 0x06, 0xDF, 0x06, 0xEB, 0x07, 0x28, 0x07, 0x39,
    0x07, 0x45, 0x07, 0x51, 0x07, 0x6F, 0x07, 0x7B, 0x07, 0x87, 0x07, 0x93, 0x07, 0x9F, 0x07, 0xAB,
    0x07, 0xB7, 0x07, 0xC3, 0x07, 0xCF, 0x07, 0xDB, 0x07, 0xF1, 0x08, 0x11, 0x08, 0x1D, 0x08, 0x29,
    0x08, 0x35, 0x08, 0x41, 0x08, 0x65, 0x08, 0x7D, 0x08, 0x89, 0x08, 0x95, 0x08, 0xA1, 0x08, 0xAD,
    0x08, 0xC6, 0x08, 0xD2, 0x08, 0xDE, 0x08, 0xEA, 0x08, 0xF6, 0x09, 0x02, 0x09, 0x0E, 0x09, 0x1A,
    0x09, 0x26, 0x09, 0x32, 0x09, 0x3E, 0x09, 0x4A, 0x09, 0x56, 0x09, 0x62, 0x09, 0x6E, 0x09, 0x7A,
    0x09, 0x86, 0x09, 0x92, 0x09, 0x9E, 0x09, 0xAA, 0x09, 0xB6, 0x09, 0xC2, 0x09, 0xE3, 0x09, 0xEF,
    0x0A, 0x1C, 0x0A, 0x28, 0x0A, 0x34, 0x0A, 0x40, 0x0A, 0x5F, 0x0A, 0x99, 0x0A, 0xA5, 0x0A, 0xB1,
    0x0A, 0xBD, 0x0A, 0xDD, 0x0B, 0x19, 0x0B, 0x25, 0x0B, 0x31, 0x0B, 0x3D, 0x0B, 0x49, 0x0B, 0x8A,
    0x0B, 0x95, 0x0B, 0xA0, 0x0B, 0xAB, 0x0B, 0xB6, 0x0B, 0xC1, 0x0B, 0xCC, 0x0B, 0xD7, 0x0B, 0xE3,
    0x0B, 0xEE, 0x0B, 0xF9, 0x0C, 0x62, 0x0C, 0x95, 0x0C, 0xC6, 0x0C, 0xD2, 0x0C, 0xDD, 0x0C, 0xE8,
    0x0C, 0xF4, 0x0D, 0x26, 0x0D, 0x6C, 0x0D, 0x78, 0x0D, 0xB2, 0x0D, 0xE6, 0x0D, 0xF2, 0x0D, 0xFD,
    0x0E, 0x08, 0x0E, 0x13, 0x0E, 0x1F, 0x0E, 0x2A, 0x0E, 0x35, 0x0E, 0x41, 0x0E, 0x63, 0x0E, 0xA5,
    0x0E, 0xB0, 0x0E, 0xBC, 0x0E, 0xC8, 0x0E, 0xEB, 0x0F, 0x15, 0x0F, 0x20, 0x0F, 0x2C, 0x0F, 0x37,
    0x0F, 0x42, 0x0F, 0x4D, 0x0F, 0x58, 0x0F, 0x63, 0x0F, 0x76, 0x0F, 0x81, 0x0F, 0x8F, 0x0F, 0x9A,
    0x0F, 0xB6, 0x0F, 0xD0, 0x0F, 0xDC, 0x0F, 0xE8, 0x0F, 0xF4, 0x10, 0x00, 0x10, 0x0B, 0x10, 0x25,
    0x10, 0x61, 0x10, 0x86, 0x10, 0x92, 0x10, 0x9D, 0x10, 0xA9, 0x10, 0xB4, 0x10, 0xEA, 0x11, 0x19,
    0x11, 0x25, 0x11, 0x30, 0x11, 0x3B, 0x11, 0x46, 0x11, 0x51, 0x11, 0x5C, 0x11, 0x93, 0x11, 0x9E,
    0x12, 0x01, 0x12, 0x34, 0x12, 0x67, 0x12, 0x9A, 0x12, 0xBA, 0x12, 0xC5, 0x12, 0xD0, 0x12, 0xDB,
    0x13, 0x16, 0x13, 0x21, 0x13, 0x2C, 0x13, 0x37, 0x13, 0x43, 0x13, 0x87, 0x13, 0xAB, 0x13, 0xB7,
    0x13, 0xC3, 0x13, 0xEA, 0x13, 0xF6, 0x14, 0x01, 0x14, 0x0C, 0x14, 0x17, 0x14, 0x22, 0x14, 0x2D,
    0x14, 0x38, 0x14, 0x44, 0x14, 0x4F, 0x14, 0x62, 0x14, 0x81, 0x14, 0x8D, 0x14, 0x99, 0x14, 0xA5,
    0x14, 0xB1, 0x14, 0xD1, 0x14, 0xEA, 0x14, 0xF5, 0x15, 0x00, 0x15, 0x0B, 0x15, 0x16, 0x15, 0x2F,
    0x15, 0x3A, 0x15, 0x45, 0x15, 0x51, 0x15, 0x5C, 0x15, 0x68, 0x15, 0x73, 0x15, 0x7F, 0x15, 0x8B,
    0x15, 0x97, 0x15, 0xA2, 0x15, 0xAD, 0x15, 0xB8, 0x15, 0xCB, 0x15, 0xD9, 0x15, 0xE4, 0x15, 0xF0,
    0x15, 0xFB, 0x16, 0x07, 0x16, 0x12, 0x16, 0x1D, 0x16, 0x29, 0x16, 0x35, 0x16, 0x40, 0x16, 0x4C,
    0x16, 0x57, 0x16, 0x63, 0x16, 0x95, 0x16, 0xA1, 0x16, 0xAC, 0x16, 0xB7, 0x16, 0xC2, 0x16, 0xCD,
    0x16, 0xD8, 0x16, 0xE3, 0x16, 0xEF, 0x16, 0xFB, 0x17, 0x06, 0x17, 0x2F, 0x17, 0x3A, 0x17, 0x45,
    0x17, 0x50, 0x17, 0x5B, 0x17, 0x79, 0x17, 0x85, 0x17, 0x90, 0x17, 0x9B, 0x17, 0xA7, 0x17, 0xEA,
    0x18, 0x23, 0x18, 0x51, 0x18, 0x74, 0x18, 0xC3, 0x19, 0x12, 0x19, 0x4A, 0x19, 0x8C, 0x19, 0xB3,
    0x19, 0xE5, 0x19, 0xFF, 0x1A, 0x29, 0x1A, 0x6C, 0x1A, 0x88, 0x1A, 0xBE, 0x1A, 0xFE, 0x1B, 0x17,
    0x1B, 0x6A, 0x1B, 0xAE, 0x1B, 0xDD, 0x1C, 0x0F, 0x1C, 0x30, 0x1C, 0x5A, 0x1C, 0x9D, 0x1C, 0xB9,
    0x1C, 0xEF, 0x1D, 0x2F, 0x1D, 0x48, 0x1D, 0x9B, 0x1D, 0xDE, 0x1E, 0x0D, 0x1E, 0x0D, 0x1E, 0x0D,
    0x1E, 0x28, 0x1E, 0x33, 0x1E, 0x49, 0x1E, 0x55, 0x1E, 0x61, 0x1E, 0x71, 0x1E, 0x84, 0x1E, 0x98,
    0x1E, 0xC9, 0x1E, 0xFB, 0x1F, 0x04, 0x1F, 0x10, 0x1F, 0x32, 0x1F, 0x54, 0x1F, 0x62, 0x1F, 0x6F,
    0x1F, 0x7C, 0x1F, 0x89, 0x1F, 0x9C, 0x1F, 0xAF, 0x1F, 0xE0, 0x20, 0x12, 0x20, 0x1F, 0x20, 0x28,
    0x20, 0x3E, 0x20, 0x5E, 0x20, 0x6A, 0x20, 0x76, 0x20, 0x86, 0x20, 0xA3, 0x20, 0xC1, 0x20, 0xFC,
    0x21, 0x38, 0x21, 0x41, 0x21, 0x57, 0x21, 0x60, 0x21, 0x76, 0x21, 0x7F, 0x21, 0x8B, 0x21, 0x97,
    0x21, 0xA3, 0x21, 0xAC, 0x21, 0xB9, 0x21, 0xC6, 0x21, 0xD3, 0x21, 0xED, 0x22, 0x07, 0x22, 0x42,
    0x22, 0x7D, 0x22, 0x8E, 0x22, 0xA0, 0x22, 0xBD, 0x22, 0xDA, 0x23, 0x18, 0x23, 0x56, 0x23, 0x67,
    0x23, 0x79, 0x23, 0x81, 0x23, 0x8D, 0x23, 0x99, 0x23, 0xA5, 0x23, 0xBC, 0x23, 0xD2, 0x23, 0xDE,
    0x23, 0xF8, 0x24, 0x08, 0x24, 0x17, 0x24, 0x23, 0x24, 0x41, 0x24, 0x4A, 0x24, 0x57, 0x24, 0x63,
    0x24, 0x6F, 0x24, 0x90, 0x24, 0xB1, 0x24, 0xCD, 0x25, 0x42, 0x25, 0x98, 0x25, 0xB6, 0x26, 0x17,
    0x26, 0x75, 0x26, 0xDA, 0x27, 0x06, 0x27, 0x32, 0x27, 0x3F, 0x27, 0x7F, 0x27, 0xBB, 0x28, 0x03,
    0x28, 0x45, 0x28, 0x80, 0x28, 0xA8, 0x28, 0xE4, 0x29, 0x2F, 0x29, 0x42, 0x29, 0x4F, 0x29, 0x67,
    0x29, 0x93, 0x29, 0xA6, 0x29, 0xB9, 0x29, 0xCD, 0x29, 0xF7, 0x2A, 0x09, 0x2A, 0x63, 0x2A, 0xDA,
    0x2A, 0xEE, 0x2A, 0xFB, 0x2B, 0x13, 0x2B, 0x3F, 0x2B, 0x52, 0x2B, 0x65, 0x2B, 0x79, 0x2B, 0xD2,
    0x2C, 0x3F, 0x2C, 0x5A, 0x2C, 0x76, 0x2C, 0x91, 0x2C, 0xAD, 0x2C, 0xC8, 0x2C, 0xE5, 0x2D, 0x01,
    0x2D, 0x1D, 0x2D, 0x40, 0x2D, 0x62, 0x2D, 0x74, 0x2D, 0x80, 0x2D, 0x8D, 0x2D, 0x9A, 0x2D, 0xAD,
    0x2D, 0xB9, 0x2D, 0xCB, 0x2D, 0xDD, 0x2D, 0xF8, 0x2E, 0x1E, 0x2E, 0x46, 0x2E, 0x53, 0x2E, 0x6A,
    0x2E, 0x80, 0x2E, 0xA4, 0x2E, 0xC4, 0x2E, 0xE9, 0x2E, 0xFF, 0x2F, 0x22, 0x2F, 0x44, 0x2F, 0x4C,
    0x2F, 0x54, 0x2F, 0x5C, 0x2F, 0x64, 0x2F, 0x6C, 0x2F, 0x74, 0x2F, 0x7C, 0x2F, 0x84, 0x2F, 0x8C,
    0x2F, 0x94, 0x2F, 0x9C, 0x2F, 0xA4, 0x2F, 0xAC, 0x2F, 0xB4, 0x2F, 0xBC, 0x00, 0x00, 0x00, 0x02,
    0x00, 0x00, 0x00, 0x03, 0x00, 0x00, 0x00, 0x14, 0x00, 0x03, 0x00, 0x01, 0x00, 0x00, 0x00, 0x14,
    0x00, 0x04, 0x04, 0x12, 0x00, 0x00, 0x00, 0x64, 0x00, 0x40, 0x00, 0x05, 0x00, 0x24, 0x00, 0x2F,
    0x00, 0x39, 0x00, 0x7E, 0x00, 0xA3, 0x00, 0xA5, 0x00, 0xAB, 0x00, 0xB0, 0x00, 0xB4, 0x00, 0xB8,
    0x00, 0xBB, 0x01, 0x07, 0x01, 0x13, 0x01, 0x1B, 0x01, 0x23, 0x01, 0x27, 0x01, 0x2B, 0x01, 0x33,
    0x01, 0x37, 0x01, 0x3E, 0x01, 0x48, 0x01, 0x4D, 0x01, 0x5B, 0x01, 0x61, 0x01, 0x65, 0x01, 0x7E,
    0x01, 0xCE, 0x02, 0x1B, 0x02, 0x37, 0x02, 0xC7, 0x02, 0xDD, 0x03, 0x04, 0x03, 0x08, 0x03, 0x0C,
    0x03, 0x12, 0x03, 0x28, 0x1E, 0x85, 0x1E, 0x9E, 0x1E, 0xF3, 0x20, 0x14, 0x20, 0x1A, 0x20, 0x1E,
    0x20, 0x22, 0x20, 0x26, 0x20, 0x30, 0x20, 0x3A, 0x20, 0xAC, 0x21, 0x22, 0x21, 0x99, 0x22, 0x12,
    0xFF, 0xFF, 0x00, 0x00, 0x00, 0x20, 0x00, 0x30, 0x00, 0x3A, 0x00, 0xA0, 0x00, 0xA5, 0x00, 0xA7,
    0x00, 0xAE, 0x00, 0xB4, 0x00, 0xB6, 0x00, 0xBA, 0x00, 0xBF, 0x01, 0x0A, 0x01, 0x16, 0x01, 0x1E,
    0x01, 0x26, 0x01, 0x2A, 0x01, 0x2E, 0x01, 0x36, 0x01, 0x39, 0x01, 0x41, 0x01, 0x4A, 0x01, 0x50,
    0x01, 0x5E, 0x01, 0x64, 0x01, 0x6A, 0x01, 0xCD, 0x02, 0x18, 0x02, 0x37, 0x02, 0xC6, 0x02, 0xD8,
    0x03, 0x00, 0x03, 0x06, 0x03, 0x0A, 0x03, 0x12, 0x03, 0x26, 0x1E, 0x80, 0x1E, 0x9E, 0x1E, 0xF2,
    0x20, 0x13, 0x20, 0x18, 0x20, 0x1C, 0x20, 0x22, 0x20, 0x26, 0x20, 0x30, 0x20, 0x39, 0x20, 0xAC,
    0x21, 0x22, 0x21, 0x90, 0x22, 0x12, 0xFF, 0xFF, 0x00, 0x00, 0x01, 0x0F, 0x00, 0x00, 0x00, 0x00,
    0x01, 0x0C, 0x00, 0x00, 0x00, 0x00, 0x01, 0x35, 0x00, 0x00, 0x00, 0x00, 0x00, 0x00, 0x00, 0x00,
    0x00, 0x00, 0x00, 0x00, 0x00, 0x00, 0x00, 0x00, 0x00, 0x00, 0x00, 0x00, 0x00, 0x00, 0x00, 0x00,
    0x00, 0x00, 0x00, 0x00, 0x00, 0x00, 0x00, 0x00, 0x00, 0x00, 0x00, 0x00, 0x00, 0x00, 0xFE, 0x90,
    0xFF, 0x25, 0x00, 0x00, 0x00, 0x00, 0x00, 0x00, 0x00, 0x00, 0xFE, 0xCC, 0xFE, 0xB9, 0x00, 0x00,
    0xE1, 0xB7, 0x00, 0x00, 0xE1, 0x6B, 0x00, 0x00, 0x00, 0x00, 0xE1, 0x40, 0xE1, 0x36, 0xE1, 0x8E,
    0xE1, 0x5F, 0xE1, 0x03, 0xE0, 0x87, 0x00, 0x00, 0xDF, 0xA3, 0x00, 0x01, 0x00, 0x64, 0x00, 0x00,
    0x00, 0x80, 0x01, 0x08, 0x00, 0x00, 0x01, 0x0C, 0x01, 0x14, 0x00, 0x00, 0x01, 0x16, 0x01, 0x1A,
    0x01, 0x1C, 0x01, 0xAC, 0x01, 0xBE, 0x01, 0xC8, 0x01, 0xD2, 0x01, 0xD4, 0x01, 0xD6, 0x01, 0xE0,
    0x01, 0xE2, 0x01, 0xEC, 0x01, 0xFA, 0x02, 0x00, 0x02, 0x16, 0x02, 0x1C, 0x02, 0x1E, 0x02, 0x46,
    0x02, 0x48, 0x00, 0x00, 0x00, 0x00, 0x02, 0x4A, 0x02, 0x54, 0x02, 0x5C, 0x02, 0x60, 0x00, 0x00,
    0x00, 0x00, 0x02, 0x60, 0x00, 0x00, 0x02, 0x68, 0x00, 0x00, 0x02, 0x68, 0x02, 0x6C, 0x00, 0x00,
    0x00, 0x00, 0x00, 0x00, 0x00, 0x00, 0x00, 0x00, 0x00, 0x00, 0x02, 0x64, 0x00, 0x00, 0x00, 0x00,
    0x01, 0x55, 0x01, 0x5D, 0x01, 0x9A, 0x01, 0x64, 0x01, 0xAE, 0x01, 0xBD, 0x01, 0xA4, 0x01, 0x9B,
    0x01, 0x84, 0x01, 0x85, 0x01, 0x63, 0x01, 0xB4, 0x01, 0x59, 0x01, 0x7D, 0x01, 0x58, 0x01, 0x65,
    0x01, 0x5A, 0x01, 0x5B, 0x01, 0xBA, 0x01, 0xB8, 0x01, 0xB9, 0x01, 0x5F, 0x01, 0xA3, 0x00, 0x01,
    0x00, 0x0D, 0x00, 0x0E, 0x00, 0x13, 0x00, 0x17, 0x00, 0x20, 0x00, 0x21, 0x00, 0x25, 0x00, 0x27,
    0x00, 0x30, 0x00, 0x31, 0x00, 0x33, 0x00, 0x38, 0x00, 0x39, 0x00, 0x3F, 0x00, 0x49, 0x00, 0x4B,
    0x00, 0x4C, 0x00, 0x50, 0x00, 0x56, 0x00, 0x59, 0x00, 0x63, 0x00, 0x64, 0x00, 0x69, 0x00, 0x6A,
    0x00, 0x6F, 0x01, 0x88, 0x01, 0x66, 0x01, 0x89, 0x01, 0xBC, 0x01, 0x80, 0x01, 0xE8, 0x00, 0x96,
    0x00, 0xA2, 0x00, 0xA3, 0x00, 0xA8, 0x00, 0xAC, 0x00, 0xB5, 0x00, 0xB6, 0x00, 0xBA, 0x00, 0xBC,
    0x00, 0xC6, 0x00, 0xC8, 0x00, 0xCA, 0x00, 0xCF, 0x00, 0xD0, 0x00, 0xD6, 0x00, 0xE0, 0x00, 0xE2,
    0x00, 0xE3, 0x00, 0xE7, 0x00, 0xED, 0x00, 0xF0, 0x00, 0xFA, 0x00, 0xFB, 0x01, 0x00, 0x01, 0x01,
    0x01, 0x06, 0x01, 0x86, 0x01, 0xAB, 0x01, 0x87, 0x01, 0xBB, 0x01, 0x56, 0x01, 0x5E, 0x01, 0xAD,
    0x01, 0xB0, 0x01, 0xA6, 0x01, 0xE6, 0x01, 0xA7, 0x01, 0x3D, 0x01, 0x96, 0x01, 0xA8, 0x01, 0xF0,
    0x01, 0xAA, 0x01, 0xA5, 0x01, 0x61, 0x01, 0xF1, 0x01, 0x3E, 0x01, 0x97, 0x01, 0x60, 0x00, 0x07,
    0x00, 0x02, 0x00, 0x05, 0x00, 0x0B, 0x00, 0x06, 0x00, 0x0A, 0x00, 0x0C, 0x00, 0x11, 0x00, 0x1D,
    0x00, 0x18, 0x00, 0x1A, 0x00, 0x1B, 0x00, 0x2D, 0x00, 0x29, 0x00, 0x2A, 0x00, 0x2B, 0x00, 0x14,
    0x00, 0x3D, 0x00, 0x43, 0x00, 0x40, 0x00, 0x41, 0x00, 0x47, 0x00, 0x42, 0x01, 0xB6, 0x00, 0x46,
    0x00, 0x5E, 0x00, 0x5A, 0x00, 0x5C, 0x00, 0x5D, 0x00, 0x6B, 0x00, 0x4A, 0x00, 0xEC, 0x00, 0x9C,
    0x00, 0x97, 0x00, 0x9A, 0x00, 0xA0, 0x00, 0x9B, 0x00, 0x9F, 0x00, 0xA1, 0x00, 0xA6, 0x00, 0xB2,
    0x00, 0xAD, 0x00, 0xAF, 0x00, 0xB0, 0x00, 0xC2, 0x00, 0xBE, 0x00, 0xBF, 0x00, 0xC0, 0x00, 0xA9,
    0x00, 0xD4, 0x00, 0xDA, 0x00, 0xD7, 0x00, 0xD8, 0x00, 0xDE, 0x00, 0xD9, 0x01, 0xB7, 0x00, 0xDD,
    0x00, 0xF5, 0x00, 0xF1, 0x00, 0xF3, 0x00, 0xF4, 0x01, 0x02, 0x00, 0xE1, 0x01, 0x04, 0x00, 0x08,
    0x00, 0x9D, 0x00, 0x03, 0x00, 0x98, 0x00, 0x09, 0x00, 0x9E, 0x00, 0x0F, 0x00, 0xA4, 0x00, 0x12,
    0x00, 0xA7, 0x00, 0x10, 0x00, 0xA5, 0x00, 0x15, 0x00, 0xAA, 0x00, 0x16, 0x00, 0xAB, 0x00, 0x1E,
    0x00, 0xB3, 0x00, 0x1C, 0x00, 0xB1, 0x00, 0x1F, 0x00, 0xB4, 0x00, 0x19, 0x00, 0xAE, 0x00, 0x22,
    0x00, 0xB7, 0x00, 0x24, 0x00, 0xB9, 0x00, 0x23, 0x00, 0xB8, 0x00, 0x26, 0x00, 0xBB, 0x00, 0x2E,
    0x00, 0xC4, 0x00, 0x2F, 0x00, 0xC5, 0x00, 0x2C, 0x00, 0xBD, 0x00, 0x28, 0x00, 0xC3, 0x00, 0x32,
    0x00, 0xC9, 0x00, 0x34, 0x00, 0xCB, 0x00, 0x36, 0x00, 0xCD, 0x00, 0x35, 0x00, 0xCC, 0x00, 0x37,
    0x00, 0xCE, 0x00, 0x3A, 0x00, 0xD1, 0x00, 0x3C, 0x00, 0xD3, 0x00, 0x3B, 0x00, 0xD2, 0x00, 0x3E,
    0x00, 0xD5, 0x00, 0x45, 0x00, 0xDC, 0x00, 0x44, 0x00, 0xDB, 0x00, 0x48, 0x00, 0xDF, 0x00, 0x4D,
    0x00, 0xE4, 0x00, 0x4F, 0x00, 0xE6, 0x00, 0x4E, 0x00, 0xE5, 0x00, 0x51, 0x00, 0xE8, 0x00, 0x53,
    0x00, 0xEA, 0x00, 0x52, 0x00, 0xE9, 0x00, 0x57, 0x00, 0xEE, 0x00, 0x60, 0x00, 0xF7, 0x00, 0x5B,
    0x00, 0xF2, 0x00, 0x62, 0x00, 0xF9, 0x00, 0x5F, 0x00, 0xF6, 0x00, 0x61, 0x00, 0xF8, 0x00, 0x66,
    0x00, 0xFD, 0x00, 0x6C, 0x01, 0x03, 0x00, 0x6D, 0x00, 0x70, 0x01, 0x07, 0x00, 0x72, 0x01, 0x09,
    0x00, 0x71, 0x01, 0x08, 0x00, 0x04, 0x00, 0x99, 0x00, 0x54, 0x00, 0xEB, 0x00, 0x58, 0x00, 0xEF,
    0x01, 0xED, 0x01, 0xE7, 0x01, 0xEE, 0x01, 0xF2, 0x01, 0xEF, 0x01, 0xEA, 0x01, 0xD4, 0x01, 0xD5,
    0x01, 0xD8, 0x01, 0xDC, 0x01, 0xDD, 0x01, 0xDA, 0x01, 0xD3, 0x01, 0xD2, 0x01, 0xDB, 0x01, 0xD6,
    0x01, 0xD9, 0x00, 0x68, 0x00, 0xFF, 0x00, 0x65, 0x00, 0xFC, 0x00, 0x67, 0x00, 0xFE, 0x00, 0x6E,
    0x01, 0x05, 0x01, 0x94, 0x01, 0x95, 0x01, 0x90, 0x01, 0x92, 0x01, 0x93, 0x01, 0x91, 0x01, 0xCE,
    0x01, 0xC8, 0x01, 0xCA, 0x01, 0xCC, 0x01, 0xD0, 0x01, 0xD1, 0x01, 0xCF, 0x01, 0xC9, 0x01, 0xCB,
    0x01, 0xCD, 0x00, 0x00, 0x00, 0x00, 0x00, 0x25, 0x01, 0xC2, 0x00, 0x03, 0x00, 0x01, 0x04, 0x09,
    0x00, 0x00, 0x00, 0xC4, 0x04, 0xB0, 0x00, 0x03, 0x00, 0x01, 0x04, 0x09, 0x00, 0x01, 0x00, 0x1E,
    0x04, 0x92, 0x00, 0x03, 0x00, 0x01, 0x04, 0x09, 0x00, 0x02, 0x00, 0x0E, 0x04, 0x84, 0x00, 0x03,
    0x00, 0x01, 0x04, 0x09, 0x00, 0x03, 0x00, 0x42, 0x04, 0x42, 0x00, 0x03, 0x00, 0x01, 0x04, 0x09,
    0x00, 0x04, 0x00, 0x2E, 0x04, 0x14, 0x00, 0x03, 0x00, 0x01, 0x04, 0x09, 0x00, 0x05, 0x00, 0x3A,
    0x03, 0xDA, 0x00, 0x03, 0x00, 0x01, 0x04, 0x09, 0x00, 0x06, 0x00, 0x2C, 0x03, 0xAE, 0x00, 0x03,
    0x00, 0x01, 0x04, 0x09, 0x00, 0x08, 0x00, 0x10, 0x03, 0x9E, 0x00, 0x03, 0x00, 0x01, 0x04, 0x09,
    0x00, 0x09, 0x00, 0x24, 0x03, 0x7A, 0x00, 0x03, 0x00, 0x01, 0x04, 0x09, 0x00, 0x0B, 0x00, 0x2E,
    0x03, 0x4C, 0x00, 0x03, 0x00, 0x01, 0x04, 0x09, 0x00, 0x0C, 0x00, 0x26, 0x03, 0x26, 0x00, 0x03,
    0x00, 0x01, 0x04, 0x09, 0x00, 0x0D, 0x01, 0x22, 0x02, 0x04, 0x00, 0x03, 0x00, 0x01, 0x04, 0x09,
    0x00, 0x0E, 0x00, 0x36, 0x01, 0xCE, 0x00, 0x03, 0x00, 0x01, 0x04, 0x09, 0x00, 0x19, 0x00, 0x1C,
    0x01, 0xB2, 0x00, 0x03, 0x00, 0x01, 0x04, 0x09, 0x01, 0x00, 0x00, 0x14, 0x01, 0x9E, 0x00, 0x03,
    0x00, 0x01, 0x04, 0x09, 0x01, 0x01, 0x00, 0x1C, 0x01, 0x82, 0x00, 0x03, 0x00, 0x01, 0x04, 0x09,
    0x01, 0x02, 0x00, 0x16, 0x01, 0x6C, 0x00, 0x03, 0x00, 0x01, 0x04, 0x09, 0x01, 0x03, 0x00, 0x16,
    0x01, 0x56, 0x00, 0x03, 0x00, 0x01, 0x04, 0x09, 0x01, 0x04, 0x00, 0x16, 0x01, 0x40, 0x00, 0x03,
    0x00, 0x01, 0x04, 0x09, 0x01, 0x05, 0x00, 0x16, 0x01, 0x2A, 0x00, 0x03, 0x00, 0x01, 0x04, 0x09,
    0x01, 0x06, 0x00, 0x16, 0x01, 0x14, 0x00, 0x03, 0x00, 0x01, 0x04, 0x09, 0x01, 0x07, 0x00, 0x16,
    0x00, 0xFE, 0x00, 0x03, 0x00, 0x01, 0x04, 0x09, 0x01, 0x08, 0x00, 0x16, 0x00, 0xE8, 0x00, 0x03,
    0x00, 0x01, 0x04, 0x09, 0x01, 0x09, 0x00, 0x16, 0x00, 0xD2, 0x00, 0x03, 0x00, 0x01, 0x04, 0x09,
    0x01, 0x0A, 0x00, 0x26, 0x00, 0xAC, 0x00, 0x03, 0x00, 0x01, 0x04, 0x09, 0x01, 0x0B, 0x00, 0x24,
    0x00, 0x88, 0x00, 0x03, 0x00, 0x01, 0x04, 0x09, 0x01, 0x0C, 0x00, 0x0A, 0x00, 0x7E, 0x00, 0x03,
    0x00, 0x01, 0x04, 0x09, 0x01, 0x0D, 0x00, 0x0C, 0x00, 0x72, 0x00, 0x03, 0x00, 0x01, 0x04, 0x09,
    0x01, 0x0E, 0x00, 0x0E, 0x04, 0x84, 0x00, 0x03, 0x00, 0x01, 0x04, 0x09, 0x01, 0x0F, 0x00, 0x0C,
    0x00, 0x66, 0x00, 0x03, 0x00, 0x01, 0x04, 0x09, 0x01, 0x10, 0x00, 0x10, 0x00, 0x56, 0x00, 0x03,
    0x00, 0x01, 0x04, 0x09, 0x01, 0x11, 0x00, 0x08, 0x00, 0x4E, 0x00, 0x03, 0x00, 0x01, 0x04, 0x09,
    0x01, 0x12, 0x00, 0x12, 0x00, 0x3C, 0x00, 0x03, 0x00, 0x01, 0x04, 0x09, 0x01, 0x13, 0x00, 0x1A,
    0x00, 0x22, 0x00, 0x03, 0x00, 0x01, 0x04, 0x09, 0x01, 0x14, 0x00, 0x0C, 0x00, 0x16, 0x00, 0x03,
    0x00, 0x01, 0x04, 0x09, 0x01, 0x15, 0x00, 0x0C, 0x00, 0x0A, 0x00, 0x03, 0x00, 0x01, 0x04, 0x09,
    0x01, 0x16, 0x00, 0x0A, 0x00, 0x00, 0x00, 0x52, 0x00, 0x6F, 0x00, 0x6D, 0x00, 0x61, 0x00, 0x6E,
    0x00, 0x49, 0x00, 0x74, 0x00, 0x61, 0x00, 0x6C, 0x00, 0x69, 0x00, 0x63, 0x00, 0x4E, 0x00, 0x6F,
    0x00, 0x72, 0x00, 0x6D, 0x00, 0x61, 0x00, 0x6C, 0x00, 0x53, 0x00, 0x65, 0x00, 0x6D, 0x00, 0x69,
    0x00, 0x43, 0x00, 0x6F, 0x00, 0x6E, 0x00, 0x64, 0x00, 0x65, 0x00, 0x6E, 0x00, 0x73, 0x00, 0x65,
    0x00, 0x64, 0x00, 0x43, 0x00, 0x6F, 0x00, 0x6E, 0x00, 0x64, 0x00, 0x65, 0x00, 0x6E, 0x00, 0x73,
    0x00, 0x65, 0x00, 0x64, 0x00, 0x42, 0x00, 0x6F, 0x00, 0x6C, 0x00, 0x64, 0x00, 0x53, 0x00, 0x65,
    0x00, 0x6D, 0x00, 0x69, 0x00, 0x42, 0x00, 0x6F, 0x00, 0x6C, 0x00, 0x64, 0x00, 0x4D, 0x00, 0x65,
    0x00, 0x64, 0x00, 0x69, 0x00, 0x75, 0x00, 0x6D, 0x00, 0x57, 0x00, 0x65, 0x00, 0x69, 0x00, 0x67,
    0x00, 0x68, 0x00, 0x74, 0x00, 0x57, 0x00, 0x69, 0x00, 0x64, 0x00, 0x74, 0x00, 0x68, 0x00, 0x41,
    0x00, 0x6C, 0x00, 0x74, 0x00, 0x65, 0x00, 0x72, 0x00, 0x6E, 0x00, 0x61, 0x00, 0x74, 0x00, 0x65,
    0x00, 0x20, 0x00, 0x43, 0x00, 0x75, 0x00, 0x72, 0x00, 0x72, 0x00, 0x65, 0x00, 0x6E, 0x00, 0x63,
    0x00, 0x79, 0x00, 0x41, 0x00, 0x6C, 0x00, 0x74, 0x00, 0x65, 0x00, 0x72, 0x00, 0x6E, 0x00, 0x61,
    0x00, 0x74, 0x00, 0x65, 0x00, 0x20, 0x00, 0x41, 0x00, 0x6D, 0x00, 0x70, 0x00, 0x65, 0x00, 0x72,
    0x00, 0x73, 0x00, 0x61, 0x00, 0x6E, 0x00, 0x64, 0x00, 0x41, 0x00, 0x6C, 0x00, 0x74, 0x00, 0x65,
    0x00, 0x72, 0x00, 0x6E, 0x00, 0x61, 0x00, 0x74, 0x00, 0x65, 0x00, 0x20, 0x00, 0x32, 0x00, 0x41,
    0x00, 0x6C, 0x00, 0x74, 0x00, 0x65, 0x00, 0x72, 0x00, 0x6E, 0x00, 0x61, 0x00, 0x74, 0x00, 0x65,
    0x00, 0x20, 0x00, 0x51, 0x00, 0x41, 0x00, 0x6C, 0x00, 0x74, 0x00, 0x65, 0x00, 0x72, 0x00, 0x6E,
    0x00, 0x61, 0x00, 0x74, 0x00, 0x65, 0x00, 0x20, 0x00, 0x4A, 0x00, 0x41, 0x00, 0x6C, 0x00, 0x74,
    0x00, 0x65, 0x00, 0x72, 0x00, 0x6E, 0x00, 0x61, 0x00, 0x74, 0x00, 0x65, 0x00, 0x20, 0x00, 0x47,
    0x00, 0x41, 0x00, 0x6C, 0x00, 0x74, 0x00, 0x65, 0x00, 0x72, 0x00, 0x6E, 0x00, 0x61, 0x00, 0x74,
    0x00, 0x65, 0x00, 0x20, 0x00, 0x4D, 0x00, 0x41, 0x00, 0x6C, 0x00, 0x74, 0x00, 0x65, 0x00, 0x72,
    0x00, 0x6E, 0x00, 0x61, 0x00, 0x74, 0x00, 0x65, 0x00, 0x20, 0x00, 0x52, 0x00, 0x41, 0x00, 0x6C,
    0x00, 0x74, 0x00, 0x65, 0x00, 0x72, 0x00, 0x6E, 0x00, 0x61, 0x00, 0x74, 0x00, 0x65, 0x00, 0x20,
    0x00, 0x4B, 0x00, 0x41, 0x00, 0x6C, 0x00, 0x74, 0x00, 0x65, 0x00, 0x72, 0x00, 0x6E, 0x00, 0x61,
    0x00, 0x74, 0x00, 0x65, 0x00, 0x20, 0x00, 0x79, 0x00, 0x53, 0x00, 0x69, 0x00, 0x6E, 0x00, 0x67,
    0x00, 0x6C, 0x00, 0x65, 0x00, 0x20, 0x00, 0x53, 0x00, 0x74, 0x00, 0x6F, 0x00, 0x72, 0x00, 0x79,
    0x00, 0x20, 0x00, 0x61, 0x00, 0x52, 0x00, 0x6F, 0x00, 0x75, 0x00, 0x6E, 0x00, 0x64, 0x00, 0x20,
    0x00, 0x64, 0x00, 0x6F, 0x00, 0x74, 0x00, 0x73, 0x00, 0x49, 0x00, 0x6E, 0x00, 0x73, 0x00, 0x74,
    0x00, 0x72, 0x00, 0x75, 0x00, 0x6D, 0x00, 0x65, 0x00, 0x6E, 0x00, 0x74, 0x00, 0x53, 0x00, 0x61,
    0x00, 0x6E, 0x00, 0x73, 0x00, 0x68, 0x00, 0x74, 0x00, 0x74, 0x00, 0x70, 0x00, 0x73, 0x00, 0x3A,
    0x00, 0x2F, 0x00, 0x2F, 0x00, 0x73, 0x00, 0x63, 0x00, 0x72, 0x00, 0x69, 0x00, 0x70, 0x00, 0x74,
    0x00, 0x73, 0x00, 0x2E, 0x00, 0x73, 0x00, 0x69, 0x00, 0x6C, 0x00, 0x2E, 0x00, 0x6F, 0x00, 0x72,
    0x00, 0x67, 0x00, 0x2F, 0x00, 0x4F, 0x00, 0x46, 0x00, 0x4C, 0x00, 0x54, 0x00, 0x68, 0x00, 0x69,
    0x00, 0x73, 0x00, 0x20, 0x00, 0x46, 0x00, 0x6F, 0x00, 0x6E, 0x00, 0x74, 0x00, 0x20, 0x00, 0x53,
    0x00, 0x6F, 0x00, 0x66, 0x00, 0x74, 0x00, 0x77, 0x00, 0x61, 0x00, 0x72, 0x00, 0x65, 0x00, 0x20,
    0x00, 0x69, 0x00, 0x73, 0x00, 0x20, 0x00, 0x6C, 0x00, 0x69, 0x00, 0x63, 0x00, 0x65, 0x00, 0x6E,
    0x00, 0x73, 0x00, 0x65, 0x00, 0x64, 0x00, 0x20, 0x00, 0x75, 0x00, 0x6E, 0x00, 0x64, 0x00, 0x65,
    0x00, 0x72, 0x00, 0x20, 0x00, 0x74, 0x00, 0x68, 0x00, 0x65, 0x00, 0x20, 0x00, 0x53, 0x00, 0x49,
    0x00, 0x4C, 0x00, 0x20, 0x00, 0x4F, 0x00, 0x70, 0x00, 0x65, 0x00, 0x6E, 0x00, 0x20, 0x00, 0x46,
    0x00, 0x6F, 0x00, 0x6E, 0x00, 0x74, 0x00, 0x20, 0x00, 0x4C, 0x00, 0x69, 0x00, 0x63, 0x00, 0x65,
    0x00, 0x6E, 0x00, 0x73, 0x00, 0x65, 0x00, 0x2C, 0x00, 0x20, 0x00, 0x56, 0x00, 0x65, 0x00, 0x72,
    0x00, 0x73, 0x00, 0x69, 0x00, 0x6F, 0x00, 0x6E, 0x00, 0x20, 0x00, 0x31, 0x00, 0x2E, 0x00, 0x31,
    0x00, 0x2E, 0x00, 0x20, 0x00, 0x54, 0x00, 0x68, 0x00, 0x69, 0x00, 0x73, 0x00, 0x20, 0x00, 0x6C,
    0x00, 0x69, 0x00, 0x63, 0x00, 0x65, 0x00, 0x6E, 0x00, 0x73, 0x00, 0x65, 0x00, 0x20, 0x00, 0x69,
    0x00, 0x73, 0x00, 0x20, 0x00, 0x61, 0x00, 0x76, 0x00, 0x61, 0x00, 0x69, 0x00, 0x6C, 0x00, 0x61,
    0x00, 0x62, 0x00, 0x6C, 0x00, 0x65, 0x00, 0x20, 0x00, 0x77, 0x00, 0x69, 0x00, 0x74, 0x00, 0x68,
    0x00, 0x20, 0x00, 0x61, 0x00, 0x20, 0x00, 0x46, 0x00, 0x41, 0x00, 0x51, 0x00, 0x20, 0x00, 0x61,
    0x00, 0x74, 0x00, 0x3A, 0x00, 0x20, 0x00, 0x68, 0x00, 0x74, 0x00, 0x74, 0x00, 0x70, 0x00, 0x73,
    0x00, 0x3A, 0x00, 0x2F, 0x00, 0x2F, 0x00, 0x73, 0x00, 0x63, 0x00, 0x72, 0x00, 0x69, 0x00, 0x70,
    0x00, 0x74, 0x00, 0x73, 0x00, 0x2E, 0x00, 0x73, 0x00, 0x69, 0x00, 0x6C, 0x00, 0x2E, 0x00, 0x6F,
    0x00, 0x72, 0x00, 0x67, 0x00, 0x2F, 0x00, 0x4F, 0x00, 0x46, 0x00, 0x4C, 0x00, 0x77, 0x00, 0x77,
    0x00, 0x77, 0x00, 0x2E, 0x00, 0x72, 0x00, 0x66, 0x00, 0x75, 0x00, 0x65, 0x00, 0x6E, 0x00, 0x7A,
    0x00, 0x61, 0x00, 0x6C, 0x00, 0x69, 0x00, 0x64, 0x00, 0x61, 0x00, 0x2E, 0x00, 0x63, 0x00, 0x6F,
    0x00, 0x6D, 0x00, 0x77, 0x00, 0x77, 0x00, 0x77, 0x00, 0x2E, 0x00, 0x66, 0x00, 0x72, 0x00, 0x61,
    0x00, 0x67, 0x00, 0x74, 0x00, 0x79, 0x00, 0x70, 0x00, 0x65, 0x00, 0x66, 0x00, 0x6F, 0x00, 0x75,
    0x00, 0x6E, 0x00, 0x64, 0x00, 0x72, 0x00, 0x79, 0x00, 0x2E, 0x00, 0x78, 0x00, 0x79, 0x00, 0x7A,
    0x00, 0x52, 0x00, 0x6F, 0x00, 0x64, 0x00, 0x72, 0x00, 0x69, 0x00, 0x67, 0x00, 0x6F, 0x00, 0x20,
    0x00, 0x46, 0x00, 0x75, 0x00, 0x65, 0x00, 0x6E, 0x00, 0x7A, 0x00, 0x61, 0x00, 0x6C, 0x00, 0x69,
    0x00, 0x64, 0x00, 0x61, 0x00, 0x66, 0x00, 0x72, 0x00, 0x61, 0x00, 0x67, 0x00, 0x54, 0x00, 0x59,
    0x00, 0x50, 0x00, 0x45, 0x00, 0x49, 0x00, 0x6E, 0x00, 0x73, 0x00, 0x74, 0x00, 0x72, 0x00, 0x75,
    0x00, 0x6D, 0x00, 0x65, 0x00, 0x6E, 0x00, 0x74, 0x00, 0x53, 0x00, 0x61, 0x00, 0x6E, 0x00, 0x73,
    0x00, 0x2D, 0x00, 0x52, 0x00, 0x65, 0x00, 0x67, 0x00, 0x75, 0x00, 0x6C, 0x00, 0x61, 0x00, 0x72,
    0x00, 0x56, 0x00, 0x65, 0x00, 0x72, 0x00, 0x73, 0x00, 0x69, 0x00, 0x6F, 0x00, 0x6E, 0x00, 0x20,
    0x00, 0x31, 0x00, 0x2E, 0x00, 0x30, 0x00, 0x30, 0x00, 0x30, 0x00, 0x3B, 0x00, 0x67, 0x00, 0x66,
    0x00, 0x74, 0x00, 0x6F, 0x00, 0x6F, 0x00, 0x6C, 0x00, 0x73, 0x00, 0x5B, 0x00, 0x30, 0x00, 0x2E,
    0x00, 0x39, 0x00, 0x2E, 0x00, 0x32, 0x00, 0x38, 0x00, 0x5D, 0x00, 0x49, 0x00, 0x6E, 0x00, 0x73,
    0x00, 0x74, 0x00, 0x72, 0x00, 0x75, 0x00, 0x6D, 0x00, 0x65, 0x00, 0x6E, 0x00, 0x74, 0x00, 0x20,
    0x00, 0x53, 0x00, 0x61, 0x00, 0x6E, 0x00, 0x73, 0x00, 0x20, 0x00, 0x52, 0x00, 0x65, 0x00, 0x67,
    0x00, 0x75, 0x00, 0x6C, 0x00, 0x61, 0x00, 0x72, 0x00, 0x31, 0x00, 0x2E, 0x00, 0x30, 0x00, 0x30,
    0x00, 0x30, 0x00, 0x3B, 0x00, 0x4E, 0x00, 0x4F, 0x00, 0x4E, 0x00, 0x45, 0x00, 0x3B, 0x00, 0x49,
    0x00, 0x6E, 0x00, 0x73, 0x00, 0x74, 0x00, 0x72, 0x00, 0x75, 0x00, 0x6D, 0x00, 0x65, 0x00, 0x6E,
    0x00, 0x74, 0x00, 0x53, 0x00, 0x61, 0x00, 0x6E, 0x00, 0x73, 0x00, 0x2D, 0x00, 0x52, 0x00, 0x65,
    0x00, 0x67, 0x00, 0x75, 0x00, 0x6C, 0x00, 0x61, 0x00, 0x72, 0x00, 0x52, 0x00, 0x65, 0x00, 0x67,
    0x00, 0x75, 0x00, 0x6C, 0x00, 0x61, 0x00, 0x72, 0x00, 0x49, 0x00, 0x6E, 0x00, 0x73, 0x00, 0x74,
    0x00, 0x72, 0x00, 0x75, 0x00, 0x6D, 0x00, 0x65, 0x00, 0x6E, 0x00, 0x74, 0x00, 0x20, 0x00, 0x53,
    0x00, 0x61, 0x00, 0x6E, 0x00, 0x73, 0x00, 0x43, 0x00, 0x6F, 0x00, 0x70, 0x00, 0x79, 0x00, 0x72,
    0x00, 0x69, 0x00, 0x67, 0x00, 0x68, 0x00, 0x74, 0x00, 0x20, 0x00, 0x32, 0x00, 0x30, 0x00, 0x32,
    0x00, 0x32, 0x00, 0x20, 0x00, 0x54, 0x00, 0x68, 0x00, 0x65, 0x00, 0x20, 0x00, 0x49, 0x00, 0x6E,
    0x00, 0x73, 0x00, 0x74, 0x00, 0x72, 0x00, 0x75, 0x00, 0x6D, 0x00, 0x65, 0x00, 0x6E, 0x00, 0x74,
    0x00, 0x20, 0x00, 0x53, 0x00, 0x61, 0x00, 0x6E, 0x00, 0x73, 0x00, 0x20, 0x00, 0x50, 0x00, 0x72,
    0x00, 0x6F, 0x00, 0x6A, 0x00, 0x65, 0x00, 0x63, 0x00, 0x74, 0x00, 0x20, 0x00, 0x41, 0x00, 0x75,
    0x00, 0x74, 0x00, 0x68, 0x00, 0x6F, 0x00, 0x72, 0x00, 0x73, 0x00, 0x20, 0x00, 0x28, 0x00, 0x68,
    0x00, 0x74, 0x00, 0x74, 0x00, 0x70, 0x00, 0x73, 0x00, 0x3A, 0x00, 0x2F, 0x00, 0x2F, 0x00, 0x67,
    0x00, 0x69, 0x00, 0x74, 0x00, 0x68, 0x00, 0x75, 0x00, 0x62, 0x00, 0x2E, 0x00, 0x63, 0x00, 0x6F,
    0x00, 0x6D, 0x00, 0x2F, 0x00, 0x49, 0x00, 0x6E, 0x00, 0x73, 0x00, 0x74, 0x00, 0x72, 0x00, 0x75,
    0x00, 0x6D, 0x00, 0x65, 0x00, 0x6E, 0x00, 0x74, 0x00, 0x2F, 0x00, 0x69, 0x00, 0x6E, 0x00, 0x73,
    0x00, 0x74, 0x00, 0x72, 0x00, 0x75, 0x00, 0x6D, 0x00, 0x65, 0x00, 0x6E, 0x00, 0x74, 0x00, 0x2D,
    0x00, 0x73, 0x00, 0x61, 0x00, 0x6E, 0x00, 0x73, 0x00, 0x29, 0x00, 0x00, 0x02, 0xA4, 0x00, 0x56,
    0x02, 0xD8, 0x00, 0x24, 0x02, 0xD8, 0x00, 0x24, 0x02, 0xD8, 0x00, 0x24, 0x02, 0xD8, 0x00, 0x24,
    0x02, 0xD8, 0x00, 0x24, 0x02, 0xD8, 0x00, 0x24, 0x02, 0xD8, 0x00, 0x24, 0x02, 0xD8, 0x00, 0x24,
    0x02, 0xD8, 0x00, 0x24, 0x02, 0xD8, 0x00, 0x24, 0x02, 0xD8, 0x00, 0x24, 0x03, 0xA8, 0x00, 0x24,
    0x02, 0x7C, 0x00, 0x56, 0x02, 0xE5, 0x00, 0x32, 0x02, 0xE5, 0x00, 0x32, 0x02, 0xE5, 0x00, 0x32,
    0x02, 0xE5, 0x00, 0x32, 0x02, 0xE5, 0x00, 0x32, 0x02, 0xF0, 0x00, 0x56, 0x02, 0xF0, 0x00, 0x00,
    0x02, 0xF0, 0x00, 0x56, 0x02, 0xF0, 0x00, 0x00, 0x02, 0x7E, 0x00, 0x56, 0x02, 0x7E, 0x00, 0x56,
    0x02, 0x7E, 0x00, 0x56, 0x02, 0x7E, 0x00, 0x56, 0x02, 0x7E, 0x00, 0x56, 0x02, 0x7E, 0x00, 0x56,
    0x02, 0x7E, 0x00, 0x56, 0x02, 0x7E, 0x00, 0x56, 0x02, 0x7E, 0x00, 0x56, 0x02, 0x5A, 0x00, 0x56,
    0x02, 0xFD, 0x00, 0x32, 0x02, 0xFD, 0x00, 0x32, 0x02, 0xFD, 0x00, 0x32, 0x02, 0xFD, 0x00, 0x32,
    0x02, 0xE0, 0x00, 0x56, 0x02, 0xE0, 0x00, 0x00, 0x00, 0xFE, 0x00, 0x56, 0x02, 0xC5, 0x00, 0x56,
    0x00, 0xFE, 0x00, 0x2F, 0x00, 0xFE, 0xFF, 0xC6, 0x00, 0xFE, 0xFF, 0xDE, 0x00, 0xFE, 0x00, 0x51,
    0x00, 0xFE, 0xFF, 0xE3, 0x00, 0xFE, 0xFF, 0xD2, 0x00, 0xFE, 0xFF, 0xFA, 0x01, 0xC7, 0x00, 0x14,
    0x02, 0xB4, 0x00, 0x56, 0x02, 0xB4, 0x00, 0x56, 0x02, 0x4C, 0x00, 0x56, 0x02, 0x4C, 0x00, 0x2E,
    0x02, 0x4C, 0x00, 0x56, 0x02, 0x4C, 0x00, 0x56, 0x02, 0x4C, 0x00, 0x00, 0x03, 0x8A, 0x00, 0x56,
    0x02, 0xE0, 0x00, 0x56, 0x02, 0xE0, 0x00, 0x56, 0x02, 0xE0, 0x00, 0x56, 0x02, 0xE0, 0x00, 0x56,
    0x02, 0xE0, 0x00, 0x56, 0x02, 0xE0, 0x00, 0x56, 0x03, 0x12, 0x00, 0x32, 0x03, 0x12, 0x00, 0x32,
    0x03, 0x12, 0x00, 0x32, 0x03, 0x12, 0x00, 0x32, 0x03, 0x12, 0x00, 0x32, 0x03, 0x12, 0x00, 0x32,
    0x03, 0x12, 0x00, 0x32, 0x03, 0x12, 0x00, 0x32, 0x03, 0x12, 0x00, 0x32, 0x04, 0x28, 0x00, 0x32,
    0x02, 0x90, 0x00, 0x56, 0x02, 0x90, 0x00, 0x56, 0x03, 0x13, 0x00, 0x32, 0x02, 0x90, 0x00, 0x56,
    0x02, 0x90, 0x00, 0x56, 0x02, 0x90, 0x00, 0x56, 0x02, 0x90, 0x00, 0x56, 0x02, 0x60, 0x00, 0x2A,
    0x02, 0x60, 0x00, 0x2A, 0x02, 0x60, 0x00, 0x2A, 0x02, 0x60, 0x00, 0x2A, 0x02, 0x60, 0x00, 0x2A,
    0x02, 0xC9, 0x00, 0x56, 0x02, 0x88, 0x00, 0x24, 0x02, 0x88, 0x00, 0x24, 0x02, 0x88, 0x00, 0x24,
    0x02, 0xC8, 0x00, 0x50, 0x02, 0xC8, 0x00, 0x50, 0x02, 0xC8, 0x00, 0x50, 0x02, 0xC8, 0x00, 0x50,
    0x02, 0xC8, 0x00, 0x50, 0x02, 0xC8, 0x00, 0x50, 0x02, 0xC8, 0x00, 0x50, 0x02, 0xC8, 0x00, 0x50,
    0x02, 0xC8, 0x00, 0x50, 0x02, 0xC8, 0x00, 0x50, 0x02, 0xD8, 0x00, 0x24, 0x04, 0x41, 0x00, 0x32,
    0x04, 0x41, 0x00, 0x32, 0x04, 0x41, 0x00, 0x32, 0x04, 0x41, 0x00, 0x32, 0x04, 0x41, 0x00, 0x32,
    0x02, 0xB0, 0x00, 0x26, 0x02, 0xA4, 0x00, 0x18, 0x02, 0xA4, 0x00, 0x18, 0x02, 0xA4, 0x00, 0x18,
    0x02, 0xA4, 0x00, 0x18, 0x02, 0xA4, 0x00, 0x18, 0x02, 0x6F, 0x00, 0x3C, 0x02, 0x6F, 0x00, 0x3C,
    0x02, 0x6F, 0x00, 0x3C, 0x02, 0x6F, 0x00, 0x3C, 0x02, 0xD8, 0x00, 0x24, 0x02, 0xE5, 0x00, 0x32,
    0x02, 0x7E, 0x00, 0x56, 0x02, 0x7E, 0x00, 0x56, 0x02, 0xFD, 0x00, 0x32, 0x02, 0xFD, 0x00, 0x32,
    0x00, 0xFE, 0xFF, 0xD4, 0x00, 0xFE, 0x00, 0x47, 0x02, 0xB4, 0x00, 0x56, 0x02, 0x4C, 0x00, 0x56,
    0x02, 0xE0, 0x00, 0x56, 0x03, 0x12, 0x00, 0x32, 0x02, 0x90, 0x00, 0x56, 0x02, 0x60, 0x00, 0x2A,
    0x02, 0x88, 0x00, 0x24, 0x02, 0xC8, 0x00, 0x50, 0x02, 0xA4, 0x00, 0x18, 0x02, 0x6F, 0x00, 0x3C,
    0x02, 0xB4, 0x00, 0x56, 0x02, 0xB4, 0x00, 0x56, 0x02, 0x88, 0x00, 0x56, 0x02, 0x88, 0x00, 0x56,
    0x02, 0x88, 0x00, 0x56, 0x02, 0x88, 0x00, 0x56, 0x03, 0x76, 0x00, 0x42, 0x02, 0xFD, 0x00, 0x32,
    0x02, 0xFD, 0x00, 0x32, 0x02, 0xFD, 0x00, 0x32, 0x02, 0xFD, 0x00, 0x32, 0x02, 0x6C, 0x00, 0x3C,
    0x03, 0x12, 0x00, 0x32, 0x02, 0xB4, 0x00, 0x56, 0x02, 0x88, 0x00, 0x56, 0x02, 0xFD, 0x00, 0x32,
    0x02, 0xFD, 0x00, 0x32, 0x02, 0x15, 0x00, 0x2E, 0x02, 0x15, 0x00, 0x2E, 0x02, 0x15, 0x00, 0x2E,
    0x02, 0x15, 0x00, 0x2E, 0x02, 0x15, 0x00, 0x2E, 0x02, 0x15, 0x00, 0x2E, 0x02, 0x15, 0x00, 0x2E,
    0x02, 0x15, 0x00, 0x2E, 0x02, 0x15, 0x00, 0x2E, 0x02, 0x15, 0x00, 0x2E, 0x02, 0x15, 0x00, 0x2E,
    0x03, 0x61, 0x00, 0x2E, 0x02, 0x5E, 0x00, 0x50, 0x02, 0x15, 0x00, 0x28, 0x02, 0x15, 0x00, 0x28,
    0x02, 0x15, 0x00, 0x28, 0x02, 0x15, 0x00, 0x28, 0x02, 0x15, 0x00, 0x28, 0x02, 0x5E, 0x00, 0x2A,
    0x02, 0x50, 0x00, 0x28, 0x02, 0x8B, 0x00, 0x2A, 0x02, 0x5E, 0x00, 0x2A, 0x02, 0x34, 0x00, 0x28,
    0x02, 0x34, 0x00, 0x28, 0x02, 0x34, 0x00, 0x28, 0x02, 0x34, 0x00, 0x28, 0x02, 0x34, 0x00, 0x28,
    0x02, 0x34, 0x00, 0x28, 0x02, 0x34, 0x00, 0x28, 0x02, 0x34, 0x00, 0x28, 0x02, 0x34, 0x00, 0x28,
    0x01, 0x62, 0x00, 0x11, 0x02, 0x5E, 0x00, 0x2A, 0x02, 0x5E, 0x00, 0x2A, 0x02, 0x5E, 0x00, 0x2A,
    0x02, 0x5E, 0x00, 0x2A, 0x02, 0x57, 0x00, 0x50, 0x02, 0x57, 0x00, 0x00, 0x00, 0xF0, 0x00, 0x4A,
    0x00, 0xF0, 0x00, 0x50, 0x00, 0xF0, 0x00, 0x28, 0x00, 0xF0, 0xFF, 0xBF, 0x00, 0xF0, 0xFF, 0xD7,
    0x00, 0xF0, 0x00, 0x4A, 0x00, 0xF0, 0xFF, 0xDC, 0x01, 0xDD, 0x00, 0x4A, 0x00, 0xF0, 0xFF, 0xCB,
    0x00, 0xF0, 0x00, 0x06, 0x00, 0xF0, 0xFF, 0xDD, 0x00, 0xF0, 0xFF, 0xDD, 0x02, 0x17, 0x00, 0x50,
    0x02, 0x17, 0x00, 0x50, 0x00, 0xF0, 0x00, 0x50, 0x00, 0xF0, 0x00, 0x28, 0x01, 0x1D, 0x00, 0x50,
    0x00, 0xF0, 0x00, 0x43, 0x01, 0x04, 0x00, 0x00, 0x03, 0x9A, 0x00, 0x50, 0x02, 0x57, 0x00, 0x50,
    0x02, 0x57, 0x00, 0x50, 0x02, 0x57, 0x00, 0x50, 0x02, 0x57, 0x00, 0x50, 0x02, 0x57, 0x00, 0x50,
    0x02, 0x57, 0x00, 0x50, 0x02, 0x48, 0x00, 0x28, 0x02, 0x48, 0x00, 0x28, 0x02, 0x48, 0x00, 0x28,
    0x02, 0x48, 0x00, 0x28, 0x02, 0x48, 0x00, 0x28, 0x02, 0x48, 0x00, 0x28, 0x02, 0x48, 0x00, 0x28,
    0x02, 0x48, 0x00, 0x23, 0x02, 0x48, 0x00, 0x28, 0x03, 0xB2, 0x00, 0x28, 0x02, 0x5E, 0x00, 0x50,
    0x02, 0x5E, 0x00, 0x50, 0x02, 0x5E, 0x00, 0x2A, 0x01, 0x77, 0x00, 0x50, 0x01, 0x77, 0x00, 0x50,
    0x01, 0x77, 0x00, 0x1E, 0x01, 0x77, 0x00, 0x43, 0x01, 0xD9, 0x00, 0x27, 0x01, 0xD9, 0x00, 0x27,
    0x01, 0xD9, 0x00, 0x27, 0x01, 0xD9, 0x00, 0x27, 0x01, 0xD9, 0x00, 0x27, 0x02, 0x64, 0x00, 0x50,
    0x01, 0x79, 0x00, 0x11, 0x01, 0x79, 0x00, 0x11, 0x01, 0x79, 0x00, 0x11, 0x02, 0x4D, 0x00, 0x4A,
    0x02, 0x4D, 0x00, 0x4A, 0x02, 0x4D, 0x00, 0x4A, 0x02, 0x4D, 0x00, 0x4A, 0x02, 0x4D, 0x00, 0x4A,
    0x02, 0x4D, 0x00, 0x4A, 0x02, 0x4D, 0x00, 0x4A, 0x02, 0x4D, 0x00, 0x4A, 0x02, 0x4D, 0x00, 0x4A,
    0x02, 0x4D, 0x00, 0x4A, 0x02, 0x0B, 0x00, 0x12, 0x02, 0xFF, 0x00, 0x1C, 0x02, 0xFF, 0x00, 0x1C,
    0x02, 0xFF, 0x00, 0x1C, 0x02, 0xFF, 0x00, 0x1C, 0x02, 0xFF, 0x00, 0x1C, 0x02, 0x27, 0x00, 0x20,
    0x02, 0x0B, 0x00, 0x12, 0x02, 0x0B, 0x00, 0x12, 0x02, 0x0B, 0x00, 0x12, 0x02, 0x0B, 0x00, 0x12,
    0x02, 0x0B, 0x00, 0x12, 0x01, 0xF0, 0x00, 0x36, 0x01, 0xF0, 0x00, 0x36, 0x01, 0xF0, 0x00, 0x36,
    0x01, 0xF0, 0x00, 0x36, 0x02, 0x15, 0x00, 0x2E, 0x02, 0x15, 0x00, 0x28, 0x02, 0x34, 0x00, 0x28,
    0x02, 0x34, 0x00, 0x28, 0x02, 0x5E, 0x00, 0x2A, 0x02, 0x5E, 0x00, 0x2A, 0x00, 0xF0, 0x00, 0x40,
    0x00, 0xF0, 0xFF, 0xCD, 0x00, 0xF0, 0x00, 0x40, 0x01, 0xD9, 0x00, 0x40, 0x00, 0xF0, 0x00, 0x06,
    0x00, 0xF0, 0xFF, 0xDD, 0x02, 0x17, 0x00, 0x50, 0x00, 0xF0, 0x00, 0x3E, 0x02, 0x57, 0x00, 0x50,
    0x02, 0x48, 0x00, 0x28, 0x01, 0x77, 0x00, 0x3E, 0x01, 0xD9, 0x00, 0x27, 0x01, 0x79, 0x00, 0x11,
    0x02, 0x4D, 0x00, 0x4A, 0x02, 0xFF, 0x00, 0x1C, 0x02, 0x0B, 0x00, 0x12, 0x01, 0xF0, 0x00, 0x36,
    0x02, 0x5E, 0x00, 0x2A, 0x02, 0x5E, 0x00, 0x2A, 0x02, 0x5E, 0x00, 0x2A, 0x02, 0x5E, 0x00, 0x2A,
    0x02, 0x5E, 0x00, 0x2A, 0x02, 0x5E, 0x00, 0x2A, 0x02, 0x5E, 0x00, 0x2A, 0x02, 0x5E, 0x00, 0x2A,
    0x02, 0x5E, 0x00, 0x2A, 0x02, 0x5E, 0x00, 0x2A, 0x02, 0x5E, 0x00, 0x2A, 0x02, 0x0B, 0x00, 0x12,
    0x02, 0x0B, 0x00, 0x12, 0x02, 0x0B, 0x00, 0x12, 0x02, 0x0B, 0x00, 0x12, 0x02, 0x0B, 0x00, 0x12,
    0x02, 0x17, 0x00, 0x50, 0x02, 0x17, 0x00, 0x50, 0x02, 0x5E, 0x00, 0x2A, 0x02, 0x0B, 0x00, 0x12,
    0x02, 0x17, 0x00, 0x50, 0x03, 0x9E, 0x00, 0x11, 0x03, 0x9E, 0x00, 0x11, 0x02, 0x53, 0x00, 0x11,
    0x02, 0x5C, 0x00, 0x11, 0x08, 0x36, 0x00, 0x1C, 0x03, 0x9F, 0x00, 0x11, 0x02, 0x66, 0x00, 0x11,
    0x01, 0x73, 0x00, 0x2E, 0x01, 0x9E, 0x00, 0x32, 0x02, 0x9A, 0x00, 0x32, 0x01, 0x87, 0x00, 0x1E,
    0x02, 0x21, 0x00, 0x22, 0x02, 0x3E, 0x00, 0x28, 0x02, 0x58, 0x00, 0x22, 0x02, 0x3E, 0x00, 0x2B,
    0x02, 0x57, 0x00, 0x32, 0x02, 0x14, 0x00, 0x18, 0x02, 0x46, 0x00, 0x2C, 0x02, 0x62, 0x00, 0x2C,
    0x02, 0x21, 0x00, 0x22, 0x02, 0x58, 0x00, 0x1E, 0x02, 0x58, 0x00, 0x72, 0x02, 0x58, 0x00, 0x46,
    0x02, 0x58, 0x00, 0x41, 0x02, 0x58, 0x00, 0x2D, 0x02, 0x58, 0x00, 0x45, 0x02, 0x58, 0x00, 0x3D,
    0x02, 0x58, 0x00, 0x44, 0x02, 0x58, 0x00, 0x40, 0x02, 0x58, 0x00, 0x34, 0x02, 0x58, 0x00, 0x46,
    0x00, 0xC8, 0x00, 0x00, 0x00, 0xC8, 0x00, 0x00, 0x03, 0x52, 0x00, 0x3C, 0x00, 0xFF, 0x00, 0x4C,
    0x00, 0xFF, 0x00, 0x4D, 0x00, 0xFF, 0x00, 0x4C, 0x00, 0xFF, 0x00, 0x4C, 0x02, 0x8F, 0x00, 0x4C,
    0x01, 0x11, 0x00, 0x55, 0x01, 0x11, 0x00, 0x55, 0x02, 0x37, 0x00, 0x2C, 0x02, 0x37, 0x00, 0x1E,
    0x00, 0x67, 0x00, 0x00, 0x01, 0x32, 0x00, 0x4C, 0x01, 0x98, 0x00, 0x32, 0x02, 0xCC, 0x00, 0x2A,
    0x01, 0xBB, 0x00, 0x3C, 0x01, 0xBB, 0x00, 0x3C, 0x00, 0xFF, 0x00, 0x4C, 0x00, 0xFF, 0x00, 0x4C,
    0x01, 0x13, 0x00, 0x56, 0x01, 0x11, 0x00, 0x55, 0x02, 0x37, 0x00, 0x2C, 0x02, 0x37, 0x00, 0x1E,
    0x02, 0xCE, 0x00, 0x4C, 0x00, 0x73, 0x00, 0x00, 0x00, 0xFF, 0x00, 0x46, 0x00, 0xFF, 0x00, 0x46,
    0x00, 0xFF, 0x00, 0x46, 0x01, 0x01, 0x00, 0x46, 0x02, 0x8F, 0x00, 0x46, 0x01, 0x13, 0x00, 0x50,
    0x01, 0x1D, 0x00, 0x55, 0x02, 0x37, 0x00, 0x2C, 0x02, 0x37, 0x00, 0x1E, 0x00, 0x73, 0x00, 0x00,
    0x01, 0x44, 0x00, 0x4C, 0x00, 0x67, 0x00, 0x00, 0x03, 0x10, 0x00, 0x4C, 0x00, 0x73, 0x00, 0x00,
    0x01, 0xFA, 0x00, 0x50, 0x02, 0x4A, 0x00, 0x50, 0x03, 0x76, 0x00, 0x50, 0x01, 0xAA, 0x00, 0x00,
    0x01, 0xFA, 0x00, 0x50, 0x02, 0x4A, 0x00, 0x50, 0x03, 0x76, 0x00, 0x50, 0x01, 0x96, 0x00, 0x50,
    0x01, 0x96, 0x00, 0x32, 0x01, 0x96, 0x00, 0x28, 0x01, 0x96, 0x00, 0x3C, 0x01, 0x96, 0x00, 0x5A,
    0x01, 0x96, 0x00, 0x3C, 0x01, 0x96, 0x00, 0x50, 0x01, 0x96, 0x00, 0x32, 0x01, 0x96, 0x00, 0x28,
    0x01, 0x96, 0x00, 0x3C, 0x01, 0x96, 0x00, 0x5A, 0x01, 0x96, 0x00, 0x3C, 0x00, 0xF8, 0x00, 0x47,
    0x01, 0x8E, 0x00, 0x47, 0x01, 0x99, 0x00, 0x4C, 0x01, 0x99, 0x00, 0x47, 0x00, 0xFF, 0x00, 0x4C,
    0x00, 0xFF, 0x00, 0x47, 0x01, 0xEE, 0x00, 0x37, 0x01, 0xEE, 0x00, 0x41, 0x01, 0x4E, 0x00, 0x37,
    0x01, 0x4E, 0x00, 0x41, 0x01, 0x80, 0x00, 0x42, 0x00, 0xE8, 0x00, 0x42, 0x01, 0x0A, 0x00, 0x47,
    0x01, 0xA5, 0x00, 0x47, 0x01, 0xA5, 0x00, 0x4C, 0x01, 0xA4, 0x00, 0x47, 0x01, 0x0A, 0x00, 0x4C,
    0x00, 0xFF, 0x00, 0x42, 0x03, 0x52, 0x00, 0x3C, 0x03, 0x55, 0x00, 0x32, 0x02, 0xF3, 0x00, 0x30,
    0x02, 0xC7, 0x00, 0x2A, 0x01, 0xF2, 0x00, 0x2A, 0x03, 0x52, 0x00, 0x32, 0x03, 0x52, 0x00, 0x32,
    0x03, 0x52, 0x00, 0x3C, 0x01, 0x82, 0x00, 0x32, 0x00, 0xF2, 0x00, 0x56, 0x02, 0xE1, 0x00, 0x26,
    0x02, 0x15, 0x00, 0x28, 0x02, 0x60, 0x00, 0x2A, 0x02, 0xBD, 0x00, 0x00, 0x02, 0x4C, 0x00, 0x16,
    0x02, 0x68, 0x00, 0x18, 0x02, 0x15, 0x00, 0x28, 0x02, 0x60, 0x00, 0x2A, 0x02, 0x13, 0x00, 0x3C,
    0x02, 0x13, 0x00, 0x3C, 0x02, 0x13, 0x00, 0x43, 0x02, 0x13, 0x00, 0x3C, 0x02, 0x13, 0x00, 0x3C,
    0x02, 0x13, 0x00, 0x3C, 0x02, 0x13, 0x00, 0x3C, 0x02, 0x13, 0x00, 0x16, 0x02, 0x13, 0x00, 0x4B,
    0x03, 0x12, 0x00, 0x23, 0x03, 0x4A, 0x00, 0x1E, 0x02, 0x58, 0x00, 0x4D, 0x02, 0x58, 0x00, 0x4D,
    0x02, 0x58, 0x00, 0x50, 0x02, 0x58, 0x00, 0x4D, 0x02, 0x58, 0x00, 0x4D, 0x02, 0x58, 0x00, 0x54,
    0x02, 0x58, 0x00, 0x3C, 0x02, 0x58, 0x00, 0x18, 0x02, 0x58, 0x00, 0x1E, 0x03, 0x0C, 0x00, 0x3C,
    0x02, 0x97, 0x00, 0x3C, 0x03, 0x52, 0x00, 0x3C, 0x02, 0x98, 0x00, 0x3C, 0x03, 0x0C, 0x00, 0x3C,
    0x02, 0x97, 0x00, 0x3C, 0x03, 0x52, 0x00, 0x3C, 0x02, 0x98, 0x00, 0x3C, 0x03, 0xFC, 0x00, 0x3C,
    0x03, 0x0C, 0x00, 0x3C, 0x00, 0x00, 0x00, 0x3C, 0x00, 0x00, 0x00, 0x3C, 0x00, 0x00, 0x00, 0x3C,
    0x00, 0x00, 0x00, 0x3C, 0x00, 0x00, 0x00, 0x3C, 0x00, 0x00, 0x00, 0x3C, 0x00, 0x00, 0x00, 0x3C,
    0x00, 0x00, 0x00, 0x3C, 0x00, 0x00, 0x00, 0x3C, 0x00, 0x00, 0x00, 0x3C, 0x00, 0x00, 0x00, 0x3C,
    0x00, 0x00, 0x00, 0x3C, 0x00, 0x00, 0x00, 0x41, 0x00, 0x00, 0x00, 0x41, 0x00, 0x00, 0x00, 0x3C,
    0x00, 0x00, 0x00, 0x3C, 0x00, 0x00, 0x00, 0x3C, 0x00, 0x00, 0x00, 0x3C, 0x00, 0x00, 0x00, 0x3C,
    0x00, 0x00, 0x00, 0x3C, 0x01, 0xB9, 0x00, 0x3C, 0x00, 0xD4, 0x00, 0x3C, 0x01, 0x62, 0x00, 0x3C,
    0x01, 0x62, 0x00, 0x3C, 0x01, 0x9E, 0x00, 0x3C, 0x01, 0xB1, 0x00, 0x3C, 0x01, 0xB1, 0x00, 0x3C,
    0x01, 0x98, 0x00, 0x3C, 0x01, 0x4F, 0x00, 0x3C, 0x01, 0xC4, 0x00, 0x3C, 0x01, 0x9B, 0x00, 0x3C,
    0x01, 0x2D, 0x00, 0x3C, 0x01, 0x0D, 0x00, 0x3C, 0x01, 0xCD, 0x00, 0x3C, 0x00, 0xE7, 0x00, 0x3C,
    0x00, 0x01, 0x00, 0x00, 0x00, 0x0A, 0x01, 0xEC, 0x03, 0x64, 0x00, 0x02, 0x44, 0x46, 0x4C, 0x54,
    0x01, 0xB2, 0x6C, 0x61, 0x74, 0x6E, 0x00, 0x0E, 0x01, 0xA8, 0x00, 0x08, 0x41, 0x5A, 0x45, 0x20,
    0x01, 0x76, 0x43, 0x41, 0x54, 0x20, 0x01, 0x48, 0x43, 0x52, 0x54, 0x20, 0x01, 0x1A, 0x4B, 0x41,
    0x5A, 0x20, 0x00, 0xEC, 0x4D, 0x4F, 0x4C, 0x20, 0x00, 0xBE, 0x52, 0x4F, 0x4D, 0x20, 0x00, 0x90,
    0x54, 0x41, 0x54, 0x20, 0x00, 0x62, 0x54, 0x52, 0x4B, 0x20, 0x00, 0x34, 0x00, 0x00, 0xFF, 0xFF,
    0x00, 0x14, 0x00, 0x00, 0x00, 0x01, 0x00, 0x02, 0x00, 0x03, 0x00, 0x0B, 0x00, 0x0C, 0x00, 0x0D,
    0x00, 0x0E, 0x00, 0x0F, 0x00, 0x10, 0x00, 0x11, 0x00, 0x12, 0x00, 0x13, 0x00, 0x14, 0x00, 0x15,
    0x00, 0x16, 0x00, 0x17, 0x00, 0x18, 0x00, 0x19, 0x00, 0x1A, 0x00, 0x00, 0xFF, 0xFF, 0x00, 0x14,
    0x00, 0x00, 0x00, 0x01, 0x00, 0x02, 0x00, 0x03, 0x00, 0x0A, 0x00, 0x0C, 0x00, 0x0D, 0x00, 0x0E,
    0x00, 0x0F, 0x00, 0x10, 0x00, 0x11, 0x00, 0x12, 0x00, 0x13, 0x00, 0x14, 0x00, 0x15, 0x00, 0x16,
    0x00, 0x17, 0x00, 0x18, 0x00, 0x19, 0x00, 0x1A, 0x00, 0x00, 0xFF, 0xFF, 0x00, 0x14, 0x00, 0x00,
    0x00, 0x01, 0x00, 0x02, 0x00, 0x03, 0x00, 0x09, 0x00, 0x0C, 0x00, 0x0D, 0x00, 0x0E, 0x00, 0x0F,
    0x00, 0x10, 0x00, 0x11, 0x00, 0x12, 0x00, 0x13, 0x00, 0x14, 0x00, 0x15, 0x00, 0x16, 0x00, 0x17,
    0x00, 0x18, 0x00, 0x19, 0x00, 0x1A, 0x00, 0x00, 0xFF, 0xFF, 0x00, 0x14, 0x00, 0x00, 0x00, 0x01,
    0x00, 0x02, 0x00, 0x03, 0x00, 0x08, 0x00, 0x0C, 0x00, 0x0D, 0x00, 0x0E, 0x00, 0x0F, 0x00, 0x10,
    0x00, 0x11, 0x00, 0x12, 0x00, 0x13, 0x00, 0x14, 0x00, 0x15, 0x00, 0x16, 0x00, 0x17, 0x00, 0x18,
    0x00, 0x19, 0x00, 0x1A, 0x00, 0x00, 0xFF, 0xFF, 0x00, 0x14, 0x00, 0x00, 0x00, 0x01, 0x00, 0x02,
    0x00, 0x03, 0x00, 0x07, 0x00, 0x0C, 0x00, 0x0D, 0x00, 0x0E, 0x00, 0x0F, 0x00, 0x10, 0x00, 0x11,
    0x00, 0x12, 0x00, 0x13, 0x00, 0x14, 0x00, 0x15, 0x00, 0x16, 0x00, 0x17, 0x00, 0x18, 0x00, 0x19,
    0x00, 0x1A, 0x00, 0x00, 0xFF, 0xFF, 0x00, 0x14, 0x00, 0x00, 0x00, 0x01, 0x00, 0x02, 0x00, 0x03,
    0x00, 0x06, 0x00, 0x0C, 0x00, 0x0D, 0x00, 0x0E, 0x00, 0x0F, 0x00, 0x10, 0x00, 0x11, 0x00, 0x12,
    0x00, 0x13, 0x00, 0x14, 0x00, 0x15, 0x00, 0x16, 0x00, 0x17, 0x00, 0x18, 0x00, 0x19, 0x00, 0x1A,
    0x00, 0x00, 0xFF, 0xFF, 0x00, 0x14, 0x00, 0x00, 0x00, 0x01, 0x00, 0x02, 0x00, 0x03, 0x00, 0x05,
    0x00, 0x0C, 0x00, 0x0D, 0x00, 0x0E, 0x00, 0x0F, 0x00, 0x10, 0x00, 0x11, 0x00, 0x12, 0x00, 0x13,
    0x00, 0x14, 0x00, 0x15, 0x00, 0x16, 0x00, 0x17, 0x00, 0x18, 0x00, 0x19, 0x00, 0x1A, 0x00, 0x00,
    0xFF, 0xFF, 0x00, 0x14, 0x00, 0x00, 0x00, 0x01, 0x00, 0x02, 0x00, 0x03, 0x00, 0x04, 0x00, 0x0C,
    0x00, 0x0D, 0x00, 0x0E, 0x00, 0x0F, 0x00, 0x10, 0x00, 0x11, 0x00, 0x12, 0x00, 0x13, 0x00, 0x14,
    0x00, 0x15, 0x00, 0x16, 0x00, 0x17, 0x00, 0x18, 0x00, 0x19, 0x00, 0x1A, 0x00, 0x04, 0x00, 0x00,
    0x00, 0x00, 0xFF, 0xFF, 0x00, 0x13, 0x00, 0x00, 0x00, 0x01, 0x00, 0x02, 0x00, 0x03, 0x00, 0x0C,
    0x00, 0x0D, 0x00, 0x0E, 0x00, 0x0F, 0x00, 0x10, 0x00, 0x11, 0x00, 0x12, 0x00, 0x13, 0x00, 0x14,
    0x00, 0x15, 0x00, 0x16, 0x00, 0x17, 0x00, 0x18, 0x00, 0x19, 0x00, 0x1A, 0x00, 0x1B, 0x61, 0x61,
    0x6C, 0x74, 0x01, 0x70, 0x63, 0x61, 0x73, 0x65, 0x01, 0x6A, 0x63, 0x63, 0x6D, 0x70, 0x01, 0x64,
    0x6C, 0x69, 0x67, 0x61, 0x01, 0x5E, 0x6C, 0x6F, 0x63, 0x6C, 0x01, 0x58, 0x6C, 0x6F, 0x63, 0x6C,
    0x01, 0x52, 0x6C, 0x6F, 0x63, 0x6C, 0x01, 0x4C, 0x6C, 0x6F, 0x63, 0x6C, 0x01, 0x46, 0x6C, 0x6F,
    0x63, 0x6C, 0x01, 0x40, 0x6C, 0x6F, 0x63, 0x6C, 0x01, 0x3A, 0x6C, 0x6F, 0x63, 0x6C, 0x01, 0x34,
    0x6C, 0x6F, 0x63, 0x6C, 0x01, 0x2E, 0x6F, 0x72, 0x64, 0x6E, 0x01, 0x28, 0x70, 0x6E, 0x75, 0x6D,
    0x01, 0x22, 0x73, 0x73, 0x30, 0x31, 0x01, 0x18, 0x73, 0x73, 0x30, 0x32, 0x01, 0x0E, 0x73, 0x73,
    0x30, 0x33, 0x01, 0x04, 0x73, 0x73, 0x30, 0x34, 0x00, 0xFA, 0x73, 0x73, 0x30, 0x35, 0x00, 0xF0,
    0x73, 0x73, 0x30, 0x36, 0x00, 0xE6, 0x73, 0x73, 0x30, 0x37, 0x00, 0xDC, 0x73, 0x73, 0x30, 0x38,
    0x00, 0xD2, 0x73, 0x73, 0x30, 0x39, 0x00, 0xC8, 0x73, 0x73, 0x31, 0x30, 0x00, 0xBE, 0x73, 0x73,
    0x31, 0x31, 0x00, 0xB4, 0x73, 0x73, 0x31, 0x32, 0x00, 0xAA, 0x74, 0x6E, 0x75, 0x6D, 0x00, 0xA4,
    0x00, 0x00, 0x00, 0x01, 0x00, 0x13, 0x00, 0x06, 0x00, 0x01, 0x00, 0x21, 0x00, 0x00, 0x01, 0x0B,
    0x00, 0x06, 0x00, 0x01, 0x00, 0x20, 0x00, 0x00, 0x01, 0x0A, 0x00, 0x06, 0x00, 0x01, 0x00, 0x1F,
    0x00, 0x00, 0x01, 0x09, 0x00, 0x06, 0x00, 0x01, 0x00, 0x1E, 0x00, 0x00, 0x01, 0x08, 0x00, 0x06,
    0x00, 0x01, 0x00, 0x1D, 0x00, 0x00, 0x01, 0x07, 0x00, 0x06, 0x00, 0x01, 0x00, 0x1C, 0x00, 0x00,
    0x01, 0x06, 0x00, 0x06, 0x00, 0x01, 0x00, 0x1B, 0x00, 0x00, 0x01, 0x05, 0x00, 0x06, 0x00, 0x01,
    0x00, 0x1A, 0x00, 0x00, 0x01, 0x04, 0x00, 0x06, 0x00, 0x01, 0x00, 0x19, 0x00, 0x00, 0x01, 0x03,
    0x00, 0x06, 0x00, 0x01, 0x00, 0x18, 0x00, 0x00, 0x01, 0x02, 0x00, 0x06, 0x00, 0x01, 0x00, 0x17,
    0x00, 0x00, 0x01, 0x01, 0x00, 0x06, 0x00, 0x01, 0x00, 0x16, 0x00, 0x00, 0x01, 0x00, 0x00, 0x00,
    0x00, 0x01, 0x00, 0x12, 0x00, 0x00, 0x00, 0x01, 0x00, 0x10, 0x00, 0x00, 0x00, 0x01, 0x00, 0x0A,
    0x00, 0x00, 0x00, 0x01, 0x00, 0x09, 0x00, 0x00, 0x00, 0x01, 0x00, 0x0B, 0x00, 0x00, 0x00, 0x01,
    0x00, 0x0C, 0x00, 0x00, 0x00, 0x01, 0x00, 0x08, 0x00, 0x00, 0x00, 0x01, 0x00, 0x07, 0x00, 0x00,
    0x00, 0x01, 0x00, 0x0D, 0x00, 0x00, 0x00, 0x01, 0x00, 0x06, 0x00, 0x00, 0x00, 0x01, 0x00, 0x15,
    0x00, 0x00, 0x00, 0x01, 0x00, 0x02, 0x00, 0x00, 0x00, 0x01, 0x00, 0x14, 0x00, 0x00, 0x00, 0x02,
    0x00, 0x00, 0x00, 0x01, 0x00, 0x22, 0x06, 0x84, 0x05, 0xB2, 0x05, 0x28, 0x05, 0x12, 0x05, 0x12,
    0x04, 0xF6, 0x04, 0xE2, 0x04, 0xE2, 0x04, 0xE2, 0x04, 0xE2, 0x04, 0xE2, 0x04, 0xCC, 0x04, 0xCC,
    0x04, 0x90, 0x04, 0x82, 0x04, 0x74, 0x04, 0x2C, 0x04, 0x0A, 0x03, 0xC6, 0x03, 0x7C, 0x03, 0x26,
    0x02, 0xBE, 0x01, 0x9C, 0x01, 0x66, 0x01, 0x3C, 0x01, 0x12, 0x00, 0xEC, 0x00, 0xD8, 0x00, 0xAE,
    0x00, 0x9A, 0x00, 0x86, 0x00, 0x70, 0x00, 0x5C, 0x00, 0x46, 0x00, 0x01, 0x00, 0x00, 0x00, 0x01,
    0x00, 0x08, 0x00, 0x01, 0x00, 0x06, 0x00, 0x05, 0x00, 0x01, 0x00, 0x02, 0x01, 0xAD, 0x01, 0xAE,
    0x00, 0x01, 0x00, 0x00, 0x00, 0x01, 0x00, 0x08, 0x00, 0x01, 0x00, 0x06, 0x00, 0x08, 0x00, 0x01,
    0x00, 0x01, 0x01, 0xA4, 0x00, 0x01, 0x00, 0x00, 0x00, 0x01, 0x00, 0x08, 0x00, 0x01, 0x00, 0x06,
    0x00, 0x08, 0x00, 0x01, 0x00, 0x02, 0x01, 0x41, 0x01, 0x4C, 0x00, 0x01, 0x00, 0x00, 0x00, 0x01,
    0x00, 0x08, 0x00, 0x01, 0x00, 0x06, 0x00, 0x46, 0x00, 0x01, 0x00, 0x01, 0x00, 0x4B, 0x00, 0x01,
    0x00, 0x00, 0x00, 0x01, 0x00, 0x08, 0x00, 0x01, 0x00, 0x06, 0x00, 0x60, 0x00, 0x01, 0x00, 0x01,
    0x00, 0x30, 0x00, 0x01, 0x00, 0x00, 0x00, 0x01, 0x00, 0x08, 0x00, 0x02, 0x00, 0x12, 0x00, 0x06,
    0x00, 0x8C, 0x00, 0x8D, 0x00, 0x8E, 0x00, 0x8F, 0x00, 0x94, 0x00, 0x95, 0x00, 0x01, 0x00, 0x06,
    0x00, 0x21, 0x00, 0x22, 0x00, 0x23, 0x00, 0x24, 0x00, 0x77, 0x00, 0x78, 0x00, 0x01, 0x00, 0x00,
    0x00, 0x01, 0x00, 0x08, 0x00, 0x01, 0x00, 0x06, 0x00, 0x53, 0x00, 0x01, 0x00, 0x01, 0x00, 0x38,
    0x00, 0x01, 0x00, 0x00, 0x00, 0x01, 0x00, 0x08, 0x00, 0x02, 0x00, 0x10, 0x00, 0x05, 0x00, 0x87,
    0x00, 0x88, 0x00, 0x89, 0x00, 0x8A, 0x00, 0x93, 0x00, 0x01, 0x00, 0x05, 0x00, 0x4C, 0x00, 0x4D,
    0x00, 0x4E, 0x00, 0x4F, 0x00, 0x7F, 0x00, 0x01, 0x00, 0x00, 0x00, 0x01, 0x00, 0x08, 0x00, 0x02,
    0x00, 0x12, 0x00, 0x06, 0x00, 0x85, 0x00, 0x86, 0x00, 0x92, 0x01, 0x31, 0x01, 0x32, 0x01, 0x35,
    0x00, 0x01, 0x00, 0x06, 0x00, 0x31, 0x00, 0x32, 0x00, 0x7B, 0x00, 0xC8, 0x00, 0xC9, 0x01, 0x16,
    0x00, 0x01, 0x00, 0x00, 0x00, 0x01, 0x00, 0x08, 0x00, 0x02, 0x00, 0x12, 0x00, 0x06, 0x01, 0x2C,
    0x01, 0x2D, 0x01, 0x2E, 0x01, 0x2F, 0x01, 0x30, 0x01, 0x34, 0x00, 0x01, 0x00, 0x06, 0x01, 0x01,
    0x01, 0x02, 0x01, 0x03, 0x01, 0x04, 0x01, 0x05, 0x01, 0x1F, 0x00, 0x01, 0x00, 0x00, 0x00, 0x01,
    0x00, 0x08, 0x00, 0x02, 0x00, 0x1E, 0x00, 0x0C, 0x01, 0x21, 0x01, 0x22, 0x01, 0x23, 0x01, 0x24,
    0x01, 0x25, 0x01, 0x26, 0x01, 0x27, 0x01, 0x28, 0x01, 0x29, 0x01, 0x2A, 0x01, 0x2B, 0x01, 0x33,
    0x00, 0x02, 0x00, 0x02, 0x00, 0x96, 0x00, 0xA0, 0x00, 0x00, 0x01, 0x0A, 0x01, 0x0A, 0x00, 0x0B,
    0x00, 0x01, 0x00, 0x00, 0x00, 0x01, 0x00, 0x08, 0x00, 0x02, 0x00, 0x8E, 0x00, 0x44, 0x00, 0x73,
    0x00, 0x74, 0x00, 0x75, 0x00, 0x76, 0x00, 0x77, 0x00, 0x78, 0x00, 0x79, 0x00, 0x7A, 0x00, 0x7B,
    0x00, 0x7C, 0x00, 0x7D, 0x00, 0x7E, 0x00, 0x7F, 0x00, 0x80, 0x00, 0x81, 0x00, 0x82, 0x00, 0x83,
    0x00, 0x84, 0x01, 0x0A, 0x01, 0x0B, 0x01, 0x0C, 0x01, 0x0D, 0x01, 0x0E, 0x01, 0x0F, 0x01, 0x10,
    0x01, 0x11, 0x01, 0x12, 0x01, 0x13, 0x01, 0x14, 0x01, 0x15, 0x01, 0x16, 0x01, 0x17, 0x01, 0x18,
    0x01, 0x19, 0x01, 0x1A, 0x01, 0x1B, 0x01, 0x1C, 0x01, 0x1D, 0x01, 0x1E, 0x01, 0x1F, 0x01, 0x20,
    0x01, 0x3B, 0x01, 0x3C, 0x01, 0x6F, 0x01, 0x70, 0x01, 0x71, 0x01, 0x72, 0x01, 0x73, 0x01, 0x74,
    0x01, 0x75, 0x01, 0x76, 0x01, 0x77, 0x01, 0x78, 0x01, 0x79, 0x01, 0x7B, 0x01, 0x7C, 0x01, 0x9C,
    0x01, 0x9D, 0x01, 0x9E, 0x01, 0x9F, 0x01, 0xA0, 0x01, 0xA1, 0x01, 0xE2, 0x01, 0xE3, 0x01, 0xE4,
    0x01, 0xE5, 0x01, 0xF3, 0x01, 0xF4, 0x00, 0x01, 0x00, 0x44, 0x00, 0x06, 0x00, 0x12, 0x00, 0x1B,
    0x00, 0x1C, 0x00, 0x23, 0x00, 0x24, 0x00, 0x2B, 0x00, 0x2C, 0x00, 0x32, 0x00, 0x36, 0x00, 0x3C,
    0x00, 0x42, 0x00, 0x4F, 0x00, 0x54, 0x00, 0x58, 0x00, 0x5D, 0x00, 0x6D, 0x00, 0x72, 0x00, 0x9B,
    0x00, 0xA7, 0x00, 0xB0, 0x00, 0xB1, 0x00, 0xB8, 0x00, 0xB9, 0x00, 0xBC, 0x00, 0xC0, 0x00, 0xC1,
    0x00, 0xC3, 0x00, 0xC5, 0x00, 0xC6, 0x00, 0xC9, 0x00, 0xCD, 0x00, 0xD3, 0x00, 0xD9, 0x00, 0xE6,
    0x00, 0xEB, 0x00, 0xEF, 0x00, 0xF4, 0x00, 0xFE, 0x01, 0x04, 0x01, 0x09, 0x01, 0x36, 0x01, 0x38,
    0x01, 0x58, 0x01, 0x59, 0x01, 0x5A, 0x01, 0x5B, 0x01, 0x5C, 0x01, 0x5D, 0x01, 0x5E, 0x01, 0x5F,
    0x01, 0x60, 0x01, 0x61, 0x01, 0x62, 0x01, 0x6D, 0x01, 0x7A, 0x01, 0x90, 0x01, 0x91, 0x01, 0x92,
    0x01, 0x93, 0x01, 0x94, 0x01, 0x95, 0x01, 0xD2, 0x01, 0xD3, 0x01, 0xDE, 0x01, 0xDF, 0x01, 0xE6,
    0x01, 0xE7, 0x00, 0x04, 0x00, 0x08, 0x00, 0x01, 0x00, 0x08, 0x00, 0x01, 0x00, 0x54, 0x00, 0x04,
    0x00, 0x2E, 0x00, 0x22, 0x00, 0x18, 0x00, 0x0E, 0x00, 0x01, 0x00, 0x04, 0x01, 0xA2, 0x00, 0x02,
    0x01, 0x7D, 0x00, 0x01, 0x00, 0x04, 0x01, 0x57, 0x00, 0x02, 0x01, 0xB9, 0x00, 0x01, 0x00, 0x04,
    0x01, 0x3A, 0x00, 0x03, 0x00, 0xFB, 0x00, 0xFB, 0x00, 0x04, 0x00, 0x1E, 0x00, 0x16, 0x00, 0x10,
    0x00, 0x0A, 0x01, 0x39, 0x00, 0x02, 0x00, 0xCA, 0x01, 0x38, 0x00, 0x02, 0x00, 0xBC, 0x01, 0x37,
    0x00, 0x03, 0x00, 0xB5, 0x00, 0xCA, 0x01, 0x36, 0x00, 0x03, 0x00, 0xB5, 0x00, 0xBC, 0x00, 0x01,
    0x00, 0x04, 0x00, 0xB5, 0x00, 0xFB, 0x01, 0x7D, 0x01, 0xBA, 0x00, 0x01, 0x00, 0x00, 0x00, 0x01,
    0x00, 0x08, 0x00, 0x02, 0x00, 0x28, 0x00, 0x11, 0x01, 0x67, 0x01, 0x68, 0x01, 0x69, 0x01, 0x6A,
    0x01, 0x6B, 0x01, 0x6C, 0x01, 0x6D, 0x01, 0x7A, 0x01, 0x81, 0x01, 0x82, 0x01, 0x83, 0x01, 0x8A,
    0x01, 0x8B, 0x01, 0x8C, 0x01, 0x8D, 0x01, 0x8E, 0x01, 0x8F, 0x00, 0x01, 0x00, 0x11, 0x01, 0x5A,
    0x01, 0x5B, 0x01, 0x5D, 0x01, 0x5E, 0x01, 0x5F, 0x01, 0x60, 0x01, 0x62, 0x01, 0x6E, 0x01, 0x7D,
    0x01, 0x7E, 0x01, 0x7F, 0x01, 0x84, 0x01, 0x85, 0x01, 0x86, 0x01, 0x87, 0x01, 0x88, 0x01, 0x89,
    0x00, 0x01, 0x00, 0x00, 0x00, 0x01, 0x00, 0x08, 0x00, 0x02, 0x00, 0x2C, 0x00, 0x13, 0x01, 0x4A,
    0x01, 0x4B, 0x01, 0x4C, 0x01, 0x4D, 0x01, 0x4E, 0x01, 0x4F, 0x01, 0x50, 0x01, 0x51, 0x01, 0x52,
    0x01, 0x53, 0x01, 0xBF, 0x01, 0xC0, 0x01, 0xC1, 0x01, 0xC2, 0x01, 0xC3, 0x01, 0xC4, 0x01, 0xC5,
    0x01, 0xC6, 0x01, 0xC7, 0x00, 0x02, 0x00, 0x03, 0x01, 0x3F, 0x01, 0x48, 0x00, 0x00, 0x01, 0xB4,
    0x01, 0xBA, 0x00, 0x0A, 0x01, 0xBD, 0x01, 0xBE, 0x00, 0x11, 0x00, 0x01, 0x00, 0x00, 0x00, 0x01,
    0x00, 0x08, 0x00, 0x02, 0x00, 0x2C, 0x00, 0x13, 0x01, 0x3F, 0x01, 0x40, 0x01, 0x41, 0x01, 0x42,
    0x01, 0x43, 0x01, 0x44, 0x01, 0x45, 0x01, 0x46, 0x01, 0x47, 0x01, 0x48, 0x01, 0xB4, 0x01, 0xB5,
    0x01, 0xB6, 0x01, 0xB7, 0x01, 0xB8, 0x01, 0xB9, 0x01, 0xBA, 0x01, 0xBD, 0x01, 0xBE, 0x00, 0x02,
    0x00, 0x02, 0x01, 0x4A, 0x01, 0x53, 0x00, 0x00, 0x01, 0xBF, 0x01, 0xC7, 0x00, 0x0A, 0x00, 0x01,
    0x00, 0x00, 0x00, 0x01, 0x00, 0x08, 0x00, 0x02, 0x00, 0x0E, 0x00, 0x04, 0x01, 0x3D, 0x01, 0x3E,
    0x01, 0x3D, 0x01, 0x3E, 0x00, 0x01, 0x00, 0x04, 0x00, 0x01, 0x00, 0x3F, 0x00, 0x96, 0x00, 0xD6,
    0x00, 0x06, 0x00, 0x00, 0x00, 0x02, 0x00, 0x24, 0x00, 0x0A, 0x00, 0x03, 0x00, 0x01, 0x00, 0x34,
    0x00, 0x01, 0x00, 0x12, 0x00, 0x00, 0x00, 0x01, 0x00, 0x00, 0x00, 0x11, 0x00, 0x01, 0x00, 0x02,
    0x00, 0x3F, 0x00, 0xD6, 0x00, 0x03, 0x00, 0x01, 0x00, 0x1A, 0x00, 0x01, 0x00, 0x12, 0x00, 0x00,
    0x00, 0x01, 0x00, 0x00, 0x00, 0x11, 0x00, 0x01, 0x00, 0x02, 0x00, 0x01, 0x00, 0x96, 0x00, 0x02,
    0x00, 0x01, 0x01, 0x3F, 0x01, 0x48, 0x00, 0x00, 0x00, 0x01, 0x00, 0x00, 0x00, 0x01, 0x00, 0x08,
    0x00, 0x01, 0x00, 0x24, 0x00, 0x19, 0x00, 0x01, 0x00, 0x00, 0x00, 0x01, 0x00, 0x08, 0x00, 0x01,
    0x00, 0x16, 0x00, 0x0D, 0x00, 0x06, 0x00, 0x00, 0x00, 0x01, 0x00, 0x08, 0x00, 0x01, 0x00, 0x08,
    0x00, 0x01, 0x00, 0x0E, 0x00, 0x01, 0x00, 0x01, 0x01, 0x61, 0x00, 0x02, 0x00, 0x16, 0x00, 0x06,
    0x00, 0x01, 0x00, 0x33, 0x00, 0x01, 0x00, 0x01, 0x00, 0x33, 0x00, 0x01, 0x00, 0x00, 0x00, 0x0F,
    0x00, 0x01, 0x00, 0xCA, 0x00, 0x01, 0x00, 0x01, 0x00, 0xCA, 0x00, 0x01, 0x00, 0x00, 0x00, 0x0E,
    0x00, 0x01, 0x00, 0x00, 0x00, 0x01, 0x00, 0x08, 0x00, 0x01, 0x00, 0x06, 0x00, 0x01, 0x00, 0x01,
    0x00, 0x02, 0x00, 0x53, 0x00, 0xEA, 0x00, 0x01, 0x00, 0x00, 0x00, 0x01, 0x00, 0x08, 0x00, 0x01,
    0x00, 0x06, 0x00, 0x05, 0x00, 0x01, 0x00, 0x01, 0x00, 0xBC, 0x00, 0x02, 0x00, 0x00, 0x00, 0x01,
    0x00, 0x08, 0x00, 0x01, 0x00, 0x08, 0x00, 0x01, 0x00, 0x0E, 0x00, 0x01, 0x00, 0x01, 0x00, 0xC5,
    0x00, 0x02, 0x00, 0xBD, 0x01, 0xE1, 0x00, 0x01, 0x00, 0x00, 0x00, 0x01, 0x00, 0x08, 0x00, 0x01,
    0x00, 0x06, 0x00, 0x01, 0x00, 0x01, 0x00, 0x02, 0x00, 0xBC, 0x00, 0xC6, 0x00, 0x06, 0x00, 0x00,
    0x00, 0x01, 0x00, 0x08, 0x00, 0x02, 0x00, 0x78, 0x00, 0x74, 0x00, 0x5E, 0x00, 0x48, 0x00, 0x03,
    0x00, 0x00, 0x00, 0x24, 0x00, 0x12, 0x00, 0x01, 0x00, 0x04, 0x00, 0x00, 0x00, 0x01, 0x00, 0x01,
    0x00, 0x01, 0x00, 0x01, 0x00, 0x00, 0x00, 0x05, 0x00, 0x02, 0x00, 0x16, 0x00, 0x06, 0x00, 0x00,
    0x00, 0x01, 0x00, 0x02, 0x00, 0x02, 0x00, 0x01, 0x00, 0x01, 0x00, 0x00, 0x00, 0x04, 0x00, 0x00,
    0x00, 0x01, 0x00, 0x01, 0x00, 0x01, 0x00, 0x01, 0x00, 0x00, 0x00, 0x03, 0x00, 0x02, 0x00, 0x03,
    0x01, 0xD2, 0x01, 0xD6, 0x00, 0x01, 0x01, 0xD8, 0x01, 0xDE, 0x00, 0x01, 0x01, 0xE0, 0x01, 0xE1,
    0x00, 0x02, 0x00, 0x02, 0x00, 0x03, 0x00, 0xBC, 0x00, 0xBC, 0x00, 0x01, 0x00, 0xC5, 0x00, 0xC5,
    0x00, 0x02, 0x00, 0xC6, 0x00, 0xC6, 0x00, 0x01, 0x00, 0x02, 0x00, 0x00, 0x00, 0x01, 0x00, 0x03,
    0x00, 0xBC, 0x00, 0xC5, 0x00, 0xC6, 0x00, 0x03, 0x00, 0x00, 0x00, 0x01, 0x00, 0x08, 0x00, 0x01,
    0x00, 0x2C, 0x00, 0x13, 0x00, 0xC4, 0x00, 0xBE, 0x00, 0xB8, 0x00, 0xB2, 0x00, 0xAC, 0x00, 0xA6,
    0x00, 0xA0, 0x00, 0x9A, 0x00, 0x94, 0x00, 0x8E, 0x00, 0x88, 0x00, 0x82, 0x00, 0x7C, 0x00, 0x76,
    0x00, 0x70, 0x00, 0x6A, 0x00, 0x64, 0x00, 0x5C, 0x00, 0x56, 0x00, 0x01, 0x00, 0x13, 0x00, 0x23,
    0x00, 0x24, 0x00, 0x32, 0x00, 0x4F, 0x00, 0x96, 0x00, 0x9B, 0x00, 0xBC, 0x00, 0xC9, 0x01, 0x04,
    0x01, 0x41, 0x01, 0x4C, 0x01, 0x5A, 0x01, 0x5B, 0x01, 0x5D, 0x01, 0x5E, 0x01, 0x5F, 0x01, 0x60,
    0x01, 0x61, 0x01, 0x62, 0x00, 0x02, 0x01, 0x6D, 0x01, 0x79, 0x00, 0x03, 0x01, 0x6E, 0x01, 0x78,
    0x01, 0x7A, 0x00, 0x02, 0x01, 0x6C, 0x01, 0x77, 0x00, 0x02, 0x01, 0x6B, 0x01, 0x76, 0x00, 0x02,
    0x01, 0x6A, 0x01, 0x75, 0x00, 0x02, 0x01, 0x69, 0x01, 0x74, 0x00, 0x02, 0x01, 0x68, 0x01, 0x72,
    0x00, 0x02, 0x01, 0x67, 0x01, 0x71, 0x00, 0x02, 0x01, 0x41, 0x01, 0x54, 0x00, 0x02, 0x01, 0x49,
    0x01, 0x4C, 0x00, 0x02, 0x01, 0x1F, 0x01, 0x2F, 0x00, 0x02, 0x01, 0x16, 0x01, 0x32, 0x00, 0x02,
    0x00, 0xC1, 0x01, 0x10, 0x00, 0x02, 0x01, 0x0A, 0x01, 0x26, 0x00, 0x02, 0x01, 0x21, 0x01, 0x3D,
    0x00, 0x02, 0x00, 0x7F, 0x00, 0x8A, 0x00, 0x02, 0x00, 0x7B, 0x00, 0x86, 0x00, 0x02, 0x00, 0x78,
    0x00, 0x8F, 0x00, 0x02, 0x00, 0x77, 0x00, 0x8E, 0x00, 0x01, 0x00, 0x00, 0x00, 0x01, 0x00, 0x08,
    0x00, 0x02, 0x01, 0x16, 0x00, 0x88, 0x01, 0x3D, 0x00, 0x73, 0x00, 0x74, 0x00, 0x75, 0x00, 0x76,
    0x00, 0x8C, 0x00, 0x8D, 0x00, 0x79, 0x00, 0x7A, 0x00, 0x90, 0x00, 0x85, 0x00, 0x7C, 0x00, 0x8B,
    0x00, 0x7D, 0x01, 0x3E, 0x00, 0x7E, 0x00, 0x91, 0x00, 0x87, 0x00, 0x88, 0x00, 0x89, 0x00, 0x54,
    0x00, 0x80, 0x00, 0x81, 0x00, 0x82, 0x00, 0x83, 0x00, 0x84, 0x00, 0x94, 0x00, 0x95, 0x00, 0x92,
    0x00, 0x93, 0x01, 0x22, 0x01, 0x23, 0x01, 0x24, 0x01, 0x25, 0x01, 0x27, 0x01, 0x28, 0x01, 0x29,
    0x01, 0x2A, 0x01, 0x2B, 0x01, 0x0B, 0x01, 0x0C, 0x01, 0x0D, 0x01, 0x0E, 0x01, 0x0F, 0x01, 0x11,
    0x01, 0x12, 0x01, 0x13, 0x01, 0x14, 0x01, 0x15, 0x01, 0x31, 0x01, 0x17, 0x01, 0x18, 0x01, 0x3E,
    0x01, 0x19, 0x01, 0x1A, 0x00, 0xEB, 0x01, 0x1B, 0x01, 0x1C, 0x01, 0x1D, 0x01, 0x1E, 0x01, 0x2C,
    0x01, 0x2D, 0x01, 0x2E, 0x01, 0x30, 0x01, 0x20, 0x01, 0x33, 0x01, 0x35, 0x01, 0x34, 0x01, 0x3B,
    0x01, 0x3C, 0x01, 0x4A, 0x01, 0x4B, 0x01, 0x4D, 0x01, 0x4E, 0x01, 0x4F, 0x01, 0x50, 0x01, 0x51,
    0x01, 0x52, 0x01, 0x53, 0x01, 0x3F, 0x01, 0x40, 0x01, 0x42, 0x01, 0x43, 0x01, 0x44, 0x01, 0x45,
    0x01, 0x46, 0x01, 0x47, 0x01, 0x48, 0x01, 0x6F, 0x01, 0x70, 0x01, 0x73, 0x01, 0x7B, 0x01, 0x7A,
    0x01, 0x7C, 0x01, 0x81, 0x01, 0x82, 0x01, 0x83, 0x01, 0x8A, 0x01, 0x8B, 0x01, 0x8C, 0x01, 0x8D,
    0x01, 0x8E, 0x01, 0x8F, 0x01, 0x9C, 0x01, 0x9D, 0x01, 0x9E, 0x01, 0x9F, 0x01, 0xA0, 0x01, 0xA1,
    0x01, 0xAC, 0x01, 0xB2, 0x01, 0xB3, 0x01, 0xBF, 0x01, 0xC0, 0x01, 0xC1, 0x01, 0xC2, 0x01, 0xC3,
    0x01, 0xC4, 0x01, 0xC5, 0x01, 0xC6, 0x01, 0xC7, 0x01, 0xB4, 0x01, 0xB5, 0x01, 0xB6, 0x01, 0xB7,
    0x01, 0xB8, 0x01, 0xB9, 0x01, 0xBA, 0x01, 0xBD, 0x01, 0xBE, 0x01, 0xE2, 0x01, 0xE3, 0x01, 0xE4,
    0x01, 0xE5, 0x01, 0xF3, 0x01, 0xF4, 0x00, 0x01, 0x00, 0x88, 0x00, 0x01, 0x00, 0x06, 0x00, 0x12,
    0x00, 0x1B, 0x00, 0x1C, 0x00, 0x21, 0x00, 0x22, 0x00, 0x2B, 0x00, 0x2C, 0x00, 0x30, 0x00, 0x31,
    0x00, 0x36, 0x00, 0x38, 0x00, 0x3C, 0x00, 0x3F, 0x00, 0x42, 0x00, 0x4B, 0x00, 0x4C, 0x00, 0x4D,
    0x00, 0x4E, 0x00, 0x53, 0x00, 0x54, 0x00, 0x58, 0x00, 0x5D, 0x00, 0x6D, 0x00, 0x72, 0x00, 0x77,
    0x00, 0x78, 0x00, 0x7B, 0x00, 0x7F, 0x00, 0x97, 0x00, 0x98, 0x00, 0x99, 0x00, 0x9A, 0x00, 0x9C,
    0x00, 0x9D, 0x00, 0x9E, 0x00, 0x9F, 0x00, 0xA0, 0x00, 0xA7, 0x00, 0xB0, 0x00, 0xB1, 0x00, 0xB8,
    0x00, 0xB9, 0x00, 0xC0, 0x00, 0xC1, 0x00, 0xC3, 0x00, 0xC5, 0x00, 0xC6, 0x00, 0xC8, 0x00, 0xCD,
    0x00, 0xD3, 0x00, 0xD6, 0x00, 0xD9, 0x00, 0xE6, 0x00, 0xEA, 0x00, 0xEB, 0x00, 0xEF, 0x00, 0xF4,
    0x00, 0xFE, 0x01, 0x01, 0x01, 0x02, 0x01, 0x03, 0x01, 0x05, 0x01, 0x09, 0x01, 0x0A, 0x01, 0x16,
    0x01, 0x1F, 0x01, 0x36, 0x01, 0x38, 0x01, 0x3F, 0x01, 0x40, 0x01, 0x42, 0x01, 0x43, 0x01, 0x44,
    0x01, 0x45, 0x01, 0x46, 0x01, 0x47, 0x01, 0x48, 0x01, 0x4A, 0x01, 0x4B, 0x01, 0x4D, 0x01, 0x4E,
    0x01, 0x4F, 0x01, 0x50, 0x01, 0x51, 0x01, 0x52, 0x01, 0x53, 0x01, 0x58, 0x01, 0x59, 0x01, 0x5C,
    0x01, 0x6D, 0x01, 0x6E, 0x01, 0x7A, 0x01, 0x7D, 0x01, 0x7E, 0x01, 0x7F, 0x01, 0x84, 0x01, 0x85,
    0x01, 0x86, 0x01, 0x87, 0x01, 0x88, 0x01, 0x89, 0x01, 0x90, 0x01, 0x91, 0x01, 0x92, 0x01, 0x93,
    0x01, 0x94, 0x01, 0x95, 0x01, 0xA4, 0x01, 0xAD, 0x01, 0xAE, 0x01, 0xB4, 0x01, 0xB5, 0x01, 0xB6,
    0x01, 0xB7, 0x01, 0xB8, 0x01, 0xB9, 0x01, 0xBA, 0x01, 0xBD, 0x01, 0xBE, 0x01, 0xBF, 0x01, 0xC0,
    0x01, 0xC1, 0x01, 0xC2, 0x01, 0xC3, 0x01, 0xC4, 0x01, 0xC5, 0x01, 0xC6, 0x01, 0xC7, 0x01, 0xD2,
    0x01, 0xD3, 0x01, 0xDE, 0x01, 0xDF, 0x01, 0xE6, 0x01, 0xE7, 0x00, 0x00, 0x00, 0x02, 0x00, 0x00,
    0x00, 0x00, 0x00, 0x00, 0xFF, 0x4C, 0x00, 0x26, 0x00, 0x00, 0x00, 0x00, 0x00, 0x00, 0x00, 0x00,
    0x00, 0x00, 0x00, 0x00, 0x00, 0x00, 0x00, 0x00, 0x00, 0x00, 0x00, 0x00, 0x01, 0xF5, 0x00, 0x00,
    0x00, 0x24, 0x00, 0xC9, 0x01, 0x02, 0x01, 0x03, 0x00, 0xC7, 0x00, 0x62, 0x00, 0xAD, 0x01, 0x04,
    0x01, 0x05, 0x00, 0x63, 0x00, 0xAE, 0x00, 0x90, 0x00, 0x25, 0x00, 0x26, 0x00, 0xFD, 0x00, 0xFF,
    0x00, 0x64, 0x01, 0x06, 0x00, 0x27, 0x00, 0xE9, 0x01, 0x07, 0x01, 0x08, 0x00, 0x28, 0x00, 0x65,
    0x01, 0x09, 0x00, 0xC8, 0x00, 0xCA, 0x01, 0x0A, 0x00, 0xCB, 0x01, 0x0B, 0x01, 0x0C, 0x00, 0x29,
    0x00, 0x2A, 0x00, 0xF8, 0x01, 0x0D, 0x01, 0x0E, 0x00, 0x2B, 0x01, 0x0F, 0x00, 0x2C, 0x01, 0x10,
    0x00, 0xCC, 0x00, 0xCD, 0x00, 0xCE, 0x00, 0xFA, 0x00, 0xCF, 0x01, 0x11, 0x01, 0x12, 0x00, 0x2D,
    0x00, 0x2E, 0x01, 0x13, 0x00, 0x2F, 0x01, 0x14, 0x01, 0x15, 0x01, 0x16, 0x00, 0xE2, 0x00, 0x30,
    0x00, 0x31, 0x01, 0x17, 0x01, 0x18, 0x01, 0x19, 0x00, 0x66, 0x01, 0x1A, 0x00, 0x32, 0x00, 0xD0,
    0x00, 0xD1, 0x00, 0x67, 0x00, 0xD3, 0x01, 0x1B, 0x01, 0x1C, 0x00, 0x91, 0x00, 0xAF, 0x00, 0xB0,
    0x00, 0x33, 0x00, 0xED, 0x00, 0x34, 0x00, 0x35, 0x01, 0x1D, 0x01, 0x1E, 0x01, 0x1F, 0x00, 0x36,
    0x01, 0x20, 0x00, 0xE4, 0x00, 0xFB, 0x01, 0x21, 0x01, 0x22, 0x00, 0x37, 0x01, 0x23, 0x01, 0x24,
    0x00, 0x38, 0x00, 0xD4, 0x01, 0x25, 0x00, 0xD5, 0x00, 0x68, 0x00, 0xD6, 0x01, 0x26, 0x01, 0x27,
    0x01, 0x28, 0x01, 0x29, 0x00, 0x39, 0x00, 0x3A, 0x01, 0x2A, 0x01, 0x2B, 0x01, 0x2C, 0x01, 0x2D,
    0x00, 0x3B, 0x00, 0x3C, 0x00, 0xEB, 0x01, 0x2E, 0x00, 0xBB, 0x01, 0x2F, 0x00, 0x3D, 0x01, 0x30,
    0x00, 0xE6, 0x01, 0x31, 0x01, 0x32, 0x01, 0x33, 0x01, 0x34, 0x01, 0x35, 0x01, 0x36, 0x01, 0x37,
    0x01, 0x38, 0x01, 0x39, 0x01, 0x3A, 0x01, 0x3B, 0x01, 0x3C, 0x01, 0x3D, 0x01, 0x3E, 0x01, 0x3F,
    0x01, 0x40, 0x01, 0x41, 0x01, 0x42, 0x01, 0x43, 0x01, 0x44, 0x01, 0x45, 0x01, 0x46, 0x01, 0x47,
    0x01, 0x48, 0x01, 0x49, 0x01, 0x4A, 0x01, 0x4B, 0x01, 0x4C, 0x01, 0x4D, 0x01, 0x4E, 0x01, 0x4F,
    0x01, 0x50, 0x01, 0x51, 0x01, 0x52, 0x01, 0x53, 0x01, 0x54, 0x00, 0x44, 0x00, 0x69, 0x01, 0x55,
    0x01, 0x56, 0x00, 0x6B, 0x00, 0x6C, 0x00, 0x6A, 0x01, 0x57, 0x01, 0x58, 0x00, 0x6E, 0x00, 0x6D,
    0x00, 0xA0, 0x00, 0x45, 0x00, 0x46, 0x00, 0xFE, 0x01, 0x00, 0x00, 0x6F, 0x01, 0x59, 0x00, 0x47,
    0x00, 0xEA, 0x01, 0x5A, 0x01, 0x01, 0x00, 0x48, 0x00, 0x70, 0x01, 0x5B, 0x00, 0x72, 0x00, 0x73,
    0x01, 0x5C, 0x00, 0x71, 0x01, 0x5D, 0x01, 0x5E, 0x00, 0x49, 0x00, 0x4A, 0x00, 0xF9, 0x01, 0x5F,
    0x01, 0x60, 0x00, 0x4B, 0x01, 0x61, 0x00, 0x4C, 0x00, 0xD7, 0x00, 0x74, 0x00, 0x76, 0x00, 0x77,
    0x01, 0x62, 0x00, 0x75, 0x01, 0x63, 0x01, 0x64, 0x01, 0x65, 0x00, 0x4D, 0x01, 0x66, 0x00, 0x4E,
    0x01, 0x67, 0x00, 0x4F, 0x01, 0x68, 0x01, 0x69, 0x01, 0x6A, 0x00, 0xE3, 0x00, 0x50, 0x00, 0x51,
    0x01, 0x6B, 0x01, 0x6C, 0x01, 0x6D, 0x00, 0x78, 0x01, 0x6E, 0x00, 0x52, 0x00, 0x79, 0x00, 0x7B,
    0x00, 0x7C, 0x00, 0x7A, 0x01, 0x6F, 0x01, 0x70, 0x00, 0xA1, 0x00, 0x7D, 0x00, 0xB1, 0x00, 0x53,
    0x00, 0xEE, 0x00, 0x54, 0x00, 0x55, 0x01, 0x71, 0x01, 0x72, 0x01, 0x73, 0x00, 0x56, 0x01, 0x74,
    0x00, 0xE5, 0x00, 0xFC, 0x01, 0x75, 0x00, 0x89, 0x00, 0x57, 0x01, 0x76, 0x01, 0x77, 0x00, 0x58,
    0x00, 0x7E, 0x01, 0x78, 0x00, 0x80, 0x00, 0x81, 0x00, 0x7F, 0x01, 0x79, 0x01, 0x7A, 0x01, 0x7B,
    0x01, 0x7C, 0x00, 0x59, 0x00, 0x5A, 0x01, 0x7D, 0x01, 0x7E, 0x01, 0x7F, 0x01, 0x80, 0x00, 0x5B,
    0x00, 0x5C, 0x00, 0xEC, 0x01, 0x81, 0x00, 0xBA, 0x01, 0x82, 0x00, 0x5D, 0x01, 0x83, 0x00, 0xE7,
    0x01, 0x84, 0x01, 0x85, 0x01, 0x86, 0x01, 0x87, 0x01, 0x88, 0x01, 0x89, 0x01, 0x8A, 0x01, 0x8B,
    0x01, 0x8C, 0x01, 0x8D, 0x01, 0x8E, 0x01, 0x8F, 0x01, 0x90, 0x01, 0x91, 0x01, 0x92, 0x01, 0x93,
    0x01, 0x94, 0x01, 0x95, 0x01, 0x96, 0x01, 0x97, 0x01, 0x98, 0x01, 0x99, 0x01, 0x9A, 0x01, 0x9B,
    0x01, 0x9C, 0x01, 0x9D, 0x01, 0x9E, 0x01, 0x9F, 0x01, 0xA0, 0x01, 0xA1, 0x01, 0xA2, 0x01, 0xA3,
    0x01, 0xA4, 0x01, 0xA5, 0x01, 0xA6, 0x01, 0xA7, 0x01, 0xA8, 0x01, 0xA9, 0x01, 0xAA, 0x01, 0xAB,
    0x01, 0xAC, 0x01, 0xAD, 0x01, 0xAE, 0x01, 0xAF, 0x01, 0xB0, 0x01, 0xB1, 0x01, 0xB2, 0x01, 0xB3,
    0x01, 0xB4, 0x01, 0xB5, 0x01, 0xB6, 0x01, 0xB7, 0x00, 0x9D, 0x00, 0x9E, 0x00, 0x13, 0x00, 0x14,
    0x00, 0x15, 0x00, 0x16, 0x00, 0x17, 0x00, 0x18, 0x00, 0x19, 0x00, 0x1A, 0x00, 0x1B, 0x00, 0x1C,
    0x01, 0xB8, 0x01, 0xB9, 0x01, 0xBA, 0x01, 0xBB, 0x01, 0xBC, 0x01, 0xBD, 0x01, 0xBE, 0x01, 0xBF,
    0x01, 0xC0, 0x01, 0xC1, 0x01, 0xC2, 0x01, 0xC3, 0x00, 0x03, 0x01, 0xC4, 0x01, 0xC5, 0x00, 0x11,
    0x00, 0x0F, 0x00, 0x1D, 0x00, 0x1E, 0x00, 0xAB, 0x00, 0x04, 0x00, 0xA3, 0x00, 0x22, 0x00, 0xA2,
    0x00, 0xC3, 0x00, 0x87, 0x00, 0x0D, 0x00, 0x06, 0x00, 0x12, 0x00, 0x3F, 0x01, 0xC6, 0x01, 0xC7,
    0x01, 0xC8, 0x01, 0xC9, 0x01, 0xCA, 0x01, 0xCB, 0x01, 0xCC, 0x01, 0xCD, 0x01, 0xCE, 0x01, 0xCF,
    0x01, 0xD0, 0x01, 0xD1, 0x01, 0xD2, 0x01, 0xD3, 0x01, 0xD4, 0x01, 0xD5, 0x01, 0xD6, 0x01, 0xD7,
    0x01, 0xD8, 0x01, 0xD9, 0x01, 0xDA, 0x01, 0xDB, 0x00, 0x10, 0x00, 0xB2, 0x00, 0xB3, 0x00, 0x42,
    0x01, 0xDC, 0x01, 0xDD, 0x01, 0xDE, 0x00, 0x0B, 0x00, 0x0C, 0x00, 0x5E, 0x00, 0x60, 0x00, 0x3E,
    0x00, 0x40, 0x01, 0xDF, 0x01, 0xE0, 0x01, 0xE1, 0x01, 0xE2, 0x01, 0xE3, 0x01, 0xE4, 0x00, 0xC4,
    0x00, 0xC5, 0x00, 0xB4, 0x00, 0xB5, 0x00, 0xB6, 0x00, 0xB7, 0x00, 0xA9, 0x00, 0xAA, 0x00, 0xBE,
    0x00, 0xBF, 0x00, 0x05, 0x00, 0x0A, 0x01, 0xE5, 0x01, 0xE6, 0x01, 0xE7, 0x01, 0xE8, 0x01, 0xE9,
    0x01, 0xEA, 0x01, 0xEB, 0x00, 0x23, 0x00, 0x09, 0x00, 0x88, 0x00, 0x86, 0x00, 0x8B, 0x00, 0x8A,
    0x00, 0x8C, 0x00, 0x83, 0x00, 0x5F, 0x01, 0xEC, 0x00, 0x84, 0x00, 0x07, 0x01, 0xED, 0x00, 0x85,
    0x00, 0x96, 0x01, 0xEE, 0x01, 0xEF, 0x00, 0x0E, 0x00, 0xEF, 0x00, 0xF0, 0x00, 0xB8, 0x00, 0x20,
    0x00, 0x21, 0x00, 0x1F, 0x00, 0x61, 0x00, 0x41, 0x00, 0x08, 0x00, 0xC6, 0x01, 0xF0, 0x01, 0xF1,
    0x01, 0xF2, 0x01, 0xF3, 0x01, 0xF4, 0x01, 0xF5, 0x01, 0xF6, 0x01, 0xF7, 0x01, 0xF8, 0x01, 0xF9,
    0x01, 0xFA, 0x01, 0xFB, 0x01, 0xFC, 0x01, 0xFD, 0x01, 0xFE, 0x01, 0xFF, 0x02, 0x00, 0x02, 0x01,
    0x02, 0x02, 0x02, 0x03, 0x02, 0x04, 0x02, 0x05, 0x02, 0x06, 0x02, 0x07, 0x02, 0x08, 0x02, 0x09,
    0x02, 0x0A, 0x02, 0x0B, 0x02, 0x0C, 0x02, 0x0D, 0x02, 0x0E, 0x02, 0x0F, 0x02, 0x10, 0x02, 0x11,
    0x02, 0x12, 0x02, 0x13, 0x02, 0x14, 0x02, 0x15, 0x02, 0x16, 0x00, 0x8E, 0x00, 0xDC, 0x00, 0x43,
    0x00, 0x8D, 0x00, 0xDF, 0x00, 0xD8, 0x00, 0xE1, 0x00, 0xDB, 0x00, 0xDD, 0x00, 0xD9, 0x00, 0xDA,
    0x00, 0xDE, 0x00, 0xE0, 0x02, 0x17, 0x02, 0x18, 0x06, 0x41, 0x62, 0x72, 0x65, 0x76, 0x65, 0x07,
    0x75, 0x6E, 0x69, 0x30, 0x31, 0x43, 0x44, 0x07, 0x41, 0x6D, 0x61, 0x63, 0x72, 0x6F, 0x6E, 0x07,
    0x41, 0x6F, 0x67, 0x6F, 0x6E, 0x65, 0x6B, 0x0A, 0x43, 0x64, 0x6F, 0x74, 0x61, 0x63, 0x63, 0x65,
    0x6E, 0x74, 0x06, 0x44, 0x63, 0x61, 0x72, 0x6F, 0x6E, 0x06, 0x44, 0x63, 0x72, 0x6F, 0x61, 0x74,
    0x06, 0x45, 0x63, 0x61, 0x72, 0x6F, 0x6E, 0x0A, 0x45, 0x64, 0x6F, 0x74, 0x61, 0x63, 0x63, 0x65,
    0x6E, 0x74, 0x07, 0x45, 0x6D, 0x61, 0x63, 0x72, 0x6F, 0x6E, 0x07, 0x45, 0x6F, 0x67, 0x6F, 0x6E,
    0x65, 0x6B, 0x07, 0x75, 0x6E, 0x69, 0x30, 0x31, 0x32, 0x32, 0x0A, 0x47, 0x64, 0x6F, 0x74, 0x61,
    0x63, 0x63, 0x65, 0x6E, 0x74, 0x04, 0x48, 0x62, 0x61, 0x72, 0x02, 0x49, 0x4A, 0x07, 0x49, 0x6D,
    0x61, 0x63, 0x72, 0x6F, 0x6E, 0x07, 0x49, 0x6F, 0x67, 0x6F, 0x6E, 0x65, 0x6B, 0x07, 0x75, 0x6E,
    0x69, 0x30, 0x31, 0x33, 0x36, 0x06, 0x4C, 0x61, 0x63, 0x75, 0x74, 0x65, 0x06, 0x4C, 0x63, 0x61,
    0x72, 0x6F, 0x6E, 0x07, 0x75, 0x6E, 0x69, 0x30, 0x31, 0x33, 0x42, 0x06, 0x4E, 0x61, 0x63, 0x75,
    0x74, 0x65, 0x06, 0x4E, 0x63, 0x61, 0x72, 0x6F, 0x6E, 0x07, 0x75, 0x6E, 0x69, 0x30, 0x31, 0x34,
    0x35, 0x03, 0x45, 0x6E, 0x67, 0x0D, 0x4F, 0x68, 0x75, 0x6E, 0x67, 0x61, 0x72, 0x75, 0x6D, 0x6C,
    0x61, 0x75, 0x74, 0x07, 0x4F, 0x6D, 0x61, 0x63, 0x72, 0x6F, 0x6E, 0x06, 0x52, 0x61, 0x63, 0x75,
    0x74, 0x65, 0x06, 0x52, 0x63, 0x61, 0x72, 0x6F, 0x6E, 0x07, 0x75, 0x6E, 0x69, 0x30, 0x31, 0x35,
    0x36, 0x06, 0x53, 0x61, 0x63, 0x75, 0x74, 0x65, 0x07, 0x75, 0x6E, 0x69, 0x30, 0x32, 0x31, 0x38,
    0x07, 0x75, 0x6E, 0x69, 0x31, 0x45, 0x39, 0x45, 0x06, 0x54, 0x63, 0x61, 0x72, 0x6F, 0x6E, 0x07,
    0x75, 0x6E, 0x69, 0x30, 0x32, 0x31, 0x41, 0x06, 0x55, 0x62, 0x72, 0x65, 0x76, 0x65, 0x0D, 0x55,
    0x68, 0x75, 0x6E, 0x67, 0x61, 0x72, 0x75, 0x6D, 0x6C, 0x61, 0x75, 0x74, 0x07, 0x55, 0x6D, 0x61,
    0x63, 0x72, 0x6F, 0x6E, 0x07, 0x55, 0x6F, 0x67, 0x6F, 0x6E, 0x65, 0x6B, 0x05, 0x55, 0x72, 0x69,
    0x6E, 0x67, 0x06, 0x57, 0x61, 0x63, 0x75, 0x74, 0x65, 0x0B, 0x57, 0x63, 0x69, 0x72, 0x63, 0x75,
    0x6D, 0x66, 0x6C, 0x65, 0x78, 0x09, 0x57, 0x64, 0x69, 0x65, 0x72, 0x65, 0x73, 0x69, 0x73, 0x06,
    0x57, 0x67, 0x72, 0x61, 0x76, 0x65, 0x0B, 0x59, 0x63, 0x69, 0x72, 0x63, 0x75, 0x6D, 0x66, 0x6C,
    0x65, 0x78, 0x06, 0x59, 0x67, 0x72, 0x61, 0x76, 0x65, 0x06, 0x5A, 0x61, 0x63, 0x75, 0x74, 0x65,
    0x0A, 0x5A, 0x64, 0x6F, 0x74, 0x61, 0x63, 0x63, 0x65, 0x6E, 0x74, 0x0E, 0x41, 0x64, 0x69, 0x65,
    0x72, 0x65, 0x73, 0x69, 0x73, 0x2E, 0x73, 0x73, 0x30, 0x31, 0x0F, 0x43, 0x64, 0x6F, 0x74, 0x61,
    0x63, 0x63, 0x65, 0x6E, 0x74, 0x2E, 0x73, 0x73, 0x30, 0x31, 0x0E, 0x45, 0x64, 0x69, 0x65, 0x72,
    0x65, 0x73, 0x69, 0x73, 0x2E, 0x73, 0x73, 0x30, 0x31, 0x0F, 0x45, 0x64, 0x6F, 0x74, 0x61, 0x63,
    0x63, 0x65, 0x6E, 0x74, 0x2E, 0x73, 0x73, 0x30, 0x31, 0x0C, 0x75, 0x6E, 0x69, 0x30, 0x31, 0x32,
    0x32, 0x2E, 0x73, 0x73, 0x30, 0x31, 0x0F, 0x47, 0x64, 0x6F, 0x74, 0x61, 0x63, 0x63, 0x65, 0x6E,
    0x74, 0x2E, 0x73, 0x73, 0x30, 0x31, 0x0E, 0x49, 0x64, 0x69, 0x65, 0x72, 0x65, 0x73, 0x69, 0x73,
    0x2E, 0x73, 0x73, 0x30, 0x31, 0x0F, 0x49, 0x64, 0x6F, 0x74, 0x61, 0x63, 0x63, 0x65, 0x6E, 0x74,
    0x2E, 0x73, 0x73, 0x30, 0x31, 0x0C, 0x75, 0x6E, 0x69, 0x30, 0x31, 0x33, 0x36, 0x2E, 0x73, 0x73,
    0x30, 0x31, 0x0C, 0x75, 0x6E, 0x69, 0x30, 0x31, 0x33, 0x42, 0x2E, 0x73, 0x73, 0x30, 0x31, 0x0C,
    0x75, 0x6E, 0x69, 0x30, 0x31, 0x34, 0x35, 0x2E, 0x73, 0x73, 0x30, 0x31, 0x0E, 0x4F, 0x64, 0x69,
    0x65, 0x72, 0x65, 0x73, 0x69, 0x73, 0x2E, 0x73, 0x73, 0x30, 0x31, 0x0C, 0x75, 0x6E, 0x69, 0x30,
    0x31, 0x35, 0x36, 0x2E, 0x73, 0x73, 0x30, 0x31, 0x0C, 0x75, 0x6E, 0x69, 0x30, 0x32, 0x31, 0x38,
    0x2E, 0x73, 0x73, 0x30, 0x31, 0x0C, 0x75, 0x6E, 0x69, 0x30, 0x32, 0x31, 0x41, 0x2E, 0x73, 0x73,
    0x30, 0x31, 0x0E, 0x55, 0x64, 0x69, 0x65, 0x72, 0x65, 0x73, 0x69, 0x73, 0x2E, 0x73, 0x73, 0x30,
    0x31, 0x0E, 0x59, 0x64, 0x69, 0x65, 0x72, 0x65, 0x73, 0x69, 0x73, 0x2E, 0x73, 0x73, 0x30, 0x31,
    0x0F, 0x5A, 0x64, 0x6F, 0x74, 0x61, 0x63, 0x63, 0x65, 0x6E, 0x74, 0x2E, 0x73, 0x73, 0x30, 0x31,
    0x06, 0x4B, 0x2E, 0x73, 0x73, 0x30, 0x34, 0x0C, 0x75, 0x6E, 0x69, 0x30, 0x31, 0x33, 0x36, 0x2E,
    0x73, 0x73, 0x30, 0x34, 0x06, 0x52, 0x2E, 0x73, 0x73, 0x30, 0x35, 0x0B, 0x52, 0x61, 0x63, 0x75,
    0x74, 0x65, 0x2E, 0x73, 0x73, 0x30, 0x35, 0x0B, 0x52, 0x63, 0x61, 0x72, 0x6F, 0x6E, 0x2E, 0x73,
    0x73, 0x30, 0x35, 0x0C, 0x75, 0x6E, 0x69, 0x30, 0x31, 0x35, 0x36, 0x2E, 0x73, 0x73, 0x30, 0x35,
    0x06, 0x4D, 0x2E, 0x73, 0x73, 0x30, 0x36, 0x06, 0x47, 0x2E, 0x73, 0x73, 0x30, 0x37, 0x0B, 0x47,
    0x62, 0x72, 0x65, 0x76, 0x65, 0x2E, 0x73, 0x73, 0x30, 0x37, 0x0C, 0x75, 0x6E, 0x69, 0x30, 0x31,
    0x32, 0x32, 0x2E, 0x73, 0x73, 0x30, 0x37, 0x0F, 0x47, 0x64, 0x6F, 0x74, 0x61, 0x63, 0x63, 0x65,
    0x6E, 0x74, 0x2E, 0x73, 0x73, 0x30, 0x37, 0x06, 0x4A, 0x2E, 0x73, 0x73, 0x30, 0x38, 0x06, 0x51,
    0x2E, 0x73, 0x73, 0x30, 0x39, 0x11, 0x75, 0x6E, 0x69, 0x30, 0x31, 0x33, 0x36, 0x2E, 0x73, 0x73,
    0x30, 0x31, 0x2E, 0x73, 0x73, 0x30, 0x34, 0x11, 0x75, 0x6E, 0x69, 0x30, 0x31, 0x35, 0x36, 0x2E,
    0x73, 0x73, 0x30, 0x31, 0x2E, 0x73, 0x73, 0x30, 0x35, 0x11, 0x75, 0x6E, 0x69, 0x30, 0x31, 0x32,
    0x32, 0x2E, 0x73, 0x73, 0x30, 0x31, 0x2E, 0x73, 0x73, 0x30, 0x37, 0x14, 0x47, 0x64, 0x6F, 0x74,
    0x61, 0x63, 0x63, 0x65, 0x6E, 0x74, 0x2E, 0x73, 0x73, 0x30, 0x31, 0x2E, 0x73, 0x73, 0x30, 0x37,
    0x06, 0x61, 0x62, 0x72, 0x65, 0x76, 0x65, 0x07, 0x75, 0x6E, 0x69, 0x30, 0x31, 0x43, 0x45, 0x07,
    0x61, 0x6D, 0x61, 0x63, 0x72, 0x6F, 0x6E, 0x07, 0x61, 0x6F, 0x67, 0x6F, 0x6E, 0x65, 0x6B, 0x0A,
    0x63, 0x64, 0x6F, 0x74, 0x61, 0x63, 0x63, 0x65, 0x6E, 0x74, 0x06, 0x64, 0x63, 0x61, 0x72, 0x6F,
    0x6E, 0x06, 0x65, 0x63, 0x61, 0x72, 0x6F, 0x6E, 0x0A, 0x65, 0x64, 0x6F, 0x74, 0x61, 0x63, 0x63,
    0x65, 0x6E, 0x74, 0x07, 0x65, 0x6D, 0x61, 0x63, 0x72, 0x6F, 0x6E, 0x07, 0x65, 0x6F, 0x67, 0x6F,
    0x6E, 0x65, 0x6B, 0x07, 0x75, 0x6E, 0x69, 0x30, 0x31, 0x32, 0x33, 0x0A, 0x67, 0x64, 0x6F, 0x74,
    0x61, 0x63, 0x63, 0x65, 0x6E, 0x74, 0x04, 0x68, 0x62, 0x61, 0x72, 0x09, 0x69, 0x2E, 0x6C, 0x6F,
    0x63, 0x6C, 0x54, 0x52, 0x4B, 0x02, 0x69, 0x6A, 0x07, 0x69, 0x6D, 0x61, 0x63, 0x72, 0x6F, 0x6E,
    0x07, 0x69, 0x6F, 0x67, 0x6F, 0x6E, 0x65, 0x6B, 0x07, 0x75, 0x6E, 0x69, 0x30, 0x32, 0x33, 0x37,
    0x07, 0x75, 0x6E, 0x69, 0x30, 0x31, 0x33, 0x37, 0x06, 0x6C, 0x61, 0x63, 0x75, 0x74, 0x65, 0x06,
    0x6C, 0x63, 0x61, 0x72, 0x6F, 0x6E, 0x07, 0x75, 0x6E, 0x69, 0x30, 0x31, 0x33, 0x43, 0x06, 0x6E,
    0x61, 0x63, 0x75, 0x74, 0x65, 0x06, 0x6E, 0x63, 0x61, 0x72, 0x6F, 0x6E, 0x07, 0x75, 0x6E, 0x69,
    0x30, 0x31, 0x34, 0x36, 0x03, 0x65, 0x6E, 0x67, 0x0D, 0x6F, 0x68, 0x75, 0x6E, 0x67, 0x61, 0x72,
    0x75, 0x6D, 0x6C, 0x61, 0x75, 0x74, 0x07, 0x6F, 0x6D, 0x61, 0x63, 0x72, 0x6F, 0x6E, 0x06, 0x72,
    0x61, 0x63, 0x75, 0x74, 0x65, 0x06, 0x72, 0x63, 0x61, 0x72, 0x6F, 0x6E, 0x07, 0x75, 0x6E, 0x69,
    0x30, 0x31, 0x35, 0x37, 0x06, 0x73, 0x61, 0x63, 0x75, 0x74, 0x65, 0x07, 0x75, 0x6E, 0x69, 0x30,
    0x32, 0x31, 0x39, 0x06, 0x74, 0x63, 0x61, 0x72, 0x6F, 0x6E, 0x07, 0x75, 0x6E, 0x69, 0x30, 0x32,
    0x31, 0x42, 0x06, 0x75, 0x62, 0x72, 0x65, 0x76, 0x65, 0x0D, 0x75, 0x68, 0x75, 0x6E, 0x67, 0x61,
    0x72, 0x75, 0x6D, 0x6C, 0x61, 0x75, 0x74, 0x07, 0x75, 0x6D, 0x61, 0x63, 0x72, 0x6F, 0x6E, 0x07,
    0x75, 0x6F, 0x67, 0x6F, 0x6E, 0x65, 0x6B, 0x05, 0x75, 0x72, 0x69, 0x6E, 0x67, 0x06, 0x77, 0x61,
    0x63, 0x75, 0x74, 0x65, 0x0B, 0x77, 0x63, 0x69, 0x72, 0x63, 0x75, 0x6D, 0x66, 0x6C, 0x65, 0x78,
    0x09, 0x77, 0x64, 0x69, 0x65, 0x72, 0x65, 0x73, 0x69, 0x73, 0x06, 0x77, 0x67, 0x72, 0x61, 0x76,
    0x65, 0x0B, 0x79, 0x63, 0x69, 0x72, 0x63, 0x75, 0x6D, 0x66, 0x6C, 0x65, 0x78, 0x06, 0x79, 0x67,
    0x72, 0x61, 0x76, 0x65, 0x06, 0x7A, 0x61, 0x63, 0x75, 0x74, 0x65, 0x0A, 0x7A, 0x64, 0x6F, 0x74,
    0x61, 0x63, 0x63, 0x65, 0x6E, 0x74, 0x0E, 0x61, 0x64, 0x69, 0x65, 0x72, 0x65, 0x73, 0x69, 0x73,
    0x2E, 0x73, 0x73, 0x30, 0x31, 0x0F, 0x63, 0x64, 0x6F, 0x74, 0x61, 0x63, 0x63, 0x65, 0x6E, 0x74,
    0x2E, 0x73, 0x73, 0x30, 0x31, 0x0E, 0x65, 0x64, 0x69, 0x65, 0x72, 0x65, 0x73, 0x69, 0x73, 0x2E,
    0x73, 0x73, 0x30, 0x31, 0x0F, 0x65, 0x64, 0x6F, 0x74, 0x61, 0x63, 0x63, 0x65, 0x6E, 0x74, 0x2E,
    0x73, 0x73, 0x30, 0x31, 0x0C, 0x75, 0x6E, 0x69, 0x30, 0x31, 0x32, 0x33, 0x2E, 0x73, 0x73, 0x30,
    0x31, 0x0F, 0x67, 0x64, 0x6F, 0x74, 0x61, 0x63, 0x63, 0x65, 0x6E, 0x74, 0x2E, 0x73, 0x73, 0x30,
    0x31, 0x06, 0x69, 0x2E, 0x73, 0x73, 0x30, 0x31, 0x0E, 0x69, 0x64, 0x69, 0x65, 0x72, 0x65, 0x73,
    0x69, 0x73, 0x2E, 0x73, 0x73, 0x30, 0x31, 0x0E, 0x69, 0x2E, 0x6C, 0x6F, 0x63, 0x6C, 0x54, 0x52,
    0x4B, 0x2E, 0x73, 0x73, 0x30, 0x31, 0x07, 0x69, 0x6A, 0x2E, 0x73, 0x73, 0x30, 0x31, 0x0C, 0x69,
    0x6F, 0x67, 0x6F, 0x6E, 0x65, 0x6B, 0x2E, 0x73, 0x73, 0x30, 0x31, 0x06, 0x6A, 0x2E, 0x73, 0x73,
    0x30, 0x31, 0x0C, 0x75, 0x6E, 0x69, 0x30, 0x31, 0x33, 0x37, 0x2E, 0x73, 0x73, 0x30, 0x31, 0x0C,
    0x75, 0x6E, 0x69, 0x30, 0x31, 0x33, 0x43, 0x2E, 0x73, 0x73, 0x30, 0x31, 0x0C, 0x75, 0x6E, 0x69,
    0x30, 0x31, 0x34, 0x36, 0x2E, 0x73, 0x73, 0x30, 0x31, 0x0E, 0x6F, 0x64, 0x69, 0x65, 0x72, 0x65,
    0x73, 0x69, 0x73, 0x2E, 0x73, 0x73, 0x30, 0x31, 0x0C, 0x75, 0x6E, 0x69, 0x30, 0x31, 0x35, 0x37,
    0x2E, 0x73, 0x73, 0x30, 0x31, 0x0C, 0x75, 0x6E, 0x69, 0x30, 0x32, 0x31, 0x39, 0x2E, 0x73, 0x73,
    0x30, 0x31, 0x0C, 0x75, 0x6E, 0x69, 0x30, 0x32, 0x31, 0x42, 0x2E, 0x73, 0x73, 0x30, 0x31, 0x0E,
    0x75, 0x64, 0x69, 0x65, 0x72, 0x65, 0x73, 0x69, 0x73, 0x2E, 0x73, 0x73, 0x30, 0x31, 0x0E, 0x77,
    0x64, 0x69, 0x65, 0x72, 0x65, 0x73, 0x69, 0x73, 0x2E, 0x73, 0x73, 0x30, 0x31, 0x0E, 0x79, 0x64,
    0x69, 0x65, 0x72, 0x65, 0x73, 0x69, 0x73, 0x2E, 0x73, 0x73, 0x30, 0x31, 0x0F, 0x7A, 0x64, 0x6F,
    0x74, 0x61, 0x63, 0x63, 0x65, 0x6E, 0x74, 0x2E, 0x73, 0x73, 0x30, 0x31, 0x06, 0x61, 0x2E, 0x73,
    0x73, 0x30, 0x32, 0x0B, 0x61, 0x61, 0x63, 0x75, 0x74, 0x65, 0x2E, 0x73, 0x73, 0x30, 0x32, 0x0B,
    0x61, 0x62, 0x72, 0x65, 0x76, 0x65, 0x2E, 0x73, 0x73, 0x30, 0x32, 0x0C, 0x75, 0x6E, 0x69, 0x30,
    0x31, 0x43, 0x45, 0x2E, 0x73, 0x73, 0x30, 0x32, 0x10, 0x61, 0x63, 0x69, 0x72, 0x63, 0x75, 0x6D,
    0x66, 0x6C, 0x65, 0x78, 0x2E, 0x73, 0x73, 0x30, 0x32, 0x0E, 0x61, 0x64, 0x69, 0x65, 0x72, 0x65,
    0x73, 0x69, 0x73, 0x2E, 0x73, 0x73, 0x30, 0x32, 0x0B, 0x61, 0x67, 0x72, 0x61, 0x76, 0x65, 0x2E,
    0x73, 0x73, 0x30, 0x32, 0x0C, 0x61, 0x6D, 0x61, 0x63, 0x72, 0x6F, 0x6E, 0x2E, 0x73, 0x73, 0x30,
    0x32, 0x0C, 0x61, 0x6F, 0x67, 0x6F, 0x6E, 0x65, 0x6B, 0x2E, 0x73, 0x73, 0x30, 0x32, 0x0A, 0x61,
    0x72, 0x69, 0x6E, 0x67, 0x2E, 0x73, 0x73, 0x30, 0x32, 0x0B, 0x61, 0x74, 0x69, 0x6C, 0x64, 0x65,
    0x2E, 0x73, 0x73, 0x30, 0x32, 0x06, 0x79, 0x2E, 0x73, 0x73, 0x30, 0x33, 0x0B, 0x79, 0x61, 0x63,
    0x75, 0x74, 0x65, 0x2E, 0x73, 0x73, 0x30, 0x33, 0x10, 0x79, 0x63, 0x69, 0x72, 0x63, 0x75, 0x6D,
    0x66, 0x6C, 0x65, 0x78, 0x2E, 0x73, 0x73, 0x30, 0x33, 0x0E, 0x79, 0x64, 0x69, 0x65, 0x72, 0x65,
    0x73, 0x69, 0x73, 0x2E, 0x73, 0x73, 0x30, 0x33, 0x0B, 0x79, 0x67, 0x72, 0x61, 0x76, 0x65, 0x2E,
    0x73, 0x73, 0x30, 0x33, 0x06, 0x6B, 0x2E, 0x73, 0x73, 0x30, 0x34, 0x0C, 0x75, 0x6E, 0x69, 0x30,
    0x31, 0x33, 0x37, 0x2E, 0x73, 0x73, 0x30, 0x34, 0x13, 0x61, 0x64, 0x69, 0x65, 0x72, 0x65, 0x73,
    0x69, 0x73, 0x2E, 0x73, 0x73, 0x30, 0x31, 0x2E, 0x73, 0x73, 0x30, 0x32, 0x13, 0x79, 0x64, 0x69,
    0x65, 0x72, 0x65, 0x73, 0x69, 0x73, 0x2E, 0x73, 0x73, 0x30, 0x31, 0x2E, 0x73, 0x73, 0x30, 0x33,
    0x11, 0x75, 0x6E, 0x69, 0x30, 0x31, 0x33, 0x37, 0x2E, 0x73, 0x73, 0x30, 0x31, 0x2E, 0x73, 0x73,
    0x30, 0x34, 0x05, 0x66, 0x5F, 0x66, 0x5F, 0x69, 0x05, 0x66, 0x5F, 0x66, 0x5F, 0x6C, 0x03, 0x66,
    0x5F, 0x69, 0x03, 0x66, 0x5F, 0x6C, 0x0A, 0x77, 0x5F, 0x77, 0x5F, 0x77, 0x2E, 0x6C, 0x69, 0x67,
    0x61, 0x0A, 0x66, 0x5F, 0x66, 0x5F, 0x69, 0x2E, 0x73, 0x73, 0x30, 0x31, 0x08, 0x66, 0x5F, 0x69,
    0x2E, 0x73, 0x73, 0x30, 0x31, 0x08, 0x74, 0x77, 0x6F, 0x2E, 0x73, 0x73, 0x31, 0x30, 0x07, 0x7A,
    0x65, 0x72, 0x6F, 0x2E, 0x74, 0x66, 0x06, 0x6F, 0x6E, 0x65, 0x2E, 0x74, 0x66, 0x06, 0x74, 0x77,
    0x6F, 0x2E, 0x74, 0x66, 0x08, 0x74, 0x68, 0x72, 0x65, 0x65, 0x2E, 0x74, 0x66, 0x07, 0x66, 0x6F,
    0x75, 0x72, 0x2E, 0x74, 0x66, 0x07, 0x66, 0x69, 0x76, 0x65, 0x2E, 0x74, 0x66, 0x06, 0x73, 0x69,
    0x78, 0x2E, 0x74, 0x66, 0x08, 0x73, 0x65, 0x76, 0x65, 0x6E, 0x2E, 0x74, 0x66, 0x08, 0x65, 0x69,
    0x67, 0x68, 0x74, 0x2E, 0x74, 0x66, 0x07, 0x6E, 0x69, 0x6E, 0x65, 0x2E, 0x74, 0x66, 0x0B, 0x74,
    0x77, 0x6F, 0x2E, 0x74, 0x66, 0x2E, 0x73, 0x73, 0x31, 0x30, 0x07, 0x75, 0x6E, 0x69, 0x30, 0x30,
    0x41, 0x30, 0x13, 0x68, 0x79, 0x70, 0x68, 0x65, 0x6E, 0x5F, 0x67, 0x72, 0x65, 0x61, 0x74, 0x65,
    0x72, 0x2E, 0x6C, 0x69, 0x67, 0x61, 0x0A, 0x63, 0x6F, 0x6C, 0x6F, 0x6E, 0x2E, 0x63, 0x61, 0x73,
    0x65, 0x0E, 0x73, 0x65, 0x6D, 0x69, 0x63, 0x6F, 0x6C, 0x6F, 0x6E, 0x2E, 0x63, 0x61, 0x73, 0x65,
    0x0B, 0x65, 0x78, 0x63, 0x6C, 0x61, 0x6D, 0x2E, 0x63, 0x61, 0x73, 0x65, 0x0F, 0x65, 0x78, 0x63,
    0x6C, 0x61, 0x6D, 0x64, 0x6F, 0x77, 0x6E, 0x2E, 0x63, 0x61, 0x73, 0x65, 0x0D, 0x71, 0x75, 0x65,
    0x73, 0x74, 0x69, 0x6F, 0x6E, 0x2E, 0x63, 0x61, 0x73, 0x65, 0x11, 0x71, 0x75, 0x65, 0x73, 0x74,
    0x69, 0x6F, 0x6E, 0x64, 0x6F, 0x77, 0x6E, 0x2E, 0x63, 0x61, 0x73, 0x65, 0x0B, 0x62, 0x75, 0x6C,
    0x6C, 0x65, 0x74, 0x2E, 0x63, 0x61, 0x73, 0x65, 0x16, 0x70, 0x65, 0x72, 0x69, 0x6F, 0x64, 0x63,
    0x65, 0x6E, 0x74, 0x65, 0x72, 0x65, 0x64, 0x2E, 0x6C, 0x6F, 0x63, 0x6C, 0x43, 0x41, 0x54, 0x0B,
    0x70, 0x65, 0x72, 0x69, 0x6F, 0x64, 0x2E, 0x73, 0x73, 0x30, 0x31, 0x0A, 0x63, 0x6F, 0x6D, 0x6D,
    0x61, 0x2E, 0x73, 0x73, 0x30, 0x31, 0x0A, 0x63, 0x6F, 0x6C, 0x6F, 0x6E, 0x2E, 0x73, 0x73, 0x30,
    0x31, 0x0E, 0x73, 0x65, 0x6D, 0x69, 0x63, 0x6F, 0x6C, 0x6F, 0x6E, 0x2E, 0x73, 0x73, 0x30, 0x31,
    0x0D, 0x65, 0x6C, 0x6C, 0x69, 0x70, 0x73, 0x69, 0x73, 0x2E, 0x73, 0x73, 0x30, 0x31, 0x0B, 0x65,
    0x78, 0x63, 0x6C, 0x61, 0x6D, 0x2E, 0x73, 0x73, 0x30, 0x31, 0x0F, 0x65, 0x78, 0x63, 0x6C, 0x61,
    0x6D, 0x64, 0x6F, 0x77, 0x6E, 0x2E, 0x73, 0x73, 0x30, 0x31, 0x0D, 0x71, 0x75, 0x65, 0x73, 0x74,
    0x69, 0x6F, 0x6E, 0x2E, 0x73, 0x73, 0x30, 0x31, 0x11, 0x71, 0x75, 0x65, 0x73, 0x74, 0x69, 0x6F,
    0x6E, 0x64, 0x6F, 0x77, 0x6E, 0x2E, 0x73, 0x73, 0x30, 0x31, 0x13, 0x70, 0x65, 0x72, 0x69, 0x6F,
    0x64, 0x63, 0x65, 0x6E, 0x74, 0x65, 0x72, 0x65, 0x64, 0x2E, 0x73, 0x73, 0x30, 0x31, 0x0B, 0x62,
    0x75, 0x6C, 0x6C, 0x65, 0x74, 0x2E, 0x73, 0x73, 0x30, 0x31, 0x1B, 0x70, 0x65, 0x72, 0x69, 0x6F,
    0x64, 0x63, 0x65, 0x6E, 0x74, 0x65, 0x72, 0x65, 0x64, 0x2E, 0x6C, 0x6F, 0x63, 0x6C, 0x43, 0x41,
    0x54, 0x2E, 0x63, 0x61, 0x73, 0x65, 0x10, 0x62, 0x75, 0x6C, 0x6C, 0x65, 0x74, 0x2E, 0x63, 0x61,
    0x73, 0x65, 0x2E, 0x73, 0x73, 0x30, 0x31, 0x20, 0x70, 0x65, 0x72, 0x69, 0x6F, 0x64, 0x63, 0x65,
    0x6E, 0x74, 0x65, 0x72, 0x65, 0x64, 0x2E, 0x6C, 0x6F, 0x63, 0x6C, 0x43, 0x41, 0x54, 0x2E, 0x63,
    0x61, 0x73, 0x65, 0x2E, 0x73, 0x73, 0x30, 0x31, 0x0B, 0x68, 0x79, 0x70, 0x68, 0x65, 0x6E, 0x2E,
    0x63, 0x61, 0x73, 0x65, 0x0B, 0x65, 0x6E, 0x64, 0x61, 0x73, 0x68, 0x2E, 0x63, 0x61, 0x73, 0x65,
    0x0B, 0x65, 0x6D, 0x64, 0x61, 0x73, 0x68, 0x2E, 0x63, 0x61, 0x73, 0x65, 0x0E, 0x70, 0x61, 0x72,
    0x65, 0x6E, 0x6C, 0x65, 0x66, 0x74, 0x2E, 0x63, 0x61, 0x73, 0x65, 0x0F, 0x70, 0x61, 0x72, 0x65,
    0x6E, 0x72, 0x69, 0x67, 0x68, 0x74, 0x2E, 0x63, 0x61, 0x73, 0x65, 0x0E, 0x62, 0x72, 0x61, 0x63,
    0x65, 0x6C, 0x65, 0x66, 0x74, 0x2E, 0x63, 0x61, 0x73, 0x65, 0x0F, 0x62, 0x72, 0x61, 0x63, 0x65,
    0x72, 0x69, 0x67, 0x68, 0x74, 0x2E, 0x63, 0x61, 0x73, 0x65, 0x10, 0x62, 0x72, 0x61, 0x63, 0x6B,
    0x65, 0x74, 0x6C, 0x65, 0x66, 0x74, 0x2E, 0x63, 0x61, 0x73, 0x65, 0x11, 0x62, 0x72, 0x61, 0x63,
    0x6B, 0x65, 0x74, 0x72, 0x69, 0x67, 0x68, 0x74, 0x2E, 0x63, 0x61, 0x73, 0x65, 0x13, 0x71, 0x75,
    0x6F, 0x74, 0x65, 0x73, 0x69, 0x6E, 0x67, 0x6C, 0x62, 0x61, 0x73, 0x65, 0x2E, 0x73, 0x73, 0x30,
    0x31, 0x11, 0x71, 0x75, 0x6F, 0x74, 0x65, 0x64, 0x62, 0x6C, 0x62, 0x61, 0x73, 0x65, 0x2E, 0x73,
    0x73, 0x30, 0x31, 0x11, 0x71, 0x75, 0x6F, 0x74, 0x65, 0x64, 0x62, 0x6C, 0x6C, 0x65, 0x66, 0x74,
    0x2E, 0x73, 0x73, 0x30, 0x31, 0x12, 0x71, 0x75, 0x6F, 0x74, 0x65, 0x64, 0x62, 0x6C, 0x72, 0x69,
    0x67, 0x68, 0x74, 0x2E, 0x73, 0x73, 0x30, 0x31, 0x0E, 0x71, 0x75, 0x6F, 0x74, 0x65, 0x6C, 0x65,
    0x66, 0x74, 0x2E, 0x73, 0x73, 0x30, 0x31, 0x0F, 0x71, 0x75, 0x6F, 0x74, 0x65, 0x72, 0x69, 0x67,
    0x68, 0x74, 0x2E, 0x73, 0x73, 0x30, 0x31, 0x10, 0x6C, 0x65, 0x73, 0x73, 0x5F, 0x68, 0x79, 0x70,
    0x68, 0x65, 0x6E, 0x2E, 0x6C, 0x69, 0x67, 0x61, 0x0E, 0x61, 0x6D, 0x70, 0x65, 0x72, 0x73, 0x61,
    0x6E, 0x64, 0x2E, 0x73, 0x73, 0x31, 0x31, 0x04, 0x45, 0x75, 0x72, 0x6F, 0x09, 0x63, 0x65, 0x6E,
    0x74, 0x2E, 0x73, 0x73, 0x31, 0x32, 0x0B, 0x64, 0x6F, 0x6C, 0x6C, 0x61, 0x72, 0x2E, 0x73, 0x73,
    0x31, 0x32, 0x07, 0x70, 0x6C, 0x75, 0x73, 0x2E, 0x74, 0x66, 0x08, 0x6D, 0x69, 0x6E, 0x75, 0x73,
    0x2E, 0x74, 0x66, 0x0B, 0x6D, 0x75, 0x6C, 0x74, 0x69, 0x70, 0x6C, 0x79, 0x2E, 0x74, 0x66, 0x09,
    0x64, 0x69, 0x76, 0x69, 0x64, 0x65, 0x2E, 0x74, 0x66, 0x08, 0x65, 0x71, 0x75, 0x61, 0x6C, 0x2E,
    0x74, 0x66, 0x0A, 0x67, 0x72, 0x65, 0x61, 0x74, 0x65, 0x72, 0x2E, 0x74, 0x66, 0x07, 0x6C, 0x65,
    0x73, 0x73, 0x2E, 0x74, 0x66, 0x0A, 0x70, 0x65, 0x72, 0x63, 0x65, 0x6E, 0x74, 0x2E, 0x74, 0x66,
    0x0E, 0x70, 0x65, 0x72, 0x74, 0x68, 0x6F, 0x75, 0x73, 0x61, 0x6E, 0x64, 0x2E, 0x74, 0x66, 0x07,
    0x61, 0x72, 0x72, 0x6F, 0x77, 0x75, 0x70, 0x07, 0x75, 0x6E, 0x69, 0x32, 0x31, 0x39, 0x37, 0x0A,
    0x61, 0x72, 0x72, 0x6F, 0x77, 0x72, 0x69, 0x67, 0x68, 0x74, 0x07, 0x75, 0x6E, 0x69, 0x32, 0x31,
    0x39, 0x38, 0x09, 0x61, 0x72, 0x72, 0x6F, 0x77, 0x64, 0x6F, 0x77, 0x6E, 0x07, 0x75, 0x6E, 0x69,
    0x32, 0x31, 0x39, 0x39, 0x09, 0x61, 0x72, 0x72, 0x6F, 0x77, 0x6C, 0x65, 0x66, 0x74, 0x07, 0x75,
    0x6E, 0x69, 0x32, 0x31, 0x39, 0x36, 0x09, 0x61, 0x72, 0x72, 0x6F, 0x77, 0x62, 0x6F, 0x74, 0x68,
    0x09, 0x61, 0x72, 0x72, 0x6F, 0x77, 0x75, 0x70, 0x64, 0x6E, 0x07, 0x75, 0x6E, 0x69, 0x30, 0x33,
    0x30, 0x38, 0x07, 0x75, 0x6E, 0x69, 0x30, 0x33, 0x30, 0x37, 0x09, 0x67, 0x72, 0x61, 0x76, 0x65,
    0x63, 0x6F, 0x6D, 0x62, 0x09, 0x61, 0x63, 0x75, 0x74, 0x65, 0x63, 0x6F, 0x6D, 0x62, 0x07, 0x75,
    0x6E, 0x69, 0x30, 0x33, 0x30, 0x42, 0x0B, 0x75, 0x6E, 0x69, 0x30, 0x33, 0x30, 0x43, 0x2E, 0x61,
    0x6C, 0x74, 0x07, 0x75, 0x6E, 0x69, 0x30, 0x33, 0x30, 0x32, 0x07, 0x75, 0x6E, 0x69, 0x30, 0x33,
    0x30, 0x43, 0x07, 0x75, 0x6E, 0x69, 0x30, 0x33, 0x30, 0x36, 0x07, 0x75, 0x6E, 0x69, 0x30, 0x33,
    0x30, 0x41, 0x09, 0x74, 0x69, 0x6C, 0x64, 0x65, 0x63, 0x6F, 0x6D, 0x62, 0x07, 0x75, 0x6E, 0x69,
    0x30, 0x33, 0x30, 0x34, 0x07, 0x75, 0x6E, 0x69, 0x30, 0x33, 0x31, 0x32, 0x07, 0x75, 0x6E, 0x69,
    0x30, 0x33, 0x32, 0x36, 0x07, 0x75, 0x6E, 0x69, 0x30, 0x33, 0x32, 0x37, 0x07, 0x75, 0x6E, 0x69,
    0x30, 0x33, 0x32, 0x38, 0x0C, 0x75, 0x6E, 0x69, 0x30, 0x33, 0x30, 0x38, 0x2E, 0x73, 0x73, 0x30,
    0x31, 0x0C, 0x75, 0x6E, 0x69, 0x30, 0x33, 0x30, 0x37, 0x2E, 0x73, 0x73, 0x30, 0x31, 0x0C, 0x75,
    0x6E, 0x69, 0x30, 0x33, 0x31, 0x32, 0x2E, 0x73, 0x73, 0x30, 0x31, 0x0C, 0x75, 0x6E, 0x69, 0x30,
    0x33, 0x32, 0x36, 0x2E, 0x73, 0x73, 0x30, 0x31, 0x0D, 0x64, 0x69, 0x65, 0x72, 0x65, 0x73, 0x69,
    0x73, 0x2E, 0x73, 0x73, 0x30, 0x31, 0x0E, 0x64, 0x6F, 0x74, 0x61, 0x63, 0x63, 0x65, 0x6E, 0x74,
    0x2E, 0x73, 0x73, 0x30, 0x31, 0x00, 0x00, 0x00, 0x00, 0x02, 0x00, 0x56, 0x00, 0x00, 0x02, 0x4E,
    0x02, 0xD0, 0x00, 0x03, 0x00, 0x07, 0x00, 0x00, 0x73, 0x11, 0x21, 0x11, 0x25, 0x21, 0x11, 0x21,
    0x56, 0x01, 0xF8, 0xFE, 0x5A, 0x01, 0x54, 0xFE, 0xAC, 0x02, 0xD0, 0xFD, 0x30, 0x48, 0x02, 0x40,
    0x00, 0x03, 0x00, 0x24, 0x00, 0x00, 0x02, 0xB4, 0x02, 0xD0, 0x00, 0x03, 0x00, 0x07, 0x00, 0x0B,
    0x00, 0x00, 0x73, 0x01, 0x33, 0x01, 0x21, 0x01, 0x33, 0x01, 0x01, 0x21, 0x15, 0x21, 0x24, 0x01,
    0x16, 0x48, 0xFE, 0xF1, 0x01, 0xED, 0xFE, 0xF1, 0x4D, 0x01, 0x16, 0xFD, 0xFA, 0x01, 0x78, 0xFE,
    0x88, 0x02, 0xD0, 0xFD, 0x30, 0x02, 0xD0, 0xFD, 0x30, 0x01, 0x23, 0x48, 0xFF, 0xFF, 0x00, 0x24,
    0x00, 0x00, 0x02, 0xB4, 0x03, 0xB6, 0x06, 0x26, 0x00, 0x01, 0x00, 0x00, 0x00, 0x07, 0x01, 0xD5,
    0x00, 0xE0, 0x00, 0xD2, 0xFF, 0xFF, 0x00, 0x24, 0x00, 0x00, 0x02, 0xB4, 0x03, 0xB6, 0x06, 0x26,
    0x00, 0x01, 0x00, 0x00, 0x00, 0x07, 0x01, 0xDA, 0x00, 0x8B, 0x00, 0xD2, 0xFF, 0xFF, 0x00, 0x24,
    0x00, 0x00, 0x02, 0xB4, 0x03, 0xB6, 0x06, 0x26, 0x00, 0x01, 0x00, 0x00, 0x00, 0x07, 0x01, 0xD9,
    0x00, 0x77, 0x00, 0xD2, 0xFF, 0xFF, 0x00, 0x24, 0x00, 0x00, 0x02, 0xB4, 0x03, 0xB6, 0x06, 0x26,
    0x00, 0x01, 0x00, 0x00, 0x00, 0x07, 0x01, 0xD8, 0x00, 0x77, 0x00, 0xD2, 0xFF, 0xFF, 0x00, 0x24,
    0x00, 0x00, 0x02, 0xB4, 0x03, 0xA2, 0x06, 0x26, 0x00, 0x01, 0x00, 0x00, 0x00, 0x07, 0x01, 0xD2,
    0x00, 0x8F, 0x00, 0xD2, 0xFF, 0xFF, 0x00, 0x24, 0x00, 0x00, 0x02, 0xB4, 0x03, 0xB6, 0x06, 0x26,
    0x00, 0x01, 0x00, 0x00, 0x00, 0x07, 0x01, 0xD4, 0x00, 0x94, 0x00, 0xD2, 0xFF, 0xFF, 0x00, 0x24,
    0x00, 0x00, 0x02, 0xB4, 0x03, 0x8E, 0x06, 0x26, 0x00, 0x01, 0x00, 0x00, 0x00, 0x07, 0x01, 0xDD,
    0x00, 0x83, 0x00, 0xD2, 0xFF, 0xFF, 0x00, 0x24, 0xFF, 0x28, 0x02, 0xB7, 0x02, 0xD0, 0x06, 0x26,
    0x00, 0x01, 0x00, 0x00, 0x00, 0x07, 0x01, 0xE1, 0x01, 0xDE, 0x00, 0x00, 0xFF, 0xFF, 0x00, 0x24,
    0x00, 0x00, 0x02, 0xB4, 0x03, 0xDA, 0x06, 0x26, 0x00, 0x01, 0x00, 0x00, 0x00, 0x07, 0x01, 0xDB,
    0x00, 0xC4, 0x00, 0xD2, 0xFF, 0xFF, 0x00, 0x24, 0x00, 0x00, 0x02, 0xB4, 0x03, 0xA4, 0x06, 0x26,
    0x00, 0x01, 0x00, 0x00, 0x00, 0x07, 0x01, 0xDC, 0x00, 0x74, 0x00, 0xD2, 0x00, 0x05, 0x00, 0x24,
    0x00, 0x00, 0x03, 0x62, 0x02, 0xD0, 0x00, 0x03, 0x00, 0x07, 0x00, 0x0B, 0x00, 0x0F, 0x00, 0x13,
    0x00, 0x00, 0x73, 0x01, 0x33, 0x01, 0x21, 0x11, 0x33, 0x11, 0x23, 0x35, 0x21, 0x15, 0x01, 0x35,
    0x21, 0x15, 0x01, 0x35, 0x21, 0x15, 0x24, 0x01, 0x16, 0x48, 0xFE, 0xF1, 0x01, 0x67, 0x52, 0x28,
    0x01, 0x5E, 0xFD, 0x7B, 0x02, 0x61, 0xFE, 0x13, 0x02, 0x09, 0x02, 0xD0, 0xFD, 0x30, 0x02, 0xD0,
    0xFD, 0x30, 0x48, 0x48, 0x01, 0x53, 0x48, 0x48, 0x01, 0x35, 0x48, 0x48, 0x00, 0x02, 0x00, 0x56,
    0x00, 0x00, 0x02, 0x56, 0x02, 0xD0, 0x00, 0x24, 0x00, 0x28, 0x00, 0x00, 0x73, 0x35, 0x33, 0x32,
    0x36, 0x35, 0x34, 0x26, 0x23, 0x23, 0x35, 0x33, 0x32, 0x36, 0x35, 0x34, 0x26, 0x23, 0x23, 0x35,
    0x33, 0x32, 0x16, 0x15, 0x14, 0x06, 0x06, 0x23, 0x37, 0x32, 0x16, 0x16, 0x15, 0x14, 0x06, 0x06,
    0x23, 0x21, 0x11, 0x33, 0x11, 0x8C, 0xE6, 0x42, 0x4E, 0x52, 0x45, 0xDF, 0xD4, 0x44, 0x4C, 0x47,
    0x44, 0xD9, 0xE0, 0x63, 0x73, 0x2E, 0x50, 0x34, 0x05, 0x37, 0x57, 0x33, 0x37, 0x64, 0x42, 0xFE,
    0xDD, 0x52, 0x44, 0x48, 0x3D, 0x41, 0x4E, 0x42, 0x42, 0x3C, 0x38, 0x3C, 0x44, 0x5E, 0x51, 0x33,
    0x50, 0x2D, 0x15, 0x34, 0x59, 0x39, 0x39, 0x57, 0x30, 0x02, 0xD0, 0xFD, 0x30, 0x00, 0x00, 0x01,
    0x00, 0x32, 0xFF, 0xF6, 0x02, 0xB7, 0x02, 0xDA, 0x00, 0x21, 0x00, 0x00, 0x45, 0x22, 0x2E, 0x02,
    0x35, 0x34, 0x3E, 0x02, 0x33, 0x32, 0x16, 0x16, 0x17, 0x23, 0x26, 0x26, 0x23, 0x22, 0x06, 0x06,
    0x15, 0x14, 0x16, 0x16, 0x33, 0x32, 0x36, 0x37, 0x33, 0x0E, 0x02, 0x01, 0x87, 0x4A, 0x7D, 0x5C,
    0x32, 0x32, 0x5B, 0x7D, 0x4A, 0x51, 0x81, 0x53, 0x0A, 0x52, 0x0C, 0x75, 0x5B, 0x4D, 0x74, 0x40,
    0x40, 0x74, 0x4C, 0x5D, 0x77, 0x0B, 0x52, 0x0A, 0x53, 0x81, 0x0A, 0x37, 0x63, 0x87, 0x51, 0x51,
    0x87, 0x63, 0x37, 0x42, 0x78, 0x50, 0x59, 0x67, 0x4B, 0x85, 0x58, 0x58, 0x85, 0x4B, 0x68, 0x58,
    0x50, 0x78, 0x42, 0x00, 0xFF, 0xFF, 0x00, 0x32, 0xFF, 0xF6, 0x02, 0xB7, 0x03, 0xB6, 0x06, 0x26,
    0x00, 0x0E, 0x00, 0x00, 0x00, 0x07, 0x01, 0xD5, 0x00, 0xF9, 0x00, 0xD2, 0xFF, 0xFF, 0x00, 0x32,
    0xFF, 0xF6, 0x02, 0xB7, 0x03, 0xB6, 0x06, 0x26, 0x00, 0x0E, 0x00, 0x00, 0x00, 0x07, 0x01, 0xD9,
    0x00, 0x90, 0x00, 0xD2, 0xFF, 0xFF, 0x00, 0x32, 0xFF, 0x29, 0x02, 0xB7, 0x02, 0xDA, 0x06, 0x26,
    0x00, 0x0E, 0x00, 0x00, 0x00, 0x07, 0x01, 0xE0, 0x00, 0xC9, 0x00, 0x00, 0xFF, 0xFF, 0x00, 0x32,
    0xFF, 0xF6, 0x02, 0xB7, 0x03, 0xA2, 0x06, 0x26, 0x00, 0x0E, 0x00, 0x00, 0x00, 0x07, 0x01, 0xD3,
    0x01, 0x1B, 0x00, 0xD2, 0x00, 0x02, 0x00, 0x56, 0x00, 0x00, 0x02, 0xBE, 0x02, 0xD0, 0x00, 0x15,
    0x00, 0x19, 0x00, 0x00, 0x73, 0x35, 0x33, 0x32, 0x36, 0x36, 0x35, 0x34, 0x26, 0x26, 0x23, 0x23,
    0x35, 0x33, 0x32, 0x16, 0x16, 0x15, 0x14, 0x06, 0x06, 0x23, 0x23, 0x11, 0x33, 0x11, 0x87, 0xC1,
    0x5A, 0x82, 0x46, 0x46, 0x81, 0x5B, 0xC1, 0xC1, 0x71, 0xA8, 0x5D, 0x5E, 0xA7, 0x70, 0xF3, 0x52,
    0x48, 0x49, 0x84, 0x57, 0x56, 0x80, 0x46, 0x48, 0x59, 0xA1, 0x6C, 0x6C, 0xA3, 0x5B, 0x02, 0xD0,
    0xFD, 0x30, 0x00, 0x03, 0x00, 0x00, 0x00, 0x00, 0x02, 0xBE, 0x02, 0xD0, 0x00, 0x03, 0x00, 0x19,
    0x00, 0x1D, 0x00, 0x00, 0x51, 0x35, 0x21, 0x15, 0x03, 0x35, 0x33, 0x32, 0x36, 0x36, 0x35, 0x34,
    0x26, 0x26, 0x23, 0x23, 0x35, 0x33, 0x32, 0x16, 0x16, 0x15, 0x14, 0x06, 0x06, 0x23, 0x23, 0x11,
    0x33, 0x11, 0x01, 0x79, 0xF2, 0xC1, 0x5A, 0x82, 0x46, 0x46, 0x81, 0x5B, 0xC1, 0xC1, 0x71, 0xA8,
    0x5D, 0x5E, 0xA7, 0x70, 0xF3, 0x52, 0x01, 0x46, 0x44, 0x44, 0xFE, 0xBA, 0x48, 0x49, 0x84, 0x57,
    0x56, 0x80, 0x46, 0x48, 0x59, 0xA1, 0x6C, 0x6C, 0xA3, 0x5B, 0x02, 0xD0, 0xFD, 0x30, 0xFF, 0xFF,
    0x00, 0x56, 0x00, 0x00, 0x02, 0xBE, 0x03, 0xB6, 0x06, 0x26, 0x00, 0x13, 0x00, 0x00, 0x00, 0x07,
    0x01, 0xD9, 0x00, 0x83, 0x00, 0xD2, 0xFF, 0xFF, 0x00, 0x00, 0x00, 0x00, 0x02, 0xBE, 0x02, 0xD0,
    0x06, 0x06, 0x00, 0x14, 0x00, 0x00, 0x00, 0x04, 0x00, 0x56, 0x00, 0x00, 0x02, 0x38, 0x02, 0xD0,
    0x00, 0x03, 0x00, 0x07, 0x00, 0x0B, 0x00, 0x0F, 0x00, 0x00, 0x73, 0x11, 0x33, 0x11, 0x23, 0x35,
    0x21, 0x15, 0x01, 0x35, 0x21, 0x15, 0x01, 0x35, 0x21, 0x15, 0x56, 0x52, 0x28, 0x01, 0xB8, 0xFE,
    0x48, 0x01, 0x94, 0xFE, 0x6C, 0x01, 0xB0, 0x02, 0xD0, 0xFD, 0x30, 0x48, 0x48, 0x01, 0x53, 0x48,
    0x48, 0x01, 0x35, 0x48, 0x48, 0x00, 0xFF, 0xFF, 0x00, 0x56, 0x00, 0x00, 0x02, 0x38, 0x03, 0xB6,
    0x06, 0x26, 0x00, 0x17, 0x00, 0x00, 0x00, 0x07, 0x01, 0xD5, 0x00, 0xBD, 0x00, 0xD2, 0xFF, 0xFF,
    0x00, 0x56, 0x00, 0x00, 0x02, 0x38, 0x03, 0xB6, 0x06, 0x26, 0x00, 0x17, 0x00, 0x00, 0x00, 0x07,
    0x01, 0xD9, 0x00, 0x54, 0x00, 0xD2, 0xFF, 0xFF, 0x00, 0x56, 0x00, 0x00, 0x02, 0x38, 0x03, 0xB6,
    0x06, 0x26, 0x00, 0x17, 0x00, 0x00, 0x00, 0x07, 0x01, 0xD8, 0x00, 0x54, 0x00, 0xD2, 0xFF, 0xFF,
    0x00, 0x56, 0x00, 0x00, 0x02, 0x38, 0x03, 0xA2, 0x06, 0x26, 0x00, 0x17, 0x00, 0x00, 0x00, 0x07,
    0x01, 0xD2, 0x00, 0x6C, 0x00, 0xD2, 0xFF, 0xFF, 0x00, 0x56, 0x00, 0x00, 0x02, 0x38, 0x03, 0xA2,
    0x06, 0x26, 0x00, 0x17, 0x00, 0x00, 0x00, 0x07, 0x01, 0xD3, 0x00, 0xDF, 0x00, 0xD2, 0xFF, 0xFF,
    0x00, 0x56, 0x00, 0x00, 0x02, 0x38, 0x03, 0xB6, 0x06, 0x26, 0x00, 0x17, 0x00, 0x00, 0x00, 0x07,
    0x01, 0xD4, 0x00, 0x71, 0x00, 0xD2, 0xFF, 0xFF, 0x00, 0x56, 0x00, 0x00, 0x02, 0x38, 0x03, 0x8E,
    0x06, 0x26, 0x00, 0x17, 0x00, 0x00, 0x00, 0x07, 0x01, 0xDD, 0x00, 0x60, 0x00, 0xD2, 0xFF, 0xFF,
    0x00, 0x56, 0xFF, 0x28, 0x02, 0x38, 0x02, 0xD0, 0x06, 0x26, 0x00, 0x17, 0x00, 0x00, 0x00, 0x07,
    0x01, 0xE1, 0x01, 0x44, 0x00, 0x00, 0x00, 0x03, 0x00, 0x56, 0x00, 0x00, 0x02, 0x20, 0x02, 0xD0,
    0x00, 0x03, 0x00, 0x07, 0x00, 0x0B, 0x00, 0x00, 0x73, 0x11, 0x33, 0x11, 0x03, 0x35, 0x21, 0x15,
    0x01, 0x35, 0x21, 0x15, 0x56, 0x52, 0x28, 0x01, 0x84, 0xFE, 0x7C, 0x01, 0xA0, 0x02, 0xD0, 0xFD,
    0x30, 0x01, 0x35, 0x48, 0x48, 0x01, 0x53, 0x48, 0x48, 0x00, 0x00, 0x02, 0x00, 0x32, 0xFF, 0xF6,
    0x02, 0xB7, 0x02, 0xDA, 0x00, 0x1E, 0x00, 0x25, 0x00, 0x00, 0x45, 0x22, 0x26, 0x26, 0x35, 0x34,
    0x36, 0x36, 0x33, 0x32, 0x16, 0x16, 0x17, 0x23, 0x26, 0x26, 0x23, 0x22, 0x06, 0x06, 0x15, 0x14,
    0x16, 0x16, 0x33, 0x32, 0x36, 0x37, 0x17, 0x06, 0x06, 0x37, 0x35, 0x17, 0x23, 0x35, 0x21, 0x11,
    0x01, 0x9A, 0x6E, 0xA2, 0x58, 0x57, 0x9B, 0x65, 0x4F, 0x81, 0x53, 0x09, 0x52, 0x0A, 0x75, 0x58,
    0x4F, 0x76, 0x41, 0x43, 0x7F, 0x59, 0x3D, 0x60, 0x27, 0x52, 0x37, 0x8F, 0x74, 0x1F, 0xE4, 0x01,
    0x17, 0x0A, 0x5A, 0xA3, 0x6F, 0x6F, 0xA9, 0x60, 0x3C, 0x6A, 0x46, 0x4A, 0x58, 0x4B, 0x86, 0x5B,
    0x5B, 0x83, 0x46, 0x23, 0x25, 0x1E, 0x3A, 0x3A, 0x74, 0xE9, 0x1F, 0x48, 0xFE, 0xEE, 0xFF, 0xFF,
    0x00, 0x32, 0xFF, 0xF6, 0x02, 0xB7, 0x03, 0xB6, 0x06, 0x26, 0x00, 0x21, 0x00, 0x00, 0x00, 0x07,
    0x01, 0xDA, 0x00, 0xA8, 0x00, 0xD2, 0xFF, 0xFF, 0x00, 0x32, 0xFE, 0xD8, 0x02, 0xB7, 0x02, 0xDA,
    0x06, 0x26, 0x00, 0x21, 0x00, 0x00, 0x00, 0x07, 0x01, 0xDF, 0x01, 0x13, 0x00, 0x00, 0xFF, 0xFF,
    0x00, 0x32, 0xFF, 0xF6, 0x02, 0xB7, 0x03, 0xA2, 0x06, 0x26, 0x00, 0x21, 0x00, 0x00, 0x00, 0x07,
    0x01, 0xD3, 0x01, 0x1F, 0x00, 0xD2, 0x00, 0x03, 0x00, 0x56, 0x00, 0x00, 0x02, 0x8A, 0x02, 0xD0,
    0x00, 0x03, 0x00, 0x07, 0x00, 0x0B, 0x00, 0x00, 0x73, 0x11, 0x33, 0x11, 0x21, 0x11, 0x33, 0x11,
    0x01, 0x21, 0x15, 0x21, 0x56, 0x52, 0x01, 0x90, 0x52, 0xFD, 0xF6, 0x01, 0xDC, 0xFE, 0x24, 0x02,
    0xD0, 0xFD, 0x30, 0x02, 0xD0, 0xFD, 0x30, 0x01, 0x9B, 0x48, 0x00, 0x04, 0x00, 0x00, 0x00, 0x00,
    0x02, 0xE0, 0x02, 0xD0, 0x00, 0x03, 0x00, 0x07, 0x00, 0x0B, 0x00, 0x0F, 0x00, 0x00, 0x51, 0x35,
    0x21, 0x15, 0x01, 0x11, 0x33, 0x11, 0x21, 0x11, 0x33, 0x11, 0x01, 0x21, 0x15, 0x21, 0x02, 0xE0,
    0xFD, 0x76, 0x52, 0x01, 0x90, 0x52, 0xFD, 0xF6, 0x01, 0xDC, 0xFE, 0x24, 0x02, 0x1D, 0x44, 0x44,
    0xFD, 0xE3, 0x02, 0xD0, 0xFD, 0x30, 0x02, 0xD0, 0xFD, 0x30, 0x01, 0x9B, 0x48, 0x00, 0x00, 0x01,
    0x00, 0x56, 0x00, 0x00, 0x00, 0xA8, 0x02, 0xD0, 0x00, 0x03, 0x00, 0x00, 0x73, 0x11, 0x33, 0x11,
    0x56, 0x52, 0x02, 0xD0, 0xFD, 0x30, 0xFF, 0xFF, 0x00, 0x56, 0xFF, 0xF6, 0x02, 0x75, 0x02, 0xD0,
    0x04, 0x26, 0x00, 0x27, 0x00, 0x00, 0x00, 0x07, 0x00, 0x30, 0x00, 0xFE, 0x00, 0x00, 0xFF, 0xFF,
    0x00, 0x2F, 0x00, 0x00, 0x01, 0x1B, 0x03, 0xB6, 0x06, 0x26, 0x00, 0x27, 0x00, 0x00, 0x00, 0x07,
    0x01, 0xD5, 0xFF, 0xF3, 0x00, 0xD2, 0xFF, 0xFF, 0xFF, 0xC6, 0x00, 0x00, 0x01, 0x38, 0x03, 0xB6,
    0x06, 0x26, 0x00, 0x27, 0x00, 0x00, 0x00, 0x07, 0x01, 0xD8, 0xFF, 0x8A, 0x00, 0xD2, 0xFF, 0xFF,
    0xFF, 0xDE, 0x00, 0x00, 0x01, 0x1F, 0x03, 0xA2, 0x06, 0x26, 0x00, 0x27, 0x00, 0x00, 0x00, 0x07,
    0x01, 0xD2, 0xFF, 0xA2, 0x00, 0xD2, 0xFF, 0xFF, 0x00, 0x51, 0x00, 0x00, 0x00, 0xAD, 0x03, 0xA2,
    0x06, 0x26, 0x00, 0x27, 0x00, 0x00, 0x00, 0x07, 0x01, 0xD3, 0x00, 0x15, 0x00, 0xD2, 0xFF, 0xFF,
    0xFF, 0xE3, 0x00, 0x00, 0x00, 0xCF, 0x03, 0xB6, 0x06, 0x26, 0x00, 0x27, 0x00, 0x00, 0x00, 0x07,
    0x01, 0xD4, 0xFF, 0xA7, 0x00, 0xD2, 0xFF, 0xFF, 0xFF, 0xD2, 0x00, 0x00, 0x01, 0x2C, 0x03, 0x8E,
    0x06, 0x26, 0x00, 0x27, 0x00, 0x00, 0x00, 0x07, 0x01, 0xDD, 0xFF, 0x96, 0x00, 0xD2, 0xFF, 0xFF,
    0xFF, 0xFA, 0xFF, 0x28, 0x00, 0xA8, 0x02, 0xD0, 0x06, 0x26, 0x00, 0x27, 0x00, 0x00, 0x00, 0x06,
    0x01, 0xE1, 0xBE, 0x00, 0x00, 0x01, 0x00, 0x14, 0xFF, 0xF6, 0x01, 0x77, 0x02, 0xD0, 0x00, 0x0F,
    0x00, 0x00, 0x57, 0x22, 0x26, 0x27, 0x35, 0x16, 0x16, 0x33, 0x32, 0x36, 0x35, 0x11, 0x33, 0x11,
    0x14, 0x06, 0x90, 0x26, 0x46, 0x10, 0x18, 0x44, 0x23, 0x48, 0x4A, 0x52, 0x76, 0x0A, 0x0B, 0x08,
    0x4C, 0x0A, 0x0D, 0x40, 0x42, 0x02, 0x10, 0xFD, 0xED, 0x64, 0x63, 0x00, 0x00, 0x03, 0x00, 0x56,
    0x00, 0x00, 0x02, 0x9C, 0x02, 0xD0, 0x00, 0x03, 0x00, 0x07, 0x00, 0x0B, 0x00, 0x00, 0x73, 0x11,
    0x33, 0x11, 0x03, 0x01, 0x33, 0x09, 0x02, 0x33, 0x01, 0x56, 0x52, 0x09, 0x01, 0x76, 0x73, 0xFE,
    0x82, 0x01, 0x1B, 0xFE, 0x78, 0x6D, 0x01, 0x92, 0x02, 0xD0, 0xFD, 0x30, 0x01, 0x76, 0x01, 0x5A,
    0xFE, 0xA6, 0xFE, 0x8A, 0x01, 0x76, 0xFE, 0x8A, 0xFF, 0xFF, 0x00, 0x56, 0xFE, 0xD8, 0x02, 0x9C,
    0x02, 0xD0, 0x06, 0x26, 0x00, 0x31, 0x00, 0x00, 0x00, 0x07, 0x01, 0xDF, 0x00, 0xEE, 0x00, 0x00,
    0x00, 0x02, 0x00, 0x56, 0x00, 0x00, 0x02, 0x1A, 0x02, 0xD0, 0x00, 0x03, 0x00, 0x07, 0x00, 0x00,
    0x73, 0x11, 0x33, 0x11, 0x23, 0x35, 0x21, 0x15, 0x56, 0x52, 0x28, 0x01, 0x9A, 0x02, 0xD0, 0xFD,
    0x30, 0x48, 0x48, 0x00, 0xFF, 0xFF, 0x00, 0x2E, 0x00, 0x00, 0x02, 0x1A, 0x03, 0xB6, 0x06, 0x26,
    0x00, 0x33, 0x00, 0x00, 0x00, 0x07, 0x01, 0xD5, 0xFF, 0xF2, 0x00, 0xD2, 0xFF, 0xFF, 0x00, 0x56,
    0x00, 0x00, 0x02, 0x1A, 0x02, 0xD0, 0x06, 0x26, 0x00, 0x33, 0x00, 0x00, 0x00, 0x07, 0x01, 0xD7,
    0x01, 0x4A, 0x00, 0x00, 0xFF, 0xFF, 0x00, 0x56, 0xFE, 0xD8, 0x02, 0x1A, 0x02, 0xD0, 0x06, 0x26,
    0x00, 0x33, 0x00, 0x00, 0x00, 0x07, 0x01, 0xDF, 0x00, 0xD5, 0x00, 0x00, 0x00, 0x04, 0x00, 0x00,
    0x00, 0x00, 0x02, 0x1A, 0x02, 0xD0, 0x00, 0x03, 0x00, 0x07, 0x00, 0x0B, 0x00, 0x0F, 0x00, 0x00,
    0x53, 0x07, 0x35, 0x37, 0x35, 0x37, 0x15, 0x07, 0x03, 0x11, 0x33, 0x11, 0x23, 0x35, 0x21, 0x15,
    0x85, 0x85, 0x83, 0xB8, 0xB6, 0x2F, 0x52, 0x28, 0x01, 0x9A, 0x01, 0x59, 0x35, 0x40, 0x34, 0x04,
    0x4A, 0x40, 0x49, 0xFE, 0xA3, 0x02, 0xD0, 0xFD, 0x30, 0x48, 0x48, 0x00, 0x00, 0x01, 0x00, 0x56,
    0x00, 0x00, 0x03, 0x34, 0x02, 0xD0, 0x00, 0x0F, 0x00, 0x00, 0x73, 0x11, 0x33, 0x01, 0x23, 0x01,
    0x33, 0x11, 0x23, 0x11, 0x33, 0x03, 0x23, 0x03, 0x33, 0x11, 0x56, 0x7E, 0x01, 0x04, 0x26, 0x01,
    0x02, 0x80, 0x51, 0x0B, 0xFB, 0x62, 0xFB, 0x0B, 0x02, 0xD0, 0xFD, 0x4A, 0x02, 0xB6, 0xFD, 0x30,
    0x02, 0xA5, 0xFD, 0x5B, 0x02, 0x9F, 0xFD, 0x61, 0x00, 0x01, 0x00, 0x56, 0x00, 0x00, 0x02, 0x8A,
    0x02, 0xD0, 0x00, 0x0B, 0x00, 0x00, 0x73, 0x11, 0x33, 0x01, 0x07, 0x11, 0x33, 0x11, 0x23, 0x01,
    0x37, 0x11, 0x56, 0x55, 0x01, 0x9D, 0x0C, 0x4E, 0x55, 0xFE, 0x63, 0x0C, 0x02, 0xD0, 0xFD, 0xA2,
    0x02, 0x02, 0x60, 0xFD, 0x30, 0x02, 0x5E, 0x02, 0xFD, 0xA0, 0xFF, 0xFF, 0x00, 0x56, 0x00, 0x00,
    0x02, 0x8A, 0x03, 0xB6, 0x06, 0x26, 0x00, 0x39, 0x00, 0x00, 0x00, 0x07, 0x01, 0xD5, 0x00, 0xE4,
    0x00, 0xD2, 0xFF, 0xFF, 0x00, 0x56, 0x00, 0x00, 0x02, 0x8A, 0x03, 0xB6, 0x06, 0x26, 0x00, 0x39,
    0x00, 0x00, 0x00, 0x07, 0x01, 0xD9, 0x00, 0x7B, 0x00, 0xD2, 0xFF, 0xFF, 0x00, 0x56, 0xFE, 0xD8,
    0x02, 0x8A, 0x02, 0xD0, 0x06, 0x26, 0x00, 0x39, 0x00, 0x00, 0x00, 0x07, 0x01, 0xDF, 0x00, 0xFA,
    0x00, 0x00, 0xFF, 0xFF, 0x00, 0x56, 0x00, 0x00, 0x02, 0x8A, 0x03, 0xA4, 0x06, 0x26, 0x00, 0x39,
    0x00, 0x00, 0x00, 0x07, 0x01, 0xDC, 0x00, 0x78, 0x00, 0xD2, 0x00, 0x02, 0x00, 0x56, 0xFF, 0x29,
    0x02, 0x8A, 0x02, 0xD0, 0x00, 0x0B, 0x00, 0x1B, 0x00, 0x00, 0x73, 0x11, 0x33, 0x01, 0x07, 0x11,
    0x33, 0x11, 0x23, 0x01, 0x37, 0x11, 0x05, 0x22, 0x26, 0x27, 0x35, 0x16, 0x16, 0x33, 0x32, 0x36,
    0x35, 0x35, 0x33, 0x15, 0x14, 0x06, 0x56, 0x55, 0x01, 0xA5, 0x14, 0x4E, 0x4D, 0xFE, 0x5B, 0x0C,
    0x01, 0x4C, 0x1B, 0x24, 0x08, 0x0A, 0x22, 0x16, 0x2F, 0x20, 0x50, 0x47, 0x02, 0xD0, 0xFD, 0xA2,
    0x02, 0x02, 0x60, 0xFD, 0x30, 0x02, 0x5E, 0x02, 0xFD, 0xA0, 0xD7, 0x07, 0x03, 0x47, 0x03, 0x06,
    0x22, 0x22, 0x64, 0x66, 0x3E, 0x4C, 0x00, 0x02, 0x00, 0x32, 0xFF, 0xF6, 0x02, 0xE0, 0x02, 0xDA,
    0x00, 0x11, 0x00, 0x21, 0x00, 0x00, 0x45, 0x22, 0x2E, 0x02, 0x35, 0x34, 0x36, 0x36, 0x33, 0x32,
    0x16, 0x16, 0x15, 0x14, 0x0E, 0x02, 0x27, 0x32, 0x36, 0x36, 0x35, 0x34, 0x26, 0x26, 0x23, 0x22,
    0x06, 0x06, 0x15, 0x14, 0x16, 0x16, 0x01, 0x89, 0x4B, 0x7D, 0x5C, 0x33, 0x58, 0x9B, 0x63, 0x65,
    0x9B, 0x58, 0x33, 0x5C, 0x7E, 0x4B, 0x4D, 0x75, 0x42, 0x41, 0x75, 0x4E, 0x4E, 0x74, 0x40, 0x41,
    0x74, 0x0A, 0x37, 0x65, 0x88, 0x51, 0x6B, 0xA6, 0x5E, 0x5E, 0xA6, 0x6C, 0x51, 0x88, 0x64, 0x37,
    0x4A, 0x4D, 0x88, 0x57, 0x56, 0x84, 0x4A, 0x4A, 0x83, 0x57, 0x58, 0x87, 0x4D, 0x00, 0xFF, 0xFF,
    0x00, 0x32, 0xFF, 0xF6, 0x02, 0xE0, 0x03, 0xB6, 0x06, 0x26, 0x00, 0x3F, 0x00, 0x00, 0x00, 0x07,
    0x01, 0xD5, 0x00, 0xFD, 0x00, 0xD2, 0xFF, 0xFF, 0x00, 0x32, 0xFF, 0xF6, 0x02, 0xE0, 0x03, 0xB6,
    0x06, 0x26, 0x00, 0x3F, 0x00, 0x00, 0x00, 0x07, 0x01, 0xD8, 0x00, 0x94, 0x00, 0xD2, 0xFF, 0xFF,
    0x00, 0x32, 0xFF, 0xF6, 0x02, 0xE0, 0x03, 0xA2, 0x06, 0x26, 0x00, 0x3F, 0x00, 0x00, 0x00, 0x07,
    0x01, 0xD2, 0x00, 0xAC, 0x00, 0xD2, 0xFF, 0xFF, 0x00, 0x32, 0xFF, 0xF6, 0x02, 0xE0, 0x03, 0xB6,
    0x06, 0x26, 0x00, 0x3F, 0x00, 0x00, 0x00, 0x07, 0x01, 0xD4, 0x00, 0xB1, 0x00, 0xD2, 0xFF, 0xFF,
    0x00, 0x32, 0xFF, 0xF6, 0x02, 0xE0, 0x03, 0xB6, 0x06, 0x26, 0x00, 0x3F, 0x00, 0x00, 0x00, 0x07,
    0x01, 0xD6, 0x00, 0xB8, 0x00, 0xD2, 0xFF, 0xFF, 0x00, 0x32, 0xFF, 0xF6, 0x02, 0xE0, 0x03, 0x8E,
    0x06, 0x26, 0x00, 0x3F, 0x00, 0x00, 0x00, 0x07, 0x01, 0xDD, 0x00, 0xA0, 0x00, 0xD2, 0x00, 0x03,
    0x00, 0x32, 0xFF, 0xF6, 0x02, 0xE0, 0x02, 0xDA, 0x00, 0x03, 0x00, 0x15, 0x00, 0x25, 0x00, 0x00,
    0x57, 0x27, 0x01, 0x17, 0x01, 0x22, 0x2E, 0x02, 0x35, 0x34, 0x36, 0x36, 0x33, 0x32, 0x16, 0x16,
    0x15, 0x14, 0x0E, 0x02, 0x27, 0x32, 0x36, 0x36, 0x35, 0x34, 0x26, 0x26, 0x23, 0x22, 0x06, 0x06,
    0x15, 0x14, 0x16, 0x16, 0x70, 0x32, 0x02, 0x64, 0x32, 0xFE, 0xB5, 0x4B, 0x7D, 0x5C, 0x33, 0x58,
    0x9B, 0x63, 0x65, 0x9B, 0x58, 0x33, 0x5C, 0x7E, 0x4B, 0x4D, 0x75, 0x42, 0x41, 0x75, 0x4E, 0x4E,
    0x74, 0x40, 0x41, 0x74, 0x0A, 0x29, 0x02, 0xBB, 0x29, 0xFD, 0x45, 0x37, 0x65, 0x88, 0x51, 0x6B,
    0xA6, 0x5E, 0x5E, 0xA6, 0x6C, 0x51, 0x88, 0x64, 0x37, 0x4A, 0x4D, 0x88, 0x57, 0x56, 0x84, 0x4A,
    0x4A, 0x83, 0x57, 0x58, 0x87, 0x4D, 0xFF, 0xFF, 0x00, 0x32, 0xFF, 0xF6, 0x02, 0xE0, 0x03, 0xA4,
    0x06, 0x26, 0x00, 0x3F, 0x00, 0x00, 0x00, 0x07, 0x01, 0xDC, 0x00, 0x91, 0x00, 0xD2, 0x00, 0x02,
    0x00, 0x32, 0xFF, 0xF6, 0x03, 0xE2, 0x02, 0xDA, 0x00, 0x1D, 0x00, 0x29, 0x00, 0x00, 0x45, 0x22,
    0x26, 0x26, 0x35, 0x34, 0x36, 0x36, 0x33, 0x32, 0x16, 0x17, 0x15, 0x26, 0x26, 0x23, 0x22, 0x06,
    0x06, 0x15, 0x14, 0x16, 0x16, 0x33, 0x32, 0x36, 0x37, 0x15, 0x06, 0x06, 0x37, 0x11, 0x21, 0x15,
    0x21, 0x15, 0x21, 0x15, 0x21, 0x11, 0x21, 0x15, 0x01, 0xA6, 0x72, 0xA7, 0x5B, 0x5B, 0xA7, 0x72,
    0x2E, 0x46, 0x1C, 0x16, 0x4E, 0x2C, 0x5D, 0x81, 0x42, 0x42, 0x81, 0x5D, 0x2C, 0x4E, 0x16, 0x1C,
    0x46, 0x40, 0x01, 0xC6, 0xFE, 0x8C, 0x01, 0x58, 0xFE, 0xA8, 0x01, 0x7C, 0x0A, 0x5F, 0xA7, 0x6D,
    0x6C, 0xA6, 0x5F, 0x08, 0x08, 0x50, 0x0B, 0x0B, 0x4A, 0x85, 0x58, 0x59, 0x86, 0x4A, 0x0B, 0x0B,
    0x50, 0x08, 0x08, 0x0A, 0x02, 0xD0, 0x48, 0xED, 0x48, 0xFE, 0xF5, 0x48, 0x00, 0x01, 0x00, 0x56,
    0x00, 0x00, 0x02, 0x66, 0x02, 0xD0, 0x00, 0x15, 0x00, 0x00, 0x73, 0x11, 0x21, 0x32, 0x16, 0x16,
    0x15, 0x14, 0x06, 0x06, 0x23, 0x23, 0x35, 0x33, 0x32, 0x36, 0x35, 0x34, 0x26, 0x23, 0x23, 0x11,
    0x56, 0x01, 0x1E, 0x4D, 0x6C, 0x39, 0x39, 0x6C, 0x4D, 0xE2, 0xDF, 0x50, 0x53, 0x52, 0x51, 0xC9,
    0x02, 0xD0, 0x32, 0x5E, 0x42, 0x42, 0x5F, 0x34, 0x48, 0x49, 0x44, 0x44, 0x46, 0xFD, 0x78, 0x00,
    0x00, 0x02, 0x00, 0x56, 0x00, 0x00, 0x02, 0x66, 0x02, 0xD0, 0x00, 0x13, 0x00, 0x17, 0x00, 0x00,
    0x77, 0x35, 0x33, 0x32, 0x36, 0x35, 0x34, 0x26, 0x23, 0x23, 0x35, 0x33, 0x32, 0x16, 0x16, 0x15,
    0x14, 0x06, 0x06, 0x23, 0x05, 0x11, 0x33, 0x11, 0x92, 0xDF, 0x50, 0x53, 0x53, 0x50, 0xDF, 0xE2,
    0x4D, 0x6C, 0x39, 0x39, 0x6C, 0x4D, 0xFE, 0xE2, 0x52, 0xA0, 0x48, 0x48, 0x42, 0x42, 0x48, 0x48,
    0x33, 0x5E, 0x41, 0x40, 0x5F, 0x33, 0xA0, 0x02, 0xD0, 0xFD, 0x30, 0x00, 0x00, 0x03, 0x00, 0x32,
    0xFF, 0xF6, 0x02, 0xFB, 0x02, 0xDA, 0x00, 0x10, 0x00, 0x20, 0x00, 0x28, 0x00, 0x00, 0x45, 0x22,
    0x26, 0x26, 0x35, 0x34, 0x36, 0x36, 0x33, 0x32, 0x16, 0x16, 0x15, 0x14, 0x06, 0x06, 0x07, 0x27,
    0x32, 0x36, 0x36, 0x35, 0x34, 0x26, 0x26, 0x23, 0x22, 0x06, 0x06, 0x15, 0x14, 0x16, 0x16, 0x17,
    0x27, 0x25, 0x15, 0x22, 0x0E, 0x02, 0x01, 0x9B, 0x71, 0xA2, 0x56, 0x58, 0x9B, 0x63, 0x65, 0x9B,
    0x58, 0x36, 0x68, 0x4D, 0x6D, 0x4F, 0x74, 0x41, 0x41, 0x75, 0x4E, 0x4E, 0x74, 0x40, 0x41, 0x74,
    0x60, 0x12, 0x01, 0x72, 0x3D, 0x53, 0x46, 0x50, 0x0A, 0x60, 0xA9, 0x6C, 0x6B, 0xA6, 0x5E, 0x5E,
    0xA6, 0x6C, 0x50, 0x89, 0x5C, 0x10, 0x17, 0x4F, 0x8A, 0x57, 0x56, 0x84, 0x4A, 0x4A, 0x83, 0x57,
    0x58, 0x89, 0x4F, 0x46, 0x36, 0x1C, 0x48, 0x03, 0x04, 0x03, 0x00, 0x02, 0x00, 0x56, 0x00, 0x00,
    0x02, 0x78, 0x02, 0xD0, 0x00, 0x15, 0x00, 0x19, 0x00, 0x00, 0x73, 0x11, 0x21, 0x32, 0x16, 0x16,
    0x15, 0x14, 0x06, 0x06, 0x23, 0x23, 0x35, 0x33, 0x32, 0x36, 0x35, 0x34, 0x26, 0x23, 0x23, 0x11,
    0x21, 0x01, 0x33, 0x01, 0x56, 0x01, 0x0A, 0x4D, 0x6C, 0x39, 0x39, 0x6C, 0x4D, 0xCE, 0xCB, 0x50,
    0x53, 0x52, 0x51, 0xB5, 0x01, 0x54, 0xFE, 0x81, 0x70, 0x01, 0x8B, 0x02, 0xD0, 0x32, 0x59, 0x3D,
    0x3D, 0x5B, 0x33, 0x48, 0x46, 0x3D, 0x3C, 0x44, 0xFD, 0x78, 0x01, 0x65, 0xFE, 0x9B, 0xFF, 0xFF,
    0x00, 0x56, 0x00, 0x00, 0x02, 0x78, 0x03, 0xB6, 0x06, 0x26, 0x00, 0x4C, 0x00, 0x00, 0x00, 0x07,
    0x01, 0xD5, 0x00, 0xBC, 0x00, 0xD2, 0xFF, 0xFF, 0x00, 0x56, 0x00, 0x00, 0x02, 0x78, 0x03, 0xB6,
    0x06, 0x26, 0x00, 0x4C, 0x00, 0x00, 0x00, 0x07, 0x01, 0xD9, 0x00, 0x53, 0x00, 0xD2, 0xFF, 0xFF,
    0x00, 0x56, 0xFE, 0xD8, 0x02, 0x78, 0x02, 0xD0, 0x06, 0x26, 0x00, 0x4C, 0x00, 0x00, 0x00, 0x07,
    0x01, 0xDF, 0x00, 0xD2, 0x00, 0x00, 0x00, 0x01, 0x00, 0x2A, 0xFF, 0xF7, 0x02, 0x36, 0x02, 0xDB,
    0x00, 0x28, 0x00, 0x00, 0x45, 0x22, 0x26, 0x27, 0x33, 0x16, 0x16, 0x33, 0x32, 0x36, 0x35, 0x34,
    0x26, 0x27, 0x27, 0x26, 0x26, 0x35, 0x34, 0x36, 0x36, 0x33, 0x32, 0x16, 0x17, 0x23, 0x26, 0x26,
    0x23, 0x22, 0x06, 0x15, 0x14, 0x16, 0x17, 0x17, 0x16, 0x16, 0x15, 0x14, 0x06, 0x01, 0x4A, 0x7E,
    0x95, 0x0D, 0x50, 0x0B, 0x68, 0x5C, 0x4E, 0x4F, 0x36, 0x39, 0x79, 0x5C, 0x58, 0x3A, 0x6A, 0x46,
    0x6C, 0x82, 0x0A, 0x50, 0x0D, 0x51, 0x4C, 0x48, 0x50, 0x38, 0x3B, 0x81, 0x54, 0x54, 0x7B, 0x09,
    0x7C, 0x73, 0x53, 0x54, 0x3B, 0x39, 0x31, 0x3A, 0x13, 0x2A, 0x20, 0x5B, 0x46, 0x3A, 0x55, 0x30,
    0x71, 0x68, 0x4B, 0x46, 0x3A, 0x35, 0x2D, 0x36, 0x14, 0x2D, 0x1D, 0x63, 0x4C, 0x5A, 0x63, 0x00,
    0xFF, 0xFF, 0x00, 0x2A, 0xFF, 0xF7, 0x02, 0x36, 0x03, 0xB6, 0x06, 0x26, 0x00, 0x50, 0x00, 0x00,
    0x00, 0x07, 0x01, 0xD5, 0x00, 0xAD, 0x00, 0xD2, 0xFF, 0xFF, 0x00, 0x2A, 0xFF, 0xF7, 0x02, 0x36,
    0x03, 0xB6, 0x06, 0x26, 0x00, 0x50, 0x00, 0x00, 0x00, 0x07, 0x01, 0xD9, 0x00, 0x44, 0x00, 0xD2,
    0xFF, 0xFF, 0x00, 0x2A, 0xFF, 0x29, 0x02, 0x36, 0x02, 0xDB, 0x06, 0x26, 0x00, 0x50, 0x00, 0x00,
    0x00, 0x06, 0x01, 0xE0, 0x7D, 0x00, 0xFF, 0xFF, 0x00, 0x2A, 0xFE, 0xD8, 0x02, 0x36, 0x02, 0xDB,
    0x06, 0x26, 0x00, 0x50, 0x00, 0x00, 0x00, 0x07, 0x01, 0xDF, 0x00, 0xC3, 0x00, 0x00, 0x00, 0x01,
    0x00, 0x56, 0xFF, 0xF7, 0x02, 0x9F, 0x02, 0xDB, 0x00, 0x27, 0x00, 0x00, 0x45, 0x22, 0x26, 0x27,
    0x35, 0x16, 0x16, 0x33, 0x32, 0x36, 0x35, 0x34, 0x26, 0x27, 0x27, 0x13, 0x07, 0x26, 0x26, 0x23,
    0x22, 0x06, 0x15, 0x11, 0x23, 0x11, 0x34, 0x36, 0x33, 0x32, 0x16, 0x17, 0x07, 0x27, 0x16, 0x16,
    0x15, 0x14, 0x06, 0x06, 0x01, 0x9F, 0x29, 0x48, 0x18, 0x19, 0x48, 0x2A, 0x57, 0x55, 0x5F, 0x6F,
    0x19, 0xE1, 0x03, 0x22, 0x5F, 0x3D, 0x6E, 0x70, 0x52, 0x9D, 0x97, 0x53, 0x7D, 0x3E, 0xD1, 0x1D,
    0x7A, 0x7B, 0x3C, 0x72, 0x09, 0x0A, 0x0A, 0x4D, 0x0C, 0x0D, 0x40, 0x41, 0x40, 0x50, 0x1F, 0x07,
    0x01, 0x0F, 0x3B, 0x25, 0x24, 0x71, 0x70, 0xFE, 0x4E, 0x01, 0xB2, 0x92, 0x97, 0x31, 0x3A, 0xFD,
    0x3A, 0x22, 0x7D, 0x57, 0x3D, 0x56, 0x2D, 0x00, 0x00, 0x01, 0x00, 0x24, 0x00, 0x00, 0x02, 0x64,
    0x02, 0xD0, 0x00, 0x07, 0x00, 0x00, 0x61, 0x11, 0x23, 0x35, 0x21, 0x15, 0x23, 0x11, 0x01, 0x1B,
    0xF7, 0x02, 0x40, 0xF7, 0x02, 0x88, 0x48, 0x48, 0xFD, 0x78, 0xFF, 0xFF, 0x00, 0x24, 0x00, 0x00,
    0x02, 0x64, 0x03, 0xB6, 0x06, 0x26, 0x00, 0x56, 0x00, 0x00, 0x00, 0x07, 0x01, 0xD9, 0x00, 0x4F,
    0x00, 0xD2, 0xFF, 0xFF, 0x00, 0x24, 0xFE, 0xD8, 0x02, 0x64, 0x02, 0xD0, 0x06, 0x26, 0x00, 0x56,
    0x00, 0x00, 0x00, 0x07, 0x01, 0xDF, 0x00, 0xCE, 0x00, 0x00, 0x00, 0x01, 0x00, 0x50, 0xFF, 0xF6,
    0x02, 0x78, 0x02, 0xD0, 0x00, 0x11, 0x00, 0x00, 0x45, 0x22, 0x26, 0x35, 0x11, 0x33, 0x11, 0x14,
    0x16, 0x33, 0x32, 0x36, 0x35, 0x11, 0x33, 0x11, 0x14, 0x06, 0x01, 0x63, 0x82, 0x91, 0x52, 0x64,
    0x5D, 0x5F, 0x64, 0x52, 0x92, 0x0A, 0x9F, 0x8F, 0x01, 0xAC, 0xFE, 0x50, 0x6C, 0x74, 0x73, 0x6D,
    0x01, 0xB0, 0xFE, 0x53, 0x8E, 0x9F, 0xFF, 0xFF, 0x00, 0x50, 0xFF, 0xF6, 0x02, 0x78, 0x03, 0xB6,
    0x06, 0x26, 0x00, 0x59, 0x00, 0x00, 0x00, 0x07, 0x01, 0xD5, 0x00, 0xD8, 0x00, 0xD2, 0xFF, 0xFF,
    0x00, 0x50, 0xFF, 0xF6, 0x02, 0x78, 0x03, 0xB6, 0x06, 0x26, 0x00, 0x59, 0x00, 0x00, 0x00, 0x07,
    0x01, 0xDA, 0x00, 0x83, 0x00, 0xD2, 0xFF, 0xFF, 0x00, 0x50, 0xFF, 0xF6, 0x02, 0x78, 0x03, 0xB6,
    0x06, 0x26, 0x00, 0x59, 0x00, 0x00, 0x00, 0x07, 0x01, 0xD8, 0x00, 0x6F, 0x00, 0xD2, 0xFF, 0xFF,
    0x00, 0x50, 0xFF, 0xF6, 0x02, 0x78, 0x03, 0xA2, 0x06, 0x26, 0x00, 0x59, 0x00, 0x00, 0x00, 0x07,
    0x01, 0xD2, 0x00, 0x87, 0x00, 0xD2, 0xFF, 0xFF, 0x00, 0x50, 0xFF, 0xF6, 0x02, 0x78, 0x03, 0xB6,
    0x06, 0x26, 0x00, 0x59, 0x00, 0x00, 0x00, 0x07, 0x01, 0xD4, 0x00, 0x8C, 0x00, 0xD2, 0xFF, 0xFF,
    0x00, 0x50, 0xFF, 0xF6, 0x02, 0x78, 0x03, 0xB6, 0x06, 0x26, 0x00, 0x59, 0x00, 0x00, 0x00, 0x07,
    0x01, 0xD6, 0x00, 0x93, 0x00, 0xD2, 0xFF, 0xFF, 0x00, 0x50, 0xFF, 0xF6, 0x02, 0x78, 0x03, 0x8E,
    0x06, 0x26, 0x00, 0x59, 0x00, 0x00, 0x00, 0x07, 0x01, 0xDD, 0x00, 0x7B, 0x00, 0xD2, 0xFF, 0xFF,
    0x00, 0x50, 0xFF, 0x3C, 0x02, 0x78, 0x02, 0xD0, 0x06, 0x26, 0x00, 0x59, 0x00, 0x00, 0x00, 0x07,
    0x01, 0xE1, 0x01, 0x17, 0x00, 0x14, 0xFF, 0xFF, 0x00, 0x50, 0xFF, 0xF6, 0x02, 0x78, 0x03, 0xDA,
    0x06, 0x26, 0x00, 0x59, 0x00, 0x00, 0x00, 0x07, 0x01, 0xDB, 0x00, 0xBC, 0x00, 0xD2, 0x00, 0x01,
    0x00, 0x24, 0x00, 0x00, 0x02, 0xB4, 0x02, 0xD0, 0x00, 0x07, 0x00, 0x00, 0x61, 0x01, 0x33, 0x01,
    0x23, 0x01, 0x33, 0x01, 0x01, 0x3A, 0xFE, 0xEA, 0x58, 0x01, 0x02, 0x1E, 0x01, 0x01, 0x53, 0xFE,
    0xEA, 0x02, 0xD0, 0xFD, 0x54, 0x02, 0xAC, 0xFD, 0x30, 0x00, 0x00, 0x01, 0x00, 0x32, 0x00, 0x00,
    0x04, 0x0F, 0x02, 0xD0, 0x00, 0x0F, 0x00, 0x00, 0x61, 0x03, 0x33, 0x13, 0x23, 0x13, 0x33, 0x13,
    0x23, 0x13, 0x33, 0x03, 0x23, 0x03, 0x33, 0x03, 0x01, 0x07, 0xD5, 0x54, 0xBF, 0x0F, 0xBB, 0x64,
    0xBC, 0x0F, 0xBE, 0x4F, 0xD5, 0x64, 0xBB, 0x0C, 0xBC, 0x02, 0xD0, 0xFD, 0x67, 0x02, 0x99, 0xFD,
    0x67, 0x02, 0x99, 0xFD, 0x30, 0x02, 0x85, 0xFD, 0x7B, 0x00, 0xFF, 0xFF, 0x00, 0x32, 0x00, 0x00,
    0x04, 0x0F, 0x03, 0xB6, 0x06, 0x26, 0x00, 0x64, 0x00, 0x00, 0x00, 0x07, 0x01, 0xD5, 0x01, 0x95,
    0x00, 0xD2, 0xFF, 0xFF, 0x00, 0x32, 0x00, 0x00, 0x04, 0x0F, 0x03, 0xB6, 0x06, 0x26, 0x00, 0x64,
    0x00, 0x00, 0x00, 0x07, 0x01, 0xD8, 0x01, 0x2C, 0x00, 0xD2, 0xFF, 0xFF, 0x00, 0x32, 0x00, 0x00,
    0x04, 0x0F, 0x03, 0xA2, 0x06, 0x26, 0x00, 0x64, 0x00, 0x00, 0x00, 0x07, 0x01, 0xD2, 0x01, 0x44,
    0x00, 0xD2, 0xFF, 0xFF, 0x00, 0x32, 0x00, 0x00, 0x04, 0x0F, 0x03, 0xB6, 0x06, 0x26, 0x00, 0x64,
    0x00, 0x00, 0x00, 0x07, 0x01, 0xD4, 0x01, 0x49, 0x00, 0xD2, 0x00, 0x03, 0x00, 0x26, 0x00, 0x00,
    0x02, 0x88, 0x02, 0xD0, 0x00, 0x05, 0x00, 0x09, 0x00, 0x0D, 0x00, 0x00, 0x61, 0x03, 0x01, 0x33,
    0x13, 0x01, 0x01, 0x13, 0x33, 0x01, 0x07, 0x03, 0x23, 0x01, 0x02, 0x28, 0xEA, 0xFE, 0xF7, 0x60,
    0xDD, 0x01, 0x16, 0xFE, 0xC1, 0xE6, 0x59, 0xFE, 0xED, 0x0C, 0xEA, 0x59, 0x01, 0x17, 0x01, 0x51,
    0x01, 0x7F, 0xFE, 0xC1, 0xFE, 0x6F, 0x01, 0x8E, 0x01, 0x42, 0xFE, 0x7D, 0x04, 0xFE, 0xB7, 0x01,
    0x8A, 0x00, 0x00, 0x01, 0x00, 0x18, 0x00, 0x00, 0x02, 0x8C, 0x02, 0xD0, 0x00, 0x09, 0x00, 0x00,
    0x61, 0x11, 0x01, 0x33, 0x13, 0x23, 0x13, 0x33, 0x01, 0x11, 0x01, 0x29, 0xFE, 0xEF, 0x64, 0xED,
    0x26, 0xED, 0x5C, 0xFE, 0xEF, 0x01, 0x46, 0x01, 0x8A, 0xFE, 0xA6, 0x01, 0x5A, 0xFE, 0x76, 0xFE,
    0xBA, 0x00, 0xFF, 0xFF, 0x00, 0x18, 0x00, 0x00, 0x02, 0x8C, 0x03, 0xB6, 0x06, 0x26, 0x00, 0x6A,
    0x00, 0x00, 0x00, 0x07, 0x01, 0xD5, 0x00, 0xC6, 0x00, 0xD2, 0xFF, 0xFF, 0x00, 0x18, 0x00, 0x00,
    0x02, 0x8C, 0x03, 0xB6, 0x06, 0x26, 0x00, 0x6A, 0x00, 0x00, 0x00, 0x07, 0x01, 0xD8, 0x00, 0x5D,
    0x00, 0xD2, 0xFF, 0xFF, 0x00, 0x18, 0x00, 0x00, 0x02, 0x8C, 0x03, 0xA2, 0x06, 0x26, 0x00, 0x6A,
    0x00, 0x00, 0x00, 0x07, 0x01, 0xD2, 0x00, 0x75, 0x00, 0xD2, 0xFF, 0xFF, 0x00, 0x18, 0x00, 0x00,
    0x02, 0x8C, 0x03, 0xB6, 0x06, 0x26, 0x00, 0x6A, 0x00, 0x00, 0x00, 0x07, 0x01, 0xD4, 0x00, 0x7A,
    0x00, 0xD2, 0x00, 0x01, 0x00, 0x3C, 0x00, 0x00, 0x02, 0x39, 0x02, 0xD0, 0x00, 0x0B, 0x00, 0x00,
    0x73, 0x35, 0x01, 0x17, 0x21, 0x35, 0x21, 0x15, 0x01, 0x27, 0x21, 0x15, 0x3C, 0x01, 0xA7, 0x1E,
    0xFE, 0x45, 0x01, 0xE9, 0xFE, 0x59, 0x1E, 0x01, 0xCF, 0x3E, 0x02, 0x73, 0x29, 0x48, 0x3E, 0xFD,
    0x8D, 0x29, 0x48, 0x00, 0xFF, 0xFF, 0x00, 0x3C, 0x00, 0x00, 0x02, 0x39, 0x03, 0xB6, 0x06, 0x26,
    0x00, 0x6F, 0x00, 0x00, 0x00, 0x07, 0x01, 0xD5, 0x00, 0xAC, 0x00, 0xD2, 0xFF, 0xFF, 0x00, 0x3C,
    0x00, 0x00, 0x02, 0x39, 0x03, 0xB6, 0x06, 0x26, 0x00, 0x6F, 0x00, 0x00, 0x00, 0x07, 0x01, 0xD9,
    0x00, 0x43, 0x00, 0xD2, 0xFF, 0xFF, 0x00, 0x3C, 0x00, 0x00, 0x02, 0x39, 0x03, 0xA2, 0x06, 0x26,
    0x00, 0x6F, 0x00, 0x00, 0x00, 0x07, 0x01, 0xD3, 0x00, 0xCE, 0x00, 0xD2, 0xFF, 0xFF, 0x00, 0x24,
    0x00, 0x00, 0x02, 0xB4, 0x03, 0xA2, 0x06, 0x26, 0x00, 0x01, 0x00, 0x00, 0x00, 0x07, 0x01, 0xE2,
    0x00, 0x85, 0x00, 0xD2, 0xFF, 0xFF, 0x00, 0x32, 0xFF, 0xF6, 0x02, 0xB7, 0x03, 0xA2, 0x06, 0x26,
    0x00, 0x0E, 0x00, 0x00, 0x00, 0x07, 0x01, 0xE3, 0x01, 0x11, 0x00, 0xD2, 0xFF, 0xFF, 0x00, 0x56,
    0x00, 0x00, 0x02, 0x38, 0x03, 0xA2, 0x06, 0x26, 0x00, 0x17, 0x00, 0x00, 0x00, 0x07, 0x01, 0xE2,
    0x00, 0x62, 0x00, 0xD2, 0xFF, 0xFF, 0x00, 0x56, 0x00, 0x00, 0x02, 0x38, 0x03, 0xA2, 0x06, 0x26,
    0x00, 0x17, 0x00, 0x00, 0x00, 0x07, 0x01, 0xE3, 0x00, 0xD5, 0x00, 0xD2, 0xFF, 0xFF, 0x00, 0x32,
    0xFE, 0xD8, 0x02, 0xB7, 0x02, 0xDA, 0x06, 0x26, 0x00, 0x21, 0x00, 0x00, 0x00, 0x07, 0x01, 0xE5,
    0x01, 0x27, 0x00, 0x00, 0xFF, 0xFF, 0x00, 0x32, 0xFF, 0xF6, 0x02, 0xB7, 0x03, 0xA2, 0x06, 0x26,
    0x00, 0x21, 0x00, 0x00, 0x00, 0x07, 0x01, 0xE3, 0x01, 0x15, 0x00, 0xD2, 0xFF, 0xFF, 0xFF, 0xD4,
    0x00, 0x00, 0x01, 0x29, 0x03, 0xA2, 0x06, 0x26, 0x00, 0x27, 0x00, 0x00, 0x00, 0x07, 0x01, 0xE2,
    0xFF, 0x98, 0x00, 0xD2, 0xFF, 0xFF, 0x00, 0x47, 0x00, 0x00, 0x00, 0xB6, 0x03, 0xA2, 0x06, 0x26,
    0x00, 0x27, 0x00, 0x00, 0x00, 0x07, 0x01, 0xE3, 0x00, 0x0B, 0x00, 0xD2, 0xFF, 0xFF, 0x00, 0x56,
    0xFE, 0xD8, 0x02, 0x9C, 0x02, 0xD0, 0x06, 0x26, 0x00, 0x31, 0x00, 0x00, 0x00, 0x07, 0x01, 0xE5,
    0x00, 0xEE, 0x00, 0x00, 0xFF, 0xFF, 0x00, 0x56, 0xFE, 0xD8, 0x02, 0x1A, 0x02, 0xD0, 0x06, 0x26,
    0x00, 0x33, 0x00, 0x00, 0x00, 0x07, 0x01, 0xE5, 0x00, 0xD5, 0x00, 0x00, 0xFF, 0xFF, 0x00, 0x56,
    0xFE, 0xD8, 0x02, 0x8A, 0x02, 0xD0, 0x06, 0x26, 0x00, 0x39, 0x00, 0x00, 0x00, 0x07, 0x01, 0xE5,
    0x00, 0xFA, 0x00, 0x00, 0xFF, 0xFF, 0x00, 0x32, 0xFF, 0xF6, 0x02, 0xE0, 0x03, 0xA2, 0x06, 0x26,
    0x00, 0x3F, 0x00, 0x00, 0x00, 0x07, 0x01, 0xE2, 0x00, 0xA2, 0x00, 0xD2, 0xFF, 0xFF, 0x00, 0x56,
    0xFE, 0xD8, 0x02, 0x78, 0x02, 0xD0, 0x06, 0x26, 0x00, 0x4C, 0x00, 0x00, 0x00, 0x07, 0x01, 0xE5,
    0x00, 0xD2, 0x00, 0x00, 0xFF, 0xFF, 0x00, 0x2A, 0xFE, 0xD8, 0x02, 0x36, 0x02, 0xDB, 0x06, 0x26,
    0x00, 0x50, 0x00, 0x00, 0x00, 0x07, 0x01, 0xE5, 0x00, 0xC3, 0x00, 0x00, 0xFF, 0xFF, 0x00, 0x24,
    0xFE, 0xD8, 0x02, 0x64, 0x02, 0xD0, 0x06, 0x26, 0x00, 0x56, 0x00, 0x00, 0x00, 0x07, 0x01, 0xE5,
    0x00, 0xCE, 0x00, 0x00, 0xFF, 0xFF, 0x00, 0x50, 0xFF, 0xF6, 0x02, 0x78, 0x03, 0xA2, 0x06, 0x26,
    0x00, 0x59, 0x00, 0x00, 0x00, 0x07, 0x01, 0xE2, 0x00, 0x7D, 0x00, 0xD2, 0xFF, 0xFF, 0x00, 0x18,
    0x00, 0x00, 0x02, 0x8C, 0x03, 0xA2, 0x06, 0x26, 0x00, 0x6A, 0x00, 0x00, 0x00, 0x07, 0x01, 0xE2,
    0x00, 0x6B, 0x00, 0xD2, 0xFF, 0xFF, 0x00, 0x3C, 0x00, 0x00, 0x02, 0x39, 0x03, 0xA2, 0x06, 0x26,
    0x00, 0x6F, 0x00, 0x00, 0x00, 0x07, 0x01, 0xE3, 0x00, 0xC4, 0x00, 0xD2, 0x00, 0x03, 0x00, 0x56,
    0x00, 0x00, 0x02, 0x9C, 0x02, 0xD0, 0x00, 0x03, 0x00, 0x09, 0x00, 0x0D, 0x00, 0x00, 0x73, 0x11,
    0x33, 0x11, 0x27, 0x01, 0x33, 0x01, 0x07, 0x07, 0x05, 0x01, 0x33, 0x01, 0x56, 0x52, 0x3F, 0x01,
    0xB2, 0x6D, 0xFE, 0xCC, 0x13, 0xB9, 0x01, 0xAC, 0xFE, 0xCF, 0x5F, 0x01, 0x3A, 0x02, 0xD0, 0xFD,
    0x30, 0xFE, 0x01, 0xD2, 0xFE, 0xBD, 0x09, 0xC2, 0xC2, 0x01, 0x9E, 0xFE, 0x62, 0x00, 0xFF, 0xFF,
    0x00, 0x56, 0xFE, 0xD8, 0x02, 0x9C, 0x02, 0xD0, 0x06, 0x26, 0x00, 0x85, 0x00, 0x00, 0x00, 0x07,
    0x01, 0xDF, 0x00, 0xEE, 0x00, 0x00, 0x00, 0x01, 0x00, 0x56, 0x00, 0x00, 0x02, 0x52, 0x02, 0xD0,
    0x00, 0x1E, 0x00, 0x00, 0x73, 0x11, 0x21, 0x32, 0x16, 0x16, 0x15, 0x14, 0x06, 0x07, 0x37, 0x36,
    0x16, 0x15, 0x15, 0x23, 0x35, 0x34, 0x26, 0x23, 0x23, 0x35, 0x33, 0x32, 0x36, 0x35, 0x34, 0x26,
    0x23, 0x23, 0x11, 0x56, 0x01, 0x0A, 0x4B, 0x6C, 0x3B, 0x5F, 0x61, 0x0A, 0x50, 0x5A, 0x52, 0x4B,
    0x44, 0xD3, 0xCB, 0x4D, 0x56, 0x54, 0x4F, 0xB5, 0x02, 0xD0, 0x30, 0x58, 0x3C, 0x4A, 0x5E, 0x15,
    0x1B, 0x02, 0x54, 0x4C, 0xCC, 0xBC, 0x41, 0x44, 0x44, 0x45, 0x3E, 0x3E, 0x42, 0xFD, 0x78, 0x00,
    0xFF, 0xFF, 0x00, 0x56, 0x00, 0x00, 0x02, 0x52, 0x03, 0xB6, 0x06, 0x26, 0x00, 0x87, 0x00, 0x00,
    0x00, 0x07, 0x01, 0xD5, 0x00, 0xBA, 0x00, 0xD2, 0xFF, 0xFF, 0x00, 0x56, 0x00, 0x00, 0x02, 0x52,
    0x03, 0xB6, 0x06, 0x26, 0x00, 0x87, 0x00, 0x00, 0x00, 0x07, 0x01, 0xD9, 0x00, 0x51, 0x00, 0xD2,
    0xFF, 0xFF, 0x00, 0x56, 0xFE, 0xD8, 0x02, 0x52, 0x02, 0xD0, 0x06, 0x26, 0x00, 0x87, 0x00, 0x00,
    0x00, 0x07, 0x01, 0xDF, 0x00, 0xDA, 0x00, 0x00, 0x00, 0x01, 0x00, 0x42, 0x00, 0x00, 0x03, 0x34,
    0x02, 0xD0, 0x00, 0x0F, 0x00, 0x00, 0x73, 0x13, 0x33, 0x13, 0x23, 0x13, 0x33, 0x13, 0x23, 0x03,
    0x33, 0x03, 0x23, 0x03, 0x33, 0x03, 0x42, 0x47, 0x73, 0xCB, 0x19, 0xCA, 0x74, 0x48, 0x51, 0x47,
    0x1A, 0xC3, 0x76, 0xC2, 0x18, 0x46, 0x02, 0xD0, 0xFD, 0x4A, 0x02, 0xB6, 0xFD, 0x30, 0x02, 0xA5,
    0xFD, 0x5B, 0x02, 0x9F, 0xFD, 0x61, 0x00, 0x02, 0x00, 0x32, 0xFF, 0xF6, 0x02, 0xCB, 0x02, 0xDA,
    0x00, 0x21, 0x00, 0x26, 0x00, 0x00, 0x45, 0x22, 0x26, 0x26, 0x35, 0x34, 0x36, 0x36, 0x33, 0x32,
    0x16, 0x16, 0x17, 0x23, 0x2E, 0x02, 0x23, 0x22, 0x06, 0x06, 0x15, 0x14, 0x16, 0x16, 0x33, 0x32,
    0x36, 0x36, 0x35, 0x33, 0x14, 0x06, 0x06, 0x13, 0x23, 0x35, 0x21, 0x15, 0x01, 0x90, 0x69, 0x9E,
    0x57, 0x59, 0x9E, 0x66, 0x56, 0x81, 0x4F, 0x0A, 0x52, 0x07, 0x36, 0x5D, 0x42, 0x52, 0x78, 0x41,
    0x3F, 0x79, 0x55, 0x41, 0x6A, 0x3F, 0x4E, 0x55, 0x8F, 0xA7, 0xE9, 0x01, 0x26, 0x0A, 0x5F, 0xA7,
    0x6A, 0x6D, 0xA7, 0x60, 0x41, 0x6B, 0x40, 0x2A, 0x4A, 0x2E, 0x4B, 0x87, 0x59, 0x56, 0x85, 0x4A,
    0x34, 0x73, 0x5F, 0x71, 0x96, 0x49, 0x01, 0x34, 0x48, 0x2C, 0xFF, 0xFF, 0x00, 0x32, 0xFF, 0xF6,
    0x02, 0xCB, 0x03, 0xB6, 0x06, 0x26, 0x00, 0x8C, 0x00, 0x00, 0x00, 0x07, 0x01, 0xDA, 0x00, 0xA8,
    0x00, 0xD2, 0xFF, 0xFF, 0x00, 0x32, 0xFE, 0xD8, 0x02, 0xCB, 0x02, 0xDA, 0x06, 0x26, 0x00, 0x8C,
    0x00, 0x00, 0x00, 0x07, 0x01, 0xDF, 0x01, 0x13, 0x00, 0x00, 0xFF, 0xFF, 0x00, 0x32, 0xFF, 0xF6,
    0x02, 0xCB, 0x03, 0xA2, 0x06, 0x26, 0x00, 0x8C, 0x00, 0x00, 0x00, 0x07, 0x01, 0xD3, 0x01, 0x1F,
    0x00, 0xD2, 0x00, 0x01, 0x00, 0x3C, 0xFF, 0xF6, 0x02, 0x1C, 0x02, 0xD0, 0x00, 0x12, 0x00, 0x00,
    0x45, 0x22, 0x26, 0x26, 0x35, 0x33, 0x14, 0x16, 0x33, 0x32, 0x36, 0x36, 0x35, 0x11, 0x33, 0x11,
    0x14, 0x06, 0x06, 0x01, 0x2B, 0x45, 0x6C, 0x3E, 0x50, 0x5B, 0x43, 0x2E, 0x48, 0x2A, 0x52, 0x3F,
    0x6C, 0x0A, 0x3A, 0x6C, 0x4A, 0x4F, 0x57, 0x28, 0x52, 0x3E, 0x01, 0xD8, 0xFE, 0x2B, 0x55, 0x74,
    0x3C, 0x00, 0x00, 0x03, 0x00, 0x32, 0xFF, 0x81, 0x02, 0xE0, 0x02, 0xDA, 0x00, 0x11, 0x00, 0x22,
    0x00, 0x26, 0x00, 0x00, 0x45, 0x22, 0x2E, 0x02, 0x35, 0x34, 0x36, 0x36, 0x33, 0x32, 0x16, 0x16,
    0x15, 0x14, 0x0E, 0x02, 0x27, 0x32, 0x3E, 0x02, 0x35, 0x34, 0x26, 0x26, 0x23, 0x22, 0x06, 0x06,
    0x15, 0x14, 0x16, 0x16, 0x37, 0x37, 0x13, 0x07, 0x01, 0x89, 0x4B, 0x7D, 0x5C, 0x33, 0x58, 0x9B,
    0x63, 0x65, 0x9B, 0x58, 0x33, 0x5C, 0x7E, 0x4B, 0x3A, 0x5F, 0x45, 0x26, 0x41, 0x75, 0x4E, 0x4E,
    0x74, 0x40, 0x41, 0x74, 0x53, 0x3F, 0xCD, 0x3F, 0x0A, 0x37, 0x65, 0x88, 0x51, 0x6B, 0xA6, 0x5E,
    0x5E, 0xA6, 0x6C, 0x51, 0x88, 0x64, 0x37, 0x4A, 0x2C, 0x51, 0x6D, 0x42, 0x56, 0x84, 0x4A, 0x4A,
    0x83, 0x57, 0x58, 0x87, 0x4D, 0xA5, 0x24, 0xFE, 0x9C, 0x24, 0xFF, 0xFF, 0x00, 0x56, 0xFE, 0xD8,
    0x02, 0x9C, 0x02, 0xD0, 0x06, 0x26, 0x00, 0x85, 0x00, 0x00, 0x00, 0x07, 0x01, 0xE5, 0x00, 0xEE,
    0x00, 0x00, 0xFF, 0xFF, 0x00, 0x56, 0xFE, 0xD8, 0x02, 0x52, 0x02, 0xD0, 0x06, 0x26, 0x00, 0x87,
    0x00, 0x00, 0x00, 0x07, 0x01, 0xE5, 0x00, 0xDA, 0x00, 0x00, 0xFF, 0xFF, 0x00, 0x32, 0xFE, 0xD8,
    0x02, 0xCB, 0x02, 0xDA, 0x06, 0x26, 0x00, 0x8C, 0x00, 0x00, 0x00, 0x07, 0x01, 0xE5, 0x01, 0x13,
    0x00, 0x00, 0xFF, 0xFF, 0x00, 0x32, 0xFF, 0xF6, 0x02, 0xCB, 0x03, 0xA2, 0x06, 0x26, 0x00, 0x8C,
    0x00, 0x00, 0x00, 0x07, 0x01, 0xE3, 0x01, 0x15, 0x00, 0xD2, 0x00, 0x02, 0x00, 0x2E, 0xFF, 0xF6,
    0x01, 0xD6, 0x02, 0x08, 0x00, 0x16, 0x00, 0x2C, 0x00, 0x00, 0x61, 0x26, 0x26, 0x35, 0x23, 0x35,
    0x34, 0x26, 0x23, 0x22, 0x06, 0x07, 0x23, 0x36, 0x36, 0x33, 0x32, 0x16, 0x15, 0x15, 0x14, 0x16,
    0x17, 0x07, 0x22, 0x26, 0x35, 0x34, 0x36, 0x37, 0x37, 0x15, 0x07, 0x06, 0x06, 0x15, 0x14, 0x16,
    0x33, 0x32, 0x36, 0x35, 0x17, 0x06, 0x06, 0x01, 0x89, 0x04, 0x03, 0x05, 0x35, 0x3B, 0x3A, 0x45,
    0x04, 0x4D, 0x05, 0x72, 0x5C, 0x5F, 0x5C, 0x06, 0x05, 0xFC, 0x4F, 0x5D, 0x5C, 0x58, 0xB2, 0xA6,
    0x38, 0x3A, 0x35, 0x34, 0x43, 0x55, 0x0D, 0x10, 0x5D, 0x11, 0x2C, 0x22, 0xF4, 0x3A, 0x37, 0x2F,
    0x2B, 0x4A, 0x54, 0x5A, 0x5A, 0xF5, 0x16, 0x2F, 0x1A, 0x0A, 0x4D, 0x43, 0x43, 0x4A, 0x0F, 0x1E,
    0x42, 0x1A, 0x09, 0x2A, 0x28, 0x27, 0x28, 0x3D, 0x31, 0x47, 0x33, 0x38, 0xFF, 0xFF, 0x00, 0x2E,
    0xFF, 0xF6, 0x01, 0xD6, 0x02, 0xE4, 0x06, 0x26, 0x00, 0x96, 0x00, 0x00, 0x00, 0x06, 0x01, 0xD5,
    0x7F, 0x00, 0xFF, 0xFF, 0x00, 0x2E, 0xFF, 0xF6, 0x01, 0xD6, 0x02, 0xE4, 0x06, 0x26, 0x00, 0x96,
    0x00, 0x00, 0x00, 0x06, 0x01, 0xDA, 0x2A, 0x00, 0xFF, 0xFF, 0x00, 0x2E, 0xFF, 0xF6, 0x01, 0xD6,
    0x02, 0xE4, 0x06, 0x26, 0x00, 0x96, 0x00, 0x00, 0x00, 0x06, 0x01, 0xD9, 0x16, 0x00, 0xFF, 0xFF,
    0x00, 0x2E, 0xFF, 0xF6, 0x01, 0xD6, 0x02, 0xE4, 0x06, 0x26, 0x00, 0x96, 0x00, 0x00, 0x00, 0x06,
    0x01, 0xD8, 0x16, 0x00, 0xFF, 0xFF, 0x00, 0x2E, 0xFF, 0xF6, 0x01, 0xD6, 0x02, 0xD0, 0x06, 0x26,
    0x00, 0x96, 0x00, 0x00, 0x00, 0x06, 0x01, 0xD2, 0x2E, 0x00, 0xFF, 0xFF, 0x00, 0x2E, 0xFF, 0xF6,
    0x01, 0xD6, 0x02, 0xE4, 0x06, 0x26, 0x00, 0x96, 0x00, 0x00, 0x00, 0x06, 0x01, 0xD4, 0x33, 0x00,
    0xFF, 0xFF, 0x00, 0x2E, 0xFF, 0xF6, 0x01, 0xD6, 0x02, 0xBC, 0x06, 0x26, 0x00, 0x96, 0x00, 0x00,
    0x00, 0x06, 0x01, 0xDD, 0x22, 0x00, 0xFF, 0xFF, 0x00, 0x2E, 0xFF, 0x28, 0x01, 0xD9, 0x02, 0x08,
    0x06, 0x26, 0x00, 0x96, 0x00, 0x00, 0x00, 0x07, 0x01, 0xE1, 0x01, 0x00, 0x00, 0x00, 0xFF, 0xFF,
    0x00, 0x2E, 0xFF, 0xF6, 0x01, 0xD6, 0x03, 0x08, 0x06, 0x26, 0x00, 0x96, 0x00, 0x00, 0x00, 0x06,
    0x01, 0xDB, 0x63, 0x00, 0xFF, 0xFF, 0x00, 0x2E, 0xFF, 0xF6, 0x01, 0xD6, 0x02, 0xD2, 0x06, 0x26,
    0x00, 0x96, 0x00, 0x00, 0x00, 0x06, 0x01, 0xDC, 0x13, 0x00, 0x00, 0x03, 0x00, 0x2E, 0xFF, 0xF6,
    0x03, 0x39, 0x02, 0x08, 0x00, 0x0F, 0x00, 0x26, 0x00, 0x4A, 0x00, 0x00, 0x65, 0x35, 0x34, 0x26,
    0x23, 0x22, 0x06, 0x07, 0x23, 0x36, 0x36, 0x33, 0x32, 0x16, 0x15, 0x15, 0x07, 0x22, 0x26, 0x35,
    0x34, 0x36, 0x37, 0x37, 0x15, 0x07, 0x06, 0x06, 0x15, 0x14, 0x16, 0x33, 0x32, 0x36, 0x36, 0x35,
    0x17, 0x06, 0x06, 0x21, 0x22, 0x26, 0x26, 0x35, 0x34, 0x36, 0x36, 0x33, 0x32, 0x16, 0x16, 0x15,
    0x14, 0x06, 0x07, 0x21, 0x35, 0x21, 0x07, 0x34, 0x26, 0x23, 0x22, 0x06, 0x06, 0x15, 0x14, 0x16,
    0x33, 0x32, 0x36, 0x37, 0x33, 0x06, 0x06, 0x01, 0x73, 0x33, 0x38, 0x37, 0x42, 0x04, 0x4E, 0x05,
    0x6E, 0x5B, 0x5D, 0x5B, 0xED, 0x4E, 0x5A, 0x56, 0x5A, 0xAC, 0x9F, 0x39, 0x34, 0x33, 0x31, 0x2B,
    0x41, 0x25, 0x3F, 0x1F, 0x75, 0x01, 0x3E, 0x46, 0x65, 0x36, 0x39, 0x67, 0x43, 0x44, 0x62, 0x35,
    0x01, 0x02, 0xFE, 0x77, 0x01, 0x58, 0x1A, 0x47, 0x46, 0x2C, 0x46, 0x29, 0x54, 0x49, 0x2D, 0x40,
    0x11, 0x4C, 0x19, 0x6B, 0x87, 0xCC, 0x3A, 0x37, 0x2F, 0x2B, 0x4A, 0x54, 0x5A, 0x5A, 0xCD, 0x91,
    0x4C, 0x3F, 0x40, 0x4C, 0x10, 0x1E, 0x42, 0x1A, 0x09, 0x2C, 0x26, 0x23, 0x27, 0x1C, 0x32, 0x20,
    0x1F, 0x51, 0x42, 0x45, 0x78, 0x4E, 0x4E, 0x77, 0x42, 0x3E, 0x70, 0x4C, 0x0A, 0x12, 0x0B, 0x43,
    0x25, 0x5C, 0x63, 0x30, 0x57, 0x3B, 0x5B, 0x6D, 0x2B, 0x28, 0x46, 0x51, 0x00, 0x02, 0x00, 0x50,
    0xFF, 0xF7, 0x02, 0x34, 0x02, 0xD0, 0x00, 0x14, 0x00, 0x20, 0x00, 0x00, 0x45, 0x22, 0x26, 0x27,
    0x37, 0x15, 0x23, 0x11, 0x33, 0x11, 0x27, 0x36, 0x36, 0x33, 0x32, 0x16, 0x16, 0x15, 0x14, 0x06,
    0x06, 0x27, 0x32, 0x36, 0x35, 0x34, 0x26, 0x23, 0x22, 0x06, 0x15, 0x14, 0x16, 0x01, 0x4C, 0x48,
    0x62, 0x12, 0x0B, 0x4B, 0x50, 0x0B, 0x13, 0x65, 0x46, 0x44, 0x65, 0x38, 0x3A, 0x68, 0x52, 0x4C,
    0x56, 0x56, 0x4C, 0x4C, 0x58, 0x58, 0x09, 0x46, 0x40, 0x02, 0x7F, 0x02, 0xD0, 0xFE, 0xB7, 0x03,
    0x3B, 0x43, 0x42, 0x76, 0x4F, 0x50, 0x78, 0x42, 0x46, 0x69, 0x5B, 0x5A, 0x67, 0x69, 0x5B, 0x59,
    0x68, 0x00, 0x00, 0x01, 0x00, 0x28, 0xFF, 0xF6, 0x01, 0xF1, 0x02, 0x08, 0x00, 0x1F, 0x00, 0x00,
    0x45, 0x22, 0x26, 0x26, 0x35, 0x34, 0x36, 0x36, 0x33, 0x32, 0x16, 0x16, 0x17, 0x23, 0x26, 0x26,
    0x23, 0x22, 0x06, 0x06, 0x15, 0x14, 0x16, 0x16, 0x33, 0x32, 0x36, 0x37, 0x33, 0x0E, 0x02, 0x01,
    0x1A, 0x46, 0x6D, 0x3F, 0x3F, 0x6D, 0x45, 0x39, 0x5B, 0x3B, 0x08, 0x4A, 0x0A, 0x48, 0x39, 0x31,
    0x48, 0x28, 0x28, 0x49, 0x31, 0x37, 0x4A, 0x0A, 0x4A, 0x09, 0x3D, 0x5A, 0x0A, 0x45, 0x79, 0x4D,
    0x4D, 0x76, 0x44, 0x2C, 0x51, 0x36, 0x31, 0x3E, 0x30, 0x58, 0x3B, 0x3B, 0x5A, 0x32, 0x3D, 0x31,
    0x35, 0x51, 0x2C, 0x00, 0xFF, 0xFF, 0x00, 0x28, 0xFF, 0xF6, 0x01, 0xF1, 0x02, 0xE4, 0x06, 0x26,
    0x00, 0xA3, 0x00, 0x00, 0x00, 0x07, 0x01, 0xD5, 0x00, 0x8F, 0x00, 0x00, 0xFF, 0xFF, 0x00, 0x28,
    0xFF, 0xF6, 0x01, 0xF1, 0x02, 0xE4, 0x06, 0x26, 0x00, 0xA3, 0x00, 0x00, 0x00, 0x06, 0x01, 0xD9,
    0x26, 0x00, 0xFF, 0xFF, 0x00, 0x28, 0xFF, 0x29, 0x01, 0xF1, 0x02, 0x08, 0x06, 0x26, 0x00, 0xA3,
    0x00, 0x00, 0x00, 0x06, 0x01, 0xE0, 0x5B, 0x00, 0xFF, 0xFF, 0x00, 0x28, 0xFF, 0xF6, 0x01, 0xF1,
    0x02, 0xD0, 0x06, 0x26, 0x00, 0xA3, 0x00, 0x00, 0x00, 0x07, 0x01, 0xD3, 0x00, 0xB1, 0x00, 0x00,
    0x00, 0x02, 0x00, 0x2A, 0xFF, 0xF6, 0x02, 0x0E, 0x02, 0xD0, 0x00, 0x14, 0x00, 0x20, 0x00, 0x00,
    0x61, 0x35, 0x17, 0x06, 0x06, 0x23, 0x22, 0x26, 0x26, 0x35, 0x34, 0x36, 0x36, 0x33, 0x32, 0x16,
    0x17, 0x07, 0x11, 0x33, 0x11, 0x27, 0x32, 0x36, 0x35, 0x34, 0x26, 0x23, 0x22, 0x06, 0x15, 0x14,
    0x16, 0x01, 0xC3, 0x0A, 0x13, 0x65, 0x46, 0x45, 0x67, 0x39, 0x3A, 0x68, 0x46, 0x48, 0x62, 0x12,
    0x10, 0x50, 0xF0, 0x4D, 0x57, 0x58, 0x4C, 0x4C, 0x56, 0x56, 0x77, 0x03, 0x3A, 0x44, 0x42, 0x76,
    0x4F, 0x50, 0x78, 0x42, 0x46, 0x40, 0x02, 0x01, 0x51, 0xFD, 0x30, 0x3C, 0x69, 0x5B, 0x59, 0x68,
    0x68, 0x5C, 0x5A, 0x67, 0x00, 0x03, 0x00, 0x28, 0xFF, 0xF6, 0x02, 0x26, 0x02, 0xF3, 0x00, 0x1A,
    0x00, 0x29, 0x00, 0x2D, 0x00, 0x00, 0x45, 0x22, 0x26, 0x26, 0x35, 0x34, 0x36, 0x36, 0x33, 0x32,
    0x16, 0x16, 0x17, 0x07, 0x35, 0x34, 0x26, 0x26, 0x23, 0x37, 0x32, 0x1E, 0x02, 0x15, 0x14, 0x06,
    0x27, 0x32, 0x36, 0x36, 0x35, 0x34, 0x26, 0x26, 0x23, 0x22, 0x06, 0x15, 0x14, 0x16, 0x16, 0x03,
    0x27, 0x25, 0x17, 0x01, 0x1C, 0x44, 0x6F, 0x41, 0x41, 0x6D, 0x40, 0x36, 0x5A, 0x3C, 0x09, 0x15,
    0x55, 0xA1, 0x73, 0x0A, 0x63, 0x9F, 0x71, 0x3C, 0x90, 0x7E, 0x33, 0x4E, 0x2D, 0x31, 0x4E, 0x2D,
    0x46, 0x5A, 0x2B, 0x48, 0x2D, 0x1F, 0x01, 0x1C, 0x1F, 0x0A, 0x3B, 0x70, 0x4F, 0x50, 0x71, 0x3D,
    0x27, 0x46, 0x2F, 0x31, 0x41, 0x65, 0x8B, 0x47, 0x41, 0x33, 0x61, 0x8D, 0x5B, 0xAF, 0xB9, 0x48,
    0x2C, 0x54, 0x3C, 0x3A, 0x4D, 0x27, 0x5C, 0x5B, 0x3B, 0x50, 0x28, 0x01, 0xD1, 0x32, 0xB2, 0x32,
    0xFF, 0xFF, 0x00, 0x2A, 0xFF, 0xF6, 0x02, 0xA0, 0x02, 0xD0, 0x04, 0x26, 0x00, 0xA8, 0x00, 0x00,
    0x00, 0x07, 0x01, 0xD7, 0x02, 0x18, 0x00, 0x00, 0x00, 0x03, 0x00, 0x2A, 0xFF, 0xF6, 0x02, 0x5E,
    0x02, 0xD0, 0x00, 0x03, 0x00, 0x18, 0x00, 0x24, 0x00, 0x00, 0x41, 0x35, 0x21, 0x15, 0x03, 0x35,
    0x17, 0x06, 0x06, 0x23, 0x22, 0x26, 0x26, 0x35, 0x34, 0x36, 0x36, 0x33, 0x32, 0x16, 0x17, 0x07,
    0x11, 0x33, 0x11, 0x27, 0x32, 0x36, 0x35, 0x34, 0x26, 0x23, 0x22, 0x06, 0x15, 0x14, 0x16, 0x01,
    0x0F, 0x01, 0x4F, 0x9B, 0x0A, 0x13, 0x65, 0x46, 0x45, 0x67, 0x39, 0x3A, 0x68, 0x46, 0x48, 0x62,
    0x12, 0x10, 0x50, 0xF0, 0x4D, 0x57, 0x58, 0x4C, 0x4C, 0x56, 0x56, 0x02, 0x53, 0x3A, 0x3A, 0xFD,
    0xAD, 0x77, 0x03, 0x3A, 0x44, 0x42, 0x76, 0x4F, 0x50, 0x78, 0x42, 0x46, 0x40, 0x02, 0x01, 0x51,
    0xFD, 0x30, 0x3C, 0x69, 0x5B, 0x59, 0x68, 0x68, 0x5C, 0x5A, 0x67, 0x00, 0x00, 0x01, 0x00, 0x28,
    0xFF, 0xF6, 0x02, 0x0C, 0x02, 0x08, 0x00, 0x22, 0x00, 0x00, 0x45, 0x22, 0x26, 0x26, 0x35, 0x34,
    0x36, 0x36, 0x33, 0x32, 0x16, 0x16, 0x15, 0x14, 0x06, 0x07, 0x21, 0x35, 0x21, 0x07, 0x34, 0x26,
    0x23, 0x22, 0x06, 0x15, 0x14, 0x16, 0x33, 0x32, 0x36, 0x37, 0x33, 0x06, 0x06, 0x01, 0x21, 0x49,
    0x70, 0x40, 0x3F, 0x72, 0x4A, 0x47, 0x69, 0x39, 0x01, 0x02, 0xFE, 0x5B, 0x01, 0x74, 0x1A, 0x51,
    0x4A, 0x4C, 0x5D, 0x5D, 0x4E, 0x31, 0x4A, 0x11, 0x4C, 0x19, 0x75, 0x0A, 0x45, 0x78, 0x4E, 0x4E,
    0x77, 0x42, 0x3E, 0x70, 0x4C, 0x0A, 0x12, 0x0B, 0x43, 0x25, 0x5C, 0x63, 0x69, 0x59, 0x5B, 0x6D,
    0x2B, 0x28, 0x46, 0x51, 0xFF, 0xFF, 0x00, 0x28, 0xFF, 0xF6, 0x02, 0x0C, 0x02, 0xE4, 0x06, 0x26,
    0x00, 0xAC, 0x00, 0x00, 0x00, 0x07, 0x01, 0xD5, 0x00, 0x99, 0x00, 0x00, 0xFF, 0xFF, 0x00, 0x28,
    0xFF, 0xF6, 0x02, 0x0C, 0x02, 0xE4, 0x06, 0x26, 0x00, 0xAC, 0x00, 0x00, 0x00, 0x06, 0x01, 0xD9,
    0x30, 0x00, 0xFF, 0xFF, 0x00, 0x28, 0xFF, 0xF6, 0x02, 0x0C, 0x02, 0xE4, 0x06, 0x26, 0x00, 0xAC,
    0x00, 0x00, 0x00, 0x06, 0x01, 0xD8, 0x30, 0x00, 0xFF, 0xFF, 0x00, 0x28, 0xFF, 0xF6, 0x02, 0x0C,
    0x02, 0xD0, 0x06, 0x26, 0x00, 0xAC, 0x00, 0x00, 0x00, 0x06, 0x01, 0xD2, 0x48, 0x00, 0xFF, 0xFF,
    0x00, 0x28, 0xFF, 0xF6, 0x02, 0x0C, 0x02, 0xD0, 0x06, 0x26, 0x00, 0xAC, 0x00, 0x00, 0x00, 0x07,
    0x01, 0xD3, 0x00, 0xBB, 0x00, 0x00, 0xFF, 0xFF, 0x00, 0x28, 0xFF, 0xF6, 0x02, 0x0C, 0x02, 0xE4,
    0x06, 0x26, 0x00, 0xAC, 0x00, 0x00, 0x00, 0x06, 0x01, 0xD4, 0x4D, 0x00, 0xFF, 0xFF, 0x00, 0x28,
    0xFF, 0xF6, 0x02, 0x0C, 0x02, 0xBC, 0x06, 0x26, 0x00, 0xAC, 0x00, 0x00, 0x00, 0x06, 0x01, 0xDD,
    0x3C, 0x00, 0xFF, 0xFF, 0x00, 0x28, 0xFF, 0x3C, 0x02, 0x0C, 0x02, 0x08, 0x06, 0x26, 0x00, 0xAC,
    0x00, 0x00, 0x00, 0x07, 0x01, 0xE1, 0x00, 0xC3, 0x00, 0x14, 0x00, 0x02, 0x00, 0x11, 0x00, 0x00,
    0x01, 0x51, 0x02, 0xDA, 0x00, 0x0F, 0x00, 0x13, 0x00, 0x00, 0x73, 0x11, 0x34, 0x36, 0x33, 0x32,
    0x16, 0x17, 0x15, 0x26, 0x26, 0x23, 0x22, 0x06, 0x15, 0x11, 0x03, 0x35, 0x21, 0x15, 0x7A, 0x51,
    0x53, 0x14, 0x17, 0x08, 0x07, 0x19, 0x0E, 0x2E, 0x2B, 0xB9, 0x01, 0x35, 0x02, 0x46, 0x46, 0x4E,
    0x04, 0x03, 0x3F, 0x02, 0x04, 0x2E, 0x2A, 0xFD, 0xBE, 0x01, 0xBA, 0x44, 0x44, 0x00, 0x00, 0x02,
    0x00, 0x2A, 0xFF, 0x29, 0x02, 0x0E, 0x02, 0x07, 0x00, 0x20, 0x00, 0x2C, 0x00, 0x00, 0x45, 0x22,
    0x26, 0x27, 0x33, 0x16, 0x16, 0x33, 0x32, 0x36, 0x35, 0x35, 0x17, 0x06, 0x06, 0x23, 0x22, 0x26,
    0x26, 0x35, 0x34, 0x36, 0x36, 0x33, 0x32, 0x16, 0x17, 0x07, 0x35, 0x33, 0x11, 0x14, 0x06, 0x03,
    0x32, 0x36, 0x35, 0x34, 0x26, 0x23, 0x22, 0x06, 0x15, 0x14, 0x16, 0x01, 0x1B, 0x5B, 0x79, 0x0D,
    0x4C, 0x0B, 0x4D, 0x42, 0x4E, 0x50, 0x0A, 0x11, 0x66, 0x46, 0x43, 0x66, 0x38, 0x3A, 0x69, 0x46,
    0x48, 0x61, 0x10, 0x09, 0x4B, 0x82, 0x6D, 0x4B, 0x58, 0x58, 0x4B, 0x4C, 0x57, 0x58, 0xD7, 0x55,
    0x46, 0x28, 0x2F, 0x55, 0x52, 0x6D, 0x02, 0x3A, 0x45, 0x41, 0x74, 0x4D, 0x4E, 0x76, 0x41, 0x46,
    0x41, 0x01, 0x7F, 0xFE, 0x16, 0x6D, 0x7E, 0x01, 0x1C, 0x68, 0x59, 0x57, 0x65, 0x66, 0x59, 0x57,
    0x67, 0x00, 0xFF, 0xFF, 0x00, 0x2A, 0xFF, 0x29, 0x02, 0x0E, 0x02, 0xE4, 0x06, 0x26, 0x00, 0xB6,
    0x00, 0x00, 0x00, 0x06, 0x01, 0xDA, 0x3E, 0x00, 0xFF, 0xFF, 0x00, 0x2A, 0xFF, 0x29, 0x02, 0x0E,
    0x03, 0x25, 0x06, 0x26, 0x00, 0xB6, 0x00, 0x00, 0x00, 0x07, 0x01, 0xDE, 0x00, 0xA9, 0x00, 0x00,
    0xFF, 0xFF, 0x00, 0x2A, 0xFF, 0x29, 0x02, 0x0E, 0x02, 0xD0, 0x06, 0x26, 0x00, 0xB6, 0x00, 0x00,
    0x00, 0x07, 0x01, 0xD3, 0x00, 0xB5, 0x00, 0x00, 0x00, 0x02, 0x00, 0x50, 0x00, 0x00, 0x02, 0x0D,
    0x02, 0xD0, 0x00, 0x03, 0x00, 0x14, 0x00, 0x00, 0x73, 0x11, 0x33, 0x11, 0x21, 0x11, 0x34, 0x26,
    0x23, 0x22, 0x06, 0x06, 0x15, 0x27, 0x36, 0x36, 0x33, 0x32, 0x16, 0x15, 0x11, 0x50, 0x50, 0x01,
    0x1D, 0x3A, 0x39, 0x32, 0x4D, 0x2B, 0x0D, 0x1A, 0x6B, 0x44, 0x50, 0x61, 0x02, 0xD0, 0xFD, 0x30,
    0x01, 0x4E, 0x3A, 0x3A, 0x2C, 0x4E, 0x34, 0x79, 0x39, 0x42, 0x5B, 0x4A, 0xFE, 0x9D, 0x00, 0x03,
    0x00, 0x00, 0x00, 0x00, 0x02, 0x0D, 0x02, 0xD0, 0x00, 0x03, 0x00, 0x07, 0x00, 0x18, 0x00, 0x00,
    0x51, 0x35, 0x21, 0x15, 0x03, 0x11, 0x33, 0x11, 0x21, 0x11, 0x34, 0x26, 0x23, 0x22, 0x06, 0x06,
    0x15, 0x27, 0x36, 0x36, 0x33, 0x32, 0x16, 0x15, 0x11, 0x01, 0x4F, 0xFF, 0x50, 0x01, 0x1D, 0x3A,
    0x39, 0x32, 0x4D, 0x2B, 0x0D, 0x1A, 0x6B, 0x44, 0x50, 0x61, 0x02, 0x53, 0x3A, 0x3A, 0xFD, 0xAD,
    0x02, 0xD0, 0xFD, 0x30, 0x01, 0x4E, 0x3A, 0x3A, 0x2C, 0x4E, 0x34, 0x79, 0x39, 0x42, 0x5B, 0x4A,
    0xFE, 0x9D, 0xFF, 0xFF, 0x00, 0x4A, 0x00, 0x00, 0x00, 0xA6, 0x02, 0xD0, 0x06, 0x26, 0x00, 0xBD,
    0x00, 0x00, 0x00, 0x06, 0x01, 0xD3, 0x0E, 0x00, 0x00, 0x01, 0x00, 0x50, 0x00, 0x00, 0x00, 0xA0,
    0x01, 0xFE, 0x00, 0x03, 0x00, 0x00, 0x73, 0x11, 0x33, 0x11, 0x50, 0x50, 0x01, 0xFE, 0xFE, 0x02,
    0xFF, 0xFF, 0x00, 0x28, 0x00, 0x00, 0x01, 0x14, 0x02, 0xE4, 0x06, 0x26, 0x00, 0xBD, 0x00, 0x00,
    0x00, 0x06, 0x01, 0xD5, 0xEC, 0x00, 0xFF, 0xFF, 0xFF, 0xBF, 0x00, 0x00, 0x01, 0x31, 0x02, 0xE4,
    0x06, 0x26, 0x00, 0xBD, 0x00, 0x00, 0x00, 0x06, 0x01, 0xD8, 0x83, 0x00, 0xFF, 0xFF, 0xFF, 0xD7,
    0x00, 0x00, 0x01, 0x18, 0x02, 0xD0, 0x06, 0x26, 0x00, 0xBD, 0x00, 0x00, 0x00, 0x06, 0x01, 0xD2,
    0x9B, 0x00, 0xFF, 0xFF, 0x00, 0x4A, 0x00, 0x00, 0x00, 0xA6, 0x02, 0xD0, 0x06, 0x26, 0x00, 0xBD,
    0x00, 0x00, 0x00, 0x06, 0x01, 0xD3, 0x0E, 0x00, 0xFF, 0xFF, 0xFF, 0xDC, 0x00, 0x00, 0x00, 0xC8,
    0x02, 0xE4, 0x06, 0x26, 0x00, 0xBD, 0x00, 0x00, 0x00, 0x06, 0x01, 0xD4, 0xA0, 0x00, 0xFF, 0xFF,
    0x00, 0x4A, 0xFF, 0x29, 0x01, 0x93, 0x02, 0xD0, 0x04, 0x26, 0x00, 0xBD, 0x00, 0x00, 0x00, 0x26,
    0x01, 0xD3, 0x0E, 0x00, 0x00, 0x27, 0x00, 0xC7, 0x00, 0xED, 0x00, 0x00, 0x00, 0x07, 0x01, 0xD3,
    0x00, 0xFB, 0x00, 0x00, 0xFF, 0xFF, 0xFF, 0xCB, 0x00, 0x00, 0x01, 0x25, 0x02, 0xBC, 0x06, 0x26,
    0x00, 0xBD, 0x00, 0x00, 0x00, 0x06, 0x01, 0xDD, 0x8F, 0x00, 0xFF, 0xFF, 0x00, 0x06, 0xFF, 0x28,
    0x00, 0xA6, 0x02, 0xD0, 0x06, 0x26, 0x00, 0xBD, 0x00, 0x00, 0x00, 0x26, 0x01, 0xD3, 0x0E, 0x00,
    0x00, 0x06, 0x01, 0xE1, 0xCA, 0x00, 0xFF, 0xFF, 0xFF, 0xDD, 0xFF, 0x29, 0x00, 0xA6, 0x02, 0xD0,
    0x06, 0x26, 0x00, 0xC7, 0x00, 0x00, 0x00, 0x06, 0x01, 0xD3, 0x0E, 0x00, 0x00, 0x01, 0xFF, 0xDD,
    0xFF, 0x29, 0x00, 0xA0, 0x01, 0xFE, 0x00, 0x0F, 0x00, 0x00, 0x57, 0x22, 0x26, 0x27, 0x35, 0x16,
    0x16, 0x33, 0x32, 0x36, 0x35, 0x11, 0x33, 0x11, 0x14, 0x06, 0x10, 0x13, 0x18, 0x08, 0x07, 0x19,
    0x0E, 0x27, 0x1E, 0x50, 0x44, 0xD7, 0x04, 0x03, 0x3F, 0x02, 0x04, 0x22, 0x22, 0x02, 0x51, 0xFD,
    0xAB, 0x3E, 0x42, 0x00, 0x00, 0x02, 0x00, 0x50, 0x00, 0x00, 0x02, 0x0B, 0x02, 0xE4, 0x00, 0x03,
    0x00, 0x0A, 0x00, 0x00, 0x73, 0x11, 0x33, 0x11, 0x33, 0x01, 0x25, 0x33, 0x01, 0x37, 0x01, 0x50,
    0x50, 0xFD, 0xFE, 0xF1, 0x01, 0x05, 0x6E, 0xFE, 0xDB, 0x05, 0x01, 0x2A, 0x02, 0xE4, 0xFD, 0x1C,
    0x01, 0x09, 0xF5, 0xFE, 0xF4, 0x2F, 0xFE, 0xDF, 0xFF, 0xFF, 0x00, 0x50, 0xFE, 0xD8, 0x02, 0x0B,
    0x02, 0xE4, 0x06, 0x26, 0x00, 0xC8, 0x00, 0x00, 0x00, 0x07, 0x01, 0xDF, 0x00, 0xAA, 0x00, 0x00,
    0x00, 0x01, 0x00, 0x50, 0x00, 0x00, 0x00, 0xA0, 0x02, 0xD0, 0x00, 0x03, 0x00, 0x00, 0x73, 0x11,
    0x33, 0x11, 0x50, 0x50, 0x02, 0xD0, 0xFD, 0x30, 0xFF, 0xFF, 0x00, 0x28, 0x00, 0x00, 0x01, 0x14,
    0x03, 0xB6, 0x06, 0x26, 0x00, 0xCA, 0x00, 0x00, 0x00, 0x07, 0x01, 0xD5, 0xFF, 0xEC, 0x00, 0xD2,
    0xFF, 0xFF, 0x00, 0x50, 0x00, 0x00, 0x01, 0x32, 0x02, 0xD0, 0x04, 0x26, 0x00, 0xCA, 0x00, 0x00,
    0x00, 0x07, 0x01, 0xD7, 0x00, 0xAA, 0x00, 0x00, 0xFF, 0xFF, 0x00, 0x43, 0xFE, 0xD8, 0x00, 0xAC,
    0x02, 0xD0, 0x06, 0x26, 0x00, 0xCA, 0x00, 0x00, 0x00, 0x06, 0x01, 0xDF, 0x02, 0x00, 0x00, 0x03,
    0x00, 0x00, 0x00, 0x00, 0x01, 0x04, 0x02, 0xD0, 0x00, 0x03, 0x00, 0x07, 0x00, 0x0B, 0x00, 0x00,
    0x53, 0x07, 0x35, 0x37, 0x35, 0x37, 0x15, 0x07, 0x03, 0x11, 0x33, 0x11, 0x85, 0x85, 0x83, 0x81,
    0x7F, 0x2B, 0x50, 0x01, 0x59, 0x35, 0x40, 0x34, 0x04, 0x34, 0x40, 0x33, 0xFE, 0xA3, 0x02, 0xD0,
    0xFD, 0x30, 0x00, 0x03, 0x00, 0x50, 0x00, 0x00, 0x03, 0x50, 0x02, 0x08, 0x00, 0x05, 0x00, 0x16,
    0x00, 0x27, 0x00, 0x00, 0x73, 0x11, 0x33, 0x15, 0x33, 0x11, 0x21, 0x11, 0x34, 0x26, 0x23, 0x22,
    0x06, 0x06, 0x15, 0x27, 0x36, 0x36, 0x33, 0x32, 0x16, 0x15, 0x11, 0x21, 0x11, 0x34, 0x26, 0x23,
    0x22, 0x06, 0x06, 0x15, 0x27, 0x36, 0x36, 0x33, 0x32, 0x16, 0x15, 0x11, 0x50, 0x4B, 0x05, 0x01,
    0x08, 0x34, 0x31, 0x2E, 0x4A, 0x2B, 0x0D, 0x1A, 0x68, 0x3D, 0x4A, 0x5C, 0x01, 0x08, 0x34, 0x31,
    0x2E, 0x4A, 0x2B, 0x14, 0x1A, 0x6C, 0x3E, 0x4A, 0x5E, 0x01, 0xFE, 0x78, 0xFE, 0x7A, 0x01, 0x52,
    0x3A, 0x36, 0x2C, 0x4E, 0x34, 0x79, 0x39, 0x42, 0x57, 0x4A, 0xFE, 0x99, 0x01, 0x52, 0x3A, 0x36,
    0x2C, 0x4E, 0x34, 0x79, 0x39, 0x42, 0x57, 0x4A, 0xFE, 0x99, 0x00, 0x02, 0x00, 0x50, 0x00, 0x00,
    0x02, 0x0D, 0x02, 0x08, 0x00, 0x05, 0x00, 0x16, 0x00, 0x00, 0x73, 0x11, 0x33, 0x15, 0x33, 0x11,
    0x21, 0x11, 0x34, 0x26, 0x23, 0x22, 0x06, 0x06, 0x15, 0x27, 0x36, 0x36, 0x33, 0x32, 0x16, 0x15,
    0x11, 0x50, 0x4B, 0x05, 0x01, 0x1D, 0x3A, 0x39, 0x32, 0x4D, 0x2B, 0x0D, 0x1A, 0x6B, 0x44, 0x50,
    0x61, 0x01, 0xFE, 0x78, 0xFE, 0x7A, 0x01, 0x4E, 0x3A, 0x3A, 0x2C, 0x4E, 0x34, 0x79, 0x39, 0x42,
    0x5B, 0x4A, 0xFE, 0x9D, 0xFF, 0xFF, 0x00, 0x50, 0x00, 0x00, 0x02, 0x0D, 0x02, 0xE4, 0x06, 0x26,
    0x00, 0xD0, 0x00, 0x00, 0x00, 0x07, 0x01, 0xD5, 0x00, 0xBE, 0x00, 0x00, 0xFF, 0xFF, 0x00, 0x50,
    0x00, 0x00, 0x02, 0x0D, 0x02, 0xE4, 0x06, 0x26, 0x00, 0xD0, 0x00, 0x00, 0x00, 0x06, 0x01, 0xD9,
    0x55, 0x00, 0xFF, 0xFF, 0x00, 0x50, 0xFE, 0xD8, 0x02, 0x0D, 0x02, 0x08, 0x06, 0x26, 0x00, 0xD0,
    0x00, 0x00, 0x00, 0x07, 0x01, 0xDF, 0x00, 0xC6, 0x00, 0x00, 0xFF, 0xFF, 0x00, 0x50, 0x00, 0x00,
    0x02, 0x0D, 0x02, 0xD2, 0x06, 0x26, 0x00, 0xD0, 0x00, 0x00, 0x00, 0x06, 0x01, 0xDC, 0x52, 0x00,
    0x00, 0x02, 0x00, 0x50, 0xFF, 0x29, 0x02, 0x0D, 0x02, 0x08, 0x00, 0x1C, 0x00, 0x22, 0x00, 0x00,
    0x45, 0x22, 0x26, 0x27, 0x35, 0x16, 0x16, 0x33, 0x32, 0x36, 0x35, 0x11, 0x34, 0x26, 0x23, 0x22,
    0x06, 0x06, 0x15, 0x27, 0x36, 0x36, 0x33, 0x32, 0x16, 0x15, 0x11, 0x14, 0x06, 0x25, 0x11, 0x33,
    0x15, 0x33, 0x11, 0x01, 0x7D, 0x13, 0x18, 0x08, 0x07, 0x19, 0x0E, 0x27, 0x1E, 0x3A, 0x39, 0x32,
    0x4D, 0x2B, 0x0D, 0x1A, 0x6B, 0x44, 0x50, 0x61, 0x44, 0xFE, 0x87, 0x4B, 0x05, 0xD7, 0x04, 0x03,
    0x3F, 0x02, 0x04, 0x22, 0x22, 0x01, 0xA1, 0x3A, 0x3A, 0x2C, 0x4E, 0x34, 0x79, 0x39, 0x42, 0x5B,
    0x4A, 0xFE, 0x46, 0x3E, 0x42, 0xD7, 0x01, 0xFE, 0x78, 0xFE, 0x7A, 0x00, 0x00, 0x02, 0x00, 0x28,
    0xFF, 0xF6, 0x02, 0x20, 0x02, 0x08, 0x00, 0x0F, 0x00, 0x1D, 0x00, 0x00, 0x45, 0x22, 0x26, 0x26,
    0x35, 0x34, 0x36, 0x36, 0x33, 0x32, 0x16, 0x16, 0x15, 0x14, 0x06, 0x06, 0x27, 0x32, 0x36, 0x36,
    0x35, 0x34, 0x26, 0x23, 0x22, 0x06, 0x15, 0x14, 0x16, 0x16, 0x01, 0x24, 0x4B, 0x72, 0x3F, 0x40,
    0x71, 0x4B, 0x4C, 0x71, 0x3F, 0x3F, 0x71, 0x4C, 0x34, 0x4C, 0x2A, 0x5D, 0x4D, 0x4C, 0x5E, 0x2A,
    0x4D, 0x0A, 0x46, 0x79, 0x4C, 0x4D, 0x76, 0x44, 0x44, 0x76, 0x4D, 0x4C, 0x79, 0x46, 0x44, 0x33,
    0x5A, 0x3B, 0x58, 0x6A, 0x6A, 0x58, 0x3B, 0x5A, 0x33, 0x00, 0xFF, 0xFF, 0x00, 0x28, 0xFF, 0xF6,
    0x02, 0x20, 0x02, 0xE4, 0x06, 0x26, 0x00, 0xD6, 0x00, 0x00, 0x00, 0x07, 0x01, 0xD5, 0x00, 0x98,
    0x00, 0x00, 0xFF, 0xFF, 0x00, 0x28, 0xFF, 0xF6, 0x02, 0x20, 0x02, 0xE4, 0x06, 0x26, 0x00, 0xD6,
    0x00, 0x00, 0x00, 0x06, 0x01, 0xD8, 0x2F, 0x00, 0xFF, 0xFF, 0x00, 0x28, 0xFF, 0xF6, 0x02, 0x20,
    0x02, 0xD0, 0x06, 0x26, 0x00, 0xD6, 0x00, 0x00, 0x00, 0x06, 0x01, 0xD2, 0x47, 0x00, 0xFF, 0xFF,
    0x00, 0x28, 0xFF, 0xF6, 0x02, 0x20, 0x02, 0xE4, 0x06, 0x26, 0x00, 0xD6, 0x00, 0x00, 0x00, 0x06,
    0x01, 0xD4, 0x4C, 0x00, 0xFF, 0xFF, 0x00, 0x28, 0xFF, 0xF6, 0x02, 0x20, 0x02, 0xE4, 0x06, 0x26,
    0x00, 0xD6, 0x00, 0x00, 0x00, 0x06, 0x01, 0xD6, 0x53, 0x00, 0xFF, 0xFF, 0x00, 0x28, 0xFF, 0xF6,
    0x02, 0x20, 0x02, 0xBC, 0x06, 0x26, 0x00, 0xD6, 0x00, 0x00, 0x00, 0x06, 0x01, 0xDD, 0x3B, 0x00,
    0x00, 0x03, 0x00, 0x23, 0xFF, 0xF6, 0x02, 0x25, 0x02, 0x08, 0x00, 0x0F, 0x00, 0x1D, 0x00, 0x21,
    0x00, 0x00, 0x45, 0x22, 0x26, 0x26, 0x35, 0x34, 0x36, 0x36, 0x33, 0x32, 0x16, 0x16, 0x15, 0x14,
    0x06, 0x06, 0x27, 0x32, 0x36, 0x36, 0x35, 0x34, 0x26, 0x23, 0x22, 0x06, 0x15, 0x14, 0x16, 0x16,
    0x07, 0x27, 0x01, 0x17, 0x01, 0x24, 0x4B, 0x72, 0x3F, 0x40, 0x71, 0x4B, 0x4C, 0x71, 0x3F, 0x3F,
    0x71, 0x4C, 0x34, 0x4C, 0x2A, 0x5D, 0x4D, 0x4C, 0x5E, 0x2A, 0x4D, 0xA5, 0x29, 0x01, 0xD9, 0x29,
    0x0A, 0x46, 0x79, 0x4C, 0x4D, 0x76, 0x44, 0x44, 0x76, 0x4D, 0x4C, 0x79, 0x46, 0x44, 0x33, 0x5A,
    0x3B, 0x58, 0x6A, 0x6A, 0x58, 0x3B, 0x5A, 0x33, 0x3C, 0x29, 0x01, 0xD9, 0x29, 0x00, 0xFF, 0xFF,
    0x00, 0x28, 0xFF, 0xF6, 0x02, 0x20, 0x02, 0xD2, 0x06, 0x26, 0x00, 0xD6, 0x00, 0x00, 0x00, 0x06,
    0x01, 0xDC, 0x2C, 0x00, 0x00, 0x03, 0x00, 0x28, 0xFF, 0xF6, 0x03, 0x8A, 0x02, 0x08, 0x00, 0x0F,
    0x00, 0x1F, 0x00, 0x44, 0x00, 0x00, 0x45, 0x22, 0x26, 0x26, 0x35, 0x34, 0x36, 0x36, 0x33, 0x32,
    0x16, 0x16, 0x15, 0x14, 0x06, 0x06, 0x27, 0x32, 0x36, 0x36, 0x35, 0x34, 0x26, 0x26, 0x23, 0x22,
    0x06, 0x06, 0x15, 0x14, 0x16, 0x16, 0x05, 0x22, 0x26, 0x26, 0x35, 0x34, 0x36, 0x36, 0x33, 0x32,
    0x16, 0x16, 0x15, 0x14, 0x06, 0x07, 0x21, 0x35, 0x21, 0x07, 0x34, 0x26, 0x23, 0x22, 0x06, 0x06,
    0x15, 0x14, 0x16, 0x16, 0x33, 0x32, 0x36, 0x37, 0x33, 0x06, 0x06, 0x01, 0x1A, 0x46, 0x6E, 0x3E,
    0x3F, 0x6D, 0x46, 0x47, 0x68, 0x39, 0x39, 0x68, 0x47, 0x2F, 0x48, 0x29, 0x29, 0x48, 0x2F, 0x2E,
    0x48, 0x2A, 0x2A, 0x48, 0x01, 0xBD, 0x44, 0x67, 0x3A, 0x3A, 0x68, 0x45, 0x42, 0x65, 0x38, 0x01,
    0x02, 0xFE, 0x6F, 0x01, 0x60, 0x1A, 0x4E, 0x43, 0x2E, 0x48, 0x29, 0x29, 0x49, 0x2F, 0x29, 0x48,
    0x11, 0x4C, 0x19, 0x72, 0x0A, 0x46, 0x79, 0x4C, 0x4D, 0x76, 0x44, 0x44, 0x76, 0x4D, 0x4C, 0x79,
    0x46, 0x44, 0x33, 0x5A, 0x3B, 0x3B, 0x57, 0x30, 0x30, 0x57, 0x3B, 0x3B, 0x5A, 0x33, 0x44, 0x45,
    0x78, 0x4E, 0x4E, 0x77, 0x42, 0x3E, 0x70, 0x4C, 0x0A, 0x12, 0x0B, 0x43, 0x25, 0x5C, 0x63, 0x30,
    0x57, 0x3B, 0x3C, 0x5A, 0x32, 0x2B, 0x28, 0x46, 0x51, 0x00, 0x00, 0x02, 0x00, 0x50, 0xFF, 0x33,
    0x02, 0x34, 0x02, 0x08, 0x00, 0x14, 0x00, 0x20, 0x00, 0x00, 0x45, 0x22, 0x26, 0x27, 0x37, 0x11,
    0x23, 0x11, 0x33, 0x15, 0x27, 0x36, 0x36, 0x33, 0x32, 0x16, 0x16, 0x15, 0x14, 0x06, 0x06, 0x27,
    0x32, 0x36, 0x35, 0x34, 0x26, 0x23, 0x22, 0x06, 0x15, 0x14, 0x16, 0x01, 0x4C, 0x48, 0x62, 0x12,
    0x10, 0x50, 0x4B, 0x0B, 0x13, 0x6A, 0x46, 0x44, 0x65, 0x38, 0x3A, 0x68, 0x52, 0x4C, 0x56, 0x56,
    0x4C, 0x4C, 0x58, 0x58, 0x09, 0x46, 0x40, 0x02, 0xFE, 0xB4, 0x02, 0xCB, 0x77, 0x03, 0x3B, 0x43,
    0x42, 0x76, 0x4F, 0x50, 0x78, 0x42, 0x46, 0x69, 0x5B, 0x5A, 0x67, 0x69, 0x5B, 0x59, 0x68, 0x00,
    0x00, 0x02, 0x00, 0x50, 0xFF, 0x33, 0x02, 0x34, 0x02, 0xD0, 0x00, 0x14, 0x00, 0x20, 0x00, 0x00,
    0x45, 0x22, 0x26, 0x27, 0x37, 0x11, 0x23, 0x11, 0x33, 0x11, 0x27, 0x36, 0x36, 0x33, 0x32, 0x16,
    0x16, 0x15, 0x14, 0x06, 0x06, 0x27, 0x32, 0x36, 0x35, 0x34, 0x26, 0x23, 0x22, 0x06, 0x15, 0x14,
    0x16, 0x01, 0x4C, 0x48, 0x62, 0x12, 0x10, 0x50, 0x50, 0x10, 0x13, 0x6A, 0x46, 0x44, 0x65, 0x38,
    0x3A, 0x68, 0x52, 0x4C, 0x56, 0x56, 0x4C, 0x4C, 0x58, 0x58, 0x09, 0x46, 0x40, 0x02, 0xFE, 0xB4,
    0x03, 0x9D, 0xFE, 0xB7, 0x03, 0x3B, 0x43, 0x42, 0x76, 0x4F, 0x50, 0x78, 0x42, 0x46, 0x69, 0x5B,
    0x5A, 0x67, 0x69, 0x5B, 0x59, 0x68, 0x00, 0x02, 0x00, 0x2A, 0xFF, 0x33, 0x02, 0x0E, 0x02, 0x07,
    0x00, 0x14, 0x00, 0x20, 0x00, 0x00, 0x45, 0x11, 0x17, 0x06, 0x06, 0x23, 0x22, 0x26, 0x26, 0x35,
    0x34, 0x36, 0x36, 0x33, 0x32, 0x16, 0x17, 0x07, 0x35, 0x33, 0x11, 0x03, 0x32, 0x36, 0x35, 0x34,
    0x26, 0x23, 0x22, 0x06, 0x15, 0x14, 0x16, 0x01, 0xBE, 0x0F, 0x13, 0x65, 0x46, 0x45, 0x67, 0x39,
    0x3A, 0x68, 0x46, 0x48, 0x62, 0x12, 0x0B, 0x4B, 0xF0, 0x4D, 0x57, 0x58, 0x4C, 0x4C, 0x56, 0x56,
    0xCD, 0x01, 0x44, 0x03, 0x3A, 0x44, 0x41, 0x77, 0x4F, 0x50, 0x78, 0x42, 0x46, 0x40, 0x02, 0x7F,
    0xFD, 0x35, 0x01, 0x09, 0x69, 0x5B, 0x59, 0x68, 0x68, 0x5C, 0x5A, 0x67, 0x00, 0x02, 0x00, 0x50,
    0x00, 0x00, 0x01, 0x5F, 0x02, 0x08, 0x00, 0x05, 0x00, 0x12, 0x00, 0x00, 0x73, 0x11, 0x33, 0x15,
    0x33, 0x11, 0x11, 0x27, 0x36, 0x36, 0x33, 0x32, 0x17, 0x15, 0x26, 0x26, 0x23, 0x22, 0x06, 0x50,
    0x4B, 0x05, 0x0D, 0x12, 0x5C, 0x3C, 0x19, 0x09, 0x05, 0x12, 0x0D, 0x4C, 0x4F, 0x01, 0xFE, 0x82,
    0xFE, 0x84, 0x01, 0x0A, 0x79, 0x41, 0x44, 0x04, 0x4D, 0x02, 0x01, 0x5B, 0xFF, 0xFF, 0x00, 0x50,
    0x00, 0x00, 0x01, 0x73, 0x02, 0xE4, 0x06, 0x26, 0x00, 0xE3, 0x00, 0x00, 0x00, 0x06, 0x01, 0xD5,
    0x4B, 0x00, 0xFF, 0xFF, 0x00, 0x1E, 0x00, 0x00, 0x01, 0x90, 0x02, 0xE4, 0x06, 0x26, 0x00, 0xE3,
    0x00, 0x00, 0x00, 0x06, 0x01, 0xD9, 0xE2, 0x00, 0xFF, 0xFF, 0x00, 0x43, 0xFE, 0xD8, 0x01, 0x5F,
    0x02, 0x08, 0x06, 0x26, 0x00, 0xE3, 0x00, 0x00, 0x00, 0x06, 0x01, 0xDF, 0x02, 0x00, 0x00, 0x01,
    0x00, 0x27, 0xFF, 0xF6, 0x01, 0xBD, 0x02, 0x08, 0x00, 0x27, 0x00, 0x00, 0x57, 0x22, 0x26, 0x27,
    0x33, 0x16, 0x16, 0x33, 0x32, 0x36, 0x35, 0x34, 0x26, 0x27, 0x27, 0x26, 0x26, 0x35, 0x34, 0x36,
    0x33, 0x32, 0x16, 0x17, 0x23, 0x26, 0x26, 0x23, 0x22, 0x06, 0x15, 0x14, 0x16, 0x17, 0x17, 0x16,
    0x16, 0x15, 0x14, 0x06, 0xFD, 0x5E, 0x70, 0x08, 0x4D, 0x07, 0x48, 0x3C, 0x35, 0x3C, 0x22, 0x33,
    0x52, 0x46, 0x46, 0x62, 0x54, 0x53, 0x68, 0x07, 0x4D, 0x07, 0x3E, 0x33, 0x31, 0x36, 0x27, 0x2E,
    0x50, 0x47, 0x48, 0x66, 0x0A, 0x57, 0x50, 0x31, 0x34, 0x28, 0x25, 0x1A, 0x27, 0x0D, 0x15, 0x12,
    0x4B, 0x34, 0x42, 0x4D, 0x50, 0x47, 0x29, 0x2C, 0x25, 0x22, 0x1A, 0x26, 0x0D, 0x16, 0x13, 0x4E,
    0x37, 0x43, 0x4B, 0x00, 0xFF, 0xFF, 0x00, 0x27, 0xFF, 0xF6, 0x01, 0xBD, 0x02, 0xE4, 0x06, 0x26,
    0x00, 0xE7, 0x00, 0x00, 0x00, 0x06, 0x01, 0xD5, 0x65, 0x00, 0xFF, 0xFF, 0x00, 0x27, 0xFF, 0xF6,
    0x01, 0xBD, 0x02, 0xE4, 0x06, 0x26, 0x00, 0xE7, 0x00, 0x00, 0x00, 0x06, 0x01, 0xD9, 0xFC, 0x00,
    0xFF, 0xFF, 0x00, 0x27, 0xFF, 0x29, 0x01, 0xBD, 0x02, 0x08, 0x06, 0x26, 0x00, 0xE7, 0x00, 0x00,
    0x00, 0x06, 0x01, 0xE0, 0x3E, 0x00, 0xFF, 0xFF, 0x00, 0x27, 0xFE, 0xD8, 0x01, 0xBD, 0x02, 0x08,
    0x06, 0x26, 0x00, 0xE7, 0x00, 0x00, 0x00, 0x07, 0x01, 0xDF, 0x00, 0x84, 0x00, 0x00, 0x00, 0x01,
    0x00, 0x50, 0xFF, 0xF7, 0x02, 0x3E, 0x02, 0xDA, 0x00, 0x30, 0x00, 0x00, 0x45, 0x22, 0x26, 0x27,
    0x35, 0x16, 0x16, 0x33, 0x32, 0x36, 0x35, 0x34, 0x26, 0x23, 0x23, 0x35, 0x33, 0x32, 0x36, 0x36,
    0x35, 0x34, 0x26, 0x23, 0x22, 0x06, 0x15, 0x11, 0x23, 0x11, 0x34, 0x36, 0x33, 0x32, 0x16, 0x16,
    0x15, 0x14, 0x06, 0x06, 0x23, 0x27, 0x32, 0x16, 0x16, 0x15, 0x14, 0x06, 0x06, 0x01, 0x3D, 0x17,
    0x24, 0x0B, 0x0F, 0x20, 0x13, 0x63, 0x50, 0x59, 0x4A, 0x3E, 0x3C, 0x22, 0x3A, 0x23, 0x4D, 0x41,
    0x41, 0x57, 0x50, 0x7E, 0x68, 0x44, 0x65, 0x39, 0x31, 0x52, 0x33, 0x07, 0x45, 0x66, 0x38, 0x3D,
    0x73, 0x09, 0x05, 0x04, 0x44, 0x04, 0x05, 0x4B, 0x3E, 0x41, 0x51, 0x46, 0x1E, 0x38, 0x25, 0x3B,
    0x48, 0x53, 0x55, 0xFE, 0x0E, 0x01, 0xF6, 0x6B, 0x79, 0x2E, 0x55, 0x39, 0x33, 0x4E, 0x2C, 0x15,
    0x33, 0x58, 0x3A, 0x3C, 0x5B, 0x33, 0x00, 0x02, 0x00, 0x11, 0xFF, 0xF7, 0x01, 0x62, 0x02, 0x93,
    0x00, 0x0F, 0x00, 0x13, 0x00, 0x00, 0x45, 0x22, 0x26, 0x35, 0x11, 0x37, 0x11, 0x14, 0x16, 0x33,
    0x32, 0x36, 0x37, 0x15, 0x06, 0x06, 0x01, 0x35, 0x21, 0x15, 0x01, 0x1C, 0x55, 0x4D, 0x50, 0x2C,
    0x32, 0x14, 0x1D, 0x09, 0x0A, 0x25, 0xFE, 0xDE, 0x01, 0x51, 0x09, 0x4D, 0x49, 0x01, 0xE8, 0x1E,
    0xFD, 0xFB, 0x2B, 0x28, 0x05, 0x04, 0x44, 0x04, 0x05, 0x01, 0xC3, 0x44, 0x44, 0x00, 0xFF, 0xFF,
    0x00, 0x11, 0xFF, 0xF7, 0x01, 0x7B, 0x03, 0x0C, 0x06, 0x26, 0x00, 0xED, 0x00, 0x00, 0x00, 0x07,
    0x01, 0xD7, 0x00, 0xF3, 0x00, 0x3C, 0xFF, 0xFF, 0x00, 0x11, 0xFE, 0xD8, 0x01, 0x62, 0x02, 0x93,
    0x06, 0x26, 0x00, 0xED, 0x00, 0x00, 0x00, 0x07, 0x01, 0xDF, 0x00, 0x80, 0x00, 0x00, 0x00, 0x02,
    0x00, 0x4A, 0xFF, 0xF6, 0x01, 0xFD, 0x01, 0xFE, 0x00, 0x11, 0x00, 0x17, 0x00, 0x00, 0x57, 0x22,
    0x26, 0x26, 0x35, 0x11, 0x33, 0x11, 0x14, 0x16, 0x33, 0x32, 0x36, 0x36, 0x35, 0x17, 0x06, 0x06,
    0x37, 0x35, 0x23, 0x11, 0x33, 0x11, 0xF6, 0x32, 0x4E, 0x2C, 0x50, 0x39, 0x35, 0x30, 0x4A, 0x2B,
    0x0D, 0x19, 0x6A, 0x7B, 0x05, 0x50, 0x0A, 0x29, 0x4B, 0x31, 0x01, 0x63, 0xFE, 0xB2, 0x3A, 0x3A,
    0x2C, 0x4F, 0x33, 0x79, 0x39, 0x42, 0x0A, 0x78, 0x01, 0x86, 0xFE, 0x02, 0xFF, 0xFF, 0x00, 0x4A,
    0xFF, 0xF6, 0x01, 0xFD, 0x02, 0xE4, 0x06, 0x26, 0x00, 0xF0, 0x00, 0x00, 0x00, 0x07, 0x01, 0xD5,
    0x00, 0x9B, 0x00, 0x00, 0xFF, 0xFF, 0x00, 0x4A, 0xFF, 0xF6, 0x01, 0xFD, 0x02, 0xE4, 0x06, 0x26,
    0x00, 0xF0, 0x00, 0x00, 0x00, 0x06, 0x01, 0xDA, 0x46, 0x00, 0xFF, 0xFF, 0x00, 0x4A, 0xFF, 0xF6,
    0x01, 0xFD, 0x02, 0xE4, 0x06, 0x26, 0x00, 0xF0, 0x00, 0x00, 0x00, 0x06, 0x01, 0xD8, 0x32, 0x00,
    0xFF, 0xFF, 0x00, 0x4A, 0xFF, 0xF6, 0x01, 0xFD, 0x02, 0xD0, 0x06, 0x26, 0x00, 0xF0, 0x00, 0x00,
    0x00, 0x06, 0x01, 0xD2, 0x4A, 0x00, 0xFF, 0xFF, 0x00, 0x4A, 0xFF, 0xF6, 0x01, 0xFD, 0x02, 0xE4,
    0x06, 0x26, 0x00, 0xF0, 0x00, 0x00, 0x00, 0x06, 0x01, 0xD4, 0x4F, 0x00, 0xFF, 0xFF, 0x00, 0x4A,
    0xFF, 0xF6, 0x01, 0xFD, 0x02, 0xE4, 0x06, 0x26, 0x00, 0xF0, 0x00, 0x00, 0x00, 0x06, 0x01, 0xD6,
    0x56, 0x00, 0xFF, 0xFF, 0x00, 0x4A, 0xFF, 0xF6, 0x01, 0xFD, 0x02, 0xBC, 0x06, 0x26, 0x00, 0xF0,
    0x00, 0x00, 0x00, 0x06, 0x01, 0xDD, 0x3E, 0x00, 0xFF, 0xFF, 0x00, 0x4A, 0xFF, 0x28, 0x02, 0x00,
    0x01, 0xFE, 0x06, 0x26, 0x00, 0xF0, 0x00, 0x00, 0x00, 0x07, 0x01, 0xE1, 0x01, 0x27, 0x00, 0x00,
    0xFF, 0xFF, 0x00, 0x4A, 0xFF, 0xF6, 0x01, 0xFD, 0x03, 0x08, 0x06, 0x26, 0x00, 0xF0, 0x00, 0x00,
    0x00, 0x06, 0x01, 0xDB, 0x7F, 0x00, 0x00, 0x01, 0x00, 0x12, 0x00, 0x00, 0x01, 0xF9, 0x01, 0xFE,
    0x00, 0x07, 0x00, 0x00, 0x73, 0x03, 0x33, 0x13, 0x23, 0x13, 0x33, 0x03, 0xE5, 0xD3, 0x56, 0xB0,
    0x20, 0xAF, 0x52, 0xD3, 0x01, 0xFE, 0xFE, 0x38, 0x01, 0xC8, 0xFE, 0x02, 0x00, 0x01, 0x00, 0x1C,
    0x00, 0x00, 0x02, 0xE3, 0x01, 0xFE, 0x00, 0x0F, 0x00, 0x00, 0x73, 0x03, 0x33, 0x13, 0x23, 0x13,
    0x33, 0x13, 0x23, 0x13, 0x33, 0x03, 0x23, 0x03, 0x33, 0x03, 0xB8, 0x9C, 0x51, 0x78, 0x14, 0x90,
    0x41, 0x91, 0x14, 0x77, 0x4D, 0x9C, 0x41, 0x90, 0x15, 0x92, 0x01, 0xFE, 0xFE, 0x4B, 0x01, 0xB5,
    0xFE, 0x4B, 0x01, 0xB5, 0xFE, 0x02, 0x01, 0xAB, 0xFE, 0x55, 0xFF, 0xFF, 0x00, 0x1C, 0x00, 0x00,
    0x02, 0xE3, 0x02, 0xE4, 0x06, 0x26, 0x00, 0xFB, 0x00, 0x00, 0x00, 0x07, 0x01, 0xD5, 0x00, 0xF4,
    0x00, 0x00, 0xFF, 0xFF, 0x00, 0x1C, 0x00, 0x00, 0x02, 0xE3, 0x02, 0xE4, 0x06, 0x26, 0x00, 0xFB,
    0x00, 0x00, 0x00, 0x07, 0x01, 0xD8, 0x00, 0x8B, 0x00, 0x00, 0xFF, 0xFF, 0x00, 0x1C, 0x00, 0x00,
    0x02, 0xE3, 0x02, 0xD0, 0x06, 0x26, 0x00, 0xFB, 0x00, 0x00, 0x00, 0x07, 0x01, 0xD2, 0x00, 0xA3,
    0x00, 0x00, 0xFF, 0xFF, 0x00, 0x1C, 0x00, 0x00, 0x02, 0xE3, 0x02, 0xE4, 0x06, 0x26, 0x00, 0xFB,
    0x00, 0x00, 0x00, 0x07, 0x01, 0xD4, 0x00, 0xA8, 0x00, 0x00, 0x00, 0x03, 0x00, 0x20, 0x00, 0x00,
    0x02, 0x07, 0x01, 0xFE, 0x00, 0x05, 0x00, 0x09, 0x00, 0x0D, 0x00, 0x00, 0x61, 0x27, 0x03, 0x33,
    0x17, 0x13, 0x01, 0x37, 0x33, 0x03, 0x07, 0x07, 0x23, 0x13, 0x01, 0xAA, 0xA9, 0xCA, 0x5D, 0x9C,
    0xD7, 0xFE, 0xFF, 0xA0, 0x5A, 0xD0, 0x08, 0xAD, 0x5B, 0xE1, 0xED, 0x01, 0x11, 0xDB, 0xFE, 0xDD,
    0x01, 0x1F, 0xDF, 0xFE, 0xEB, 0x01, 0xE8, 0x01, 0x21, 0x00, 0x00, 0x02, 0x00, 0x12, 0xFF, 0x33,
    0x01, 0xF9, 0x01, 0xFE, 0x00, 0x05, 0x00, 0x09, 0x00, 0x00, 0x57, 0x13, 0x37, 0x13, 0x33, 0x01,
    0x37, 0x03, 0x33, 0x13, 0x7C, 0x72, 0x12, 0xA7, 0x52, 0xFE, 0xD8, 0x26, 0xE5, 0x58, 0xC5, 0xCD,
    0x01, 0x09, 0x1C, 0x01, 0xA6, 0xFD, 0x35, 0xC8, 0x02, 0x03, 0xFE, 0x33, 0xFF, 0xFF, 0x00, 0x12,
    0xFF, 0x33, 0x01, 0xF9, 0x02, 0xE4, 0x06, 0x26, 0x01, 0x01, 0x00, 0x00, 0x00, 0x06, 0x01, 0xD5,
    0x7A, 0x00, 0xFF, 0xFF, 0x00, 0x12, 0xFF, 0x33, 0x01, 0xF9, 0x02, 0xE4, 0x06, 0x26, 0x01, 0x01,
    0x00, 0x00, 0x00, 0x06, 0x01, 0xD8, 0x11, 0x00, 0xFF, 0xFF, 0x00, 0x12, 0xFF, 0x33, 0x01, 0xF9,
    0x02, 0xD0, 0x06, 0x26, 0x01, 0x01, 0x00, 0x00, 0x00, 0x06, 0x01, 0xD2, 0x29, 0x00, 0xFF, 0xFF,
    0x00, 0x12, 0xFF, 0x33, 0x01, 0xF9, 0x02, 0xE4, 0x06, 0x26, 0x01, 0x01, 0x00, 0x00, 0x00, 0x06,
    0x01, 0xD4, 0x2E, 0x00, 0x00, 0x01, 0x00, 0x36, 0x00, 0x00, 0x01, 0xC2, 0x01, 0xFE, 0x00, 0x0B,
    0x00, 0x00, 0x73, 0x35, 0x01, 0x17, 0x21, 0x35, 0x21, 0x15, 0x01, 0x27, 0x21, 0x15, 0x36, 0x01,
    0x36, 0x1E, 0xFE, 0xB6, 0x01, 0x78, 0xFE, 0xCA, 0x1E, 0x01, 0x5E, 0x3A, 0x01, 0xA5, 0x25, 0x44,
    0x3A, 0xFE, 0x5B, 0x25, 0x44, 0x00, 0xFF, 0xFF, 0x00, 0x36, 0x00, 0x00, 0x01, 0xC2, 0x02, 0xE4,
    0x06, 0x26, 0x01, 0x06, 0x00, 0x00, 0x00, 0x06, 0x01, 0xD5, 0x6C, 0x00, 0xFF, 0xFF, 0x00, 0x36,
    0x00, 0x00, 0x01, 0xC2, 0x02, 0xE4, 0x06, 0x26, 0x01, 0x06, 0x00, 0x00, 0x00, 0x06, 0x01, 0xD9,
    0x03, 0x00, 0xFF, 0xFF, 0x00, 0x36, 0x00, 0x00, 0x01, 0xC2, 0x02, 0xD0, 0x06, 0x26, 0x01, 0x06,
    0x00, 0x00, 0x00, 0x07, 0x01, 0xD3, 0x00, 0x8E, 0x00, 0x00, 0xFF, 0xFF, 0x00, 0x2E, 0xFF, 0xF6,
    0x01, 0xD6, 0x02, 0xD0, 0x06, 0x26, 0x00, 0x96, 0x00, 0x00, 0x00, 0x06, 0x01, 0xE2, 0x24, 0x00,
    0xFF, 0xFF, 0x00, 0x28, 0xFF, 0xF6, 0x01, 0xF1, 0x02, 0xD0, 0x06, 0x26, 0x00, 0xA3, 0x00, 0x00,
    0x00, 0x07, 0x01, 0xE3, 0x00, 0xA7, 0x00, 0x00, 0xFF, 0xFF, 0x00, 0x28, 0xFF, 0xF6, 0x02, 0x0C,
    0x02, 0xD0, 0x06, 0x26, 0x00, 0xAC, 0x00, 0x00, 0x00, 0x06, 0x01, 0xE2, 0x3E, 0x00, 0xFF, 0xFF,
    0x00, 0x28, 0xFF, 0xF6, 0x02, 0x0C, 0x02, 0xD0, 0x06, 0x26, 0x00, 0xAC, 0x00, 0x00, 0x00, 0x07,
    0x01, 0xE3, 0x00, 0xB1, 0x00, 0x00, 0xFF, 0xFF, 0x00, 0x2A, 0xFF, 0x29, 0x02, 0x0E, 0x03, 0x25,
    0x06, 0x26, 0x00, 0xB6, 0x00, 0x00, 0x00, 0x07, 0x01, 0xE4, 0x00, 0xA9, 0x00, 0x00, 0xFF, 0xFF,
    0x00, 0x2A, 0xFF, 0x29, 0x02, 0x0E, 0x02, 0xD0, 0x06, 0x26, 0x00, 0xB6, 0x00, 0x00, 0x00, 0x07,
    0x01, 0xE3, 0x00, 0xAB, 0x00, 0x00, 0xFF, 0xFF, 0x00, 0x40, 0x00, 0x00, 0x00, 0xAF, 0x02, 0xD0,
    0x06, 0x26, 0x00, 0xBD, 0x00, 0x00, 0x00, 0x06, 0x01, 0xE3, 0x04, 0x00, 0xFF, 0xFF, 0xFF, 0xCD,
    0x00, 0x00, 0x01, 0x22, 0x02, 0xD0, 0x06, 0x26, 0x00, 0xBD, 0x00, 0x00, 0x00, 0x06, 0x01, 0xE2,
    0x91, 0x00, 0xFF, 0xFF, 0x00, 0x40, 0x00, 0x00, 0x00, 0xAF, 0x02, 0xD0, 0x06, 0x26, 0x00, 0xBD,
    0x00, 0x00, 0x00, 0x06, 0x01, 0xE3, 0x04, 0x00, 0xFF, 0xFF, 0x00, 0x40, 0xFF, 0x29, 0x01, 0x98,
    0x02, 0xD0, 0x04, 0x26, 0x00, 0xBD, 0x00, 0x00, 0x00, 0x26, 0x01, 0xE3, 0x04, 0x00, 0x00, 0x27,
    0x00, 0xC7, 0x00, 0xE9, 0x00, 0x00, 0x00, 0x07, 0x01, 0xE3, 0x00, 0xED, 0x00, 0x00, 0xFF, 0xFF,
    0x00, 0x06, 0xFF, 0x28, 0x00, 0xAF, 0x02, 0xD0, 0x06, 0x26, 0x00, 0xBD, 0x00, 0x00, 0x00, 0x26,
    0x01, 0xE3, 0x04, 0x00, 0x00, 0x06, 0x01, 0xE1, 0xCA, 0x00, 0xFF, 0xFF, 0xFF, 0xDD, 0xFF, 0x29,
    0x00, 0xAF, 0x02, 0xD0, 0x06, 0x26, 0x00, 0xC7, 0x00, 0x00, 0x00, 0x06, 0x01, 0xE3, 0x04, 0x00,
    0xFF, 0xFF, 0x00, 0x50, 0xFE, 0xD8, 0x02, 0x0B, 0x02, 0xE4, 0x06, 0x26, 0x00, 0xC8, 0x00, 0x00,
    0x00, 0x07, 0x01, 0xE5, 0x00, 0xAA, 0x00, 0x00, 0xFF, 0xFF, 0x00, 0x3E, 0xFE, 0xD8, 0x00, 0xB1,
    0x02, 0xD0, 0x06, 0x26, 0x00, 0xCA, 0x00, 0x00, 0x00, 0x06, 0x01, 0xE5, 0x02, 0x00, 0xFF, 0xFF,
    0x00, 0x50, 0xFE, 0xD8, 0x02, 0x0D, 0x02, 0x08, 0x06, 0x26, 0x00, 0xD0, 0x00, 0x00, 0x00, 0x07,
    0x01, 0xE5, 0x00, 0xC6, 0x00, 0x00, 0xFF, 0xFF, 0x00, 0x28, 0xFF, 0xF6, 0x02, 0x20, 0x02, 0xD0,
    0x06, 0x26, 0x00, 0xD6, 0x00, 0x00, 0x00, 0x06, 0x01, 0xE2, 0x3D, 0x00, 0xFF, 0xFF, 0x00, 0x3E,
    0xFE, 0xD8, 0x01, 0x5F, 0x02, 0x08, 0x06, 0x26, 0x00, 0xE3, 0x00, 0x00, 0x00, 0x06, 0x01, 0xE5,
    0x02, 0x00, 0xFF, 0xFF, 0x00, 0x27, 0xFE, 0xD8, 0x01, 0xBD, 0x02, 0x08, 0x06, 0x26, 0x00, 0xE7,
    0x00, 0x00, 0x00, 0x07, 0x01, 0xE5, 0x00, 0x84, 0x00, 0x00, 0xFF, 0xFF, 0x00, 0x11, 0xFE, 0xD8,
    0x01, 0x62, 0x02, 0x93, 0x06, 0x26, 0x00, 0xED, 0x00, 0x00, 0x00, 0x07, 0x01, 0xE5, 0x00, 0x80,
    0x00, 0x00, 0xFF, 0xFF, 0x00, 0x4A, 0xFF, 0xF6, 0x01, 0xFD, 0x02, 0xD0, 0x06, 0x26, 0x00, 0xF0,
    0x00, 0x00, 0x00, 0x06, 0x01, 0xE2, 0x40, 0x00, 0xFF, 0xFF, 0x00, 0x1C, 0x00, 0x00, 0x02, 0xE3,
    0x02, 0xD0, 0x06, 0x26, 0x00, 0xFB, 0x00, 0x00, 0x00, 0x07, 0x01, 0xE2, 0x00, 0x99, 0x00, 0x00,
    0xFF, 0xFF, 0x00, 0x12, 0xFF, 0x33, 0x01, 0xF9, 0x02, 0xD0, 0x06, 0x26, 0x01, 0x01, 0x00, 0x00,
    0x00, 0x06, 0x01, 0xE2, 0x1F, 0x00, 0xFF, 0xFF, 0x00, 0x36, 0x00, 0x00, 0x01, 0xC2, 0x02, 0xD0,
    0x06, 0x26, 0x01, 0x06, 0x00, 0x00, 0x00, 0x07, 0x01, 0xE3, 0x00, 0x84, 0x00, 0x00, 0x00, 0x02,
    0x00, 0x2A, 0xFF, 0xF6, 0x02, 0x0E, 0x02, 0x07, 0x00, 0x14, 0x00, 0x20, 0x00, 0x00, 0x45, 0x22,
    0x26, 0x26, 0x35, 0x34, 0x36, 0x36, 0x33, 0x32, 0x16, 0x17, 0x07, 0x35, 0x33, 0x11, 0x23, 0x35,
    0x17, 0x06, 0x06, 0x27, 0x32, 0x36, 0x35, 0x34, 0x26, 0x23, 0x22, 0x06, 0x15, 0x14, 0x16, 0x01,
    0x0F, 0x45, 0x67, 0x39, 0x3A, 0x68, 0x46, 0x48, 0x62, 0x12, 0x0B, 0x4B, 0x4B, 0x0A, 0x13, 0x65,
    0x37, 0x4D, 0x57, 0x58, 0x4C, 0x4C, 0x56, 0x56, 0x0A, 0x42, 0x76, 0x4F, 0x50, 0x78, 0x42, 0x46,
    0x40, 0x02, 0x7F, 0xFE, 0x02, 0x77, 0x03, 0x3A, 0x44, 0x46, 0x69, 0x5B, 0x59, 0x68, 0x68, 0x5C,
    0x5A, 0x67, 0xFF, 0xFF, 0x00, 0x2A, 0xFF, 0xF6, 0x02, 0x0E, 0x02, 0xE4, 0x06, 0x26, 0x01, 0x21,
    0x00, 0x00, 0x00, 0x07, 0x01, 0xD5, 0x00, 0xA3, 0x00, 0x00, 0xFF, 0xFF, 0x00, 0x2A, 0xFF, 0xF6,
    0x02, 0x0E, 0x02, 0xE4, 0x06, 0x26, 0x01, 0x21, 0x00, 0x00, 0x00, 0x06, 0x01, 0xDA, 0x4E, 0x00,
    0xFF, 0xFF, 0x00, 0x2A, 0xFF, 0xF6, 0x02, 0x0E, 0x02, 0xE4, 0x06, 0x26, 0x01, 0x21, 0x00, 0x00,
    0x00, 0x06, 0x01, 0xD9, 0x3A, 0x00, 0xFF, 0xFF, 0x00, 0x2A, 0xFF, 0xF6, 0x02, 0x0E, 0x02, 0xE4,
    0x06, 0x26, 0x01, 0x21, 0x00, 0x00, 0x00, 0x06, 0x01, 0xD8, 0x3A, 0x00, 0xFF, 0xFF, 0x00, 0x2A,
    0xFF, 0xF6, 0x02, 0x0E, 0x02, 0xD0, 0x06, 0x26, 0x01, 0x21, 0x00, 0x00, 0x00, 0x06, 0x01, 0xD2,
    0x52, 0x00, 0xFF, 0xFF, 0x00, 0x2A, 0xFF, 0xF6, 0x02, 0x0E, 0x02, 0xE4, 0x06, 0x26, 0x01, 0x21,
    0x00, 0x00, 0x00, 0x06, 0x01, 0xD4, 0x57, 0x00, 0xFF, 0xFF, 0x00, 0x2A, 0xFF, 0xF6, 0x02, 0x0E,
    0x02, 0xBC, 0x06, 0x26, 0x01, 0x21, 0x00, 0x00, 0x00, 0x06, 0x01, 0xDD, 0x46, 0x00, 0xFF, 0xFF,
    0x00, 0x2A, 0xFF, 0x28, 0x02, 0x11, 0x02, 0x07, 0x06, 0x26, 0x01, 0x21, 0x00, 0x00, 0x00, 0x07,
    0x01, 0xE1, 0x01, 0x38, 0x00, 0x00, 0xFF, 0xFF, 0x00, 0x2A, 0xFF, 0xF6, 0x02, 0x0E, 0x03, 0x08,
    0x06, 0x26, 0x01, 0x21, 0x00, 0x00, 0x00, 0x07, 0x01, 0xDB, 0x00, 0x87, 0x00, 0x00, 0xFF, 0xFF,
    0x00, 0x2A, 0xFF, 0xF6, 0x02, 0x0E, 0x02, 0xD2, 0x06, 0x26, 0x01, 0x21, 0x00, 0x00, 0x00, 0x06,
    0x01, 0xDC, 0x37, 0x00, 0x00, 0x02, 0x00, 0x12, 0xFF, 0x29, 0x01, 0xF9, 0x01, 0xFE, 0x00, 0x12,
    0x00, 0x16, 0x00, 0x00, 0x57, 0x22, 0x26, 0x27, 0x35, 0x16, 0x16, 0x33, 0x32, 0x36, 0x3F, 0x02,
    0x13, 0x33, 0x03, 0x0E, 0x02, 0x37, 0x03, 0x33, 0x13, 0x76, 0x10, 0x1C, 0x08, 0x08, 0x1A, 0x0F,
    0x25, 0x2C, 0x12, 0x26, 0x0C, 0x9F, 0x52, 0xE7, 0x11, 0x2C, 0x39, 0x5B, 0xE5, 0x54, 0xC5, 0xD7,
    0x05, 0x03, 0x3F, 0x03, 0x04, 0x28, 0x31, 0x67, 0x21, 0x01, 0xB4, 0xFD, 0xAA, 0x2C, 0x39, 0x1A,
    0xD2, 0x02, 0x03, 0xFE, 0x33, 0x00, 0xFF, 0xFF, 0x00, 0x12, 0xFF, 0x29, 0x01, 0xF9, 0x02, 0xE4,
    0x06, 0x26, 0x01, 0x2C, 0x00, 0x00, 0x00, 0x06, 0x01, 0xD5, 0x7C, 0x00, 0xFF, 0xFF, 0x00, 0x12,
    0xFF, 0x29, 0x01, 0xF9, 0x02, 0xE4, 0x06, 0x26, 0x01, 0x2C, 0x00, 0x00, 0x00, 0x06, 0x01, 0xD8,
    0x13, 0x00, 0xFF, 0xFF, 0x00, 0x12, 0xFF, 0x29, 0x01, 0xF9, 0x02, 0xD0, 0x06, 0x26, 0x01, 0x2C,
    0x00, 0x00, 0x00, 0x06, 0x01, 0xD2, 0x2B, 0x00, 0xFF, 0xFF, 0x00, 0x12, 0xFF, 0x29, 0x01, 0xF9,
    0x02, 0xE4, 0x06, 0x26, 0x01, 0x2C, 0x00, 0x00, 0x00, 0x06, 0x01, 0xD4, 0x30, 0x00, 0x00, 0x03,
    0x00, 0x50, 0x00, 0x00, 0x02, 0x0B, 0x02, 0xD0, 0x00, 0x03, 0x00, 0x09, 0x00, 0x0D, 0x00, 0x00,
    0x73, 0x11, 0x33, 0x11, 0x27, 0x01, 0x33, 0x0F, 0x02, 0x37, 0x13, 0x23, 0x03, 0x50, 0x50, 0x0A,
    0x01, 0x04, 0x64, 0xDC, 0x08, 0x8A, 0xA6, 0xD5, 0x5E, 0xC0, 0x02, 0xD0, 0xFD, 0x30, 0xEB, 0x01,
    0x13, 0xE9, 0x01, 0x8E, 0xAA, 0xFE, 0xD0, 0x01, 0x18, 0x00, 0xFF, 0xFF, 0x00, 0x50, 0xFE, 0xD8,
    0x02, 0x0B, 0x02, 0xD0, 0x06, 0x26, 0x01, 0x31, 0x00, 0x00, 0x00, 0x07, 0x01, 0xDF, 0x00, 0xAA,
    0x00, 0x00, 0xFF, 0xFF, 0x00, 0x2A, 0xFF, 0xF6, 0x02, 0x0E, 0x02, 0xD0, 0x06, 0x26, 0x01, 0x21,
    0x00, 0x00, 0x00, 0x06, 0x01, 0xE2, 0x48, 0x00, 0xFF, 0xFF, 0x00, 0x12, 0xFF, 0x29, 0x01, 0xF9,
    0x02, 0xD0, 0x06, 0x26, 0x01, 0x2C, 0x00, 0x00, 0x00, 0x06, 0x01, 0xE2, 0x21, 0x00, 0xFF, 0xFF,
    0x00, 0x50, 0xFE, 0xD8, 0x02, 0x0B, 0x02, 0xD0, 0x06, 0x26, 0x01, 0x31, 0x00, 0x00, 0x00, 0x07,
    0x01, 0xE5, 0x00, 0xAA, 0x00, 0x00, 0x00, 0x05, 0x00, 0x11, 0x00, 0x00, 0x03, 0x54, 0x02, 0xDA,
    0x00, 0x0F, 0x00, 0x1F, 0x00, 0x23, 0x00, 0x27, 0x00, 0x2B, 0x00, 0x00, 0x73, 0x11, 0x34, 0x36,
    0x33, 0x32, 0x16, 0x17, 0x15, 0x26, 0x26, 0x23, 0x22, 0x06, 0x15, 0x11, 0x33, 0x11, 0x34, 0x36,
    0x33, 0x32, 0x16, 0x17, 0x15, 0x26, 0x26, 0x23, 0x22, 0x06, 0x15, 0x11, 0x33, 0x11, 0x33, 0x11,
    0x01, 0x35, 0x21, 0x15, 0x27, 0x35, 0x33, 0x15, 0x7A, 0x51, 0x53, 0x14, 0x17, 0x08, 0x07, 0x19,
    0x0E, 0x2E, 0x2B, 0xF2, 0x51, 0x53, 0x14, 0x17, 0x08, 0x07, 0x19, 0x0E, 0x2E, 0x2B, 0xF2, 0x50,
    0xFC, 0xC3, 0x03, 0x1A, 0x33, 0x5C, 0x02, 0x46, 0x46, 0x4E, 0x04, 0x03, 0x3F, 0x02, 0x04, 0x2E,
    0x2A, 0xFD, 0xBE, 0x02, 0x46, 0x46, 0x4E, 0x04, 0x03, 0x3F, 0x02, 0x04, 0x2E, 0x2A, 0xFD, 0xBE,
    0x01, 0xFE, 0xFE, 0x02, 0x01, 0xBA, 0x44, 0x44, 0xB8, 0x5E, 0x5E, 0x00, 0x00, 0x04, 0x00, 0x11,
    0x00, 0x00, 0x03, 0x4E, 0x02, 0xD0, 0x00, 0x0B, 0x00, 0x1B, 0x00, 0x1F, 0x00, 0x23, 0x00, 0x00,
    0x61, 0x11, 0x34, 0x36, 0x33, 0x33, 0x15, 0x23, 0x22, 0x06, 0x15, 0x11, 0x21, 0x11, 0x34, 0x36,
    0x33, 0x32, 0x16, 0x17, 0x15, 0x26, 0x26, 0x23, 0x22, 0x06, 0x15, 0x11, 0x03, 0x35, 0x21, 0x15,
    0x13, 0x11, 0x33, 0x11, 0x01, 0xBC, 0x52, 0x57, 0xB9, 0xB9, 0x2E, 0x2B, 0xFE, 0x6E, 0x51, 0x53,
    0x14, 0x17, 0x08, 0x07, 0x19, 0x0E, 0x2E, 0x2B, 0xB9, 0x02, 0x6F, 0x7E, 0x50, 0x02, 0x3C, 0x46,
    0x4E, 0x40, 0x2E, 0x2A, 0xFD, 0xC8, 0x02, 0x3C, 0x46, 0x4E, 0x04, 0x03, 0x3F, 0x02, 0x04, 0x2E,
    0x2A, 0xFD, 0xC8, 0x01, 0xBA, 0x44, 0x44, 0xFE, 0x46, 0x02, 0xD0, 0xFD, 0x30, 0x00, 0x00, 0x04,
    0x00, 0x11, 0x00, 0x00, 0x02, 0x12, 0x02, 0xDA, 0x00, 0x0F, 0x00, 0x13, 0x00, 0x17, 0x00, 0x1B,
    0x00, 0x00, 0x73, 0x11, 0x34, 0x36, 0x33, 0x32, 0x16, 0x17, 0x15, 0x26, 0x26, 0x23, 0x22, 0x06,
    0x15, 0x11, 0x33, 0x11, 0x33, 0x11, 0x01, 0x35, 0x21, 0x15, 0x27, 0x35, 0x33, 0x15, 0x7A, 0x51,
    0x53, 0x14, 0x17, 0x08, 0x07, 0x19, 0x0E, 0x2E, 0x2B, 0xF2, 0x50, 0xFE, 0x05, 0x01, 0xD8, 0x33,
    0x5C, 0x02, 0x46, 0x46, 0x4E, 0x04, 0x03, 0x3F, 0x02, 0x04, 0x2E, 0x2A, 0xFD, 0xBE, 0x01, 0xFE,
    0xFE, 0x02, 0x01, 0xBA, 0x44, 0x44, 0xB8, 0x5E, 0x5E, 0x00, 0x00, 0x03, 0x00, 0x11, 0x00, 0x00,
    0x02, 0x0C, 0x02, 0xD0, 0x00, 0x0B, 0x00, 0x0F, 0x00, 0x13, 0x00, 0x00, 0x73, 0x11, 0x34, 0x36,
    0x33, 0x33, 0x15, 0x23, 0x22, 0x06, 0x15, 0x11, 0x03, 0x35, 0x21, 0x15, 0x13, 0x11, 0x33, 0x11,
    0x7A, 0x52, 0x57, 0xB9, 0xB9, 0x2E, 0x2B, 0xB9, 0x01, 0x2D, 0x7E, 0x50, 0x02, 0x3C, 0x46, 0x4E,
    0x40, 0x2E, 0x2A, 0xFD, 0xC8, 0x01, 0xBA, 0x44, 0x44, 0xFE, 0x46, 0x02, 0xD0, 0xFD, 0x30, 0x00,
    0x00, 0x01, 0x00, 0x1C, 0x00, 0x00, 0x08, 0x1A, 0x01, 0xFE, 0x00, 0x2F, 0x00, 0x00, 0x73, 0x03,
    0x33, 0x13, 0x23, 0x13, 0x33, 0x13, 0x23, 0x13, 0x33, 0x13, 0x23, 0x13, 0x33, 0x13, 0x23, 0x13,
    0x33, 0x13, 0x23, 0x13, 0x33, 0x13, 0x23, 0x13, 0x33, 0x03, 0x23, 0x03, 0x33, 0x03, 0x23, 0x03,
    0x33, 0x03, 0x23, 0x03, 0x33, 0x03, 0x23, 0x03, 0x33, 0x03, 0x23, 0x03, 0x33, 0x03, 0xB8, 0x9C,
    0x51, 0x78, 0x14, 0x90, 0x41, 0x91, 0x14, 0x8F, 0x41, 0x91, 0x14, 0x90, 0x41, 0x91, 0x14, 0x90,
    0x41, 0x91, 0x14, 0x90, 0x41, 0x91, 0x14, 0x77, 0x4D, 0x9C, 0x41, 0x90, 0x15, 0x92, 0x41, 0x90,
    0x15, 0x92, 0x41, 0x90, 0x15, 0x92, 0x41, 0x90, 0x16, 0x92, 0x41, 0x90, 0x15, 0x92, 0x01, 0xFE,
    0xFE, 0x4B, 0x01, 0xB5, 0xFE, 0x4B, 0x01, 0xB5, 0xFE, 0x4B, 0x01, 0xB5, 0xFE, 0x4B, 0x01, 0xB5,
    0xFE, 0x4B, 0x01, 0xB5, 0xFE, 0x4B, 0x01, 0xB5, 0xFE, 0x02, 0x01, 0xAB, 0xFE, 0x55, 0x01, 0xAB,
    0xFE, 0x55, 0x01, 0xAB, 0xFE, 0x55, 0x01, 0xAB, 0xFE, 0x55, 0x01, 0xAB, 0xFE, 0x55, 0x00, 0x05,
    0x00, 0x11, 0x00, 0x00, 0x03, 0x5E, 0x02, 0xDA, 0x00, 0x0F, 0x00, 0x1F, 0x00, 0x23, 0x00, 0x27,
    0x00, 0x33, 0x00, 0x00, 0x61, 0x11, 0x34, 0x36, 0x33, 0x32, 0x16, 0x17, 0x15, 0x26, 0x26, 0x23,
    0x22, 0x06, 0x15, 0x11, 0x21, 0x11, 0x34, 0x36, 0x33, 0x32, 0x16, 0x17, 0x15, 0x26, 0x26, 0x23,
    0x22, 0x06, 0x15, 0x11, 0x03, 0x35, 0x21, 0x15, 0x03, 0x11, 0x33, 0x11, 0x03, 0x22, 0x26, 0x35,
    0x34, 0x36, 0x33, 0x32, 0x16, 0x15, 0x14, 0x06, 0x01, 0xBC, 0x51, 0x53, 0x14, 0x17, 0x08, 0x07,
    0x19, 0x0E, 0x2E, 0x2B, 0xFE, 0x6E, 0x51, 0x53, 0x14, 0x17, 0x08, 0x07, 0x19, 0x0E, 0x2E, 0x2B,
    0xB9, 0x03, 0x1A, 0x2D, 0x50, 0x27, 0x17, 0x21, 0x21, 0x17, 0x17, 0x20, 0x20, 0x02, 0x46, 0x46,
    0x4E, 0x04, 0x03, 0x3F, 0x02, 0x04, 0x2E, 0x2A, 0xFD, 0xBE, 0x02, 0x46, 0x46, 0x4E, 0x04, 0x03,
    0x3F, 0x02, 0x04, 0x2E, 0x2A, 0xFD, 0xBE, 0x01, 0xBA, 0x44, 0x44, 0xFE, 0x46, 0x01, 0xFE, 0xFE,
    0x02, 0x02, 0x5F, 0x21, 0x18, 0x19, 0x1F, 0x1F, 0x19, 0x18, 0x21, 0x00, 0x00, 0x04, 0x00, 0x11,
    0x00, 0x00, 0x02, 0x1C, 0x02, 0xDA, 0x00, 0x0F, 0x00, 0x13, 0x00, 0x1F, 0x00, 0x23, 0x00, 0x00,
    0x73, 0x11, 0x34, 0x36, 0x33, 0x32, 0x16, 0x17, 0x15, 0x26, 0x26, 0x23, 0x22, 0x06, 0x15, 0x11,
    0x33, 0x11, 0x33, 0x11, 0x03, 0x22, 0x26, 0x35, 0x34, 0x36, 0x33, 0x32, 0x16, 0x15, 0x14, 0x06,
    0x05, 0x35, 0x21, 0x15, 0x7A, 0x51, 0x53, 0x14, 0x17, 0x08, 0x07, 0x19, 0x0E, 0x2E, 0x2B, 0xF2,
    0x50, 0x27, 0x17, 0x21, 0x21, 0x17, 0x17, 0x20, 0x20, 0xFE, 0x15, 0x01, 0xD8, 0x02, 0x46, 0x46,
    0x4E, 0x04, 0x03, 0x3F, 0x02, 0x04, 0x2E, 0x2A, 0xFD, 0xBE, 0x01, 0xFE, 0xFE, 0x02, 0x02, 0x5F,
    0x21, 0x18, 0x19, 0x1F, 0x1F, 0x19, 0x18, 0x21, 0xA5, 0x44, 0x44, 0x00, 0x00, 0x02, 0x00, 0x2E,
    0x01, 0x9C, 0x01, 0x34, 0x02, 0xDA, 0x00, 0x16, 0x00, 0x2C, 0x00, 0x00, 0x53, 0x26, 0x26, 0x35,
    0x23, 0x35, 0x34, 0x26, 0x23, 0x22, 0x06, 0x07, 0x23, 0x36, 0x36, 0x33, 0x32, 0x16, 0x15, 0x15,
    0x14, 0x16, 0x17, 0x07, 0x22, 0x26, 0x35, 0x34, 0x36, 0x37, 0x37, 0x15, 0x07, 0x06, 0x06, 0x15,
    0x14, 0x16, 0x33, 0x32, 0x36, 0x35, 0x17, 0x06, 0x06, 0xF7, 0x03, 0x02, 0x03, 0x1C, 0x1E, 0x1C,
    0x23, 0x03, 0x3C, 0x04, 0x45, 0x37, 0x3B, 0x3B, 0x04, 0x03, 0xA4, 0x2D, 0x35, 0x35, 0x37, 0x62,
    0x58, 0x1A, 0x1E, 0x1B, 0x19, 0x22, 0x2D, 0x08, 0x0C, 0x38, 0x01, 0xA2, 0x0B, 0x1D, 0x13, 0x90,
    0x1D, 0x1D, 0x18, 0x14, 0x2C, 0x33, 0x38, 0x36, 0x8F, 0x10, 0x1D, 0x0E, 0x06, 0x2E, 0x28, 0x27,
    0x31, 0x09, 0x11, 0x2E, 0x0F, 0x04, 0x15, 0x16, 0x14, 0x15, 0x23, 0x1A, 0x2E, 0x22, 0x20, 0x00,
    0x00, 0x02, 0x00, 0x32, 0x01, 0x9C, 0x01, 0x6C, 0x02, 0xDA, 0x00, 0x0C, 0x00, 0x18, 0x00, 0x00,
    0x53, 0x22, 0x26, 0x26, 0x35, 0x34, 0x36, 0x33, 0x32, 0x16, 0x15, 0x14, 0x06, 0x27, 0x32, 0x36,
    0x35, 0x34, 0x26, 0x23, 0x22, 0x06, 0x15, 0x14, 0x16, 0xCF, 0x2F, 0x47, 0x27, 0x57, 0x46, 0x47,
    0x56, 0x56, 0x47, 0x2A, 0x33, 0x33, 0x2A, 0x29, 0x34, 0x34, 0x01, 0x9C, 0x2A, 0x48, 0x2E, 0x46,
    0x58, 0x58, 0x46, 0x45, 0x5B, 0x35, 0x3C, 0x30, 0x2F, 0x39, 0x39, 0x2F, 0x30, 0x3C, 0x00, 0x02,
    0x00, 0x32, 0xFF, 0xF6, 0x02, 0x68, 0x02, 0xDA, 0x00, 0x0F, 0x00, 0x1F, 0x00, 0x00, 0x45, 0x22,
    0x26, 0x26, 0x35, 0x34, 0x36, 0x36, 0x33, 0x32, 0x16, 0x16, 0x15, 0x14, 0x06, 0x06, 0x27, 0x32,
    0x36, 0x36, 0x35, 0x34, 0x26, 0x26, 0x23, 0x22, 0x06, 0x06, 0x15, 0x14, 0x16, 0x16, 0x01, 0x4D,
    0x55, 0x7F, 0x47, 0x46, 0x80, 0x55, 0x55, 0x7F, 0x47, 0x47, 0x7F, 0x55, 0x3D, 0x56, 0x2E, 0x2D,
    0x56, 0x3E, 0x3E, 0x56, 0x2D, 0x2E, 0x56, 0x0A, 0x5F, 0xA9, 0x6D, 0x6D, 0xA5, 0x5D, 0x5D, 0xA5,
    0x6D, 0x6E, 0xA8, 0x5F, 0x48, 0x49, 0x87, 0x5E, 0x5D, 0x84, 0x45, 0x46, 0x83, 0x5D, 0x5E, 0x88,
    0x48, 0x00, 0x00, 0x01, 0x00, 0x1E, 0x00, 0x00, 0x01, 0x31, 0x02, 0xD0, 0x00, 0x0D, 0x00, 0x00,
    0x73, 0x11, 0x17, 0x0E, 0x02, 0x07, 0x35, 0x3E, 0x02, 0x37, 0x33, 0x11, 0xE1, 0x15, 0x0C, 0x44,
    0x59, 0x2F, 0x2F, 0x56, 0x43, 0x10, 0x3B, 0x02, 0x7E, 0x05, 0x1B, 0x36, 0x28, 0x07, 0x4D, 0x08,
    0x28, 0x39, 0x21, 0xFD, 0x30, 0x00, 0x00, 0x01, 0x00, 0x22, 0x00, 0x00, 0x02, 0x05, 0x02, 0xDA,
    0x00, 0x1B, 0x00, 0x00, 0x73, 0x35, 0x3E, 0x03, 0x35, 0x34, 0x26, 0x23, 0x22, 0x06, 0x07, 0x23,
    0x36, 0x36, 0x33, 0x32, 0x16, 0x15, 0x14, 0x0E, 0x02, 0x07, 0x27, 0x21, 0x15, 0x28, 0x6C, 0x91,
    0x57, 0x25, 0x4A, 0x41, 0x43, 0x52, 0x09, 0x56, 0x0A, 0x83, 0x6D, 0x65, 0x78, 0x27, 0x59, 0x91,
    0x6B, 0x13, 0x01, 0x9B, 0x46, 0x59, 0x86, 0x68, 0x57, 0x2A, 0x3E, 0x46, 0x4C, 0x47, 0x62, 0x79,
    0x6C, 0x5E, 0x33, 0x66, 0x70, 0x87, 0x55, 0x1D, 0x48, 0x00, 0x00, 0x01, 0x00, 0x28, 0xFF, 0xF6,
    0x02, 0x14, 0x02, 0xDA, 0x00, 0x2F, 0x00, 0x00, 0x45, 0x22, 0x26, 0x26, 0x27, 0x33, 0x16, 0x16,
    0x33, 0x32, 0x36, 0x35, 0x34, 0x26, 0x23, 0x23, 0x35, 0x33, 0x32, 0x36, 0x35, 0x34, 0x26, 0x23,
    0x22, 0x06, 0x07, 0x23, 0x3E, 0x02, 0x33, 0x32, 0x16, 0x16, 0x15, 0x14, 0x06, 0x06, 0x23, 0x27,
    0x32, 0x16, 0x16, 0x15, 0x14, 0x06, 0x06, 0x01, 0x28, 0x48, 0x6D, 0x43, 0x08, 0x56, 0x0B, 0x58,
    0x48, 0x44, 0x4E, 0x4C, 0x40, 0x5A, 0x57, 0x3A, 0x45, 0x49, 0x3E, 0x3D, 0x56, 0x08, 0x57, 0x06,
    0x40, 0x6B, 0x43, 0x41, 0x64, 0x38, 0x2E, 0x4F, 0x33, 0x06, 0x3D, 0x59, 0x31, 0x3C, 0x6A, 0x0A,
    0x35, 0x66, 0x48, 0x4B, 0x50, 0x48, 0x3E, 0x41, 0x51, 0x46, 0x43, 0x38, 0x3B, 0x40, 0x47, 0x42,
    0x40, 0x5D, 0x34, 0x2E, 0x55, 0x39, 0x33, 0x4E, 0x2C, 0x15, 0x33, 0x58, 0x3A, 0x3C, 0x5C, 0x33,
    0x00, 0x01, 0x00, 0x22, 0x00, 0x00, 0x02, 0x3A, 0x02, 0xD0, 0x00, 0x0D, 0x00, 0x00, 0x61, 0x35,
    0x37, 0x11, 0x33, 0x01, 0x27, 0x21, 0x15, 0x21, 0x35, 0x01, 0x33, 0x11, 0x01, 0x88, 0x02, 0x1B,
    0xFE, 0xD0, 0x1B, 0x01, 0xE0, 0xFD, 0xE8, 0x01, 0x6A, 0x52, 0xBE, 0x14, 0x01, 0x9B, 0xFE, 0x60,
    0x21, 0x48, 0x3E, 0x01, 0xEC, 0xFD, 0x30, 0x00, 0x00, 0x01, 0x00, 0x2B, 0xFF, 0xF6, 0x02, 0x14,
    0x02, 0xD0, 0x00, 0x22, 0x00, 0x00, 0x45, 0x22, 0x26, 0x27, 0x33, 0x16, 0x16, 0x33, 0x32, 0x36,
    0x35, 0x34, 0x26, 0x23, 0x22, 0x06, 0x07, 0x23, 0x13, 0x21, 0x15, 0x21, 0x37, 0x03, 0x27, 0x36,
    0x36, 0x33, 0x32, 0x16, 0x16, 0x15, 0x14, 0x06, 0x06, 0x01, 0x24, 0x6B, 0x80, 0x0E, 0x58, 0x0D,
    0x55, 0x3D, 0x40, 0x59, 0x59, 0x44, 0x31, 0x48, 0x0C, 0x4A, 0x21, 0x01, 0x7C, 0xFE, 0xB5, 0x1C,
    0x17, 0x13, 0x12, 0x50, 0x3A, 0x43, 0x67, 0x3B, 0x3B, 0x6B, 0x0A, 0x73, 0x5C, 0x41, 0x46, 0x50,
    0x57, 0x57, 0x57, 0x28, 0x1B, 0x01, 0x80, 0x48, 0x1E, 0xFE, 0xDE, 0x07, 0x1E, 0x2C, 0x3A, 0x6B,
    0x4B, 0x4B, 0x6B, 0x39, 0x00, 0x02, 0x00, 0x32, 0xFF, 0xF6, 0x02, 0x2F, 0x02, 0xDA, 0x00, 0x1E,
    0x00, 0x2B, 0x00, 0x00, 0x45, 0x22, 0x26, 0x35, 0x34, 0x36, 0x36, 0x33, 0x32, 0x16, 0x17, 0x23,
    0x26, 0x26, 0x23, 0x22, 0x06, 0x15, 0x15, 0x27, 0x3E, 0x02, 0x33, 0x32, 0x16, 0x16, 0x15, 0x14,
    0x06, 0x06, 0x27, 0x32, 0x36, 0x35, 0x34, 0x26, 0x23, 0x22, 0x06, 0x15, 0x14, 0x16, 0x16, 0x01,
    0x3A, 0x7F, 0x89, 0x41, 0x7A, 0x54, 0x5C, 0x78, 0x0D, 0x58, 0x09, 0x49, 0x38, 0x59, 0x5B, 0x17,
    0x09, 0x3E, 0x5C, 0x35, 0x44, 0x65, 0x39, 0x3E, 0x6E, 0x46, 0x44, 0x54, 0x51, 0x49, 0x46, 0x5D,
    0x2B, 0x4B, 0x0A, 0xB9, 0xAF, 0x79, 0xAA, 0x59, 0x6A, 0x5D, 0x3E, 0x41, 0x98, 0x98, 0x41, 0x09,
    0x2F, 0x46, 0x27, 0x3B, 0x69, 0x46, 0x45, 0x68, 0x39, 0x48, 0x56, 0x49, 0x4C, 0x57, 0x52, 0x48,
    0x32, 0x4C, 0x2A, 0x00, 0x00, 0x01, 0x00, 0x18, 0x00, 0x00, 0x01, 0xFE, 0x02, 0xD0, 0x00, 0x0C,
    0x00, 0x00, 0x73, 0x36, 0x12, 0x37, 0x17, 0x21, 0x35, 0x21, 0x15, 0x0E, 0x02, 0x07, 0xA4, 0x0E,
    0x83, 0x83, 0x05, 0xFE, 0x5B, 0x01, 0xE6, 0x50, 0x69, 0x3A, 0x08, 0xAA, 0x01, 0x4D, 0xAE, 0x1D,
    0x48, 0x3C, 0x75, 0xDA, 0xD5, 0x70, 0x00, 0x03, 0x00, 0x2C, 0xFF, 0xF6, 0x02, 0x1A, 0x02, 0xDA,
    0x00, 0x21, 0x00, 0x2D, 0x00, 0x39, 0x00, 0x00, 0x45, 0x22, 0x26, 0x26, 0x35, 0x34, 0x36, 0x36,
    0x33, 0x17, 0x22, 0x26, 0x26, 0x35, 0x34, 0x36, 0x36, 0x33, 0x32, 0x16, 0x16, 0x15, 0x14, 0x06,
    0x06, 0x23, 0x37, 0x32, 0x16, 0x16, 0x15, 0x14, 0x06, 0x06, 0x27, 0x32, 0x36, 0x35, 0x34, 0x26,
    0x23, 0x22, 0x06, 0x15, 0x14, 0x16, 0x13, 0x32, 0x36, 0x35, 0x34, 0x26, 0x23, 0x22, 0x06, 0x15,
    0x14, 0x16, 0x01, 0x23, 0x4C, 0x6F, 0x3C, 0x30, 0x51, 0x31, 0x02, 0x2E, 0x4A, 0x2A, 0x3A, 0x68,
    0x44, 0x44, 0x66, 0x3A, 0x2A, 0x4A, 0x2F, 0x03, 0x32, 0x50, 0x30, 0x3C, 0x6F, 0x4C, 0x49, 0x55,
    0x54, 0x4A, 0x4A, 0x54, 0x55, 0x49, 0x42, 0x4B, 0x4E, 0x3F, 0x40, 0x4D, 0x4C, 0x0A, 0x36, 0x5E,
    0x3A, 0x36, 0x58, 0x34, 0x15, 0x2D, 0x4E, 0x2F, 0x38, 0x56, 0x31, 0x31, 0x56, 0x37, 0x30, 0x4D,
    0x2E, 0x15, 0x34, 0x58, 0x36, 0x3A, 0x5E, 0x36, 0x48, 0x4E, 0x40, 0x40, 0x4A, 0x4A, 0x40, 0x40,
    0x4E, 0x01, 0x5E, 0x42, 0x37, 0x39, 0x44, 0x44, 0x39, 0x37, 0x42, 0x00, 0x00, 0x02, 0x00, 0x2C,
    0xFF, 0xF6, 0x02, 0x26, 0x02, 0xDA, 0x00, 0x21, 0x00, 0x2E, 0x00, 0x00, 0x45, 0x22, 0x26, 0x26,
    0x27, 0x33, 0x16, 0x16, 0x33, 0x32, 0x3E, 0x02, 0x35, 0x35, 0x17, 0x0E, 0x02, 0x23, 0x22, 0x26,
    0x26, 0x35, 0x34, 0x36, 0x36, 0x33, 0x32, 0x16, 0x15, 0x14, 0x06, 0x06, 0x03, 0x32, 0x36, 0x35,
    0x34, 0x26, 0x26, 0x23, 0x22, 0x06, 0x15, 0x14, 0x16, 0x01, 0x20, 0x3F, 0x64, 0x3E, 0x09, 0x58,
    0x0A, 0x4E, 0x3C, 0x2C, 0x40, 0x2A, 0x14, 0x17, 0x09, 0x3E, 0x5C, 0x35, 0x42, 0x64, 0x39, 0x3E,
    0x6F, 0x48, 0x80, 0x85, 0x3D, 0x75, 0x54, 0x45, 0x5B, 0x2B, 0x4A, 0x2F, 0x43, 0x53, 0x51, 0x0A,
    0x31, 0x61, 0x49, 0x4E, 0x45, 0x24, 0x4A, 0x73, 0x4F, 0x41, 0x03, 0x2E, 0x47, 0x27, 0x3B, 0x68,
    0x42, 0x46, 0x66, 0x39, 0xBA, 0xB4, 0x78, 0xA7, 0x57, 0x01, 0x60, 0x4E, 0x49, 0x31, 0x4A, 0x2A,
    0x55, 0x4A, 0x47, 0x56, 0x00, 0x01, 0x00, 0x22, 0x00, 0x00, 0x02, 0x05, 0x02, 0xDA, 0x00, 0x20,
    0x00, 0x00, 0x73, 0x35, 0x34, 0x3E, 0x04, 0x35, 0x34, 0x26, 0x23, 0x22, 0x06, 0x07, 0x23, 0x36,
    0x36, 0x33, 0x32, 0x16, 0x15, 0x14, 0x0E, 0x05, 0x17, 0x27, 0x21, 0x15, 0x28, 0x36, 0x56, 0x60,
    0x56, 0x36, 0x4C, 0x3C, 0x40, 0x57, 0x09, 0x56, 0x0B, 0x87, 0x69, 0x64, 0x78, 0x2B, 0x46, 0x54,
    0x53, 0x43, 0x26, 0x03, 0x11, 0x01, 0x9B, 0x32, 0x3F, 0x5F, 0x4A, 0x3F, 0x40, 0x4A, 0x2F, 0x3B,
    0x45, 0x4F, 0x44, 0x65, 0x76, 0x6A, 0x5F, 0x35, 0x54, 0x43, 0x39, 0x37, 0x3A, 0x45, 0x2B, 0x1D,
    0x48, 0x00, 0x00, 0x02, 0x00, 0x1E, 0xFF, 0xF6, 0x02, 0x3A, 0x02, 0xDA, 0x00, 0x0F, 0x00, 0x1F,
    0x00, 0x00, 0x45, 0x22, 0x26, 0x26, 0x35, 0x34, 0x36, 0x36, 0x33, 0x32, 0x16, 0x16, 0x15, 0x14,
    0x06, 0x06, 0x27, 0x32, 0x36, 0x36, 0x35, 0x34, 0x26, 0x26, 0x23, 0x22, 0x06, 0x06, 0x15, 0x14,
    0x16, 0x16, 0x01, 0x2C, 0x50, 0x7A, 0x44, 0x44, 0x7A, 0x50, 0x51, 0x79, 0x44, 0x44, 0x7A, 0x50,
    0x38, 0x4F, 0x2A, 0x29, 0x4F, 0x39, 0x39, 0x4F, 0x29, 0x2A, 0x4F, 0x0A, 0x60, 0xA8, 0x6D, 0x6D,
    0xA5, 0x5D, 0x5D, 0xA5, 0x6D, 0x6D, 0xA9, 0x5F, 0x48, 0x49, 0x88, 0x5D, 0x5D, 0x83, 0x46, 0x46,
    0x83, 0x5D, 0x5E, 0x88, 0x48, 0x00, 0x00, 0x02, 0x00, 0x72, 0x00, 0x00, 0x02, 0x2A, 0x02, 0xD0,
    0x00, 0x0D, 0x00, 0x11, 0x00, 0x00, 0x65, 0x11, 0x17, 0x0E, 0x02, 0x07, 0x35, 0x3E, 0x02, 0x37,
    0x33, 0x11, 0x05, 0x35, 0x21, 0x15, 0x01, 0x33, 0x13, 0x0B, 0x3A, 0x54, 0x31, 0x2D, 0x51, 0x3D,
    0x0F, 0x40, 0xFE, 0xEC, 0x01, 0xB8, 0x0A, 0x02, 0x74, 0x05, 0x18, 0x35, 0x2B, 0x08, 0x4D, 0x09,
    0x28, 0x39, 0x20, 0xFD, 0x3A, 0x0A, 0x48, 0x48, 0x00, 0x01, 0x00, 0x46, 0x00, 0x00, 0x02, 0x14,
    0x02, 0xDA, 0x00, 0x1B, 0x00, 0x00, 0x73, 0x35, 0x3E, 0x03, 0x35, 0x34, 0x26, 0x23, 0x22, 0x06,
    0x07, 0x23, 0x36, 0x36, 0x33, 0x32, 0x16, 0x15, 0x14, 0x0E, 0x02, 0x07, 0x27, 0x21, 0x15, 0x4B,
    0x68, 0x88, 0x50, 0x21, 0x3F, 0x3E, 0x40, 0x48, 0x08, 0x59, 0x09, 0x7E, 0x68, 0x61, 0x72, 0x26,
    0x54, 0x8B, 0x66, 0x13, 0x01, 0x8A, 0x46, 0x59, 0x86, 0x68, 0x57, 0x2A, 0x3E, 0x46, 0x4C, 0x47,
    0x62, 0x79, 0x6C, 0x5E, 0x33, 0x66, 0x70, 0x87, 0x55, 0x1D, 0x48, 0x00, 0x00, 0x01, 0x00, 0x41,
    0xFF, 0xF6, 0x02, 0x17, 0x02, 0xDA, 0x00, 0x2F, 0x00, 0x00, 0x45, 0x22, 0x26, 0x26, 0x27, 0x33,
    0x16, 0x16, 0x33, 0x32, 0x36, 0x35, 0x34, 0x26, 0x23, 0x23, 0x35, 0x33, 0x32, 0x36, 0x35, 0x34,
    0x26, 0x23, 0x22, 0x06, 0x07, 0x23, 0x3E, 0x02, 0x33, 0x32, 0x16, 0x16, 0x15, 0x14, 0x06, 0x06,
    0x23, 0x27, 0x32, 0x16, 0x16, 0x15, 0x14, 0x06, 0x06, 0x01, 0x36, 0x45, 0x69, 0x3F, 0x08, 0x59,
    0x0A, 0x4E, 0x43, 0x3E, 0x48, 0x47, 0x3C, 0x52, 0x4F, 0x37, 0x40, 0x43, 0x38, 0x37, 0x4F, 0x07,
    0x59, 0x06, 0x3D, 0x65, 0x41, 0x3E, 0x5F, 0x36, 0x2B, 0x4A, 0x2F, 0x05, 0x39, 0x53, 0x2D, 0x39,
    0x66, 0x0A, 0x35, 0x66, 0x48, 0x49, 0x52, 0x48, 0x3E, 0x41, 0x51, 0x46, 0x43, 0x38, 0x3B, 0x40,
    0x47, 0x42, 0x40, 0x5D, 0x34, 0x2E, 0x55, 0x39, 0x33, 0x4E, 0x2C, 0x15, 0x33, 0x58, 0x3A, 0x3C,
    0x5C, 0x33, 0x00, 0x01, 0x00, 0x2D, 0x00, 0x00, 0x02, 0x2C, 0x02, 0xD0, 0x00, 0x0D, 0x00, 0x00,
    0x61, 0x35, 0x37, 0x11, 0x33, 0x01, 0x27, 0x21, 0x15, 0x21, 0x35, 0x01, 0x33, 0x11, 0x01, 0x7F,
    0x02, 0x1E, 0xFE, 0xE2, 0x1F, 0x01, 0xCA, 0xFE, 0x01, 0x01, 0x55, 0x55, 0xBE, 0x14, 0x01, 0x9B,
    0xFE, 0x60, 0x21, 0x48, 0x3E, 0x01, 0xEC, 0xFD, 0x30, 0x00, 0x00, 0x01, 0x00, 0x45, 0xFF, 0xF6,
    0x02, 0x18, 0x02, 0xD0, 0x00, 0x22, 0x00, 0x00, 0x45, 0x22, 0x26, 0x27, 0x33, 0x16, 0x16, 0x33,
    0x32, 0x36, 0x35, 0x34, 0x26, 0x23, 0x22, 0x06, 0x07, 0x23, 0x13, 0x21, 0x15, 0x21, 0x37, 0x03,
    0x27, 0x36, 0x36, 0x33, 0x32, 0x16, 0x16, 0x15, 0x14, 0x06, 0x06, 0x01, 0x32, 0x65, 0x7A, 0x0E,
    0x5A, 0x0C, 0x4F, 0x36, 0x3B, 0x51, 0x50, 0x3E, 0x2C, 0x42, 0x0B, 0x4E, 0x20, 0x01, 0x6B, 0xFE,
    0xC3, 0x21, 0x15, 0x16, 0x12, 0x4C, 0x36, 0x3F, 0x62, 0x38, 0x39, 0x67, 0x0A, 0x73, 0x5C, 0x43,
    0x44, 0x50, 0x57, 0x57, 0x57, 0x28, 0x1B, 0x01, 0x80, 0x48, 0x1E, 0xFE, 0xDE, 0x07, 0x1E, 0x2C,
    0x3A, 0x6B, 0x4B, 0x4B, 0x6B, 0x39, 0x00, 0x02, 0x00, 0x3D, 0xFF, 0xF6, 0x02, 0x25, 0x02, 0xDA,
    0x00, 0x1E, 0x00, 0x2B, 0x00, 0x00, 0x45, 0x22, 0x26, 0x35, 0x34, 0x36, 0x36, 0x33, 0x32, 0x16,
    0x17, 0x23, 0x26, 0x26, 0x23, 0x22, 0x06, 0x15, 0x15, 0x27, 0x3E, 0x02, 0x33, 0x32, 0x16, 0x16,
    0x15, 0x14, 0x06, 0x06, 0x27, 0x32, 0x36, 0x35, 0x34, 0x26, 0x23, 0x22, 0x06, 0x15, 0x14, 0x16,
    0x16, 0x01, 0x3A, 0x79, 0x84, 0x3F, 0x74, 0x51, 0x58, 0x73, 0x0D, 0x5A, 0x08, 0x45, 0x32, 0x52,
    0x54, 0x17, 0x09, 0x3A, 0x56, 0x32, 0x40, 0x60, 0x37, 0x3C, 0x69, 0x45, 0x3E, 0x4E, 0x4B, 0x43,
    0x3F, 0x57, 0x28, 0x45, 0x0A, 0xBA, 0xAE, 0x79, 0xA9, 0x5A, 0x6A, 0x5D, 0x3E, 0x41, 0x98, 0x98,
    0x41, 0x09, 0x2F, 0x46, 0x27, 0x3B, 0x69, 0x46, 0x45, 0x68, 0x39, 0x48, 0x56, 0x49, 0x4B, 0x58,
    0x52, 0x48, 0x32, 0x4C, 0x2A, 0x00, 0x00, 0x01, 0x00, 0x44, 0x00, 0x00, 0x02, 0x14, 0x02, 0xD0,
    0x00, 0x0B, 0x00, 0x00, 0x73, 0x36, 0x12, 0x37, 0x17, 0x21, 0x35, 0x21, 0x15, 0x06, 0x02, 0x07,
    0xC7, 0x0E, 0x7B, 0x79, 0x05, 0xFE, 0x76, 0x01, 0xD0, 0x6E, 0x72, 0x0B, 0xAB, 0x01, 0x4B, 0xAF,
    0x1D, 0x48, 0x3C, 0xAF, 0xFE, 0xC2, 0xA7, 0x00, 0x00, 0x03, 0x00, 0x40, 0xFF, 0xF6, 0x02, 0x19,
    0x02, 0xDA, 0x00, 0x21, 0x00, 0x2D, 0x00, 0x39, 0x00, 0x00, 0x45, 0x22, 0x26, 0x26, 0x35, 0x34,
    0x36, 0x36, 0x33, 0x17, 0x22, 0x26, 0x26, 0x35, 0x34, 0x36, 0x36, 0x33, 0x32, 0x16, 0x16, 0x15,
    0x14, 0x06, 0x06, 0x23, 0x37, 0x32, 0x16, 0x16, 0x15, 0x14, 0x06, 0x06, 0x27, 0x32, 0x36, 0x35,
    0x34, 0x26, 0x23, 0x22, 0x06, 0x15, 0x14, 0x16, 0x13, 0x32, 0x36, 0x35, 0x34, 0x26, 0x23, 0x22,
    0x06, 0x15, 0x14, 0x16, 0x01, 0x2D, 0x48, 0x6B, 0x3A, 0x2D, 0x4D, 0x2F, 0x04, 0x2D, 0x46, 0x28,
    0x38, 0x63, 0x41, 0x41, 0x62, 0x37, 0x28, 0x47, 0x2E, 0x05, 0x2F, 0x4D, 0x2D, 0x3A, 0x6A, 0x48,
    0x41, 0x4F, 0x4E, 0x42, 0x43, 0x4E, 0x4E, 0x43, 0x3B, 0x44, 0x47, 0x38, 0x39, 0x47, 0x46, 0x0A,
    0x36, 0x5E, 0x3A, 0x36, 0x58, 0x34, 0x15, 0x2D, 0x4E, 0x2F, 0x38, 0x56, 0x31, 0x31, 0x56, 0x37,
    0x30, 0x4D, 0x2E, 0x15, 0x34, 0x58, 0x36, 0x3A, 0x5E, 0x36, 0x48, 0x4E, 0x40, 0x40, 0x4A, 0x4A,
    0x40, 0x40, 0x4E, 0x01, 0x5E, 0x42, 0x37, 0x39, 0x44, 0x44, 0x39, 0x37, 0x42, 0x00, 0x00, 0x02,
    0x00, 0x34, 0xFF, 0xF6, 0x02, 0x19, 0x02, 0xDA, 0x00, 0x21, 0x00, 0x2D, 0x00, 0x00, 0x45, 0x22,
    0x26, 0x26, 0x27, 0x33, 0x16, 0x16, 0x33, 0x32, 0x3E, 0x02, 0x35, 0x35, 0x17, 0x0E, 0x02, 0x23,
    0x22, 0x26, 0x26, 0x35, 0x34, 0x36, 0x36, 0x33, 0x32, 0x16, 0x15, 0x14, 0x06, 0x06, 0x03, 0x32,
    0x36, 0x35, 0x34, 0x26, 0x23, 0x22, 0x06, 0x15, 0x14, 0x16, 0x01, 0x1D, 0x3C, 0x60, 0x3C, 0x08,
    0x5A, 0x0A, 0x48, 0x37, 0x29, 0x3A, 0x26, 0x12, 0x19, 0x09, 0x3C, 0x56, 0x31, 0x3E, 0x60, 0x36,
    0x3C, 0x6A, 0x45, 0x7A, 0x80, 0x3B, 0x70, 0x4F, 0x40, 0x52, 0x54, 0x41, 0x3D, 0x4D, 0x4A, 0x0A,
    0x31, 0x61, 0x49, 0x4E, 0x45, 0x25, 0x4A, 0x73, 0x4E, 0x41, 0x03, 0x2F, 0x47, 0x26, 0x3B, 0x68,
    0x42, 0x46, 0x66, 0x39, 0xBA, 0xB4, 0x78, 0xA7, 0x57, 0x01, 0x60, 0x4E, 0x49, 0x4A, 0x5B, 0x55,
    0x4A, 0x47, 0x56, 0x00, 0x00, 0x01, 0x00, 0x46, 0x00, 0x00, 0x02, 0x14, 0x02, 0xDA, 0x00, 0x20,
    0x00, 0x00, 0x73, 0x35, 0x34, 0x3E, 0x04, 0x35, 0x34, 0x26, 0x23, 0x22, 0x06, 0x07, 0x23, 0x36,
    0x36, 0x33, 0x32, 0x16, 0x15, 0x14, 0x0E, 0x05, 0x17, 0x27, 0x21, 0x15, 0x4C, 0x33, 0x50, 0x5A,
    0x50, 0x33, 0x46, 0x35, 0x3C, 0x4E, 0x08, 0x59, 0x0A, 0x7F, 0x66, 0x5F, 0x74, 0x29, 0x42, 0x4F,
    0x4D, 0x3F, 0x24, 0x04, 0x11, 0x01, 0x83, 0x32, 0x3F, 0x5F, 0x4A, 0x3F, 0x40, 0x4A, 0x2F, 0x3B,
    0x45, 0x51, 0x42, 0x63, 0x78, 0x6A, 0x5F, 0x35, 0x54, 0x43, 0x39, 0x37, 0x3A, 0x45, 0x2B, 0x1D,
    0x48, 0x00, 0x00, 0x01, 0x00, 0x3C, 0x00, 0x1E, 0x03, 0x16, 0x02, 0xB2, 0x00, 0x0A, 0x00, 0x00,
    0x53, 0x21, 0x07, 0x01, 0x33, 0x01, 0x01, 0x23, 0x01, 0x17, 0x21, 0x3C, 0x02, 0x92, 0x23, 0xFE,
    0xC0, 0x64, 0x01, 0x47, 0xFE, 0xB8, 0x64, 0x01, 0x41, 0x23, 0xFD, 0x6E, 0x01, 0x8C, 0x1C, 0x01,
    0x42, 0xFE, 0xB6, 0xFE, 0xB6, 0x01, 0x42, 0x1C, 0x00, 0x01, 0x00, 0x4C, 0x00, 0x00, 0x00, 0xB3,
    0x00, 0x67, 0x00, 0x03, 0x00, 0x00, 0x73, 0x35, 0x33, 0x15, 0x4C, 0x67, 0x67, 0x67, 0x00, 0x01,
    0x00, 0x4D, 0xFF, 0x70, 0x00, 0xB2, 0x00, 0x66, 0x00, 0x0B, 0x00, 0x00, 0x57, 0x35, 0x36, 0x36,
    0x35, 0x17, 0x23, 0x35, 0x33, 0x15, 0x14, 0x06, 0x4D, 0x1D, 0x1A, 0x1F, 0x56, 0x65, 0x30, 0x90,
    0x29, 0x0B, 0x2F, 0x30, 0x03, 0x66, 0x51, 0x40, 0x54, 0x00, 0xFF, 0xFF, 0x00, 0x4C, 0x00, 0x00,
    0x00, 0xB3, 0x01, 0xE3, 0x06, 0x26, 0x01, 0x58, 0x00, 0x00, 0x00, 0x07, 0x01, 0x58, 0x00, 0x00,
    0x01, 0x7C, 0xFF, 0xFF, 0x00, 0x4C, 0xFF, 0x70, 0x00, 0xB3, 0x01, 0xE3, 0x06, 0x26, 0x01, 0x59,
    0x00, 0x00, 0x00, 0x07, 0x01, 0x58, 0x00, 0x00, 0x01, 0x7C, 0xFF, 0xFF, 0x00, 0x4C, 0x00, 0x00,
    0x02, 0x43, 0x00, 0x67, 0x04, 0x26, 0x01, 0x58, 0x00, 0x00, 0x00, 0x27, 0x01, 0x58, 0x00, 0xC8,
    0x00, 0x00, 0x00, 0x07, 0x01, 0x58, 0x01, 0x90, 0x00, 0x00, 0x00, 0x02, 0x00, 0x55, 0x00, 0x00,
    0x00, 0xBC, 0x02, 0xE4, 0x00, 0x03, 0x00, 0x07, 0x00, 0x00, 0x77, 0x03, 0x33, 0x03, 0x07, 0x35,
    0x33, 0x15, 0x69, 0x0C, 0x56, 0x0C, 0x52, 0x67, 0xD2, 0x02, 0x12, 0xFD, 0xEE, 0xD2, 0x67, 0x67,
    0x00, 0x02, 0x00, 0x55, 0xFF, 0x33, 0x00, 0xBC, 0x01, 0xFE, 0x00, 0x03, 0x00, 0x07, 0x00, 0x00,
    0x57, 0x13, 0x33, 0x13, 0x13, 0x15, 0x23, 0x35, 0x5D, 0x0C, 0x3E, 0x0C, 0x09, 0x67, 0xCD, 0x01,
    0xF9, 0xFE, 0x07, 0x02, 0xCB, 0x67, 0x67, 0x00, 0x00, 0x02, 0x00, 0x2C, 0x00, 0x00, 0x02, 0x19,
    0x02, 0xEE, 0x00, 0x1D, 0x00, 0x21, 0x00, 0x00, 0x77, 0x34, 0x3E, 0x04, 0x35, 0x34, 0x26, 0x23,
    0x22, 0x06, 0x07, 0x23, 0x3E, 0x02, 0x33, 0x32, 0x16, 0x16, 0x15, 0x14, 0x0E, 0x04, 0x15, 0x07,
    0x35, 0x33, 0x15, 0xFD, 0x1D, 0x2F, 0x34, 0x2F, 0x1D, 0x52, 0x47, 0x4B, 0x5E, 0x0B, 0x50, 0x07,
    0x45, 0x72, 0x49, 0x45, 0x67, 0x3A, 0x1E, 0x2F, 0x36, 0x2F, 0x1E, 0x5A, 0x67, 0xD2, 0x39, 0x4E,
    0x35, 0x28, 0x27, 0x30, 0x23, 0x35, 0x41, 0x4D, 0x46, 0x43, 0x62, 0x36, 0x2F, 0x56, 0x3B, 0x2F,
    0x3E, 0x2C, 0x26, 0x2C, 0x40, 0x31, 0xD2, 0x67, 0x67, 0x00, 0x00, 0x02, 0x00, 0x1E, 0xFF, 0x29,
    0x02, 0x0B, 0x01, 0xFE, 0x00, 0x1D, 0x00, 0x21, 0x00, 0x00, 0x45, 0x22, 0x26, 0x26, 0x35, 0x34,
    0x3E, 0x04, 0x35, 0x33, 0x14, 0x0E, 0x04, 0x15, 0x14, 0x16, 0x33, 0x32, 0x36, 0x37, 0x33, 0x0E,
    0x02, 0x03, 0x15, 0x23, 0x35, 0x01, 0x04, 0x41, 0x68, 0x3D, 0x1E, 0x2F, 0x36, 0x2F, 0x1E, 0x4C,
    0x1D, 0x2F, 0x34, 0x2F, 0x1D, 0x58, 0x41, 0x44, 0x65, 0x0B, 0x50, 0x07, 0x49, 0x72, 0x01, 0x67,
    0xD7, 0x2A, 0x51, 0x3B, 0x2F, 0x3E, 0x2C, 0x24, 0x2A, 0x3A, 0x2C, 0x35, 0x46, 0x31, 0x25, 0x26,
    0x31, 0x25, 0x34, 0x3A, 0x41, 0x3E, 0x3E, 0x59, 0x30, 0x02, 0xD5, 0x67, 0x67, 0x00, 0xFF, 0xFF,
    0x00, 0x00, 0x01, 0x4F, 0x00, 0x67, 0x01, 0xB6, 0x04, 0x07, 0x01, 0x58, 0xFF, 0xB4, 0x01, 0x4F,
    0x00, 0x01, 0x00, 0x4C, 0x01, 0x2B, 0x00, 0xE7, 0x01, 0xC6, 0x00, 0x03, 0x00, 0x00, 0x53, 0x35,
    0x33, 0x15, 0x4C, 0x9B, 0x01, 0x2B, 0x9B, 0x9B, 0x00, 0x01, 0x00, 0x32, 0x01, 0xB5, 0x01, 0x66,
    0x02, 0xE4, 0x00, 0x11, 0x00, 0x00, 0x53, 0x37, 0x07, 0x27, 0x37, 0x27, 0x37, 0x17, 0x27, 0x33,
    0x07, 0x37, 0x17, 0x07, 0x17, 0x07, 0x27, 0x17, 0xA8, 0x15, 0x67, 0x24, 0x7A, 0x7A, 0x24, 0x67,
    0x15, 0x48, 0x15, 0x67, 0x24, 0x7A, 0x7A, 0x24, 0x67, 0x15, 0x01, 0xB5, 0x7D, 0x50, 0x3D, 0x2D,
    0x2E, 0x3D, 0x50, 0x7D, 0x7D, 0x50, 0x3D, 0x2E, 0x2D, 0x3D, 0x50, 0x7D, 0x00, 0x04, 0x00, 0x2A,
    0x00, 0x00, 0x02, 0xA2, 0x02, 0xD0, 0x00, 0x03, 0x00, 0x07, 0x00, 0x0B, 0x00, 0x0F, 0x00, 0x00,
    0x73, 0x13, 0x33, 0x03, 0x33, 0x13, 0x33, 0x03, 0x01, 0x21, 0x15, 0x21, 0x07, 0x21, 0x15, 0x21,
    0x9D, 0x64, 0x46, 0x64, 0xA2, 0x64, 0x46, 0x64, 0xFE, 0x78, 0x02, 0x5F, 0xFD, 0xA1, 0x19, 0x02,
    0x5F, 0xFD, 0xA1, 0x02, 0xD0, 0xFD, 0x30, 0x02, 0xD0, 0xFD, 0x30, 0x01, 0xFD, 0x44, 0x98, 0x44,
    0x00, 0x01, 0x00, 0x3C, 0xFF, 0xC4, 0x01, 0x7F, 0x02, 0xEE, 0x00, 0x03, 0x00, 0x00, 0x57, 0x13,
    0x33, 0x03, 0x3C, 0xFD, 0x46, 0xFD, 0x3C, 0x03, 0x2A, 0xFC, 0xD6, 0x00, 0x00, 0x01, 0x00, 0x3C,
    0xFF, 0xC4, 0x01, 0x7F, 0x02, 0xEE, 0x00, 0x03, 0x00, 0x00, 0x53, 0x33, 0x13, 0x23, 0x3C, 0x46,
    0xFD, 0x46, 0x02, 0xEE, 0xFC, 0xD6, 0xFF, 0xFF, 0x00, 0x4C, 0x00, 0x83, 0x00, 0xB3, 0x02, 0x66,
    0x06, 0x27, 0x01, 0x58, 0x00, 0x00, 0x00, 0x83, 0x00, 0x07, 0x01, 0x58, 0x00, 0x00, 0x01, 0xFF,
    0xFF, 0xFF, 0x00, 0x4C, 0xFF, 0xF3, 0x00, 0xB3, 0x02, 0x66, 0x06, 0x27, 0x01, 0x59, 0x00, 0x00,
    0x00, 0x83, 0x00, 0x07, 0x01, 0x58, 0x00, 0x00, 0x01, 0xFF, 0x00, 0x02, 0x00, 0x56, 0x00, 0x00,
    0x00, 0xBD, 0x02, 0xD0, 0x00, 0x03, 0x00, 0x07, 0x00, 0x00, 0x77, 0x03, 0x33, 0x03, 0x07, 0x35,
    0x33, 0x15, 0x6A, 0x0C, 0x56, 0x0C, 0x52, 0x67, 0xD2, 0x01, 0xFE, 0xFE, 0x02, 0xD2, 0x67, 0x67,
    0x00, 0x02, 0x00, 0x55, 0x00, 0x00, 0x00, 0xBC, 0x02, 0xD0, 0x00, 0x03, 0x00, 0x07, 0x00, 0x00,
    0x73, 0x13, 0x33, 0x13, 0x13, 0x15, 0x23, 0x35, 0x5D, 0x0C, 0x3E, 0x0C, 0x09, 0x67, 0x01, 0xFE,
    0xFE, 0x02, 0x02, 0xD0, 0x67, 0x67, 0x00, 0x02, 0x00, 0x2C, 0x00, 0x00, 0x02, 0x19, 0x02, 0xDA,
    0x00, 0x1D, 0x00, 0x21, 0x00, 0x00, 0x77, 0x34, 0x3E, 0x04, 0x35, 0x34, 0x26, 0x23, 0x22, 0x06,
    0x07, 0x23, 0x3E, 0x02, 0x33, 0x32, 0x16, 0x16, 0x15, 0x14, 0x0E, 0x04, 0x15, 0x07, 0x35, 0x33,
    0x15, 0xFD, 0x1D, 0x2F, 0x34, 0x2F, 0x1D, 0x4C, 0x4D, 0x4B, 0x5E, 0x0B, 0x50, 0x07, 0x45, 0x72,
    0x49, 0x49, 0x66, 0x37, 0x1E, 0x2F, 0x36, 0x2F, 0x1E, 0x5A, 0x67, 0xD2, 0x37, 0x4A, 0x33, 0x27,
    0x26, 0x30, 0x23, 0x2D, 0x3F, 0x4D, 0x46, 0x43, 0x62, 0x36, 0x2E, 0x52, 0x36, 0x2F, 0x3E, 0x2B,
    0x25, 0x2A, 0x3D, 0x2E, 0xD2, 0x67, 0x67, 0x00, 0x00, 0x02, 0x00, 0x1E, 0xFF, 0xF6, 0x02, 0x0B,
    0x02, 0xD0, 0x00, 0x1D, 0x00, 0x21, 0x00, 0x00, 0x45, 0x22, 0x26, 0x26, 0x35, 0x34, 0x3E, 0x04,
    0x35, 0x33, 0x14, 0x0E, 0x04, 0x15, 0x14, 0x16, 0x33, 0x32, 0x36, 0x37, 0x33, 0x0E, 0x02, 0x03,
    0x15, 0x23, 0x35, 0x01, 0x04, 0x41, 0x68, 0x3D, 0x1E, 0x2F, 0x36, 0x2F, 0x1E, 0x4C, 0x1D, 0x2F,
    0x34, 0x2F, 0x1D, 0x58, 0x41, 0x44, 0x65, 0x0B, 0x50, 0x07, 0x49, 0x72, 0x01, 0x67, 0x0A, 0x2A,
    0x54, 0x3D, 0x2F, 0x3E, 0x2C, 0x24, 0x2A, 0x3A, 0x2C, 0x35, 0x46, 0x31, 0x25, 0x26, 0x31, 0x25,
    0x38, 0x3B, 0x41, 0x3E, 0x3E, 0x59, 0x30, 0x02, 0xDA, 0x67, 0x67, 0x00, 0x00, 0x01, 0x00, 0x4C,
    0x00, 0x6D, 0x02, 0x83, 0x02, 0xA4, 0x00, 0x03, 0x00, 0x00, 0x77, 0x11, 0x21, 0x11, 0x4C, 0x02,
    0x37, 0x6D, 0x02, 0x37, 0xFD, 0xC9, 0xFF, 0xFF, 0x00, 0x00, 0x01, 0x45, 0x00, 0x73, 0x01, 0xB8,
    0x04, 0x07, 0x01, 0x6F, 0xFF, 0xBA, 0x01, 0x4F, 0x00, 0x01, 0x00, 0x46, 0xFF, 0xF6, 0x00, 0xB9,
    0x00, 0x69, 0x00, 0x0B, 0x00, 0x00, 0x57, 0x22, 0x26, 0x35, 0x34, 0x36, 0x33, 0x32, 0x16, 0x15,
    0x14, 0x06, 0x80, 0x19, 0x21, 0x21, 0x19, 0x17, 0x22, 0x22, 0x0A, 0x20, 0x1A, 0x19, 0x20, 0x20,
    0x19, 0x1A, 0x20, 0x00, 0x00, 0x01, 0x00, 0x46, 0xFF, 0x70, 0x00, 0xB9, 0x00, 0x69, 0x00, 0x13,
    0x00, 0x00, 0x57, 0x35, 0x36, 0x36, 0x35, 0x37, 0x06, 0x06, 0x23, 0x22, 0x26, 0x35, 0x34, 0x36,
    0x33, 0x32, 0x16, 0x15, 0x14, 0x06, 0x51, 0x1A, 0x20, 0x18, 0x07, 0x12, 0x0A, 0x19, 0x21, 0x21,
    0x16, 0x19, 0x23, 0x36, 0x90, 0x29, 0x0B, 0x2F, 0x30, 0x03, 0x05, 0x08, 0x1F, 0x18, 0x1A, 0x1F,
    0x27, 0x2D, 0x40, 0x54, 0xFF, 0xFF, 0x00, 0x46, 0xFF, 0xF6, 0x00, 0xB9, 0x01, 0xE5, 0x06, 0x26,
    0x01, 0x6F, 0x00, 0x00, 0x00, 0x07, 0x01, 0x6F, 0x00, 0x00, 0x01, 0x7C, 0xFF, 0xFF, 0x00, 0x46,
    0xFF, 0x70, 0x00, 0xBB, 0x01, 0xE5, 0x04, 0x26, 0x01, 0x70, 0x00, 0x00, 0x00, 0x07, 0x01, 0x6F,
    0x00, 0x02, 0x01, 0x7C, 0xFF, 0xFF, 0x00, 0x46, 0xFF, 0xF6, 0x02, 0x49, 0x00, 0x69, 0x04, 0x26,
    0x01, 0x6F, 0x00, 0x00, 0x00, 0x27, 0x01, 0x6F, 0x00, 0xC8, 0x00, 0x00, 0x00, 0x07, 0x01, 0x6F,
    0x01, 0x90, 0x00, 0x00, 0x00, 0x02, 0x00, 0x50, 0xFF, 0xF6, 0x00, 0xC3, 0x02, 0xE4, 0x00, 0x03,
    0x00, 0x0F, 0x00, 0x00, 0x77, 0x03, 0x33, 0x03, 0x07, 0x22, 0x26, 0x35, 0x34, 0x36, 0x33, 0x32,
    0x16, 0x15, 0x14, 0x06, 0x6A, 0x0C, 0x56, 0x0C, 0x1E, 0x19, 0x21, 0x21, 0x19, 0x17, 0x22, 0x22,
    0xD2, 0x02, 0x12, 0xFD, 0xEE, 0xDC, 0x20, 0x1A, 0x19, 0x20, 0x20, 0x19, 0x1A, 0x20, 0x00, 0x02,
    0x00, 0x55, 0xFF, 0x33, 0x00, 0xC8, 0x02, 0x08, 0x00, 0x03, 0x00, 0x0F, 0x00, 0x00, 0x57, 0x13,
    0x33, 0x13, 0x03, 0x32, 0x16, 0x15, 0x14, 0x06, 0x23, 0x22, 0x26, 0x35, 0x34, 0x36, 0x63, 0x0C,
    0x3E, 0x0C, 0x2B, 0x19, 0x21, 0x21, 0x19, 0x16, 0x23, 0x23, 0xCD, 0x01, 0xF9, 0xFE, 0x07, 0x02,
    0xD5, 0x20, 0x1A, 0x19, 0x20, 0x20, 0x19, 0x1A, 0x20, 0x00, 0x00, 0x02, 0x00, 0x2C, 0xFF, 0xF6,
    0x02, 0x19, 0x02, 0xEE, 0x00, 0x1D, 0x00, 0x29, 0x00, 0x00, 0x77, 0x34, 0x3E, 0x04, 0x35, 0x34,
    0x26, 0x23, 0x22, 0x06, 0x07, 0x23, 0x3E, 0x02, 0x33, 0x32, 0x16, 0x16, 0x15, 0x14, 0x0E, 0x04,
    0x15, 0x07, 0x22, 0x26, 0x35, 0x34, 0x36, 0x33, 0x32, 0x16, 0x15, 0x14, 0x06, 0xFD, 0x1D, 0x2F,
    0x34, 0x2F, 0x1D, 0x52, 0x47, 0x4B, 0x5E, 0x0B, 0x50, 0x07, 0x45, 0x72, 0x49, 0x45, 0x67, 0x3A,
    0x1E, 0x2F, 0x36, 0x2F, 0x1E, 0x26, 0x19, 0x21, 0x21, 0x19, 0x17, 0x22, 0x22, 0xD2, 0x39, 0x4E,
    0x35, 0x28, 0x27, 0x30, 0x23, 0x35, 0x41, 0x4D, 0x46, 0x43, 0x62, 0x36, 0x2F, 0x56, 0x3B, 0x2F,
    0x3E, 0x2C, 0x26, 0x2C, 0x40, 0x31, 0xDC, 0x20, 0x1A, 0x19, 0x20, 0x20, 0x19, 0x1A, 0x20, 0x00,
    0x00, 0x02, 0x00, 0x1E, 0xFF, 0x29, 0x02, 0x0B, 0x02, 0x08, 0x00, 0x1D, 0x00, 0x29, 0x00, 0x00,
    0x45, 0x22, 0x26, 0x26, 0x35, 0x34, 0x3E, 0x04, 0x35, 0x33, 0x14, 0x0E, 0x04, 0x15, 0x14, 0x16,
    0x33, 0x32, 0x36, 0x37, 0x33, 0x0E, 0x02, 0x03, 0x32, 0x16, 0x15, 0x14, 0x06, 0x23, 0x22, 0x26,
    0x35, 0x34, 0x36, 0x01, 0x04, 0x41, 0x68, 0x3D, 0x1E, 0x2F, 0x36, 0x2F, 0x1E, 0x4C, 0x1D, 0x2F,
    0x34, 0x2F, 0x1D, 0x58, 0x41, 0x44, 0x65, 0x0B, 0x50, 0x07, 0x49, 0x72, 0x35, 0x19, 0x21, 0x21,
    0x19, 0x16, 0x23, 0x23, 0xD7, 0x2A, 0x51, 0x3B, 0x2F, 0x3E, 0x2C, 0x24, 0x2A, 0x3A, 0x2C, 0x35,
    0x46, 0x31, 0x25, 0x26, 0x31, 0x25, 0x34, 0x3A, 0x41, 0x3E, 0x3E, 0x59, 0x30, 0x02, 0xDF, 0x20,
    0x1A, 0x19, 0x20, 0x20, 0x19, 0x1A, 0x20, 0x00, 0xFF, 0xFF, 0x00, 0x00, 0x01, 0x45, 0x00, 0x73,
    0x01, 0xB8, 0x04, 0x07, 0x01, 0x6F, 0xFF, 0xBA, 0x01, 0x4F, 0x00, 0x01, 0x00, 0x4C, 0x01, 0x1C,
    0x00, 0xF9, 0x01, 0xC9, 0x00, 0x0B, 0x00, 0x00, 0x53, 0x22, 0x26, 0x35, 0x34, 0x36, 0x33, 0x32,
    0x16, 0x15, 0x14, 0x06, 0xA3, 0x25, 0x32, 0x32, 0x25, 0x22, 0x34, 0x34, 0x01, 0x1C, 0x30, 0x27,
    0x25, 0x31, 0x31, 0x25, 0x27, 0x30, 0xFF, 0xFF, 0x00, 0x00, 0x01, 0x61, 0x00, 0x67, 0x01, 0xC8,
    0x04, 0x07, 0x01, 0x58, 0xFF, 0xB4, 0x01, 0x61, 0x00, 0x01, 0x00, 0x4C, 0x00, 0x36, 0x02, 0xC5,
    0x02, 0xAF, 0x00, 0x0B, 0x00, 0x00, 0x65, 0x22, 0x26, 0x35, 0x34, 0x36, 0x33, 0x32, 0x16, 0x15,
    0x14, 0x06, 0x01, 0x8B, 0x88, 0xB7, 0xB7, 0x88, 0x7C, 0xBE, 0xBE, 0x36, 0xAF, 0x90, 0x88, 0xB2,
    0xB2, 0x88, 0x90, 0xAF, 0xFF, 0xFF, 0x00, 0x00, 0x01, 0x57, 0x00, 0x73, 0x01, 0xCA, 0x04, 0x07,
    0x01, 0x6F, 0xFF, 0xBA, 0x01, 0x61, 0x00, 0x01, 0x00, 0x50, 0x00, 0xEA, 0x01, 0xAA, 0x01, 0x36,
    0x00, 0x03, 0x00, 0x00, 0x77, 0x35, 0x21, 0x15, 0x50, 0x01, 0x5A, 0xEA, 0x4C, 0x4C, 0x00, 0x01,
    0x00, 0x50, 0x00, 0xEE, 0x01, 0xFA, 0x01, 0x32, 0x00, 0x03, 0x00, 0x00, 0x77, 0x35, 0x21, 0x15,
    0x50, 0x01, 0xAA, 0xEE, 0x44, 0x44, 0x00, 0x01, 0x00, 0x50, 0x00, 0xEE, 0x03, 0x26, 0x01, 0x32,
    0x00, 0x03, 0x00, 0x00, 0x77, 0x35, 0x21, 0x15, 0x50, 0x02, 0xD6, 0xEE, 0x44, 0x44, 0xFF, 0xFF,
    0x00, 0x00, 0xFF, 0x8A, 0x01, 0xAA, 0xFF, 0xCE, 0x04, 0x07, 0x01, 0x7E, 0xFF, 0xB0, 0xFE, 0x9C,
    0x00, 0x01, 0x00, 0x50, 0x01, 0x42, 0x01, 0xAA, 0x01, 0x8E, 0x00, 0x03, 0x00, 0x00, 0x53, 0x35,
    0x21, 0x15, 0x50, 0x01, 0x5A, 0x01, 0x42, 0x4C, 0x4C, 0x00, 0x00, 0x01, 0x00, 0x50, 0x01, 0x46,
    0x01, 0xFA, 0x01, 0x8A, 0x00, 0x03, 0x00, 0x00, 0x53, 0x35, 0x21, 0x15, 0x50, 0x01, 0xAA, 0x01,
    0x46, 0x44, 0x44, 0x00, 0x00, 0x01, 0x00, 0x50, 0x01, 0x46, 0x03, 0x26, 0x01, 0x8A, 0x00, 0x03,
    0x00, 0x00, 0x53, 0x35, 0x21, 0x15, 0x50, 0x02, 0xD6, 0x01, 0x46, 0x44, 0x44, 0x00, 0x00, 0x01,
    0x00, 0x50, 0xFF, 0x92, 0x01, 0x64, 0x02, 0xEE, 0x00, 0x0D, 0x00, 0x00, 0x45, 0x26, 0x26, 0x35,
    0x34, 0x36, 0x37, 0x33, 0x06, 0x06, 0x15, 0x14, 0x16, 0x17, 0x01, 0x17, 0x66, 0x61, 0x62, 0x65,
    0x4D, 0x65, 0x65, 0x68, 0x62, 0x6E, 0x5D, 0xDE, 0x73, 0x71, 0xDF, 0x5E, 0x5E, 0xD7, 0x79, 0x7A,
    0xD7, 0x5D, 0x00, 0x01, 0x00, 0x32, 0xFF, 0x96, 0x01, 0x46, 0x02, 0xF2, 0x00, 0x0D, 0x00, 0x00,
    0x53, 0x16, 0x16, 0x15, 0x14, 0x06, 0x07, 0x23, 0x36, 0x36, 0x35, 0x34, 0x26, 0x27, 0x7F, 0x66,
    0x61, 0x62, 0x65, 0x4D, 0x65, 0x65, 0x68, 0x62, 0x02, 0xF2, 0x5D, 0xDE, 0x73, 0x71, 0xDF, 0x5E,
    0x5E, 0xD7, 0x79, 0x7A, 0xD7, 0x5D, 0x00, 0x01, 0x00, 0x28, 0xFF, 0x94, 0x01, 0x5A, 0x02, 0xEE,
    0x00, 0x26, 0x00, 0x00, 0x45, 0x22, 0x26, 0x26, 0x37, 0x37, 0x36, 0x26, 0x23, 0x23, 0x35, 0x33,
    0x32, 0x36, 0x27, 0x27, 0x26, 0x36, 0x36, 0x33, 0x33, 0x15, 0x23, 0x22, 0x06, 0x17, 0x17, 0x16,
    0x06, 0x07, 0x16, 0x16, 0x07, 0x07, 0x06, 0x16, 0x33, 0x33, 0x15, 0x01, 0x04, 0x36, 0x43, 0x17,
    0x08, 0x1F, 0x0A, 0x23, 0x2B, 0x2F, 0x2F, 0x2B, 0x23, 0x0A, 0x1F, 0x08, 0x17, 0x43, 0x36, 0x56,
    0x52, 0x28, 0x23, 0x0A, 0x1D, 0x0D, 0x24, 0x26, 0x26, 0x24, 0x0D, 0x1D, 0x0A, 0x23, 0x28, 0x52,
    0x6C, 0x2B, 0x48, 0x29, 0x99, 0x2F, 0x29, 0x40, 0x29, 0x2F, 0x99, 0x2A, 0x47, 0x2B, 0x40, 0x2D,
    0x2C, 0x88, 0x3C, 0x41, 0x0F, 0x0F, 0x41, 0x3C, 0x88, 0x2C, 0x2D, 0x40, 0x00, 0x01, 0x00, 0x3C,
    0xFF, 0x94, 0x01, 0x6E, 0x02, 0xEE, 0x00, 0x26, 0x00, 0x00, 0x53, 0x32, 0x16, 0x16, 0x07, 0x07,
    0x06, 0x16, 0x33, 0x33, 0x15, 0x23, 0x22, 0x06, 0x17, 0x17, 0x16, 0x06, 0x06, 0x23, 0x23, 0x35,
    0x33, 0x32, 0x36, 0x27, 0x27, 0x26, 0x36, 0x37, 0x26, 0x26, 0x37, 0x37, 0x36, 0x26, 0x23, 0x23,
    0x35, 0x92, 0x37, 0x42, 0x18, 0x09, 0x1F, 0x0A, 0x23, 0x2B, 0x2F, 0x2F, 0x2B, 0x23, 0x0A, 0x1F,
    0x09, 0x18, 0x42, 0x37, 0x56, 0x52, 0x29, 0x22, 0x0A, 0x1D, 0x0D, 0x24, 0x26, 0x26, 0x24, 0x0D,
    0x1D, 0x0A, 0x22, 0x29, 0x52, 0x02, 0xEE, 0x2B, 0x47, 0x2A, 0x99, 0x2F, 0x29, 0x40, 0x29, 0x2F,
    0x99, 0x29, 0x48, 0x2B, 0x40, 0x2D, 0x2C, 0x88, 0x3C, 0x41, 0x0F, 0x0F, 0x41, 0x3C, 0x88, 0x2C,
    0x2D, 0x40, 0x00, 0x01, 0x00, 0x5A, 0xFF, 0x94, 0x01, 0x5A, 0x02, 0xEE, 0x00, 0x07, 0x00, 0x00,
    0x57, 0x11, 0x21, 0x15, 0x23, 0x11, 0x33, 0x15, 0x5A, 0x01, 0x00, 0xB6, 0xB6, 0x6C, 0x03, 0x5A,
    0x40, 0xFD, 0x26, 0x40, 0x00, 0x01, 0x00, 0x3C, 0xFF, 0x94, 0x01, 0x3C, 0x02, 0xEE, 0x00, 0x07,
    0x00, 0x00, 0x41, 0x11, 0x21, 0x35, 0x33, 0x11, 0x23, 0x35, 0x01, 0x3C, 0xFF, 0x00, 0xB6, 0xB6,
    0x02, 0xEE, 0xFC, 0xA6, 0x40, 0x02, 0xDA, 0x40, 0x00, 0x01, 0x00, 0x50, 0xFF, 0xD8, 0x01, 0x64,
    0x02, 0xF8, 0x00, 0x0F, 0x00, 0x00, 0x45, 0x2E, 0x02, 0x35, 0x34, 0x36, 0x36, 0x37, 0x33, 0x06,
    0x06, 0x15, 0x14, 0x16, 0x17, 0x01, 0x17, 0x44, 0x58, 0x2B, 0x2B, 0x59, 0x43, 0x4D, 0x65, 0x65,
    0x68, 0x62, 0x28, 0x3A, 0x83, 0x8C, 0x47, 0x47, 0x8B, 0x84, 0x3A, 0x57, 0xC8, 0x71, 0x72, 0xC7,
    0x57, 0x00, 0x00, 0x01, 0x00, 0x32, 0xFF, 0xD8, 0x01, 0x46, 0x02, 0xF8, 0x00, 0x0F, 0x00, 0x00,
    0x53, 0x1E, 0x02, 0x15, 0x14, 0x06, 0x06, 0x07, 0x23, 0x36, 0x36, 0x35, 0x34, 0x26, 0x27, 0x7F,
    0x44, 0x58, 0x2B, 0x2B, 0x58, 0x44, 0x4D, 0x65, 0x65, 0x68, 0x62, 0x02, 0xF8, 0x3A, 0x83, 0x8C,
    0x47, 0x46, 0x8C, 0x84, 0x3A, 0x57, 0xC9, 0x70, 0x72, 0xC7, 0x57, 0x00, 0x00, 0x01, 0x00, 0x28,
    0xFF, 0xD8, 0x01, 0x5A, 0x02, 0xF8, 0x00, 0x28, 0x00, 0x00, 0x45, 0x22, 0x26, 0x26, 0x37, 0x37,
    0x36, 0x26, 0x23, 0x23, 0x35, 0x33, 0x32, 0x36, 0x27, 0x27, 0x26, 0x36, 0x36, 0x33, 0x33, 0x15,
    0x23, 0x22, 0x06, 0x17, 0x17, 0x16, 0x06, 0x06, 0x07, 0x1E, 0x02, 0x07, 0x07, 0x06, 0x16, 0x33,
    0x33, 0x15, 0x01, 0x04, 0x36, 0x44, 0x18, 0x0A, 0x1F, 0x0C, 0x25, 0x2B, 0x2F, 0x2F, 0x2B, 0x25,
    0x0C, 0x1F, 0x0A, 0x18, 0x44, 0x36, 0x56, 0x52, 0x28, 0x25, 0x0C, 0x1D, 0x0B, 0x0B, 0x23, 0x1A,
    0x1A, 0x23, 0x0B, 0x0B, 0x1D, 0x0C, 0x25, 0x28, 0x52, 0x28, 0x2B, 0x48, 0x29, 0x7C, 0x2F, 0x29,
    0x40, 0x29, 0x2F, 0x7C, 0x2A, 0x47, 0x2B, 0x40, 0x2D, 0x2C, 0x6B, 0x28, 0x37, 0x23, 0x0A, 0x0A,
    0x23, 0x37, 0x28, 0x6B, 0x2C, 0x2D, 0x40, 0x00, 0x00, 0x01, 0x00, 0x3C, 0xFF, 0xD8, 0x01, 0x6E,
    0x02, 0xF8, 0x00, 0x28, 0x00, 0x00, 0x53, 0x32, 0x16, 0x16, 0x07, 0x07, 0x06, 0x16, 0x33, 0x33,
    0x15, 0x23, 0x22, 0x06, 0x17, 0x17, 0x16, 0x06, 0x06, 0x23, 0x23, 0x35, 0x33, 0x32, 0x36, 0x27,
    0x27, 0x26, 0x36, 0x36, 0x37, 0x2E, 0x02, 0x37, 0x37, 0x36, 0x26, 0x23, 0x23, 0x35, 0x92, 0x37,
    0x43, 0x19, 0x0B, 0x1F, 0x0C, 0x25, 0x2B, 0x2F, 0x2F, 0x2B, 0x25, 0x0C, 0x1F, 0x0B, 0x19, 0x43,
    0x37, 0x56, 0x52, 0x29, 0x24, 0x0C, 0x1D, 0x0B, 0x0B, 0x24, 0x19, 0x19, 0x24, 0x0B, 0x0B, 0x1D,
    0x0C, 0x24, 0x29, 0x52, 0x02, 0xF8, 0x2B, 0x47, 0x2A, 0x7C, 0x2F, 0x29, 0x40, 0x29, 0x2F, 0x7C,
    0x29, 0x48, 0x2B, 0x40, 0x2D, 0x2C, 0x6B, 0x28, 0x37, 0x23, 0x0A, 0x0A, 0x23, 0x37, 0x28, 0x6B,
    0x2C, 0x2D, 0x40, 0x00, 0x00, 0x01, 0x00, 0x5A, 0xFF, 0xD8, 0x01, 0x5A, 0x02, 0xF8, 0x00, 0x07,
    0x00, 0x00, 0x57, 0x11, 0x21, 0x15, 0x23, 0x11, 0x33, 0x15, 0x5A, 0x01, 0x00, 0xB6, 0xB6, 0x28,
    0x03, 0x20, 0x40, 0xFD, 0x60, 0x40, 0x00, 0x01, 0x00, 0x3C, 0xFF, 0xD8, 0x01, 0x3C, 0x02, 0xF8,
    0x00, 0x07, 0x00, 0x00, 0x41, 0x11, 0x21, 0x35, 0x33, 0x11, 0x23, 0x35, 0x01, 0x3C, 0xFF, 0x00,
    0xB6, 0xB6, 0x02, 0xF8, 0xFC, 0xE0, 0x40, 0x02, 0xA0, 0x40, 0xFF, 0xFF, 0x00, 0x47, 0xFF, 0x70,
    0x00, 0xAC, 0x00, 0x66, 0x04, 0x06, 0x01, 0x59, 0xFA, 0x00, 0xFF, 0xFF, 0x00, 0x47, 0xFF, 0x70,
    0x01, 0x42, 0x00, 0x66, 0x04, 0x27, 0x01, 0x59, 0x00, 0x90, 0x00, 0x00, 0x00, 0x06, 0x01, 0x59,
    0xFA, 0x00, 0xFF, 0xFF, 0x00, 0x4C, 0x01, 0xFB, 0x01, 0x52, 0x02, 0xE4, 0x04, 0x27, 0x01, 0x94,
    0x00, 0x9A, 0x00, 0x00, 0x00, 0x06, 0x01, 0x94, 0x00, 0x00, 0xFF, 0xFF, 0x00, 0x47, 0x01, 0xFF,
    0x01, 0x4D, 0x02, 0xE8, 0x04, 0x27, 0x01, 0x95, 0x00, 0x9A, 0x00, 0x00, 0x00, 0x06, 0x01, 0x95,
    0x00, 0x00, 0x00, 0x01, 0x00, 0x4C, 0x01, 0xFB, 0x00, 0xB8, 0x02, 0xE4, 0x00, 0x0B, 0x00, 0x00,
    0x53, 0x35, 0x34, 0x36, 0x37, 0x15, 0x06, 0x06, 0x15, 0x27, 0x33, 0x15, 0x4C, 0x33, 0x39, 0x22,
    0x1C, 0x1E, 0x5B, 0x01, 0xFB, 0x4E, 0x40, 0x52, 0x09, 0x29, 0x04, 0x2C, 0x30, 0x04, 0x64, 0x00,
    0x00, 0x01, 0x00, 0x47, 0x01, 0xFF, 0x00, 0xB3, 0x02, 0xE8, 0x00, 0x0B, 0x00, 0x00, 0x53, 0x35,
    0x36, 0x36, 0x35, 0x17, 0x23, 0x35, 0x33, 0x15, 0x14, 0x06, 0x47, 0x22, 0x1C, 0x1E, 0x5B, 0x6B,
    0x33, 0x01, 0xFF, 0x29, 0x04, 0x2C, 0x30, 0x04, 0x64, 0x4E, 0x40, 0x52, 0xFF, 0xFF, 0x00, 0x37,
    0x00, 0x44, 0x01, 0xAD, 0x01, 0xB2, 0x04, 0x26, 0x01, 0x98, 0x00, 0x00, 0x00, 0x07, 0x01, 0x98,
    0x00, 0xA0, 0x00, 0x00, 0x00, 0x02, 0x00, 0x41, 0x00, 0x44, 0x01, 0xB7, 0x01, 0xB2, 0x00, 0x05,
    0x00, 0x0B, 0x00, 0x00, 0x41, 0x17, 0x07, 0x23, 0x37, 0x27, 0x23, 0x17, 0x07, 0x23, 0x37, 0x27,
    0x01, 0x33, 0x84, 0x84, 0x52, 0x80, 0x80, 0x4E, 0x84, 0x84, 0x52, 0x80, 0x80, 0x01, 0xB2, 0xB7,
    0xB7, 0xB7, 0xB7, 0xB7, 0xB7, 0xB7, 0xB7, 0x00, 0x00, 0x01, 0x00, 0x37, 0x00, 0x44, 0x01, 0x0D,
    0x01, 0xB2, 0x00, 0x05, 0x00, 0x00, 0x77, 0x27, 0x37, 0x33, 0x07, 0x17, 0xBB, 0x84, 0x84, 0x52,
    0x80, 0x80, 0x44, 0xB7, 0xB7, 0xB7, 0xB7, 0x00, 0x00, 0x01, 0x00, 0x41, 0x00, 0x44, 0x01, 0x17,
    0x01, 0xB2, 0x00, 0x05, 0x00, 0x00, 0x77, 0x23, 0x37, 0x27, 0x33, 0x17, 0x93, 0x52, 0x80, 0x80,
    0x52, 0x84, 0x44, 0xB7, 0xB7, 0xB7, 0xFF, 0xFF, 0x00, 0x42, 0x01, 0xEF, 0x01, 0x3E, 0x02, 0xEE,
    0x04, 0x26, 0x01, 0x9B, 0x00, 0x00, 0x00, 0x07, 0x01, 0x9B, 0x00, 0x98, 0x00, 0x00, 0x00, 0x01,
    0x00, 0x42, 0x01, 0xEF, 0x00, 0xA6, 0x02, 0xEE, 0x00, 0x10, 0x00, 0x00, 0x53, 0x27, 0x26, 0x26,
    0x35, 0x34, 0x36, 0x36, 0x33, 0x32, 0x16, 0x16, 0x15, 0x14, 0x06, 0x07, 0x07, 0x63, 0x19, 0x04,
    0x04, 0x0D, 0x16, 0x0F, 0x0F, 0x17, 0x0C, 0x04, 0x04, 0x19, 0x01, 0xEF, 0x84, 0x14, 0x23, 0x0D,
    0x10, 0x19, 0x0E, 0x0E, 0x19, 0x10, 0x0D, 0x23, 0x14, 0x84, 0xFF, 0xFF, 0x00, 0x47, 0xFF, 0x85,
    0x00, 0xBE, 0x00, 0x74, 0x04, 0x07, 0x01, 0xA1, 0x00, 0x05, 0xFD, 0x86, 0xFF, 0xFF, 0x00, 0x47,
    0xFF, 0x85, 0x01, 0x59, 0x00, 0x74, 0x04, 0x27, 0x01, 0xA1, 0x00, 0x05, 0xFD, 0x86, 0x00, 0x07,
    0x01, 0xA1, 0x00, 0xA0, 0xFD, 0x86, 0xFF, 0xFF, 0x00, 0x4C, 0x01, 0xEB, 0x01, 0x5E, 0x02, 0xE4,
    0x04, 0x26, 0x01, 0xA0, 0x00, 0x00, 0x00, 0x07, 0x01, 0xA0, 0x00, 0x9B, 0x00, 0x00, 0xFF, 0xFF,
    0x00, 0x47, 0x01, 0xFF, 0x01, 0x58, 0x02, 0xEE, 0x04, 0x26, 0x01, 0xA1, 0x05, 0x00, 0x00, 0x07,
    0x01, 0xA1, 0x00, 0x9F, 0x00, 0x00, 0x00, 0x01, 0x00, 0x4C, 0x01, 0xEB, 0x00, 0xC3, 0x02, 0xE4,
    0x00, 0x13, 0x00, 0x00, 0x53, 0x22, 0x26, 0x35, 0x34, 0x36, 0x37, 0x15, 0x06, 0x06, 0x15, 0x07,
    0x36, 0x36, 0x33, 0x32, 0x16, 0x15, 0x14, 0x06, 0x8A, 0x1A, 0x24, 0x39, 0x39, 0x22, 0x22, 0x18,
    0x07, 0x12, 0x0A, 0x1C, 0x22, 0x21, 0x01, 0xEB, 0x27, 0x2D, 0x40, 0x55, 0x10, 0x29, 0x0B, 0x2F,
    0x30, 0x03, 0x05, 0x08, 0x1F, 0x18, 0x19, 0x20, 0x00, 0x01, 0x00, 0x42, 0x01, 0xFF, 0x00, 0xB9,
    0x02, 0xEE, 0x00, 0x13, 0x00, 0x00, 0x53, 0x35, 0x36, 0x36, 0x35, 0x37, 0x06, 0x06, 0x23, 0x22,
    0x26, 0x35, 0x34, 0x36, 0x33, 0x32, 0x16, 0x15, 0x14, 0x06, 0x47, 0x22, 0x22, 0x18, 0x07, 0x12,
    0x0A, 0x1C, 0x22, 0x21, 0x18, 0x1A, 0x24, 0x39, 0x01, 0xFF, 0x29, 0x04, 0x2C, 0x30, 0x03, 0x05,
    0x08, 0x1F, 0x18, 0x1A, 0x1F, 0x27, 0x2D, 0x40, 0x52, 0x00, 0x00, 0x01, 0x00, 0x3C, 0x00, 0x1E,
    0x03, 0x16, 0x02, 0xB2, 0x00, 0x0A, 0x00, 0x00, 0x41, 0x21, 0x37, 0x01, 0x23, 0x01, 0x01, 0x33,
    0x01, 0x27, 0x21, 0x03, 0x16, 0xFD, 0x6E, 0x23, 0x01, 0x40, 0x64, 0xFE, 0xB9, 0x01, 0x48, 0x64,
    0xFE, 0xBF, 0x23, 0x02, 0x92, 0x01, 0x44, 0x1C, 0xFE, 0xBE, 0x01, 0x4A, 0x01, 0x4A, 0xFE, 0xBE,
    0x1C, 0x00, 0x00, 0x02, 0x00, 0x32, 0xFF, 0xF6, 0x03, 0x23, 0x02, 0xDA, 0x00, 0x44, 0x00, 0x54,
    0x00, 0x00, 0x45, 0x22, 0x26, 0x26, 0x35, 0x34, 0x3E, 0x02, 0x33, 0x32, 0x16, 0x16, 0x15, 0x14,
    0x0E, 0x02, 0x23, 0x22, 0x26, 0x26, 0x37, 0x17, 0x06, 0x06, 0x23, 0x22, 0x26, 0x35, 0x34, 0x3E,
    0x02, 0x33, 0x32, 0x16, 0x07, 0x27, 0x37, 0x33, 0x03, 0x06, 0x16, 0x33, 0x32, 0x3E, 0x02, 0x35,
    0x34, 0x26, 0x26, 0x23, 0x22, 0x0E, 0x02, 0x15, 0x14, 0x16, 0x16, 0x33, 0x32, 0x36, 0x37, 0x17,
    0x06, 0x06, 0x27, 0x32, 0x3E, 0x02, 0x35, 0x34, 0x26, 0x23, 0x22, 0x0E, 0x02, 0x15, 0x14, 0x16,
    0x01, 0xAE, 0x73, 0xAB, 0x5E, 0x3D, 0x70, 0x99, 0x5B, 0x64, 0x97, 0x55, 0x21, 0x3A, 0x4C, 0x2B,
    0x1F, 0x2D, 0x0E, 0x0D, 0x04, 0x1A, 0x4D, 0x2C, 0x43, 0x55, 0x20, 0x39, 0x4A, 0x2A, 0x3C, 0x49,
    0x01, 0x0C, 0x1C, 0x4F, 0x46, 0x09, 0x0F, 0x17, 0x18, 0x2C, 0x24, 0x15, 0x44, 0x7B, 0x51, 0x4D,
    0x80, 0x5D, 0x33, 0x4A, 0x8B, 0x63, 0x37, 0x6D, 0x2E, 0x19, 0x2B, 0x7B, 0x62, 0x1A, 0x2F, 0x24,
    0x15, 0x35, 0x2C, 0x1A, 0x2F, 0x24, 0x14, 0x35, 0x0A, 0x54, 0x97, 0x66, 0x55, 0x93, 0x6E, 0x3D,
    0x4C, 0x87, 0x58, 0x39, 0x65, 0x4D, 0x2C, 0x1D, 0x3A, 0x29, 0x24, 0x2C, 0x30, 0x5F, 0x4C, 0x33,
    0x5A, 0x44, 0x27, 0x44, 0x3A, 0x01, 0x6B, 0xFE, 0xF0, 0x23, 0x22, 0x23, 0x3C, 0x4C, 0x2A, 0x49,
    0x6D, 0x3D, 0x34, 0x5D, 0x7B, 0x47, 0x54, 0x7C, 0x45, 0x19, 0x17, 0x36, 0x19, 0x1F, 0xE5, 0x1C,
    0x31, 0x3F, 0x22, 0x32, 0x3D, 0x1A, 0x2F, 0x3F, 0x24, 0x34, 0x3D, 0x00, 0x00, 0x02, 0x00, 0x30,
    0xFF, 0xF6, 0x02, 0xD9, 0x02, 0xDA, 0x00, 0x1F, 0x00, 0x3A, 0x00, 0x00, 0x61, 0x01, 0x2E, 0x02,
    0x35, 0x34, 0x36, 0x36, 0x33, 0x32, 0x16, 0x16, 0x15, 0x14, 0x06, 0x07, 0x27, 0x36, 0x36, 0x35,
    0x34, 0x26, 0x23, 0x22, 0x06, 0x15, 0x14, 0x16, 0x16, 0x17, 0x01, 0x05, 0x22, 0x26, 0x26, 0x35,
    0x34, 0x36, 0x37, 0x17, 0x0E, 0x02, 0x15, 0x14, 0x16, 0x33, 0x32, 0x3E, 0x02, 0x35, 0x33, 0x14,
    0x0E, 0x03, 0x02, 0x70, 0xFE, 0x7D, 0x21, 0x2A, 0x14, 0x30, 0x53, 0x36, 0x34, 0x54, 0x32, 0x5E,
    0x62, 0x2A, 0x4D, 0x4F, 0x41, 0x2D, 0x2C, 0x3B, 0x11, 0x2A, 0x27, 0x01, 0x99, 0xFE, 0x5C, 0x4E,
    0x76, 0x41, 0x70, 0x60, 0x2C, 0x38, 0x4C, 0x27, 0x62, 0x55, 0x3F, 0x61, 0x44, 0x23, 0x4F, 0x1F,
    0x3C, 0x55, 0x6A, 0x01, 0x8D, 0x23, 0x3A, 0x36, 0x1C, 0x2E, 0x47, 0x29, 0x27, 0x46, 0x31, 0x3D,
    0x5D, 0x20, 0x33, 0x13, 0x43, 0x2E, 0x2C, 0x32, 0x30, 0x2D, 0x14, 0x28, 0x34, 0x28, 0xFE, 0x5E,
    0x0A, 0x36, 0x62, 0x41, 0x50, 0x78, 0x14, 0x32, 0x0C, 0x2D, 0x40, 0x2A, 0x49, 0x52, 0x2C, 0x55,
    0x7A, 0x4E, 0x49, 0x7C, 0x62, 0x43, 0x24, 0x00, 0x00, 0x01, 0x00, 0x2A, 0xFF, 0x7E, 0x02, 0x71,
    0x02, 0xD0, 0x00, 0x10, 0x00, 0x00, 0x45, 0x11, 0x23, 0x22, 0x26, 0x26, 0x35, 0x34, 0x36, 0x36,
    0x33, 0x21, 0x11, 0x23, 0x11, 0x23, 0x11, 0x01, 0x66, 0x78, 0x39, 0x59, 0x32, 0x32, 0x5A, 0x3B,
    0x01, 0x80, 0x43, 0x85, 0x82, 0x01, 0xC8, 0x31, 0x58, 0x39, 0x3B, 0x5A, 0x33, 0xFC, 0xAE, 0x03,
    0x12, 0xFC, 0xEE, 0x00, 0x00, 0x02, 0x00, 0x2A, 0xFF, 0xB5, 0x01, 0xC8, 0x02, 0xDA, 0x00, 0x21,
    0x00, 0x43, 0x00, 0x00, 0x65, 0x37, 0x32, 0x36, 0x35, 0x34, 0x26, 0x27, 0x27, 0x26, 0x26, 0x35,
    0x34, 0x36, 0x33, 0x32, 0x16, 0x17, 0x23, 0x26, 0x26, 0x23, 0x22, 0x06, 0x15, 0x14, 0x16, 0x17,
    0x17, 0x16, 0x16, 0x15, 0x14, 0x06, 0x07, 0x22, 0x26, 0x27, 0x33, 0x16, 0x16, 0x33, 0x32, 0x36,
    0x35, 0x34, 0x26, 0x27, 0x27, 0x26, 0x26, 0x35, 0x34, 0x36, 0x33, 0x07, 0x22, 0x06, 0x15, 0x14,
    0x16, 0x17, 0x17, 0x16, 0x16, 0x15, 0x14, 0x06, 0x01, 0x08, 0x02, 0x35, 0x3C, 0x27, 0x2E, 0x64,
    0x39, 0x41, 0x62, 0x54, 0x53, 0x68, 0x07, 0x4D, 0x07, 0x3E, 0x33, 0x31, 0x36, 0x27, 0x2E, 0x50,
    0x47, 0x48, 0x66, 0x6E, 0x53, 0x67, 0x08, 0x4D, 0x07, 0x3E, 0x33, 0x32, 0x35, 0x26, 0x2F, 0x50,
    0x47, 0x48, 0x66, 0x5A, 0x02, 0x35, 0x3C, 0x27, 0x2E, 0x64, 0x39, 0x41, 0x62, 0xAD, 0x38, 0x2F,
    0x25, 0x22, 0x2A, 0x0C, 0x1A, 0x0E, 0x50, 0x3C, 0x42, 0x53, 0x50, 0x47, 0x29, 0x2C, 0x2B, 0x22,
    0x22, 0x2C, 0x0D, 0x16, 0x13, 0x51, 0x3E, 0x43, 0x48, 0xF8, 0x50, 0x47, 0x29, 0x2C, 0x2B, 0x22,
    0x22, 0x2C, 0x0D, 0x16, 0x14, 0x50, 0x3E, 0x44, 0x47, 0x38, 0x2E, 0x26, 0x22, 0x2A, 0x0C, 0x1A,
    0x0E, 0x50, 0x3C, 0x42, 0x53, 0x00, 0x00, 0x03, 0x00, 0x32, 0xFF, 0xF1, 0x03, 0x20, 0x02, 0xDF,
    0x00, 0x13, 0x00, 0x27, 0x00, 0x43, 0x00, 0x00, 0x45, 0x22, 0x2E, 0x02, 0x35, 0x34, 0x3E, 0x02,
    0x33, 0x32, 0x1E, 0x02, 0x15, 0x14, 0x0E, 0x02, 0x27, 0x32, 0x3E, 0x02, 0x35, 0x34, 0x2E, 0x02,
    0x23, 0x22, 0x0E, 0x02, 0x15, 0x14, 0x1E, 0x02, 0x37, 0x22, 0x26, 0x26, 0x35, 0x34, 0x36, 0x36,
    0x33, 0x32, 0x16, 0x17, 0x23, 0x26, 0x26, 0x23, 0x22, 0x06, 0x15, 0x14, 0x16, 0x33, 0x32, 0x36,
    0x37, 0x33, 0x06, 0x06, 0x01, 0xA9, 0x4E, 0x88, 0x67, 0x3A, 0x3A, 0x67, 0x88, 0x4E, 0x4E, 0x88,
    0x67, 0x3A, 0x3A, 0x67, 0x88, 0x4E, 0x45, 0x7A, 0x5C, 0x34, 0x34, 0x5C, 0x7A, 0x45, 0x45, 0x7A,
    0x5C, 0x34, 0x34, 0x5C, 0x7A, 0x47, 0x3B, 0x5C, 0x34, 0x34, 0x5C, 0x3A, 0x48, 0x63, 0x0A, 0x31,
    0x07, 0x46, 0x36, 0x45, 0x54, 0x54, 0x44, 0x38, 0x46, 0x07, 0x31, 0x0A, 0x62, 0x0F, 0x3A, 0x67,
    0x88, 0x4E, 0x4E, 0x88, 0x67, 0x3A, 0x3A, 0x67, 0x88, 0x4E, 0x4E, 0x88, 0x67, 0x3A, 0x26, 0x35,
    0x5D, 0x7A, 0x45, 0x45, 0x7A, 0x5D, 0x35, 0x35, 0x5D, 0x7A, 0x45, 0x45, 0x7A, 0x5D, 0x35, 0x75,
    0x39, 0x63, 0x40, 0x40, 0x63, 0x39, 0x57, 0x47, 0x35, 0x3D, 0x62, 0x4E, 0x4F, 0x61, 0x3E, 0x34,
    0x48, 0x56, 0x00, 0x03, 0x00, 0x32, 0xFF, 0xF1, 0x03, 0x20, 0x02, 0xDF, 0x00, 0x13, 0x00, 0x27,
    0x00, 0x4A, 0x00, 0x00, 0x45, 0x22, 0x2E, 0x02, 0x35, 0x34, 0x3E, 0x02, 0x33, 0x32, 0x1E, 0x02,
    0x15, 0x14, 0x0E, 0x02, 0x27, 0x32, 0x3E, 0x02, 0x35, 0x34, 0x2E, 0x02, 0x23, 0x22, 0x0E, 0x02,
    0x15, 0x14, 0x1E, 0x02, 0x27, 0x11, 0x33, 0x32, 0x16, 0x15, 0x14, 0x07, 0x37, 0x36, 0x16, 0x15,
    0x15, 0x14, 0x16, 0x17, 0x23, 0x26, 0x26, 0x35, 0x35, 0x34, 0x26, 0x23, 0x23, 0x35, 0x33, 0x32,
    0x36, 0x35, 0x34, 0x26, 0x23, 0x23, 0x11, 0x01, 0xA9, 0x4E, 0x88, 0x67, 0x3A, 0x3A, 0x67, 0x88,
    0x4E, 0x4E, 0x88, 0x67, 0x3A, 0x3A, 0x67, 0x88, 0x4E, 0x45, 0x7A, 0x5C, 0x34, 0x34, 0x5C, 0x7A,
    0x45, 0x45, 0x7A, 0x5C, 0x34, 0x34, 0x5C, 0x7A, 0x47, 0x9F, 0x43, 0x4E, 0x73, 0x06, 0x2F, 0x37,
    0x02, 0x03, 0x32, 0x02, 0x02, 0x2D, 0x29, 0x7E, 0x79, 0x2F, 0x33, 0x33, 0x2F, 0x6C, 0x0F, 0x3A,
    0x67, 0x88, 0x4E, 0x4E, 0x88, 0x67, 0x3A, 0x3A, 0x67, 0x88, 0x4E, 0x4E, 0x88, 0x67, 0x3A, 0x26,
    0x35, 0x5D, 0x7A, 0x45, 0x45, 0x7A, 0x5D, 0x35, 0x35, 0x5D, 0x7A, 0x45, 0x45, 0x7A, 0x5D, 0x35,
    0x7A, 0x01, 0xAE, 0x3F, 0x36, 0x58, 0x19, 0x10, 0x02, 0x33, 0x2D, 0x47, 0x0B, 0x19, 0x0F, 0x09,
    0x1A, 0x10, 0x3D, 0x27, 0x29, 0x28, 0x2A, 0x25, 0x25, 0x27, 0xFE, 0x7D, 0x00, 0x03, 0x00, 0x3C,
    0x01, 0x68, 0x03, 0x16, 0x02, 0xD0, 0x00, 0x03, 0x00, 0x07, 0x00, 0x17, 0x00, 0x00, 0x53, 0x11,
    0x33, 0x11, 0x03, 0x35, 0x21, 0x15, 0x13, 0x11, 0x33, 0x13, 0x23, 0x13, 0x33, 0x11, 0x23, 0x11,
    0x33, 0x03, 0x23, 0x03, 0x33, 0x11, 0xB3, 0x42, 0xB9, 0x01, 0x31, 0x25, 0x63, 0x71, 0x25, 0x70,
    0x65, 0x42, 0x0B, 0x6A, 0x46, 0x69, 0x0A, 0x01, 0x68, 0x01, 0x5B, 0xFE, 0xA5, 0x01, 0x30, 0x38,
    0x38, 0xFE, 0xD0, 0x01, 0x68, 0xFE, 0xA5, 0x01, 0x5B, 0xFE, 0x98, 0x01, 0x53, 0xFE, 0xAD, 0x01,
    0x50, 0xFE, 0xB0, 0x00, 0x00, 0x02, 0x00, 0x32, 0x01, 0xC1, 0x01, 0x50, 0x02, 0xDF, 0x00, 0x0F,
    0x00, 0x1B, 0x00, 0x00, 0x53, 0x22, 0x26, 0x26, 0x35, 0x34, 0x36, 0x36, 0x33, 0x32, 0x16, 0x16,
    0x15, 0x14, 0x06, 0x06, 0x27, 0x32, 0x36, 0x35, 0x34, 0x26, 0x23, 0x22, 0x06, 0x15, 0x14, 0x16,
    0xC2, 0x28, 0x42, 0x26, 0x26, 0x42, 0x28, 0x29, 0x40, 0x25, 0x25, 0x40, 0x29, 0x26, 0x34, 0x34,
    0x26, 0x28, 0x34, 0x34, 0x01, 0xC1, 0x27, 0x42, 0x27, 0x27, 0x41, 0x26, 0x26, 0x41, 0x27, 0x27,
    0x42, 0x27, 0x33, 0x36, 0x27, 0x26, 0x35, 0x35, 0x26, 0x27, 0x36, 0x00, 0x00, 0x01, 0x00, 0x56,
    0xFF, 0x7E, 0x00, 0x9C, 0x03, 0x16, 0x00, 0x03, 0x00, 0x00, 0x57, 0x11, 0x33, 0x11, 0x56, 0x46,
    0x82, 0x03, 0x98, 0xFC, 0x68, 0x00, 0x00, 0x02, 0x00, 0x26, 0x00, 0x00, 0x02, 0xCA, 0x02, 0xDA,
    0x00, 0x28, 0x00, 0x2C, 0x00, 0x00, 0x61, 0x22, 0x26, 0x26, 0x35, 0x34, 0x36, 0x36, 0x33, 0x17,
    0x22, 0x26, 0x26, 0x35, 0x34, 0x36, 0x33, 0x32, 0x16, 0x17, 0x15, 0x26, 0x26, 0x23, 0x22, 0x06,
    0x15, 0x14, 0x16, 0x33, 0x21, 0x15, 0x21, 0x22, 0x06, 0x15, 0x14, 0x16, 0x33, 0x21, 0x15, 0x23,
    0x11, 0x33, 0x11, 0x01, 0x03, 0x42, 0x63, 0x38, 0x33, 0x57, 0x37, 0x05, 0x2F, 0x4C, 0x2D, 0x7C,
    0x81, 0x26, 0x51, 0x19, 0x18, 0x50, 0x24, 0x5E, 0x51, 0x4C, 0x44, 0x01, 0xA4, 0xFE, 0x47, 0x45,
    0x52, 0x4E, 0x42, 0x01, 0x04, 0x2A, 0x52, 0x30, 0x57, 0x39, 0x39, 0x59, 0x34, 0x15, 0x2D, 0x50,
    0x33, 0x51, 0x68, 0x09, 0x09, 0x43, 0x08, 0x09, 0x44, 0x3A, 0x3C, 0x42, 0x42, 0x4E, 0x41, 0x3D,
    0x48, 0x44, 0x02, 0x2F, 0xFD, 0xD1, 0x00, 0x03, 0x00, 0x28, 0xFF, 0x93, 0x01, 0xF1, 0x02, 0x68,
    0x00, 0x03, 0x00, 0x07, 0x00, 0x27, 0x00, 0x00, 0x53, 0x35, 0x33, 0x15, 0x11, 0x15, 0x23, 0x35,
    0x17, 0x22, 0x26, 0x26, 0x35, 0x34, 0x36, 0x36, 0x33, 0x32, 0x16, 0x16, 0x17, 0x23, 0x26, 0x26,
    0x23, 0x22, 0x06, 0x06, 0x15, 0x14, 0x16, 0x16, 0x33, 0x32, 0x36, 0x37, 0x33, 0x0E, 0x02, 0xF7,
    0x41, 0x41, 0x23, 0x46, 0x6D, 0x3F, 0x3F, 0x6D, 0x45, 0x39, 0x5B, 0x3B, 0x08, 0x4A, 0x0A, 0x48,
    0x39, 0x31, 0x48, 0x28, 0x28, 0x49, 0x31, 0x37, 0x4A, 0x0A, 0x4A, 0x09, 0x3D, 0x5A, 0x01, 0xE2,
    0x86, 0x86, 0xFE, 0x32, 0x81, 0x81, 0x1E, 0x45, 0x79, 0x4D, 0x4D, 0x76, 0x44, 0x2C, 0x51, 0x36,
    0x31, 0x3E, 0x30, 0x58, 0x3B, 0x3B, 0x5A, 0x32, 0x3D, 0x31, 0x35, 0x51, 0x2C, 0x00, 0x00, 0x03,
    0x00, 0x2A, 0xFF, 0x93, 0x02, 0x36, 0x03, 0x3E, 0x00, 0x03, 0x00, 0x07, 0x00, 0x30, 0x00, 0x00,
    0x41, 0x35, 0x33, 0x15, 0x11, 0x15, 0x23, 0x35, 0x17, 0x22, 0x26, 0x27, 0x33, 0x16, 0x16, 0x33,
    0x32, 0x36, 0x35, 0x34, 0x26, 0x27, 0x27, 0x26, 0x26, 0x35, 0x34, 0x36, 0x36, 0x33, 0x32, 0x16,
    0x17, 0x23, 0x26, 0x26, 0x23, 0x22, 0x06, 0x15, 0x14, 0x16, 0x17, 0x17, 0x16, 0x16, 0x15, 0x14,
    0x06, 0x01, 0x16, 0x42, 0x42, 0x34, 0x7E, 0x95, 0x0D, 0x50, 0x0B, 0x68, 0x5C, 0x4E, 0x4F, 0x36,
    0x39, 0x79, 0x5C, 0x58, 0x3A, 0x6A, 0x46, 0x6C, 0x82, 0x0A, 0x50, 0x0D, 0x51, 0x4C, 0x48, 0x50,
    0x38, 0x3B, 0x81, 0x54, 0x54, 0x7B, 0x02, 0xB8, 0x86, 0x86, 0xFD, 0x5C, 0x81, 0x81, 0x1D, 0x7C,
    0x73, 0x53, 0x54, 0x3B, 0x39, 0x31, 0x3A, 0x13, 0x2A, 0x20, 0x5B, 0x46, 0x3A, 0x55, 0x30, 0x71,
    0x68, 0x4B, 0x46, 0x3A, 0x35, 0x2D, 0x36, 0x14, 0x2D, 0x1D, 0x63, 0x4C, 0x5A, 0x63, 0x00, 0x03,
    0x00, 0x00, 0xFF, 0xF6, 0x02, 0x8F, 0x02, 0xDA, 0x00, 0x21, 0x00, 0x25, 0x00, 0x29, 0x00, 0x00,
    0x45, 0x22, 0x2E, 0x02, 0x35, 0x34, 0x3E, 0x02, 0x33, 0x32, 0x16, 0x16, 0x17, 0x23, 0x26, 0x26,
    0x23, 0x22, 0x06, 0x06, 0x15, 0x14, 0x16, 0x16, 0x33, 0x32, 0x36, 0x37, 0x33, 0x0E, 0x02, 0x01,
    0x37, 0x21, 0x07, 0x05, 0x37, 0x21, 0x07, 0x01, 0x91, 0x43, 0x71, 0x54, 0x2F, 0x2F, 0x53, 0x70,
    0x42, 0x40, 0x6A, 0x49, 0x0C, 0x56, 0x0B, 0x5B, 0x40, 0x43, 0x67, 0x39, 0x3A, 0x66, 0x42, 0x41,
    0x5D, 0x0B, 0x56, 0x0C, 0x48, 0x6A, 0xFE, 0x2F, 0x0E, 0x01, 0xE5, 0x0E, 0xFE, 0x1B, 0x0E, 0x01,
    0xCA, 0x0E, 0x0A, 0x37, 0x63, 0x87, 0x51, 0x51, 0x87, 0x63, 0x37, 0x2D, 0x54, 0x39, 0x35, 0x3B,
    0x4B, 0x85, 0x58, 0x58, 0x85, 0x4B, 0x3B, 0x35, 0x3A, 0x53, 0x2D, 0x01, 0x9C, 0x44, 0x44, 0x96,
    0x44, 0x44, 0x00, 0x02, 0x00, 0x16, 0x00, 0x00, 0x02, 0x1A, 0x02, 0xDA, 0x00, 0x23, 0x00, 0x27,
    0x00, 0x00, 0x73, 0x35, 0x36, 0x36, 0x35, 0x34, 0x2E, 0x02, 0x35, 0x34, 0x36, 0x36, 0x33, 0x32,
    0x16, 0x16, 0x17, 0x23, 0x26, 0x26, 0x23, 0x22, 0x06, 0x15, 0x14, 0x1E, 0x02, 0x15, 0x14, 0x06,
    0x07, 0x27, 0x21, 0x15, 0x01, 0x35, 0x21, 0x15, 0x38, 0x2F, 0x24, 0x17, 0x1E, 0x17, 0x35, 0x67,
    0x4B, 0x4A, 0x68, 0x3C, 0x06, 0x50, 0x0A, 0x55, 0x42, 0x4B, 0x4F, 0x16, 0x1D, 0x16, 0x2F, 0x3F,
    0x01, 0x01, 0x9D, 0xFE, 0x10, 0x01, 0xA5, 0x48, 0x47, 0x63, 0x25, 0x24, 0x38, 0x36, 0x3F, 0x2B,
    0x3B, 0x5A, 0x32, 0x32, 0x5A, 0x3B, 0x40, 0x3F, 0x47, 0x3B, 0x21, 0x39, 0x37, 0x3D, 0x26, 0x2D,
    0x77, 0x53, 0x23, 0x48, 0x01, 0x35, 0x44, 0x44, 0x00, 0x04, 0x00, 0x18, 0x00, 0x00, 0x02, 0x50,
    0x02, 0xD0, 0x00, 0x09, 0x00, 0x0D, 0x00, 0x11, 0x00, 0x15, 0x00, 0x00, 0x61, 0x11, 0x03, 0x33,
    0x13, 0x23, 0x13, 0x33, 0x03, 0x11, 0x25, 0x35, 0x21, 0x15, 0x25, 0x23, 0x35, 0x3B, 0x02, 0x15,
    0x23, 0x01, 0x0B, 0xF3, 0x64, 0xCF, 0x26, 0xCF, 0x5C, 0xF3, 0xFE, 0xD7, 0x02, 0x00, 0xFE, 0xD0,
    0xD0, 0xAC, 0xB7, 0x9D, 0xC9, 0x01, 0x46, 0x01, 0x8A, 0xFE, 0xA6, 0x01, 0x5A, 0xFE, 0x76, 0xFE,
    0xBA, 0xFC, 0x44, 0x44, 0x96, 0x44, 0x44, 0x00, 0x00, 0x02, 0x00, 0x28, 0xFF, 0x93, 0x01, 0xF1,
    0x02, 0x68, 0x00, 0x1D, 0x00, 0x29, 0x00, 0x00, 0x45, 0x22, 0x26, 0x26, 0x35, 0x34, 0x36, 0x36,
    0x33, 0x32, 0x16, 0x16, 0x17, 0x23, 0x26, 0x26, 0x23, 0x22, 0x06, 0x15, 0x14, 0x16, 0x33, 0x32,
    0x36, 0x37, 0x33, 0x0E, 0x02, 0x07, 0x35, 0x35, 0x11, 0x35, 0x35, 0x33, 0x15, 0x15, 0x11, 0x15,
    0x15, 0x01, 0x1A, 0x46, 0x6D, 0x3F, 0x3F, 0x6D, 0x45, 0x39, 0x5B, 0x3B, 0x08, 0x4A, 0x0A, 0x48,
    0x39, 0x49, 0x58, 0x59, 0x49, 0x37, 0x4A, 0x0A, 0x4A, 0x09, 0x3D, 0x5A, 0x5A, 0x41, 0x0A, 0x45,
    0x79, 0x4D, 0x4D, 0x76, 0x44, 0x2C, 0x51, 0x36, 0x31, 0x3E, 0x6A, 0x59, 0x58, 0x6F, 0x3D, 0x31,
    0x35, 0x51, 0x2C, 0x63, 0x7B, 0x15, 0x01, 0xB7, 0x17, 0x77, 0x7B, 0x15, 0xFE, 0x4C, 0x12, 0x7F,
    0x00, 0x02, 0x00, 0x2A, 0xFF, 0x93, 0x02, 0x36, 0x03, 0x3E, 0x00, 0x28, 0x00, 0x34, 0x00, 0x00,
    0x45, 0x22, 0x26, 0x27, 0x33, 0x16, 0x16, 0x33, 0x32, 0x36, 0x35, 0x34, 0x26, 0x27, 0x27, 0x26,
    0x26, 0x35, 0x34, 0x36, 0x36, 0x33, 0x32, 0x16, 0x17, 0x23, 0x26, 0x26, 0x23, 0x22, 0x06, 0x15,
    0x14, 0x16, 0x17, 0x17, 0x16, 0x16, 0x15, 0x14, 0x06, 0x07, 0x35, 0x35, 0x11, 0x35, 0x35, 0x33,
    0x15, 0x15, 0x11, 0x15, 0x15, 0x01, 0x4A, 0x7E, 0x95, 0x0D, 0x50, 0x0B, 0x68, 0x5C, 0x4E, 0x4F,
    0x36, 0x39, 0x79, 0x5C, 0x58, 0x3A, 0x6A, 0x46, 0x6C, 0x82, 0x0A, 0x50, 0x0D, 0x51, 0x4C, 0x48,
    0x50, 0x38, 0x3B, 0x81, 0x54, 0x54, 0x7B, 0xA4, 0x41, 0x09, 0x7C, 0x73, 0x53, 0x54, 0x3B, 0x39,
    0x31, 0x3A, 0x13, 0x2A, 0x20, 0x5B, 0x46, 0x3A, 0x55, 0x30, 0x71, 0x68, 0x4B, 0x46, 0x3A, 0x35,
    0x2D, 0x36, 0x14, 0x2D, 0x1D, 0x63, 0x4C, 0x5A, 0x63, 0x64, 0x7B, 0x15, 0x02, 0x8D, 0x17, 0x77,
    0x7B, 0x15, 0xFD, 0x76, 0x12, 0x7F, 0x00, 0x02, 0x00, 0x3C, 0x00, 0x99, 0x01, 0xD7, 0x02, 0x4E,
    0x00, 0x03, 0x00, 0x07, 0x00, 0x00, 0x77, 0x11, 0x33, 0x11, 0x27, 0x35, 0x21, 0x15, 0xE7, 0x46,
    0xF1, 0x01, 0x9B, 0x99, 0x01, 0xB5, 0xFE, 0x4B, 0xB8, 0x44, 0x44, 0x00, 0x00, 0x01, 0x00, 0x3C,
    0x01, 0x51, 0x01, 0xD7, 0x01, 0x95, 0x00, 0x03, 0x00, 0x00, 0x53, 0x35, 0x21, 0x15, 0x3C, 0x01,
    0x9B, 0x01, 0x51, 0x44, 0x44, 0x00, 0x00, 0x02, 0x00, 0x43, 0x00, 0xAD, 0x01, 0xD0, 0x02, 0x3A,
    0x00, 0x03, 0x00, 0x07, 0x00, 0x00, 0x65, 0x01, 0x37, 0x01, 0x05, 0x27, 0x01, 0x17, 0x01, 0xA0,
    0xFE, 0xA3, 0x30, 0x01, 0x5D, 0xFE, 0xA3, 0x30, 0x01, 0x5D, 0x30, 0xAD, 0x01, 0x5D, 0x30, 0xFE,
    0xA3, 0x30, 0x30, 0x01, 0x5D, 0x30, 0x00, 0x03, 0x00, 0x3C, 0x00, 0x93, 0x01, 0xD7, 0x02, 0x53,
    0x00, 0x03, 0x00, 0x0F, 0x00, 0x1B, 0x00, 0x00, 0x53, 0x35, 0x21, 0x15, 0x27, 0x22, 0x26, 0x35,
    0x34, 0x36, 0x33, 0x32, 0x16, 0x15, 0x14, 0x06, 0x03, 0x22, 0x26, 0x35, 0x34, 0x36, 0x33, 0x32,
    0x16, 0x15, 0x14, 0x06, 0x3C, 0x01, 0x9B, 0xCD, 0x19, 0x21, 0x21, 0x19, 0x17, 0x22, 0x22, 0x17,
    0x19, 0x21, 0x21, 0x19, 0x17, 0x22, 0x22, 0x01, 0x51, 0x44, 0x44, 0x8F, 0x20, 0x1A, 0x19, 0x20,
    0x20, 0x19, 0x1A, 0x20, 0xFE, 0xB3, 0x20, 0x1A, 0x19, 0x20, 0x20, 0x19, 0x1A, 0x20, 0x00, 0x02,
    0x00, 0x3C, 0x00, 0xED, 0x01, 0xD7, 0x01, 0xF9, 0x00, 0x03, 0x00, 0x07, 0x00, 0x00, 0x53, 0x35,
    0x21, 0x15, 0x05, 0x35, 0x21, 0x15, 0x3C, 0x01, 0x9B, 0xFE, 0x65, 0x01, 0x9B, 0x01, 0xB5, 0x44,
    0x44, 0xC8, 0x44, 0x44, 0x00, 0x01, 0x00, 0x3C, 0x00, 0xAC, 0x01, 0xD7, 0x02, 0x30, 0x00, 0x07,
    0x00, 0x00, 0x77, 0x35, 0x25, 0x15, 0x25, 0x35, 0x05, 0x15, 0x3C, 0x01, 0x6B, 0xFE, 0x95, 0x01,
    0x9B, 0xAC, 0x48, 0x8B, 0x19, 0x82, 0x48, 0x96, 0x4E, 0x00, 0x00, 0x01, 0x00, 0x3C, 0x00, 0xB6,
    0x01, 0xD7, 0x02, 0x3A, 0x00, 0x07, 0x00, 0x00, 0x41, 0x15, 0x05, 0x35, 0x05, 0x15, 0x25, 0x35,
    0x01, 0xD7, 0xFE, 0x95, 0x01, 0x6B, 0xFE, 0x65, 0x02, 0x3A, 0x48, 0x8B, 0x19, 0x82, 0x48, 0x96,
    0x4E, 0x00, 0x00, 0x01, 0x00, 0x16, 0x01, 0x28, 0x01, 0xFD, 0x01, 0xA3, 0x00, 0x19, 0x00, 0x00,
    0x41, 0x32, 0x36, 0x36, 0x37, 0x23, 0x06, 0x06, 0x23, 0x22, 0x2E, 0x02, 0x23, 0x22, 0x06, 0x06,
    0x07, 0x33, 0x36, 0x36, 0x33, 0x32, 0x1E, 0x02, 0x01, 0x7E, 0x26, 0x34, 0x20, 0x05, 0x37, 0x04,
    0x22, 0x1A, 0x1B, 0x37, 0x3B, 0x41, 0x24, 0x25, 0x34, 0x1F, 0x06, 0x37, 0x05, 0x22, 0x19, 0x1C,
    0x37, 0x39, 0x40, 0x01, 0x28, 0x1A, 0x32, 0x25, 0x1B, 0x18, 0x12, 0x19, 0x12, 0x1A, 0x32, 0x25,
    0x1B, 0x18, 0x12, 0x19, 0x12, 0x00, 0x00, 0x01, 0x00, 0x4B, 0x01, 0xEB, 0x01, 0xC8, 0x02, 0xE4,
    0x00, 0x07, 0x00, 0x00, 0x53, 0x23, 0x37, 0x33, 0x17, 0x23, 0x27, 0x33, 0x8B, 0x40, 0x99, 0x4B,
    0x99, 0x40, 0x93, 0x29, 0x01, 0xEB, 0xF9, 0xF9, 0xD0, 0x00, 0x00, 0x05, 0x00, 0x23, 0xFF, 0xF6,
    0x02, 0xEF, 0x02, 0xDA, 0x00, 0x03, 0x00, 0x13, 0x00, 0x1F, 0x00, 0x2F, 0x00, 0x3B, 0x00, 0x00,
    0x73, 0x01, 0x33, 0x01, 0x05, 0x22, 0x26, 0x26, 0x35, 0x34, 0x36, 0x36, 0x33, 0x32, 0x16, 0x16,
    0x15, 0x14, 0x06, 0x06, 0x27, 0x32, 0x36, 0x35, 0x34, 0x26, 0x23, 0x22, 0x06, 0x15, 0x14, 0x16,
    0x01, 0x22, 0x26, 0x26, 0x35, 0x34, 0x36, 0x36, 0x33, 0x32, 0x16, 0x16, 0x15, 0x14, 0x06, 0x06,
    0x27, 0x32, 0x36, 0x35, 0x34, 0x26, 0x23, 0x22, 0x06, 0x15, 0x14, 0x16, 0x55, 0x02, 0x1A, 0x53,
    0xFD, 0xE6, 0x01, 0xA3, 0x2A, 0x4A, 0x2E, 0x2D, 0x4A, 0x2B, 0x2D, 0x4B, 0x2C, 0x2E, 0x4B, 0x2B,
    0x29, 0x35, 0x35, 0x29, 0x29, 0x32, 0x32, 0xFE, 0xA3, 0x2B, 0x4A, 0x2D, 0x2D, 0x4A, 0x2B, 0x2D,
    0x4A, 0x2C, 0x2E, 0x4A, 0x2B, 0x28, 0x35, 0x34, 0x29, 0x29, 0x33, 0x33, 0x02, 0xD0, 0xFD, 0x30,
    0x0A, 0x28, 0x52, 0x3F, 0x3F, 0x51, 0x28, 0x28, 0x51, 0x3F, 0x3F, 0x52, 0x28, 0x37, 0x44, 0x3F,
    0x3E, 0x42, 0x41, 0x3F, 0x40, 0x43, 0x01, 0x3C, 0x28, 0x52, 0x3F, 0x3F, 0x51, 0x28, 0x28, 0x51,
    0x3F, 0x3F, 0x52, 0x28, 0x37, 0x43, 0x40, 0x3E, 0x42, 0x41, 0x3F, 0x40, 0x43, 0x00, 0x00, 0x07,
    0x00, 0x1E, 0xFF, 0xF6, 0x03, 0x2C, 0x02, 0xDA, 0x00, 0x0E, 0x00, 0x1A, 0x00, 0x1E, 0x00, 0x2C,
    0x00, 0x38, 0x00, 0x44, 0x00, 0x52, 0x00, 0x00, 0x53, 0x22, 0x26, 0x26, 0x35, 0x34, 0x36, 0x36,
    0x33, 0x32, 0x16, 0x15, 0x14, 0x06, 0x06, 0x27, 0x32, 0x36, 0x35, 0x34, 0x26, 0x23, 0x22, 0x06,
    0x15, 0x14, 0x16, 0x03, 0x01, 0x33, 0x01, 0x05, 0x22, 0x26, 0x26, 0x35, 0x34, 0x36, 0x36, 0x33,
    0x32, 0x16, 0x15, 0x14, 0x06, 0x27, 0x32, 0x36, 0x35, 0x34, 0x26, 0x23, 0x22, 0x06, 0x15, 0x14,
    0x16, 0x33, 0x32, 0x36, 0x35, 0x34, 0x26, 0x23, 0x22, 0x06, 0x15, 0x14, 0x16, 0x17, 0x22, 0x26,
    0x35, 0x34, 0x36, 0x33, 0x32, 0x16, 0x16, 0x15, 0x14, 0x06, 0x06, 0xAB, 0x25, 0x41, 0x27, 0x27,
    0x40, 0x26, 0x3B, 0x53, 0x28, 0x40, 0x26, 0x21, 0x2C, 0x2B, 0x22, 0x22, 0x2A, 0x2A, 0x46, 0x01,
    0xC9, 0x4E, 0xFE, 0x38, 0x01, 0x55, 0x20, 0x3D, 0x26, 0x26, 0x3C, 0x21, 0x33, 0x47, 0x49, 0x31,
    0x1D, 0x26, 0x26, 0x1D, 0x1E, 0x24, 0x24, 0xE0, 0x1E, 0x24, 0x24, 0x1E, 0x1D, 0x26, 0x27, 0x1C,
    0x31, 0x49, 0x47, 0x33, 0x21, 0x3C, 0x26, 0x26, 0x3C, 0x01, 0x69, 0x28, 0x52, 0x3F, 0x3F, 0x51,
    0x28, 0x5A, 0x5E, 0x3F, 0x52, 0x28, 0x37, 0x43, 0x40, 0x3E, 0x42, 0x41, 0x3F, 0x40, 0x43, 0xFE,
    0x60, 0x02, 0xD0, 0xFD, 0x30, 0x0A, 0x28, 0x52, 0x3F, 0x3F, 0x51, 0x28, 0x5A, 0x5E, 0x5E, 0x5B,
    0x37, 0x43, 0x40, 0x3E, 0x42, 0x41, 0x3F, 0x40, 0x43, 0x43, 0x40, 0x3F, 0x41, 0x42, 0x3E, 0x40,
    0x43, 0x37, 0x5B, 0x5E, 0x5E, 0x5A, 0x28, 0x51, 0x3F, 0x3F, 0x52, 0x28, 0x00, 0x02, 0x00, 0x4D,
    0x00, 0x99, 0x02, 0x0B, 0x02, 0x4E, 0x00, 0x03, 0x00, 0x07, 0x00, 0x00, 0x65, 0x11, 0x33, 0x11,
    0x25, 0x35, 0x21, 0x15, 0x01, 0x0A, 0x45, 0xFE, 0xFE, 0x01, 0xBE, 0x99, 0x01, 0xB5, 0xFE, 0x4B,
    0xB8, 0x44, 0x44, 0x00, 0x00, 0x01, 0x00, 0x4D, 0x01, 0x51, 0x02, 0x0B, 0x01, 0x95, 0x00, 0x03,
    0x00, 0x00, 0x53, 0x35, 0x21, 0x15, 0x4D, 0x01, 0xBE, 0x01, 0x51, 0x44, 0x44, 0x00, 0x00, 0x02,
    0x00, 0x50, 0x00, 0xAD, 0x02, 0x07, 0x02, 0x3A, 0x00, 0x03, 0x00, 0x07, 0x00, 0x00, 0x65, 0x01,
    0x37, 0x01, 0x05, 0x27, 0x01, 0x17, 0x01, 0xD8, 0xFE, 0x78, 0x2F, 0x01, 0x88, 0xFE, 0x78, 0x2F,
    0x01, 0x88, 0x2F, 0xAD, 0x01, 0x5D, 0x30, 0xFE, 0xA3, 0x30, 0x30, 0x01, 0x5D, 0x30, 0x00, 0x03,
    0x00, 0x4D, 0x00, 0x93, 0x02, 0x0B, 0x02, 0x53, 0x00, 0x03, 0x00, 0x0F, 0x00, 0x1B, 0x00, 0x00,
    0x53, 0x35, 0x21, 0x15, 0x27, 0x22, 0x26, 0x35, 0x34, 0x36, 0x33, 0x32, 0x16, 0x15, 0x14, 0x06,
    0x03, 0x22, 0x26, 0x35, 0x34, 0x36, 0x33, 0x32, 0x16, 0x15, 0x14, 0x06, 0x4D, 0x01, 0xBE, 0xDE,
    0x1A, 0x23, 0x23, 0x1A, 0x17, 0x24, 0x24, 0x17, 0x1A, 0x23, 0x23, 0x1A, 0x17, 0x24, 0x24, 0x01,
    0x51, 0x44, 0x44, 0x8F, 0x20, 0x1A, 0x19, 0x20, 0x20, 0x19, 0x1A, 0x20, 0xFE, 0xB3, 0x20, 0x1A,
    0x19, 0x20, 0x20, 0x19, 0x1A, 0x20, 0x00, 0x02, 0x00, 0x4D, 0x00, 0xED, 0x02, 0x0B, 0x01, 0xF9,
    0x00, 0x03, 0x00, 0x07, 0x00, 0x00, 0x53, 0x35, 0x21, 0x15, 0x05, 0x35, 0x21, 0x15, 0x4D, 0x01,
    0xBE, 0xFE, 0x42, 0x01, 0xBE, 0x01, 0xB5, 0x44, 0x44, 0xC8, 0x44, 0x44, 0x00, 0x01, 0x00, 0x54,
    0x00, 0xAC, 0x02, 0x12, 0x02, 0x30, 0x00, 0x07, 0x00, 0x00, 0x77, 0x35, 0x25, 0x15, 0x25, 0x35,
    0x05, 0x15, 0x54, 0x01, 0x78, 0xFE, 0x88, 0x01, 0xBE, 0xAC, 0x48, 0x8B, 0x19, 0x82, 0x48, 0x96,
    0x4E, 0x00, 0x00, 0x01, 0x00, 0x3C, 0x00, 0xB6, 0x01, 0xD7, 0x02, 0x3A, 0x00, 0x07, 0x00, 0x00,
    0x41, 0x15, 0x05, 0x35, 0x05, 0x15, 0x25, 0x35, 0x01, 0xD7, 0xFE, 0x95, 0x01, 0x6B, 0xFE, 0x65,
    0x02, 0x3A, 0x48, 0x8B, 0x19, 0x82, 0x48, 0x96, 0x4E, 0x00, 0x00, 0x05, 0x00, 0x18, 0xFF, 0xF6,
    0x02, 0x40, 0x02, 0xDA, 0x00, 0x03, 0x00, 0x13, 0x00, 0x1F, 0x00, 0x2F, 0x00, 0x3B, 0x00, 0x00,
    0x73, 0x01, 0x33, 0x01, 0x05, 0x22, 0x26, 0x26, 0x35, 0x34, 0x36, 0x36, 0x33, 0x32, 0x16, 0x16,
    0x15, 0x14, 0x06, 0x06, 0x27, 0x32, 0x36, 0x35, 0x34, 0x26, 0x23, 0x22, 0x06, 0x15, 0x14, 0x16,
    0x03, 0x22, 0x26, 0x26, 0x35, 0x34, 0x36, 0x36, 0x33, 0x32, 0x16, 0x16, 0x15, 0x14, 0x06, 0x06,
    0x27, 0x32, 0x36, 0x35, 0x34, 0x26, 0x23, 0x22, 0x06, 0x15, 0x14, 0x16, 0x21, 0x01, 0xD2, 0x49,
    0xFE, 0x2F, 0x01, 0x4C, 0x23, 0x3E, 0x27, 0x27, 0x3E, 0x23, 0x24, 0x3F, 0x26, 0x27, 0x3F, 0x23,
    0x19, 0x29, 0x28, 0x1A, 0x1A, 0x27, 0x27, 0xFD, 0x23, 0x3E, 0x27, 0x27, 0x3E, 0x23, 0x24, 0x3F,
    0x26, 0x27, 0x3F, 0x23, 0x19, 0x29, 0x28, 0x1A, 0x1A, 0x27, 0x27, 0x02, 0xD0, 0xFD, 0x30, 0x0A,
    0x28, 0x53, 0x3E, 0x3F, 0x51, 0x28, 0x28, 0x51, 0x3F, 0x3E, 0x53, 0x28, 0x37, 0x3C, 0x47, 0x46,
    0x3A, 0x39, 0x47, 0x47, 0x3C, 0x01, 0x3C, 0x28, 0x53, 0x3E, 0x3F, 0x51, 0x28, 0x28, 0x51, 0x3F,
    0x3E, 0x53, 0x28, 0x37, 0x3C, 0x47, 0x46, 0x3A, 0x39, 0x47, 0x47, 0x3C, 0x00, 0x07, 0x00, 0x1E,
    0xFF, 0xF6, 0x02, 0x3A, 0x02, 0xDA, 0x00, 0x03, 0x00, 0x0F, 0x00, 0x1B, 0x00, 0x27, 0x00, 0x33,
    0x00, 0x3F, 0x00, 0x4B, 0x00, 0x00, 0x53, 0x27, 0x25, 0x17, 0x01, 0x22, 0x26, 0x35, 0x34, 0x36,
    0x33, 0x32, 0x16, 0x15, 0x14, 0x06, 0x27, 0x32, 0x36, 0x35, 0x34, 0x26, 0x23, 0x22, 0x06, 0x15,
    0x14, 0x16, 0x17, 0x22, 0x26, 0x35, 0x34, 0x36, 0x33, 0x32, 0x16, 0x15, 0x14, 0x06, 0x27, 0x32,
    0x36, 0x35, 0x34, 0x26, 0x23, 0x22, 0x06, 0x15, 0x14, 0x16, 0x01, 0x22, 0x26, 0x35, 0x34, 0x36,
    0x33, 0x32, 0x16, 0x15, 0x14, 0x06, 0x27, 0x32, 0x36, 0x35, 0x34, 0x26, 0x23, 0x22, 0x06, 0x15,
    0x14, 0x16, 0x38, 0x13, 0x01, 0xEE, 0x13, 0xFE, 0xDE, 0x30, 0x48, 0x47, 0x31, 0x32, 0x47, 0x49,
    0x30, 0x1A, 0x24, 0x23, 0x1B, 0x1C, 0x21, 0x21, 0xD9, 0x30, 0x48, 0x47, 0x31, 0x32, 0x47, 0x49,
    0x30, 0x1A, 0x24, 0x23, 0x1B, 0x1C, 0x21, 0x21, 0xFE, 0xF1, 0x30, 0x48, 0x47, 0x31, 0x32, 0x47,
    0x49, 0x30, 0x1A, 0x24, 0x23, 0x1B, 0x1C, 0x21, 0x21, 0x01, 0x1A, 0x3D, 0x96, 0x3D, 0xFE, 0x46,
    0x56, 0x4C, 0x4C, 0x55, 0x54, 0x4D, 0x4C, 0x56, 0x37, 0x3E, 0x2E, 0x2D, 0x3C, 0x3C, 0x2D, 0x2E,
    0x3E, 0x37, 0x56, 0x4C, 0x4C, 0x55, 0x54, 0x4D, 0x4C, 0x56, 0x37, 0x3E, 0x2E, 0x2D, 0x3C, 0x3C,
    0x2D, 0x2E, 0x3E, 0x01, 0x6A, 0x56, 0x4C, 0x4C, 0x55, 0x54, 0x4D, 0x4C, 0x56, 0x37, 0x3E, 0x2E,
    0x2D, 0x3C, 0x3C, 0x2D, 0x2E, 0x3E, 0x00, 0x01, 0x00, 0x3C, 0x00, 0x00, 0x02, 0xD0, 0x02, 0xDA,
    0x00, 0x0A, 0x00, 0x00, 0x61, 0x11, 0x17, 0x01, 0x35, 0x01, 0x01, 0x15, 0x01, 0x37, 0x11, 0x01,
    0x62, 0x1C, 0xFE, 0xBE, 0x01, 0x4A, 0x01, 0x4A, 0xFE, 0xBE, 0x1C, 0x02, 0x92, 0x23, 0xFE, 0xC0,
    0x64, 0x01, 0x47, 0xFE, 0xB8, 0x64, 0x01, 0x41, 0x23, 0xFD, 0x6E, 0x00, 0x00, 0x01, 0x00, 0x3C,
    0x00, 0x58, 0x02, 0x5B, 0x02, 0x78, 0x00, 0x0A, 0x00, 0x00, 0x77, 0x01, 0x07, 0x25, 0x37, 0x05,
    0x13, 0x07, 0x03, 0x37, 0x01, 0x3C, 0x01, 0xD2, 0x05, 0xFE, 0x3A, 0x46, 0x01, 0xD1, 0x01, 0x46,
    0x01, 0x2D, 0xFE, 0x2E, 0x8B, 0x01, 0xD1, 0x2D, 0x02, 0x47, 0x03, 0xFE, 0x2F, 0x47, 0x01, 0xC7,
    0x05, 0xFE, 0x2F, 0x00, 0x00, 0x01, 0x00, 0x3C, 0x00, 0x1E, 0x03, 0x16, 0x02, 0xB2, 0x00, 0x0A,
    0x00, 0x00, 0x53, 0x21, 0x07, 0x01, 0x33, 0x01, 0x01, 0x23, 0x01, 0x17, 0x21, 0x3C, 0x02, 0x92,
    0x23, 0xFE, 0xC0, 0x64, 0x01, 0x47, 0xFE, 0xB8, 0x64, 0x01, 0x41, 0x23, 0xFD, 0x6E, 0x01, 0x8C,
    0x1C, 0x01, 0x42, 0xFE, 0xB6, 0xFE, 0xB6, 0x01, 0x42, 0x1C, 0x00, 0x01, 0x00, 0x3C, 0x00, 0x59,
    0x02, 0x5C, 0x02, 0x78, 0x00, 0x0A, 0x00, 0x00, 0x53, 0x01, 0x27, 0x13, 0x17, 0x03, 0x05, 0x27,
    0x25, 0x17, 0x01, 0x6F, 0x01, 0xD1, 0x2D, 0x02, 0x47, 0x03, 0xFE, 0x2F, 0x47, 0x01, 0xC7, 0x05,
    0xFE, 0x2F, 0x02, 0x78, 0xFE, 0x2E, 0x05, 0x01, 0xC6, 0x46, 0xFE, 0x2F, 0x01, 0x46, 0x01, 0x2D,
    0x01, 0xD2, 0x00, 0x01, 0x00, 0x3C, 0xFF, 0xF6, 0x02, 0xD0, 0x02, 0xD0, 0x00, 0x0A, 0x00, 0x00,
    0x41, 0x33, 0x11, 0x27, 0x01, 0x15, 0x01, 0x01, 0x35, 0x01, 0x07, 0x01, 0x62, 0x48, 0x1C, 0x01,
    0x42, 0xFE, 0xB6, 0xFE, 0xB6, 0x01, 0x42, 0x1C, 0x02, 0xD0, 0xFD, 0x6E, 0x23, 0x01, 0x41, 0x64,
    0xFE, 0xB8, 0x01, 0x47, 0x64, 0xFE, 0xC0, 0x23, 0x00, 0x01, 0x00, 0x3C, 0x00, 0x58, 0x02, 0x5B,
    0x02, 0x78, 0x00, 0x0A, 0x00, 0x00, 0x41, 0x01, 0x37, 0x05, 0x07, 0x25, 0x03, 0x37, 0x13, 0x07,
    0x01, 0x02, 0x5B, 0xFE, 0x2E, 0x05, 0x01, 0xC6, 0x46, 0xFE, 0x2F, 0x01, 0x46, 0x01, 0x2D, 0x01,
    0xD2, 0x02, 0x45, 0xFE, 0x2F, 0x2D, 0x02, 0x47, 0x03, 0x01, 0xD1, 0x47, 0xFE, 0x39, 0x05, 0x01,
    0xD1, 0x00, 0x00, 0x01, 0x00, 0x3C, 0x00, 0x1E, 0x03, 0x16, 0x02, 0xB2, 0x00, 0x0A, 0x00, 0x00,
    0x41, 0x21, 0x37, 0x01, 0x23, 0x01, 0x01, 0x33, 0x01, 0x27, 0x21, 0x03, 0x16, 0xFD, 0x6E, 0x23,
    0x01, 0x40, 0x64, 0xFE, 0xB9, 0x01, 0x48, 0x64, 0xFE, 0xBF, 0x23, 0x02, 0x92, 0x01, 0x44, 0x1C,
    0xFE, 0xBE, 0x01, 0x4A, 0x01, 0x4A, 0xFE, 0xBE, 0x1C, 0x00, 0x00, 0x01, 0x00, 0x3C, 0x00, 0x58,
    0x02, 0x5C, 0x02, 0x77, 0x00, 0x0A, 0x00, 0x00, 0x65, 0x01, 0x17, 0x03, 0x27, 0x13, 0x25, 0x17,
    0x05, 0x27, 0x01, 0x02, 0x29, 0xFE, 0x2F, 0x2D, 0x02, 0x47, 0x03, 0x01, 0xD1, 0x47, 0xFE, 0x39,
    0x05, 0x01, 0xD1, 0x58, 0x01, 0xD2, 0x05, 0xFE, 0x3A, 0x46, 0x01, 0xD1, 0x01, 0x46, 0x01, 0x2D,
    0xFE, 0x2E, 0x00, 0x01, 0x00, 0x3C, 0x00, 0x1E, 0x03, 0xC0, 0x02, 0xB2, 0x00, 0x0D, 0x00, 0x00,
    0x65, 0x01, 0x01, 0x33, 0x01, 0x21, 0x01, 0x33, 0x01, 0x01, 0x23, 0x01, 0x21, 0x01, 0x01, 0x84,
    0xFE, 0xB8, 0x01, 0x47, 0x64, 0xFE, 0xDC, 0x02, 0x76, 0xFE, 0xDC, 0x64, 0x01, 0x47, 0xFE, 0xB8,
    0x64, 0x01, 0x25, 0xFD, 0x8A, 0x01, 0x25, 0x1E, 0x01, 0x4A, 0x01, 0x4A, 0xFE, 0xDA, 0x01, 0x26,
    0xFE, 0xB6, 0xFE, 0xB6, 0x01, 0x26, 0xFE, 0xDA, 0x00, 0x01, 0x00, 0x3C, 0xFF, 0xA6, 0x02, 0xD0,
    0x03, 0x2A, 0x00, 0x0D, 0x00, 0x00, 0x45, 0x01, 0x35, 0x01, 0x11, 0x01, 0x35, 0x01, 0x01, 0x15,
    0x01, 0x11, 0x01, 0x15, 0x01, 0x86, 0xFE, 0xB6, 0x01, 0x26, 0xFE, 0xDA, 0x01, 0x4A, 0x01, 0x4A,
    0xFE, 0xDA, 0x01, 0x26, 0x5A, 0x01, 0x47, 0x64, 0xFE, 0xDC, 0x02, 0x76, 0xFE, 0xDC, 0x64, 0x01,
    0x47, 0xFE, 0xB8, 0x64, 0x01, 0x25, 0xFD, 0x8A, 0x01, 0x25, 0x64, 0x00, 0x00, 0x02, 0x00, 0x3C,
    0x02, 0x72, 0x01, 0x7D, 0x02, 0xD0, 0x00, 0x03, 0x00, 0x07, 0x00, 0x00, 0x41, 0x35, 0x33, 0x15,
    0x21, 0x35, 0x33, 0x15, 0x01, 0x21, 0x5C, 0xFE, 0xBF, 0x5C, 0x02, 0x72, 0x5E, 0x5E, 0x5E, 0x5E,
    0x00, 0x01, 0x00, 0x3C, 0x02, 0x72, 0x00, 0x98, 0x02, 0xD0, 0x00, 0x03, 0x00, 0x00, 0x53, 0x35,
    0x33, 0x15, 0x3C, 0x5C, 0x02, 0x72, 0x5E, 0x5E, 0x00, 0x01, 0x00, 0x3C, 0x02, 0x47, 0x01, 0x28,
    0x02, 0xE4, 0x00, 0x03, 0x00, 0x00, 0x53, 0x27, 0x33, 0x17, 0xDC, 0xA0, 0x7B, 0x71, 0x02, 0x47,
    0x9D, 0x9D, 0x00, 0x01, 0x00, 0x3C, 0x02, 0x47, 0x01, 0x28, 0x02, 0xE4, 0x00, 0x03, 0x00, 0x00,
    0x53, 0x23, 0x37, 0x33, 0x88, 0x4C, 0x71, 0x7B, 0x02, 0x47, 0x9D, 0x00, 0x00, 0x02, 0x00, 0x3C,
    0x02, 0x47, 0x01, 0x99, 0x02, 0xE4, 0x00, 0x03, 0x00, 0x07, 0x00, 0x00, 0x53, 0x23, 0x37, 0x33,
    0x17, 0x23, 0x37, 0x33, 0x7E, 0x42, 0x35, 0x60, 0x75, 0x42, 0x35, 0x60, 0x02, 0x47, 0x9D, 0x9D,
    0x9D, 0x00, 0x00, 0x01, 0x00, 0x3C, 0x01, 0xF7, 0x00, 0x88, 0x02, 0xD0, 0x00, 0x03, 0x00, 0x00,
    0x53, 0x23, 0x35, 0x33, 0x6E, 0x32, 0x4C, 0x01, 0xF7, 0xD9, 0x00, 0x01, 0x00, 0x3C, 0x02, 0x47,
    0x01, 0xAE, 0x02, 0xE4, 0x00, 0x07, 0x00, 0x00, 0x53, 0x37, 0x33, 0x17, 0x23, 0x27, 0x33, 0x07,
    0x3C, 0x8E, 0x56, 0x8E, 0x4B, 0x96, 0x50, 0x96, 0x02, 0x47, 0x9D, 0x9D, 0x89, 0x89, 0x00, 0x01,
    0x00, 0x3C, 0x02, 0x47, 0x01, 0xAE, 0x02, 0xE4, 0x00, 0x07, 0x00, 0x00, 0x53, 0x27, 0x33, 0x17,
    0x23, 0x37, 0x33, 0x07, 0xCA, 0x8E, 0x4B, 0x96, 0x50, 0x96, 0x4B, 0x8E, 0x02, 0x47, 0x9D, 0x89,
    0x89, 0x9D, 0x00, 0x01, 0x00, 0x3C, 0x02, 0x43, 0x01, 0x86, 0x02, 0xE4, 0x00, 0x0F, 0x00, 0x00,
    0x53, 0x22, 0x26, 0x26, 0x35, 0x33, 0x14, 0x16, 0x33, 0x32, 0x36, 0x35, 0x33, 0x14, 0x06, 0x06,
    0xE1, 0x2F, 0x4B, 0x2B, 0x41, 0x34, 0x30, 0x2F, 0x34, 0x42, 0x2C, 0x4A, 0x02, 0x43, 0x27, 0x48,
    0x32, 0x2C, 0x32, 0x32, 0x2C, 0x32, 0x48, 0x27, 0x00, 0x02, 0x00, 0x3C, 0x02, 0x31, 0x01, 0x13,
    0x03, 0x08, 0x00, 0x0B, 0x00, 0x17, 0x00, 0x00, 0x53, 0x22, 0x26, 0x35, 0x34, 0x36, 0x33, 0x32,
    0x16, 0x15, 0x14, 0x06, 0x27, 0x32, 0x36, 0x35, 0x34, 0x26, 0x23, 0x22, 0x06, 0x15, 0x14, 0x16,
    0xA8, 0x2E, 0x3E, 0x3E, 0x2E, 0x2E, 0x3D, 0x3D, 0x2E, 0x18, 0x1F, 0x1F, 0x18, 0x19, 0x1F, 0x1F,
    0x02, 0x31, 0x3F, 0x2D, 0x2C, 0x3F, 0x3F, 0x2C, 0x2D, 0x3F, 0x32, 0x22, 0x18, 0x17, 0x22, 0x22,
    0x17, 0x18, 0x22, 0x00, 0x00, 0x01, 0x00, 0x3C, 0x02, 0x51, 0x01, 0xB4, 0x02, 0xD2, 0x00, 0x19,
    0x00, 0x00, 0x41, 0x22, 0x2E, 0x02, 0x23, 0x22, 0x06, 0x15, 0x23, 0x34, 0x36, 0x36, 0x33, 0x32,
    0x1E, 0x02, 0x33, 0x32, 0x36, 0x35, 0x33, 0x14, 0x06, 0x06, 0x01, 0x45, 0x1E, 0x2B, 0x23, 0x21,
    0x12, 0x14, 0x1C, 0x3A, 0x1D, 0x34, 0x21, 0x1F, 0x2A, 0x20, 0x1F, 0x13, 0x15, 0x1C, 0x3A, 0x1D,
    0x32, 0x02, 0x51, 0x15, 0x1B, 0x15, 0x1C, 0x1F, 0x26, 0x35, 0x1C, 0x15, 0x1B, 0x15, 0x1C, 0x1F,
    0x24, 0x36, 0x1D, 0x00, 0x00, 0x01, 0x00, 0x3C, 0x02, 0x82, 0x01, 0x96, 0x02, 0xBC, 0x00, 0x03,
    0x00, 0x00, 0x53, 0x35, 0x21, 0x15, 0x3C, 0x01, 0x5A, 0x02, 0x82, 0x3A, 0x3A, 0x00, 0x00, 0x01,
    0x00, 0x41, 0x02, 0x45, 0x00, 0xAA, 0x03, 0x25, 0x00, 0x0B, 0x00, 0x00, 0x53, 0x35, 0x34, 0x36,
    0x37, 0x15, 0x06, 0x06, 0x15, 0x27, 0x33, 0x15, 0x41, 0x33, 0x36, 0x1B, 0x20, 0x1D, 0x58, 0x02,
    0x45, 0x4F, 0x31, 0x50, 0x10, 0x29, 0x0B, 0x2A, 0x21, 0x05, 0x66, 0x00, 0x00, 0x01, 0x00, 0x41,
    0xFE, 0xD8, 0x00, 0xAA, 0xFF, 0xB8, 0x00, 0x0B, 0x00, 0x00, 0x53, 0x35, 0x36, 0x36, 0x35, 0x17,
    0x23, 0x35, 0x33, 0x15, 0x14, 0x06, 0x41, 0x1B, 0x20, 0x1D, 0x58, 0x69, 0x33, 0xFE, 0xD8, 0x29,
    0x0B, 0x2A, 0x21, 0x05, 0x66, 0x4F, 0x31, 0x4F, 0x00, 0x01, 0x00, 0x3C, 0xFF, 0x29, 0x01, 0x27,
    0x00, 0x0C, 0x00, 0x15, 0x00, 0x00, 0x57, 0x22, 0x26, 0x27, 0x33, 0x16, 0x16, 0x33, 0x32, 0x36,
    0x35, 0x34, 0x26, 0x27, 0x37, 0x33, 0x07, 0x16, 0x16, 0x15, 0x14, 0x06, 0xB2, 0x34, 0x40, 0x02,
    0x38, 0x02, 0x26, 0x18, 0x17, 0x21, 0x27, 0x38, 0x19, 0x3A, 0x11, 0x31, 0x27, 0x41, 0xD7, 0x30,
    0x29, 0x14, 0x11, 0x11, 0x10, 0x11, 0x18, 0x02, 0x63, 0x38, 0x0A, 0x2F, 0x1D, 0x29, 0x2C, 0x00,
    0x00, 0x01, 0x00, 0x3C, 0xFF, 0x28, 0x00, 0xD9, 0x00, 0x11, 0x00, 0x12, 0x00, 0x00, 0x57, 0x22,
    0x26, 0x35, 0x34, 0x36, 0x37, 0x17, 0x06, 0x06, 0x15, 0x14, 0x16, 0x33, 0x32, 0x37, 0x17, 0x06,
    0x06, 0x91, 0x2A, 0x2B, 0x48, 0x37, 0x1B, 0x2C, 0x32, 0x11, 0x0E, 0x15, 0x0D, 0x20, 0x0E, 0x23,
    0xD8, 0x2E, 0x22, 0x2C, 0x4F, 0x1E, 0x11, 0x20, 0x3D, 0x23, 0x11, 0x13, 0x0F, 0x2A, 0x0D, 0x0C,
    0x00, 0x02, 0x00, 0x3C, 0x02, 0x5F, 0x01, 0x91, 0x02, 0xD0, 0x00, 0x0B, 0x00, 0x17, 0x00, 0x00,
    0x53, 0x22, 0x26, 0x35, 0x34, 0x36, 0x33, 0x32, 0x16, 0x15, 0x14, 0x06, 0x33, 0x22, 0x26, 0x35,
    0x34, 0x36, 0x33, 0x32, 0x16, 0x15, 0x14, 0x06, 0x74, 0x17, 0x21, 0x21, 0x17, 0x17, 0x20, 0x20,
    0xCF, 0x17, 0x21, 0x21, 0x17, 0x17, 0x20, 0x20, 0x02, 0x5F, 0x21, 0x18, 0x19, 0x1F, 0x1F, 0x19,
    0x18, 0x21, 0x21, 0x18, 0x19, 0x1F, 0x1F, 0x19, 0x18, 0x21, 0x00, 0x01, 0x00, 0x3C, 0x02, 0x5F,
    0x00, 0xAB, 0x02, 0xD0, 0x00, 0x0B, 0x00, 0x00, 0x53, 0x22, 0x26, 0x35, 0x34, 0x36, 0x33, 0x32,
    0x16, 0x15, 0x14, 0x06, 0x74, 0x17, 0x21, 0x21, 0x17, 0x17, 0x20, 0x20, 0x02, 0x5F, 0x21, 0x18,
    0x19, 0x1F, 0x1F, 0x19, 0x18, 0x21, 0x00, 0x01, 0x00, 0x3C, 0x02, 0x40, 0x00, 0xAF, 0x03, 0x25,
    0x00, 0x14, 0x00, 0x00, 0x53, 0x22, 0x26, 0x35, 0x34, 0x36, 0x36, 0x37, 0x15, 0x06, 0x06, 0x15,
    0x07, 0x36, 0x36, 0x33, 0x32, 0x16, 0x15, 0x14, 0x06, 0x78, 0x19, 0x23, 0x19, 0x2E, 0x21, 0x1A,
    0x20, 0x18, 0x07, 0x12, 0x0A, 0x19, 0x21, 0x20, 0x02, 0x40, 0x27, 0x2D, 0x21, 0x39, 0x2C, 0x0B,
    0x29, 0x0B, 0x2A, 0x21, 0x03, 0x05, 0x08, 0x1F, 0x18, 0x19, 0x20, 0x00, 0x00, 0x01, 0x00, 0x3C,
    0xFE, 0xD8, 0x00, 0xAF, 0xFF, 0xBD, 0x00, 0x14, 0x00, 0x00, 0x53, 0x35, 0x36, 0x36, 0x35, 0x37,
    0x06, 0x06, 0x23, 0x22, 0x26, 0x35, 0x34, 0x36, 0x33, 0x32, 0x16, 0x15, 0x14, 0x06, 0x06, 0x47,
    0x1A, 0x20, 0x18, 0x07, 0x12, 0x0A, 0x19, 0x21, 0x21, 0x16, 0x19, 0x23, 0x18, 0x2F, 0xFE, 0xD8,
    0x29, 0x0B, 0x2A, 0x21, 0x03, 0x05, 0x08, 0x1F, 0x18, 0x1A, 0x1F, 0x27, 0x2D, 0x20, 0x3A, 0x2C,
    0xFF, 0xFF, 0x00, 0x3C, 0x02, 0x72, 0x01, 0x7D, 0x02, 0xD0, 0x04, 0x06, 0x01, 0xD2, 0x00, 0x00,
    0xFF, 0xFF, 0x00, 0x3C, 0x02, 0x72, 0x00, 0x98, 0x02, 0xD0, 0x04, 0x06, 0x01, 0xD3, 0x00, 0x00,
    0xFF, 0xFF, 0x00, 0x3C, 0x02, 0x47, 0x01, 0x28, 0x02, 0xE4, 0x04, 0x06, 0x01, 0xD4, 0x00, 0x00,
    0xFF, 0xFF, 0x00, 0x3C, 0x02, 0x47, 0x01, 0x28, 0x02, 0xE4, 0x04, 0x06, 0x01, 0xD5, 0x00, 0x00,
    0xFF, 0xFF, 0x00, 0x3C, 0x02, 0x47, 0x01, 0x99, 0x02, 0xE4, 0x04, 0x06, 0x01, 0xD6, 0x00, 0x00,
    0xFF, 0xFF, 0x00, 0x3C, 0x02, 0x47, 0x01, 0xAE, 0x02, 0xE4, 0x04, 0x06, 0x01, 0xD8, 0x00, 0x00,
    0xFF, 0xFF, 0x00, 0x3C, 0x02, 0x47, 0x01, 0xAE, 0x02, 0xE4, 0x04, 0x06, 0x01, 0xD9, 0x00, 0x00,
    0xFF, 0xFF, 0x00, 0x3C, 0x02, 0x43, 0x01, 0x86, 0x02, 0xE4, 0x04, 0x06, 0x01, 0xDA, 0x00, 0x00,
    0xFF, 0xFF, 0x00, 0x3C, 0x02, 0x31, 0x01, 0x13, 0x03, 0x08, 0x04, 0x06, 0x01, 0xDB, 0x00, 0x00,
    0xFF, 0xFF, 0x00, 0x3C, 0x02, 0x51, 0x01, 0xB4, 0x02, 0xD2, 0x04, 0x06, 0x01, 0xDC, 0x00, 0x00,
    0xFF, 0xFF, 0x00, 0x3C, 0x02, 0x82, 0x01, 0x96, 0x02, 0xBC, 0x04, 0x06, 0x01, 0xDD, 0x00, 0x00,
    0xFF, 0xFF, 0x00, 0x3C, 0xFF, 0x29, 0x01, 0x27, 0x00, 0x0C, 0x04, 0x06, 0x01, 0xE0, 0x00, 0x00,
    0xFF, 0xFF, 0x00, 0x3C, 0xFF, 0x28, 0x00, 0xD9, 0x00, 0x11, 0x04, 0x06, 0x01, 0xE1, 0x00, 0x00,
    0xFF, 0xFF, 0x00, 0x3C, 0x02, 0x5F, 0x01, 0x91, 0x02, 0xD0, 0x04, 0x06, 0x01, 0xE2, 0x00, 0x00,
    0xFF, 0xFF, 0x00, 0x3C, 0x02, 0x5F, 0x00, 0xAB, 0x02, 0xD0, 0x04, 0x06, 0x01, 0xE3, 0x00, 0x00,
    0x00, 0x01, 0x00, 0x00, 0x00, 0x0A, 0x00, 0x28, 0x00, 0x52, 0x00, 0x02, 0x44, 0x46, 0x4C, 0x54,
    0x00, 0x0E, 0x6C, 0x61, 0x74, 0x6E, 0x00, 0x0E, 0x00, 0x04, 0x00, 0x00, 0x00, 0x00, 0xFF, 0xFF,
    0x00, 0x03, 0x00, 0x00, 0x00, 0x01, 0x00, 0x02, 0x00, 0x03, 0x6B, 0x65, 0x72, 0x6E, 0x00, 0x24,
    0x6D, 0x61, 0x72, 0x6B, 0x00, 0x1C, 0x6D, 0x6B, 0x6D, 0x6B, 0x00, 0x14, 0x00, 0x00, 0x00, 0x02,
    0x00, 0x03, 0x00, 0x04, 0x00, 0x00, 0x00, 0x02, 0x00, 0x01, 0x00, 0x02, 0x00, 0x00, 0x00, 0x01,
    0x00, 0x00, 0x00, 0x05, 0x0E, 0x92, 0x02, 0x7A, 0x01, 0x26, 0x00, 0xE4, 0x00, 0x0C, 0x00, 0x06,
    0x00, 0x10, 0x00, 0x01, 0x00, 0x0A, 0x00, 0x01, 0x00, 0x01, 0x00, 0xB8, 0x00, 0xB8, 0x00, 0x01,
    0x00, 0x7A, 0x00, 0x0C, 0x00, 0x0F, 0x00, 0x68, 0x00, 0x62, 0x00, 0x5C, 0x00, 0x56, 0x00, 0x50,
    0x00, 0x4A, 0x00, 0x4A, 0x00, 0x44, 0x00, 0x3E, 0x00, 0x38, 0x00, 0x32, 0x00, 0x2C, 0x00, 0x26,
    0x00, 0x20, 0x00, 0x2C, 0x00, 0x01, 0x00, 0x74, 0x02, 0xD0, 0x00, 0x01, 0x00, 0xE7, 0x02, 0xD0,
    0x00, 0x01, 0x00, 0x76, 0x03, 0x25, 0x00, 0x01, 0x00, 0xE9, 0x02, 0xBC, 0x00, 0x01, 0x00, 0xF8,
    0x02, 0xD2, 0x00, 0x01, 0x00, 0xA8, 0x03, 0x08, 0x00, 0x01, 0x00, 0xE1, 0x02, 0xE4, 0x00, 0x01,
    0x00, 0xF5, 0x02, 0xE4, 0x00, 0x01, 0x00, 0xD1, 0x02, 0xE4, 0x00, 0x01, 0x00, 0x8C, 0x02, 0xE4,
    0x00, 0x01, 0x00, 0xD8, 0x02, 0xE4, 0x00, 0x01, 0x00, 0x6A, 0x02, 0xD0, 0x00, 0x01, 0x00, 0xDD,
    0x02, 0xD0, 0x00, 0x0F, 0x00, 0x00, 0x0D, 0xEC, 0x00, 0x00, 0x0D, 0xE6, 0x00, 0x00, 0x0D, 0xE0,
    0x00, 0x00, 0x0D, 0xDA, 0x00, 0x00, 0x0D, 0xD4, 0x00, 0x00, 0x0D, 0xCE, 0x00, 0x00, 0x0D, 0xCE,
    0x00, 0x00, 0x0D, 0xC8, 0x00, 0x00, 0x0D, 0xC2, 0x00, 0x00, 0x0D, 0xBC, 0x00, 0x00, 0x0D, 0xB6,
    0x00, 0x00, 0x0D, 0xB0, 0x00, 0x00, 0x0D, 0x98, 0x00, 0x00, 0x0D, 0x92, 0x00, 0x00, 0x0D, 0xB0,
    0x00, 0x02, 0x00, 0x03, 0x01, 0xD2, 0x01, 0xD6, 0x00, 0x00, 0x01, 0xD8, 0x01, 0xDE, 0x00, 0x05,
    0x01, 0xE2, 0x01, 0xE4, 0x00, 0x0C, 0x00, 0x06, 0x00, 0x10, 0x00, 0x01, 0x00, 0x0A, 0x00, 0x00,
    0x00, 0x01, 0x00, 0x2E, 0x00, 0x2E, 0x00, 0x01, 0x00, 0x20, 0x00, 0x0C, 0x00, 0x03, 0x00, 0x0E,
    0x00, 0x08, 0x00, 0x0E, 0x00, 0x01, 0x00, 0xB2, 0xFF, 0x29, 0x00, 0x01, 0x00, 0x76, 0xFE, 0xD8,
    0x00, 0x03, 0x00, 0x00, 0x0D, 0x2C, 0x00, 0x00, 0x0D, 0x26, 0x00, 0x00, 0x0D, 0x2C, 0x00, 0x01,
    0x00, 0x03, 0x01, 0xDF, 0x01, 0xE0, 0x01, 0xE5, 0x00, 0x05, 0x00, 0x00, 0x00, 0x01, 0x00, 0x08,
    0x00, 0x01, 0x01, 0x36, 0x00, 0x0C, 0x00, 0x02, 0x00, 0xEC, 0x00, 0x16, 0x00, 0x02, 0x00, 0x01,
    0x01, 0x38, 0x01, 0x3C, 0x00, 0x00, 0x00, 0x05, 0x00, 0xB4, 0x00, 0x92, 0x00, 0x60, 0x00, 0x2E,
    0x00, 0x0C, 0x00, 0x02, 0x00, 0x1C, 0x00, 0x16, 0x00, 0x10, 0x00, 0x0A, 0x00, 0x01, 0x01, 0xCD,
    0x00, 0x00, 0x00, 0x01, 0x01, 0xCD, 0x02, 0xE4, 0x00, 0x01, 0x00, 0x9A, 0x00, 0x00, 0x00, 0x01,
    0x00, 0x9A, 0x02, 0xE4, 0x00, 0x03, 0x00, 0x2C, 0x00, 0x26, 0x00, 0x20, 0x00, 0x1A, 0x00, 0x14,
    0x00, 0x0E, 0x00, 0x01, 0x03, 0x05, 0x00, 0x00, 0x00, 0x01, 0x03, 0x05, 0x02, 0xE4, 0x00, 0x01,
    0x01, 0xD0, 0x00, 0x00, 0x00, 0x01, 0x01, 0xD0, 0x02, 0xE4, 0x00, 0x01, 0x00, 0x9B, 0x00, 0x00,
    0x00, 0x01, 0x00, 0x9B, 0x02, 0xE4, 0x00, 0x03, 0x00, 0x2C, 0x00, 0x26, 0x00, 0x20, 0x00, 0x1A,
    0x00, 0x14, 0x00, 0x0E, 0x00, 0x01, 0x06, 0xD8, 0x00, 0x00, 0x00, 0x01, 0x06, 0xD8, 0x01, 0xFE,
    0x00, 0x01, 0x04, 0x1B, 0x00, 0x00, 0x00, 0x01, 0x04, 0x1B, 0x01, 0xFE, 0x00, 0x01, 0x01, 0x5E,
    0x00, 0x00, 0x00, 0x01, 0x01, 0x5E, 0x01, 0xFE, 0x00, 0x02, 0x00, 0x1C, 0x00, 0x16, 0x00, 0x10,
    0x00, 0x0A, 0x00, 0x01, 0x01, 0xC5, 0x00, 0x00, 0x00, 0x01, 0x01, 0xC5, 0x02, 0xE4, 0x00, 0x01,
    0x00, 0x97, 0x00, 0x00, 0x00, 0x01, 0x00, 0x97, 0x02, 0xE4, 0x00, 0x02, 0x00, 0x1C, 0x00, 0x16,
    0x00, 0x10, 0x00, 0x0A, 0x00, 0x01, 0x01, 0xBE, 0x00, 0x00, 0x00, 0x01, 0x01, 0xBE, 0x02, 0xE4,
    0x00, 0x01, 0x00, 0x95, 0x00, 0x00, 0x00, 0x01, 0x00, 0x95, 0x02, 0xE4, 0x00, 0x12, 0x00, 0x00,
    0x0C, 0x62, 0x00, 0x00, 0x0C, 0x5C, 0x00, 0x00, 0x0C, 0x56, 0x00, 0x00, 0x0C, 0x50, 0x00, 0x00,
    0x0C, 0x4A, 0x00, 0x00, 0x0C, 0x44, 0x00, 0x00, 0x0C, 0x44, 0x00, 0x00, 0x0C, 0x3E, 0x00, 0x00,
    0x0C, 0x38, 0x00, 0x00, 0x0C, 0x32, 0x00, 0x00, 0x0C, 0x2C, 0x00, 0x00, 0x0C, 0x26, 0x00, 0x01,
    0x0C, 0x20, 0x00, 0x01, 0x0C, 0x1A, 0x00, 0x00, 0x0C, 0x0E, 0x00, 0x00, 0x0C, 0x08, 0x00, 0x00,
    0x0C, 0x26, 0x00, 0x01, 0x0C, 0x20, 0x00, 0x02, 0x00, 0x03, 0x01, 0xD2, 0x01, 0xD6, 0x00, 0x00,
    0x01, 0xD8, 0x01, 0xE0, 0x00, 0x05, 0x01, 0xE2, 0x01, 0xE5, 0x00, 0x0E, 0x00, 0x04, 0x00, 0x00,
    0x00, 0x01, 0x00, 0x08, 0x00, 0x01, 0x0C, 0x00, 0x0A, 0xC4, 0x00, 0x03, 0x0B, 0x52, 0x00, 0x0C,
    0x01, 0x19, 0x0A, 0xB2, 0x0A, 0xAC, 0x0A, 0xA6, 0x0A, 0xA0, 0x0A, 0xAC, 0x0A, 0xA6, 0x0A, 0xA0,
    0x0A, 0xAC, 0x0A, 0xA6, 0x0A, 0xA0, 0x0A, 0xAC, 0x0A, 0xA6, 0x0A, 0xA0, 0x0A, 0xAC, 0x0A, 0xA6,
    0x0A, 0x9A, 0x0A, 0xAC, 0x0A, 0xA6, 0x0A, 0xA0, 0x0A, 0xAC, 0x0A, 0xA6, 0x0A, 0x94, 0x0A, 0xAC,
    0x0A, 0xA6, 0x0A, 0xB2, 0x0A, 0xAC, 0x0A, 0xA6, 0x0A, 0x8E, 0x0A, 0xAC, 0x0A, 0xA6, 0x0A, 0x88,
    0x0A, 0xAC, 0x0A, 0xA6, 0x0A, 0x82, 0x0A, 0x7C, 0x00, 0x00, 0x0A, 0x76, 0x0A, 0x7C, 0x00, 0x00,
    0x0A, 0x76, 0x0A, 0x7C, 0x00, 0x00, 0x0A, 0x82, 0x0A, 0x70, 0x00, 0x00, 0x0A, 0x6A, 0x0A, 0x7C,
    0x00, 0x00, 0x0A, 0x64, 0x0A, 0x5E, 0x00, 0x00, 0x0A, 0x64, 0x0A, 0x5E, 0x00, 0x00, 0x0A, 0x58,
    0x0A, 0x5E, 0x00, 0x00, 0x0A, 0x64, 0x0A, 0x5E, 0x00, 0x00, 0x0A, 0x52, 0x0A, 0x4C, 0x0A, 0x46,
    0x0A, 0x40, 0x0A, 0x4C, 0x0A, 0x46, 0x0A, 0x40, 0x0A, 0x4C, 0x0A, 0x46, 0x0A, 0x40, 0x0A, 0x4C,
    0x0A, 0x46, 0x0A, 0x3A, 0x0A, 0x4C, 0x0A, 0x46, 0x0A, 0x3A, 0x0A, 0x4C, 0x0A, 0x46, 0x0A, 0x40,
    0x0A, 0x4C, 0x0A, 0x46, 0x0A, 0x34, 0x0A, 0x4C, 0x0A, 0x46, 0x0A, 0x52, 0x0A, 0x4C, 0x0A, 0x46,
    0x0A, 0x2E, 0x0A, 0x28, 0x00, 0x00, 0x0A, 0x22, 0x0A, 0x28, 0x00, 0x00, 0x0A, 0x2E, 0x0A, 0x1C,
    0x00, 0x00, 0x0A, 0x16, 0x0A, 0x28, 0x00, 0x00, 0x0A, 0x10, 0x0A, 0x0A, 0x00, 0x00, 0x0A, 0x10,
    0x0A, 0x0A, 0x00, 0x00, 0x0A, 0x04, 0x09, 0xFE, 0x09, 0xF8, 0x0A, 0x04, 0x09, 0xFE, 0x09, 0xF8,
    0x09, 0xF2, 0x09, 0xFE, 0x09, 0xF8, 0x09, 0xF2, 0x09, 0xFE, 0x09, 0xF8, 0x09, 0xEC, 0x09, 0xFE,
    0x09, 0xF8, 0x09, 0xEC, 0x09, 0xFE, 0x09, 0xF8, 0x09, 0xF2, 0x09, 0xFE, 0x09, 0xF8, 0x09, 0xE6,
    0x09, 0xFE, 0x09, 0xF8, 0x0A, 0x04, 0x09, 0xFE, 0x09, 0xF8, 0x09, 0xE0, 0x09, 0xDA, 0x00, 0x00,
    0x09, 0xE0, 0x09, 0xD4, 0x00, 0x00, 0x09, 0xCE, 0x09, 0xC8, 0x00, 0x00, 0x09, 0xC2, 0x09, 0xC8,
    0x00, 0x00, 0x09, 0xCE, 0x09, 0xC8, 0x00, 0x00, 0x09, 0xCE, 0x09, 0xBC, 0x00, 0x00, 0x09, 0xCE,
    0x09, 0xC8, 0x00, 0x00, 0x0A, 0x10, 0x0A, 0x0A, 0x00, 0x00, 0x09, 0xB6, 0x0A, 0x0A, 0x00, 0x00,
    0x09, 0xB6, 0x0A, 0x0A, 0x00, 0x00, 0x0A, 0x10, 0x09, 0xB0, 0x00, 0x00, 0x09, 0xAA, 0x0A, 0x0A,
    0x00, 0x00, 0x0A, 0x2E, 0x0A, 0x28, 0x09, 0xA4, 0x0A, 0x22, 0x0A, 0x28, 0x09, 0xA4, 0x0A, 0x22,
    0x0A, 0x28, 0x09, 0xA4, 0x0A, 0x16, 0x0A, 0x28, 0x09, 0xA4, 0x0A, 0x22, 0x0A, 0x28, 0x09, 0xA4,
    0x0A, 0x22, 0x0A, 0x28, 0x09, 0xA4, 0x09, 0x9E, 0x0A, 0x28, 0x09, 0xA4, 0x0A, 0x2E, 0x0A, 0x28,
    0x09, 0xA4, 0x09, 0x98, 0x0A, 0x28, 0x09, 0xA4, 0x09, 0x92, 0x09, 0x8C, 0x00, 0x00, 0x09, 0x86,
    0x09, 0x8C, 0x00, 0x00, 0x09, 0x86, 0x09, 0x8C, 0x00, 0x00, 0x09, 0x92, 0x09, 0x80, 0x00, 0x00,
    0x09, 0x7A, 0x09, 0x74, 0x00, 0x00, 0x09, 0x6E, 0x09, 0x74, 0x00, 0x00, 0x09, 0x6E, 0x09, 0x74,
    0x00, 0x00, 0x09, 0x7A, 0x09, 0x68, 0x00, 0x00, 0x09, 0x7A, 0x09, 0x62, 0x00, 0x00, 0x09, 0x5C,
    0x09, 0x56, 0x00, 0x00, 0x09, 0x50, 0x09, 0x56, 0x00, 0x00, 0x09, 0x5C, 0x09, 0x4A, 0x00, 0x00,
    0x09, 0x44, 0x09, 0xDA, 0x09, 0x3E, 0x09, 0x38, 0x09, 0xDA, 0x09, 0x3E, 0x09, 0x38, 0x09, 0xDA,
    0x09, 0x3E, 0x09, 0x38, 0x09, 0xDA, 0x09, 0x3E, 0x09, 0x32, 0x09, 0xDA, 0x09, 0x3E, 0x09, 0x38,
    0x09, 0xDA, 0x09, 0x3E, 0x09, 0x38, 0x09, 0xDA, 0x09, 0x3E, 0x09, 0x2C, 0x09, 0xDA, 0x09, 0x3E,
    0x09, 0x44, 0x09, 0xDA, 0x09, 0x3E, 0x09, 0x26, 0x09, 0xDA, 0x09, 0x3E, 0x09, 0x20, 0x09, 0x1A,
    0x00, 0x00, 0x09, 0x14, 0x09, 0x1A, 0x00, 0x00, 0x09, 0x14, 0x09, 0x1A, 0x00, 0x00, 0x09, 0x0E,
    0x09, 0x1A, 0x00, 0x00, 0x09, 0x14, 0x09, 0x1A, 0x00, 0x00, 0x09, 0x08, 0x09, 0x02, 0x00, 0x00,
    0x08, 0xFC, 0x09, 0x02, 0x00, 0x00, 0x08, 0xFC, 0x09, 0x02, 0x00, 0x00, 0x08, 0xF6, 0x09, 0x02,
    0x00, 0x00, 0x08, 0xFC, 0x09, 0x02, 0x00, 0x00, 0x08, 0xF0, 0x08, 0xEA, 0x00, 0x00, 0x08, 0xE4,
    0x08, 0xEA, 0x00, 0x00, 0x08, 0xE4, 0x08, 0xEA, 0x00, 0x00, 0x08, 0xDE, 0x08, 0xEA, 0x00, 0x00,
    0x0A, 0x9A, 0x0A, 0xAC, 0x0A, 0xA6, 0x0A, 0x6A, 0x0A, 0x7C, 0x00, 0x00, 0x0A, 0x3A, 0x0A, 0x4C,
    0x0A, 0x46, 0x0A, 0x3A, 0x0A, 0x4C, 0x0A, 0x46, 0x0A, 0x2E, 0x08, 0xD8, 0x00, 0x00, 0x0A, 0x16,
    0x0A, 0x28, 0x00, 0x00, 0x09, 0xEC, 0x09, 0xFE, 0x09, 0xF8, 0x09, 0xEC, 0x09, 0xFE, 0x09, 0xF8,
    0x09, 0xE0, 0x09, 0xD4, 0x00, 0x00, 0x09, 0xCE, 0x09, 0xBC, 0x00, 0x00, 0x0A, 0x10, 0x09, 0xB0,
    0x00, 0x00, 0x0A, 0x16, 0x0A, 0x28, 0x09, 0xA4, 0x09, 0x92, 0x09, 0x80, 0x00, 0x00, 0x09, 0x7A,
    0x09, 0x62, 0x00, 0x00, 0x09, 0x5C, 0x09, 0x4A, 0x00, 0x00, 0x09, 0x32, 0x09, 0xDA, 0x09, 0x3E,
    0x08, 0xF6, 0x09, 0x02, 0x00, 0x00, 0x08, 0xDE, 0x08, 0xEA, 0x00, 0x00, 0x09, 0xE0, 0x09, 0xDA,
    0x00, 0x00, 0x09, 0xE0, 0x09, 0xD4, 0x00, 0x00, 0x08, 0xD2, 0x08, 0xCC, 0x00, 0x00, 0x08, 0xC6,
    0x08, 0xCC, 0x00, 0x00, 0x08, 0xC6, 0x08, 0xCC, 0x00, 0x00, 0x08, 0xD2, 0x08, 0xC0, 0x00, 0x00,
    0x0A, 0x2E, 0x0A, 0x28, 0x00, 0x00, 0x0A, 0x22, 0x0A, 0x28, 0x00, 0x00, 0x0A, 0x2E, 0x0A, 0x1C,
    0x00, 0x00, 0x0A, 0x16, 0x0A, 0x28, 0x00, 0x00, 0x09, 0xE0, 0x09, 0xD4, 0x00, 0x00, 0x08, 0xD2,
    0x08, 0xC0, 0x00, 0x00, 0x0A, 0x2E, 0x0A, 0x1C, 0x00, 0x00, 0x0A, 0x16, 0x0A, 0x28, 0x00, 0x00,
    0x08, 0xBA, 0x08, 0xB4, 0x08, 0xAE, 0x08, 0xA8, 0x08, 0xB4, 0x08, 0xAE, 0x08, 0xA8, 0x08, 0xB4,
    0x08, 0xAE, 0x08, 0xA8, 0x08, 0xB4, 0x08, 0xAE, 0x08, 0xA8, 0x08, 0xB4, 0x08, 0xAE, 0x08, 0xA2,
    0x08, 0xB4, 0x08, 0xAE, 0x08, 0xA8, 0x08, 0xB4, 0x08, 0xAE, 0x08, 0x9C, 0x08, 0xB4, 0x08, 0xAE,
    0x08, 0xBA, 0x08, 0xB4, 0x08, 0xAE, 0x08, 0x96, 0x08, 0xB4, 0x08, 0xAE, 0x08, 0x90, 0x08, 0xB4,
    0x08, 0xAE, 0x08, 0x8A, 0x08, 0x84, 0x00, 0x00, 0x08, 0x7E, 0x08, 0x84, 0x00, 0x00, 0x08, 0x7E,
    0x08, 0x84, 0x00, 0x00, 0x08, 0x8A, 0x08, 0x78, 0x00, 0x00, 0x08, 0x72, 0x08, 0x84, 0x00, 0x00,
    0x08, 0x6C, 0x08, 0x66, 0x00, 0x00, 0x08, 0x6C, 0x08, 0x66, 0x00, 0x00, 0x08, 0x6C, 0x08, 0x66,
    0x00, 0x00, 0x08, 0x60, 0x08, 0x5A, 0x08, 0x54, 0x08, 0x4E, 0x08, 0x5A, 0x08, 0x54, 0x08, 0x4E,
    0x08, 0x5A, 0x08, 0x54, 0x08, 0x4E, 0x08, 0x5A, 0x08, 0x54, 0x08, 0x48, 0x08, 0x5A, 0x08, 0x54,
    0x08, 0x48, 0x08, 0x5A, 0x08, 0x54, 0x08, 0x4E, 0x08, 0x5A, 0x08, 0x54, 0x08, 0x42, 0x08, 0x5A,
    0x08, 0x54, 0x08, 0x60, 0x08, 0x5A, 0x08, 0x54, 0x08, 0x3C, 0x08, 0x36, 0x00, 0x00, 0x08, 0x30,
    0x08, 0x36, 0x00, 0x00, 0x08, 0x2A, 0x08, 0x36, 0x00, 0x00, 0x08, 0x24, 0x08, 0x36, 0x00, 0x00,
    0x08, 0x1E, 0x0A, 0x4C, 0x00, 0x00, 0x08, 0x1E, 0x0A, 0x4C, 0x00, 0x00, 0x08, 0x18, 0x08, 0x12,
    0x08, 0x0C, 0x08, 0x06, 0x08, 0x00, 0x08, 0x0C, 0x07, 0xFA, 0x08, 0x00, 0x08, 0x0C, 0x07, 0xFA,
    0x08, 0x00, 0x08, 0x0C, 0x08, 0x18, 0x08, 0x00, 0x08, 0x0C, 0x08, 0x18, 0x08, 0x00, 0x08, 0x0C,
    0x07, 0xFA, 0x08, 0x00, 0x08, 0x0C, 0x00, 0x00, 0x00, 0x00, 0x08, 0x0C, 0x07, 0xF4, 0x08, 0x00,
    0x08, 0x0C, 0x08, 0x18, 0x08, 0x00, 0x08, 0x0C, 0x08, 0x18, 0x07, 0xEE, 0x00, 0x00, 0x08, 0x06,
    0x07, 0xEE, 0x00, 0x00, 0x07, 0xE8, 0x07, 0xE2, 0x00, 0x00, 0x07, 0xE8, 0x07, 0xDC, 0x00, 0x00,
    0x08, 0x18, 0x08, 0x00, 0x00, 0x00, 0x07, 0xD6, 0x08, 0x00, 0x00, 0x00, 0x08, 0x18, 0x08, 0x00,
    0x00, 0x00, 0x08, 0x18, 0x07, 0xD0, 0x00, 0x00, 0x07, 0xCA, 0x07, 0xC4, 0x00, 0x00, 0x07, 0xBE,
    0x07, 0xB8, 0x00, 0x00, 0x07, 0xB2, 0x07, 0xB8, 0x00, 0x00, 0x07, 0xB2, 0x07, 0xB8, 0x00, 0x00,
    0x07, 0xBE, 0x07, 0xAC, 0x00, 0x00, 0x07, 0xA6, 0x07, 0xB8, 0x00, 0x00, 0x07, 0xA0, 0x07, 0x9A,
    0x07, 0x94, 0x07, 0x8E, 0x07, 0x9A, 0x07, 0x94, 0x07, 0x8E, 0x07, 0x9A, 0x07, 0x94, 0x07, 0x88,
    0x07, 0x9A, 0x07, 0x94, 0x07, 0x8E, 0x07, 0x9A, 0x07, 0x94, 0x07, 0x8E, 0x07, 0x9A, 0x07, 0x94,
    0x07, 0x82, 0x07, 0x9A, 0x07, 0x94, 0x07, 0x7C, 0x07, 0x9A, 0x07, 0x94, 0x07, 0x76, 0x08, 0x00,
    0x00, 0x00, 0x07, 0x70, 0x08, 0x00, 0x00, 0x00, 0x07, 0x70, 0x08, 0x00, 0x00, 0x00, 0x07, 0x76,
    0x07, 0xD0, 0x00, 0x00, 0x07, 0x6A, 0x07, 0x64, 0x00, 0x00, 0x07, 0x5E, 0x07, 0x64, 0x00, 0x00,
    0x07, 0x5E, 0x07, 0x64, 0x00, 0x00, 0x07, 0x6A, 0x07, 0x58, 0x00, 0x00, 0x07, 0x6A, 0x07, 0x52,
    0x00, 0x00, 0x07, 0x4C, 0x07, 0x46, 0x00, 0x00, 0x07, 0x4C, 0x07, 0x46, 0x00, 0x00, 0x07, 0x4C,
    0x07, 0x40, 0x00, 0x00, 0x07, 0x3A, 0x07, 0x34, 0x07, 0x2E, 0x07, 0x28, 0x07, 0x34, 0x07, 0x2E,
    0x07, 0x28, 0x07, 0x34, 0x07, 0x2E, 0x07, 0x28, 0x07, 0x34, 0x07, 0x2E, 0x07, 0x22, 0x07, 0x34,
    0x07, 0x2E, 0x07, 0x28, 0x07, 0x34, 0x07, 0x2E, 0x07, 0x28, 0x07, 0x34, 0x07, 0x2E, 0x07, 0x1C,
    0x07, 0x34, 0x07, 0x2E, 0x07, 0x3A, 0x07, 0x34, 0x07, 0x2E, 0x07, 0x16, 0x07, 0x34, 0x07, 0x2E,
    0x07, 0x10, 0x07, 0x0A, 0x00, 0x00, 0x07, 0x04, 0x07, 0x0A, 0x00, 0x00, 0x07, 0x04, 0x07, 0x0A,
    0x00, 0x00, 0x06, 0xFE, 0x07, 0x0A, 0x00, 0x00, 0x07, 0x04, 0x07, 0x0A, 0x00, 0x00, 0x06, 0xF8,
    0x06, 0xF2, 0x00, 0x00, 0x06, 0xEC, 0x06, 0xF2, 0x00, 0x00, 0x06, 0xEC, 0x06, 0xF2, 0x00, 0x00,
    0x06, 0xE6, 0x06, 0xF2, 0x00, 0x00, 0x06, 0xEC, 0x06, 0xF2, 0x00, 0x00, 0x0B, 0xBE, 0x06, 0xE0,
    0x00, 0x00, 0x06, 0xDA, 0x06, 0xE0, 0x00, 0x00, 0x06, 0xDA, 0x06, 0xE0, 0x00, 0x00, 0x06, 0xD4,
    0x06, 0xE0, 0x00, 0x00, 0x08, 0xA2, 0x08, 0xB4, 0x08, 0xAE, 0x08, 0x72, 0x08, 0x84, 0x00, 0x00,
    0x08, 0x48, 0x08, 0x5A, 0x08, 0x54, 0x08, 0x48, 0x08, 0x5A, 0x08, 0x54, 0x08, 0x2A, 0x08, 0x36,
    0x00, 0x00, 0x08, 0x24, 0x08, 0x36, 0x00, 0x00, 0x08, 0x18, 0x06, 0xCE, 0x08, 0x0C, 0x08, 0x18,
    0x08, 0x00, 0x08, 0x0C, 0x08, 0x18, 0x08, 0x00, 0x08, 0x0C, 0x00, 0x00, 0x00, 0x00, 0x08, 0x0C,
    0x08, 0x18, 0x08, 0x00, 0x08, 0x0C, 0x08, 0x18, 0x07, 0xEE, 0x00, 0x00, 0x07, 0xE8, 0x07, 0xDC,
    0x00, 0x00, 0x08, 0x18, 0x07, 0xD0, 0x00, 0x00, 0x07, 0xBE, 0x07, 0xAC, 0x00, 0x00, 0x07, 0x88,
    0x07, 0x9A, 0x07, 0x94, 0x07, 0x76, 0x07, 0xD0, 0x00, 0x00, 0x07, 0x6A, 0x07, 0x52, 0x00, 0x00,
    0x07, 0x4C, 0x07, 0x40, 0x00, 0x00, 0x07, 0x22, 0x07, 0x34, 0x07, 0x2E, 0x06, 0xFE, 0x07, 0x0A,
    0x00, 0x00, 0x06, 0xE6, 0x06, 0xF2, 0x00, 0x00, 0x06, 0xD4, 0x06, 0xE0, 0x00, 0x00, 0x06, 0xC8,
    0x08, 0x66, 0x06, 0xC2, 0x08, 0x6C, 0x08, 0x66, 0x06, 0xC2, 0x08, 0x6C, 0x08, 0x66, 0x06, 0xC2,
    0x08, 0x6C, 0x08, 0x66, 0x06, 0xC2, 0x08, 0x6C, 0x08, 0x66, 0x06, 0xC2, 0x06, 0xBC, 0x08, 0x66,
    0x06, 0xC2, 0x08, 0x6C, 0x08, 0x66, 0x06, 0xC2, 0x06, 0xB6, 0x08, 0x66, 0x06, 0xC2, 0x06, 0xC8,
    0x08, 0x66, 0x06, 0xC2, 0x06, 0xB0, 0x08, 0x66, 0x06, 0xC2, 0x06, 0xAA, 0x08, 0x66, 0x06, 0xC2,
    0x06, 0xA4, 0x06, 0xF2, 0x00, 0x00, 0x06, 0x9E, 0x06, 0xF2, 0x00, 0x00, 0x06, 0x9E, 0x06, 0xF2,
    0x00, 0x00, 0x06, 0x98, 0x06, 0xF2, 0x00, 0x00, 0x06, 0x9E, 0x06, 0xF2, 0x00, 0x00, 0x07, 0xE8,
    0x07, 0xE2, 0x00, 0x00, 0x07, 0xE8, 0x07, 0xDC, 0x00, 0x00, 0x06, 0xBC, 0x08, 0x66, 0x06, 0xC2,
    0x06, 0x98, 0x06, 0xF2, 0x00, 0x00, 0x07, 0xE8, 0x07, 0xDC, 0x00, 0x00, 0x08, 0x8A, 0x08, 0x84,
    0x00, 0x00, 0x09, 0x7A, 0x09, 0x74, 0x00, 0x00, 0x00, 0x01, 0x01, 0x08, 0x02, 0xD0, 0x00, 0x01,
    0x01, 0x08, 0x02, 0xE4, 0x00, 0x01, 0x01, 0x08, 0x01, 0xFE, 0x00, 0x01, 0x01, 0x2F, 0x02, 0xD2,
    0x00, 0x01, 0x01, 0x2F, 0x03, 0x08, 0x00, 0x01, 0x01, 0x2F, 0x02, 0xBC, 0x00, 0x01, 0x01, 0x2F,
    0x02, 0xD0, 0x00, 0x01, 0x02, 0x0E, 0x00, 0x00, 0x00, 0x01, 0x01, 0x2F, 0x01, 0xFE, 0x00, 0x01,
    0x00, 0xA8, 0x00, 0x00, 0x00, 0x01, 0x00, 0xF8, 0x02, 0xD0, 0x00, 0x01, 0x00, 0xF8, 0x02, 0xE4,
    0x00, 0x01, 0x00, 0xF8, 0x00, 0x00, 0x00, 0x01, 0x01, 0x06, 0x02, 0xD0, 0x00, 0x01, 0x01, 0x06,
    0x02, 0xE4, 0x00, 0x01, 0x01, 0x06, 0x00, 0x00, 0x00, 0x01, 0x01, 0x06, 0x01, 0xFE, 0x00, 0x01,
    0x01, 0x80, 0x02, 0xD0, 0x00, 0x01, 0x01, 0x80, 0x02, 0xE4, 0x00, 0x01, 0x01, 0x80, 0x00, 0x00,
    0x00, 0x01, 0x01, 0x80, 0x01, 0xFE, 0x00, 0x01, 0x01, 0x27, 0x03, 0x08, 0x00, 0x01, 0x01, 0x27,
    0x02, 0xBC, 0x00, 0x01, 0x01, 0x27, 0x02, 0xD0, 0x00, 0x01, 0x01, 0x27, 0x02, 0xE4, 0x00, 0x01,
    0x01, 0xFD, 0x00, 0x00, 0x00, 0x01, 0x01, 0x27, 0x00, 0x00, 0x00, 0x01, 0x01, 0x27, 0x01, 0xFE,
    0x00, 0x01, 0x00, 0xF6, 0xFE, 0xD8, 0x00, 0x01, 0x00, 0xF6, 0x00, 0x00, 0x00, 0x01, 0x00, 0xB6,
    0x01, 0xFE, 0x00, 0x01, 0x00, 0xFA, 0xFE, 0xD8, 0x00, 0x01, 0x00, 0xF0, 0xFF, 0x29, 0x00, 0x01,
    0x00, 0xF1, 0x02, 0xE4, 0x00, 0x01, 0x00, 0xFA, 0x00, 0x00, 0x00, 0x01, 0x00, 0xF1, 0x01, 0xFE,
    0x00, 0x01, 0x00, 0xD7, 0x02, 0xE4, 0x00, 0x01, 0x00, 0xD7, 0x01, 0xFE, 0x00, 0x01, 0x01, 0x24,
    0x02, 0xD2, 0x00, 0x01, 0x01, 0x24, 0x02, 0xBC, 0x00, 0x01, 0x01, 0x24, 0x02, 0xD0, 0x00, 0x01,
    0x01, 0x24, 0x02, 0xE4, 0x00, 0x01, 0x01, 0x9F, 0x00, 0x14, 0x00, 0x01, 0x01, 0x24, 0x00, 0x00,
    0x00, 0x01, 0x01, 0x24, 0x01, 0xFE, 0x00, 0x01, 0x01, 0x4A, 0x02, 0xD2, 0x00, 0x01, 0x01, 0x3C,
    0xFE, 0xD8, 0x00, 0x01, 0x01, 0x4A, 0x02, 0xE4, 0x00, 0x01, 0x01, 0x3C, 0x00, 0x00, 0x00, 0x01,
    0x01, 0x4A, 0x01, 0xFE, 0x00, 0x01, 0x00, 0x82, 0x00, 0x00, 0x00, 0x01, 0x00, 0x82, 0x02, 0xD0,
    0x00, 0x01, 0x00, 0x78, 0xFE, 0xD8, 0x00, 0x01, 0x00, 0x78, 0x03, 0xB6, 0x00, 0x01, 0x01, 0x20,
    0xFE, 0xD8, 0x00, 0x01, 0x01, 0x20, 0x00, 0x00, 0x00, 0x01, 0x01, 0x0C, 0x02, 0xE4, 0x00, 0x01,
    0x00, 0x78, 0xFF, 0x33, 0x00, 0x01, 0x00, 0x78, 0x02, 0xBC, 0x00, 0x01, 0x00, 0x78, 0x02, 0xE4,
    0x00, 0x01, 0x00, 0x78, 0x00, 0x00, 0x00, 0x01, 0x00, 0x78, 0x01, 0xFE, 0x00, 0x01, 0x00, 0xA0,
    0x00, 0x00, 0x00, 0x01, 0x00, 0xA3, 0x00, 0x00, 0x00, 0x01, 0x00, 0x78, 0x02, 0xD0, 0x00, 0x01,
    0x01, 0x3F, 0x01, 0xFE, 0x00, 0x01, 0x01, 0x1F, 0x02, 0xD0, 0x00, 0x01, 0x01, 0x1F, 0x03, 0x25,
    0x00, 0x01, 0x01, 0x1F, 0x02, 0xE4, 0x00, 0x01, 0x01, 0x2F, 0xFF, 0x33, 0x00, 0x01, 0x01, 0x1F,
    0x01, 0xFE, 0x00, 0x01, 0x01, 0x25, 0x02, 0xBC, 0x00, 0x01, 0x01, 0x25, 0x02, 0xD0, 0x00, 0x01,
    0x01, 0x25, 0x02, 0xE4, 0x00, 0x01, 0x01, 0x99, 0x00, 0x14, 0x00, 0x01, 0x01, 0x1A, 0x00, 0x00,
    0x00, 0x01, 0x01, 0x25, 0x01, 0xFE, 0x00, 0x01, 0x01, 0x2F, 0x00, 0x00, 0x00, 0x01, 0x01, 0x2F,
    0x02, 0xE4, 0x00, 0x01, 0x01, 0x1B, 0x02, 0xD0, 0x00, 0x01, 0x01, 0x0D, 0xFF, 0x29, 0x00, 0x01,
    0x01, 0x1B, 0x02, 0xE4, 0x00, 0x01, 0x01, 0x17, 0x00, 0x00, 0x00, 0x01, 0x01, 0x1B, 0x01, 0xFE,
    0x00, 0x01, 0x01, 0x0B, 0x02, 0xD2, 0x00, 0x01, 0x01, 0x0B, 0x03, 0x08, 0x00, 0x01, 0x01, 0x0B,
    0x02, 0xBC, 0x00, 0x01, 0x01, 0x0B, 0x02, 0xD0, 0x00, 0x01, 0x01, 0x0B, 0x02, 0xE4, 0x00, 0x01,
    0x01, 0xD6, 0x00, 0x00, 0x00, 0x01, 0x01, 0x0B, 0x00, 0x00, 0x00, 0x01, 0x01, 0x0B, 0x01, 0xFE,
    0x00, 0x01, 0x01, 0x50, 0xFE, 0xD8, 0x00, 0x01, 0x01, 0x46, 0x03, 0xB6, 0x00, 0x01, 0x01, 0x50,
    0x00, 0x00, 0x00, 0x01, 0x01, 0x46, 0x02, 0xD0, 0x00, 0x01, 0x01, 0x9D, 0xFE, 0xD8, 0x00, 0x01,
    0x01, 0x38, 0x03, 0xA2, 0x00, 0x01, 0x01, 0x38, 0x03, 0xB6, 0x00, 0x01, 0x01, 0x38, 0x00, 0x00,
    0x00, 0x01, 0x01, 0x38, 0x02, 0xD0, 0x00, 0x01, 0x01, 0x52, 0x03, 0xA2, 0x00, 0x01, 0x01, 0x52,
    0x03, 0xB6, 0x00, 0x01, 0x01, 0x52, 0x00, 0x00, 0x00, 0x01, 0x01, 0x52, 0x02, 0xD0, 0x00, 0x01,
    0x02, 0x21, 0x03, 0xA2, 0x00, 0x01, 0x02, 0x21, 0x03, 0xB6, 0x00, 0x01, 0x02, 0x21, 0x00, 0x00,
    0x00, 0x01, 0x02, 0x21, 0x02, 0xD0, 0x00, 0x01, 0x01, 0x64, 0x03, 0xDA, 0x00, 0x01, 0x01, 0x64,
    0x03, 0x8E, 0x00, 0x01, 0x01, 0x64, 0x03, 0xA2, 0x00, 0x01, 0x01, 0x64, 0x03, 0xB6, 0x00, 0x01,
    0x01, 0xED, 0x00, 0x14, 0x00, 0x01, 0x01, 0x64, 0x02, 0xD0, 0x00, 0x01, 0x01, 0x44, 0xFE, 0xD8,
    0x00, 0x01, 0x01, 0x44, 0x03, 0xB6, 0x00, 0x01, 0x01, 0x44, 0x00, 0x00, 0x00, 0x01, 0x01, 0x44,
    0x02, 0xD0, 0x00, 0x01, 0x01, 0x39, 0xFE, 0xD8, 0x00, 0x01, 0x01, 0x2F, 0xFF, 0x29, 0x00, 0x01,
    0x01, 0x39, 0x03, 0xB6, 0x00, 0x01, 0x01, 0x39, 0x00, 0x00, 0x00, 0x01, 0x01, 0x39, 0x02, 0xD0,
    0x00, 0x01, 0x01, 0x48, 0xFE, 0xD8, 0x00, 0x01, 0x01, 0x48, 0x03, 0xB6, 0x00, 0x01, 0x01, 0x48,
    0x00, 0x00, 0x00, 0x01, 0x01, 0x48, 0x02, 0xD0, 0x00, 0x01, 0x01, 0x89, 0x03, 0xA4, 0x00, 0x01,
    0x01, 0x89, 0x03, 0x8E, 0x00, 0x01, 0x02, 0x16, 0x00, 0x14, 0x00, 0x01, 0x01, 0x70, 0x03, 0xA4,
    0x00, 0x01, 0x01, 0x70, 0xFE, 0xD8, 0x00, 0x01, 0x01, 0x70, 0x03, 0xB6, 0x00, 0x01, 0x01, 0x4B,
    0xFE, 0xD8, 0x00, 0x01, 0x00, 0x7E, 0x03, 0xB6, 0x00, 0x01, 0x01, 0x4B, 0x00, 0x00, 0x00, 0x01,
    0x00, 0x7E, 0x02, 0xD0, 0x00, 0x01, 0x01, 0x64, 0xFE, 0xD8, 0x00, 0x01, 0x01, 0x64, 0x00, 0x00,
    0x00, 0x01, 0x01, 0x5A, 0x02, 0xD0, 0x00, 0x01, 0x00, 0x7F, 0x03, 0x8E, 0x00, 0x01, 0x00, 0x7F,
    0x03, 0xA2, 0x00, 0x01, 0x00, 0x7F, 0x03, 0xB6, 0x00, 0x01, 0x00, 0x94, 0x00, 0x00, 0x00, 0x01,
    0x00, 0x7F, 0x00, 0x00, 0x00, 0x01, 0x00, 0x7F, 0x02, 0xD0, 0x00, 0x01, 0x01, 0x70, 0x00, 0x00,
    0x00, 0x01, 0x01, 0x70, 0x02, 0xD0, 0x00, 0x01, 0x01, 0x89, 0x03, 0xA2, 0x00, 0x01, 0x01, 0x89,
    0xFE, 0xD8, 0x00, 0x01, 0x01, 0x89, 0x03, 0xB6, 0x00, 0x01, 0x01, 0x89, 0x00, 0x00, 0x00, 0x01,
    0x01, 0x89, 0x02, 0xD0, 0x00, 0x01, 0x01, 0x49, 0x03, 0x8E, 0x00, 0x01, 0x01, 0x49, 0x03, 0xA2,
    0x00, 0x01, 0x01, 0x49, 0x03, 0xB6, 0x00, 0x01, 0x02, 0x1A, 0x00, 0x00, 0x00, 0x01, 0x01, 0x3F,
    0x00, 0x00, 0x00, 0x01, 0x01, 0x49, 0x02, 0xD0, 0x00, 0x01, 0x01, 0x78, 0x03, 0xB6, 0x00, 0x01,
    0x01, 0x78, 0x00, 0x00, 0x00, 0x01, 0x01, 0x78, 0x02, 0xD0, 0x00, 0x01, 0x01, 0x85, 0x03, 0xA2,
    0x00, 0x01, 0x01, 0x7B, 0xFF, 0x29, 0x00, 0x01, 0x01, 0x85, 0x03, 0xB6, 0x00, 0x01, 0x01, 0x85,
    0x00, 0x00, 0x00, 0x01, 0x01, 0x85, 0x02, 0xD0, 0x00, 0x01, 0x01, 0x6C, 0x03, 0xA4, 0x00, 0x01,
    0x01, 0x6C, 0x03, 0xDA, 0x00, 0x01, 0x01, 0x6C, 0x03, 0x8E, 0x00, 0x01, 0x01, 0x6C, 0x03, 0xA2,
    0x00, 0x01, 0x01, 0x6C, 0x03, 0xB6, 0x00, 0x01, 0x02, 0xB4, 0x00, 0x00, 0x00, 0x01, 0x01, 0x6C,
    0x00, 0x00, 0x00, 0x01, 0x01, 0x6C, 0x02, 0xD0, 0x00, 0x02, 0x00, 0x17, 0x00, 0x01, 0x00, 0x0B,
    0x00, 0x00, 0x00, 0x0E, 0x00, 0x1F, 0x00, 0x0B, 0x00, 0x21, 0x00, 0x2F, 0x00, 0x1D, 0x00, 0x31,
    0x00, 0x37, 0x00, 0x2C, 0x00, 0x39, 0x00, 0x3D, 0x00, 0x33, 0x00, 0x3F, 0x00, 0x47, 0x00, 0x38,
    0x00, 0x4C, 0x00, 0x54, 0x00, 0x41, 0x00, 0x56, 0x00, 0x62, 0x00, 0x4A, 0x00, 0x64, 0x00, 0x68,
    0x00, 0x57, 0x00, 0x6A, 0x00, 0x8A, 0x00, 0x5C, 0x00, 0x8C, 0x00, 0x8F, 0x00, 0x7D, 0x00, 0x92,
    0x00, 0xA0, 0x00, 0x81, 0x00, 0xA3, 0x00, 0xA8, 0x00, 0x90, 0x00, 0xAA, 0x00, 0xB4, 0x00, 0x96,
    0x00, 0xB6, 0x00, 0xCE, 0x00, 0xA1, 0x00, 0xD0, 0x00, 0xD4, 0x00, 0xBA, 0x00, 0xD6, 0x00, 0xDC,
    0x00, 0xBF, 0x00, 0xDE, 0x00, 0xDE, 0x00, 0xC6, 0x00, 0xE3, 0x00, 0xEB, 0x00, 0xC7, 0x00, 0xED,
    0x00, 0xF9, 0x00, 0xD0, 0x00, 0xFB, 0x00, 0xFF, 0x00, 0xDD, 0x01, 0x01, 0x01, 0x35, 0x00, 0xE2,
    0x01, 0xAD, 0x01, 0xAE, 0x01, 0x17, 0x00, 0x13, 0x00, 0x00, 0x00, 0xA8, 0x00, 0x00, 0x00, 0xA2,
    0x00, 0x00, 0x00, 0x9C, 0x00, 0x00, 0x00, 0x96, 0x00, 0x00, 0x00, 0x90, 0x00, 0x00, 0x00, 0x8A,
    0x00, 0x00, 0x00, 0x8A, 0x00, 0x00, 0x00, 0x84, 0x00, 0x00, 0x00, 0x7E, 0x00, 0x00, 0x00, 0x78,
    0x00, 0x00, 0x00, 0x72, 0x00, 0x00, 0x00, 0x6C, 0x00, 0x01, 0x00, 0x66, 0x00, 0x01, 0x00, 0x60,
    0x00, 0x02, 0x00, 0x5A, 0x00, 0x00, 0x00, 0x54, 0x00, 0x00, 0x00, 0x4E, 0x00, 0x00, 0x00, 0x6C,
    0x00, 0x01, 0x00, 0x66, 0x00, 0x01, 0x00, 0x74, 0x01, 0xFE, 0x00, 0x01, 0x00, 0xE7, 0x01, 0xFE,
    0x00, 0x01, 0x00, 0xD6, 0x00, 0x00, 0x00, 0x01, 0x00, 0xBC, 0x00, 0x00, 0x00, 0x01, 0x00, 0x76,
    0x00, 0x00, 0x00, 0x01, 0x00, 0x76, 0x01, 0xFE, 0x00, 0x01, 0x00, 0xE9, 0x01, 0xFE, 0x00, 0x01,
    0x00, 0xF8, 0x01, 0xFE, 0x00, 0x01, 0x00, 0xA8, 0x01, 0xFE, 0x00, 0x01, 0x00, 0xE1, 0x01, 0xFE,
    0x00, 0x01, 0x00, 0xF5, 0x01, 0xFE, 0x00, 0x01, 0x00, 0xD1, 0x01, 0xFE, 0x00, 0x01, 0x00, 0x8C,
    0x01, 0xFE, 0x00, 0x01, 0x00, 0xD8, 0x01, 0xFE, 0x00, 0x01, 0x00, 0x6A, 0x01, 0xFE, 0x00, 0x01,
    0x00, 0xDD, 0x01, 0xFE, 0x00, 0x02, 0x00, 0x02, 0x01, 0xD2, 0x01, 0xD6, 0x00, 0x00, 0x01, 0xD8,
    0x01, 0xE5, 0x00, 0x05, 0x00, 0x09, 0x00, 0x08, 0x00, 0x02, 0x46, 0x38, 0x00, 0x0A, 0x00, 0x01,
    0x00, 0x02, 0x00, 0x00, 0x00, 0x08, 0x00, 0x02, 0x3E, 0x2C, 0x00, 0x04, 0x00, 0x00, 0x42, 0xA6,
    0x3F, 0x26, 0x00, 0x6A, 0x00, 0x4B, 0x00, 0x00, 0xFF, 0xF3, 0xFF, 0xFB, 0xFF, 0xF9, 0xFF, 0xFE,
    0xFF, 0xFE, 0xFF, 0xED, 0xFF, 0xFE, 0xFF, 0xF5, 0xFF, 0xF9, 0xFF, 0xFD, 0xFF, 0xFC, 0xFF, 0xFD,
    0xFF, 0xF7, 0xFF, 0xFB, 0xFF, 0xF2, 0xFF, 0xB2, 0xFF, 0xFE, 0xFF, 0xFE, 0xFF, 0xF6, 0xFF, 0xC9,
    0xFF, 0xDE, 0xFF, 0xEE, 0xFF, 0xBF, 0xFF, 0xFC, 0xFF, 0xFD, 0xFF, 0xDC, 0xFF, 0xC5, 0xFF, 0xEE,
    0xFF, 0xE5, 0xFF, 0xD5, 0xFF, 0xD4, 0xFF, 0xCF, 0x00, 0x00, 0xFF, 0xE7, 0xFF, 0xE1, 0xFF, 0xE1,
    0xFF, 0xFD, 0xFF, 0xEB, 0xFF, 0xC8, 0xFF, 0xC6, 0xFF, 0xC4, 0xFF, 0xFD, 0xFF, 0xF9, 0xFF, 0xDE,
    0x00, 0x00, 0xFF, 0xBF, 0xFF, 0xEA, 0xFF, 0xD2, 0xFF, 0xCB, 0x00, 0x00, 0xFF, 0xD4, 0xFF, 0xE8,
    0x00, 0x00, 0x00, 0x00, 0xFF, 0xCF, 0x00, 0x00, 0xFF, 0xDC, 0x00, 0x00, 0xFF, 0xF9, 0x00, 0x00,
    0xFF, 0xE0, 0xFF, 0xC1, 0x00, 0x00, 0x00, 0x00, 0xFF, 0xD0, 0xFF, 0xC9, 0xFF, 0xC8, 0x00, 0x00,
    0xFF, 0xD8, 0x00, 0x00, 0x00, 0x00, 0x00, 0x00, 0xFF, 0xD8, 0xFF, 0xEF, 0x00, 0x00, 0xFF, 0xE0,
    0xFF, 0xD7, 0xFF, 0xEB, 0xFF, 0xD5, 0xFF, 0xD4, 0xFF, 0xE8, 0xFF, 0xD4, 0xFF, 0xDD, 0xFF, 0xD7,
    0xFF, 0xD1, 0xFF, 0xE4, 0xFF, 0xDA, 0xFF, 0xD0, 0xFF, 0xCF, 0xFF, 0xD5, 0xFF, 0xEC, 0xFF, 0xD7,
    0xFF, 0xDF, 0xFF, 0xCE, 0xFF, 0xE2, 0xFF, 0xE9, 0xFF, 0xE5, 0xFF, 0xF0, 0xFF, 0xDF, 0xFF, 0xD7,
    0xFF, 0xCB, 0xFF, 0xD8, 0xFF, 0xDD, 0xFF, 0xDC, 0xFF, 0xD8, 0xFF, 0xD8, 0xFF, 0xB2, 0xFF, 0xBF,
    0xFF, 0xD6, 0xFF, 0xB7, 0xFF, 0xD2, 0xFF, 0xEE, 0xFF, 0xC2, 0xFF, 0xDC, 0xFF, 0xCB, 0xFF, 0xCA,
    0xFF, 0xD7, 0x00, 0x00, 0xFF, 0xC4, 0x00, 0x00, 0xFF, 0xEC, 0xFF, 0xEB, 0xFF, 0xD9, 0xFF, 0xDC,
    0x00, 0x00, 0xFF, 0xD8, 0xFF, 0xD8, 0x00, 0x00, 0x00, 0x00, 0xFF, 0xB3, 0xFF, 0xC0, 0xFF, 0xC9,
    0x00, 0x00, 0x00, 0x00, 0x00, 0x00, 0xFF, 0xD0, 0xFF, 0xDB, 0xFF, 0xD7, 0x00, 0x00, 0xFF, 0xCC,
    0xFF, 0xCF, 0xFF, 0xD9, 0x00, 0x00, 0xFF, 0xD5, 0x00, 0x00, 0x00, 0x00, 0x00, 0x00, 0xFF, 0xDA,
    0xFF, 0xE4, 0x00, 0x00, 0xFF, 0xF5, 0xFF, 0xFD, 0xFF, 0xF7, 0xFF, 0xF3, 0xFF, 0xF3, 0xFF, 0xBD,
    0xFF, 0xF3, 0xFF, 0xF6, 0xFF, 0xF7, 0xFF, 0xFA, 0xFF, 0xF0, 0x00, 0x11, 0x00, 0x10, 0x00, 0x07,
    0xFF, 0xF8, 0xFF, 0xC1, 0xFF, 0xF4, 0xFF, 0xF4, 0x00, 0x10, 0xFF, 0xDD, 0xFF, 0xB2, 0xFF, 0xFA,
    0xFF, 0xA4, 0xFF, 0xF0, 0x00, 0x11, 0xFF, 0xE4, 0xFF, 0xE0, 0xFF, 0xF8, 0xFF, 0xF0, 0xFF, 0xA9,
    0xFF, 0xA9, 0xFF, 0xC0, 0x00, 0x00, 0xFF, 0xEC, 0xFF, 0xCF, 0xFF, 0xEE, 0xFF, 0xF9, 0xFF, 0xEC,
    0xFF, 0xDF, 0xFF, 0xDF, 0xFF, 0xE1, 0xFF, 0xFE, 0xFF, 0xB9, 0xFF, 0xBE, 0x00, 0x00, 0xFF, 0xDA,
    0xFF, 0xBC, 0xFF, 0xF4, 0xFF, 0xA8, 0x00, 0x00, 0xFF, 0xAC, 0xFF, 0xED, 0x00, 0x00, 0x00, 0x00,
    0xFF, 0xC1, 0x00, 0x00, 0xFF, 0xE1, 0x00, 0x00, 0xFF, 0xF7, 0x00, 0x00, 0xFF, 0xFA, 0xFF, 0xB1,
    0x00, 0x00, 0x00, 0x00, 0xFF, 0xE7, 0xFF, 0xE9, 0xFF, 0xE1, 0x00, 0x00, 0xFF, 0xB3, 0x00, 0x00,
    0x00, 0x00, 0x00, 0x00, 0xFF, 0xAA, 0xFF, 0xFD, 0x00, 0x00, 0xFF, 0xEC, 0xFF, 0xD9, 0xFF, 0xED,
    0xFF, 0xE7, 0xFF, 0xE6, 0x00, 0x00, 0xFF, 0xE6, 0xFF, 0xD5, 0xFF, 0xED, 0xFF, 0xE1, 0xFF, 0xEE,
    0xFF, 0xDA, 0xFF, 0xBD, 0xFF, 0xC7, 0xFF, 0xE4, 0xFF, 0x8A, 0xFF, 0xF0, 0xFF, 0xEC, 0xFF, 0xBA,
    0xFF, 0x9A, 0xFF, 0xF7, 0xFF, 0xFA, 0xFF, 0x84, 0xFF, 0xEE, 0xFF, 0xD1, 0xFF, 0xB2, 0xFF, 0x97,
    0xFF, 0xED, 0xFF, 0xE6, 0xFF, 0xE5, 0xFF, 0xE2, 0xFF, 0xB8, 0xFF, 0xAD, 0xFF, 0xE9, 0xFF, 0xC9,
    0xFF, 0xE0, 0xFF, 0xEF, 0xFF, 0xD1, 0xFF, 0x8C, 0xFF, 0x97, 0xFF, 0x88, 0xFF, 0xE3, 0x00, 0x00,
    0xFF, 0xDE, 0x00, 0x00, 0xFF, 0x98, 0xFF, 0xF9, 0xFF, 0x9D, 0xFF, 0xD0, 0x00, 0x00, 0xFF, 0xE2,
    0xFF, 0xEA, 0x00, 0x00, 0x00, 0x00, 0xFF, 0xB9, 0xFF, 0xAE, 0xFF, 0xB4, 0xFF, 0xF0, 0xFF, 0xED,
    0x00, 0x00, 0xFF, 0xAE, 0xFF, 0xC9, 0xFF, 0xE1, 0x00, 0x00, 0xFF, 0xA3, 0xFF, 0xA4, 0xFF, 0x99,
    0x00, 0x00, 0xFF, 0xE9, 0x00, 0x00, 0x00, 0x00, 0x00, 0x00, 0xFF, 0xE7, 0xFF, 0xFD, 0x00, 0x00,
    0xFF, 0xF1, 0x00, 0x00, 0xFF, 0xF5, 0xFF, 0xFA, 0xFF, 0xFB, 0xFF, 0xEC, 0xFF, 0xFD, 0xFF, 0xF5,
    0xFF, 0xF3, 0xFF, 0xF9, 0xFF, 0xFE, 0xFF, 0xF9, 0xFF, 0xF5, 0xFF, 0xF7, 0xFF, 0xFC, 0xFF, 0xEA,
    0xFF, 0xFE, 0xFF, 0xFB, 0xFF, 0xF5, 0xFF, 0xEB, 0xFF, 0xEA, 0xFF, 0xE8, 0xFF, 0xEB, 0xFF, 0xF7,
    0xFF, 0xF8, 0x00, 0x00, 0xFF, 0xDE, 0xFF, 0xEE, 0xFF, 0xE1, 0xFF, 0xD1, 0xFF, 0xD1, 0xFF, 0xCB,
    0xFF, 0xCB, 0xFF, 0xE8, 0xFF, 0xDE, 0xFF, 0xDD, 0xFF, 0xFA, 0xFF, 0xE7, 0xFF, 0xE3, 0xFF, 0xDC,
    0xFF, 0xDD, 0x00, 0x00, 0xFF, 0xFA, 0xFF, 0xDD, 0x00, 0x00, 0xFF, 0xED, 0xFF, 0xEE, 0xFF, 0xE4,
    0xFF, 0xD8, 0x00, 0x00, 0xFF, 0xD0, 0xFF, 0xE9, 0x00, 0x00, 0x00, 0x00, 0xFF, 0xCB, 0xFF, 0xCB,
    0xFF, 0xD8, 0x00, 0x00, 0x00, 0x00, 0x00, 0x00, 0xFF, 0xF4, 0xFF, 0xDB, 0xFF, 0xDA, 0x00, 0x00,
    0xFF, 0xE3, 0xFF, 0xE5, 0xFF, 0xDD, 0x00, 0x00, 0xFF, 0xD5, 0x00, 0x00, 0x00, 0x00, 0x00, 0x00,
    0xFF, 0xD7, 0xFF, 0xEB, 0x00, 0x00, 0xFF, 0xF5, 0x00, 0x00, 0xFF, 0xFB, 0xFF, 0xF8, 0xFF, 0xF9,
    0xFF, 0xD5, 0xFF, 0xFC, 0xFF, 0xFB, 0xFF, 0xF8, 0xFF, 0xFA, 0xFF, 0xFA, 0xFF, 0xFD, 0xFF, 0xF6,
    0xFF, 0xF8, 0xFF, 0xFD, 0xFF, 0xEB, 0xFF, 0xF8, 0xFF, 0xF2, 0xFF, 0xF5, 0xFF, 0xEF, 0xFF, 0xE6,
    0xFF, 0xE1, 0xFF, 0xEF, 0xFF, 0xF3, 0xFF, 0xFD, 0xFF, 0xDC, 0xFF, 0xE1, 0xFF, 0xDB, 0xFF, 0xD8,
    0xFF, 0xB9, 0xFF, 0xB9, 0xFF, 0xCE, 0xFF, 0xCF, 0xFF, 0xE8, 0xFF, 0xDF, 0xFF, 0xDC, 0x00, 0x00,
    0xFF, 0xE7, 0xFF, 0xE7, 0xFF, 0xE0, 0xFF, 0xE0, 0x00, 0x00, 0xFF, 0xD4, 0xFF, 0xDC, 0x00, 0x00,
    0xFF, 0xF1, 0xFF, 0xE9, 0xFF, 0xE8, 0xFF, 0xDB, 0x00, 0x00, 0xFF, 0xB9, 0xFF, 0xEA, 0x00, 0x00,
    0x00, 0x00, 0xFF, 0xCF, 0xFF, 0xCF, 0xFF, 0xDC, 0x00, 0x22, 0x00, 0x0F, 0x00, 0x00, 0xFF, 0xF8,
    0xFF, 0xDE, 0xFF, 0xDB, 0x00, 0x00, 0xFF, 0xE5, 0xFF, 0xE7, 0xFF, 0xE0, 0x00, 0x00, 0xFF, 0xBF,
    0x00, 0x00, 0x00, 0x00, 0x00, 0x00, 0xFF, 0xAB, 0xFF, 0xE1, 0x00, 0x00, 0xFF, 0xF9, 0xFF, 0xFA,
    0x00, 0x00, 0x00, 0x00, 0x00, 0x00, 0xFF, 0xF5, 0x00, 0x00, 0xFF, 0xED, 0x00, 0x00, 0x00, 0x00,
    0xFF, 0xFD, 0xFF, 0xF3, 0xFF, 0xEA, 0xFF, 0xEA, 0xFF, 0xF1, 0xFF, 0xA4, 0x00, 0x00, 0xFF, 0xFE,
    0xFF, 0xEA, 0xFF, 0xBF, 0xFF, 0xE5, 0xFF, 0xEC, 0xFF, 0xCD, 0xFF, 0xFC, 0xFF, 0xF2, 0xFF, 0xDE,
    0xFF, 0xC6, 0xFF, 0xE6, 0xFF, 0xE3, 0xFF, 0xDC, 0xFF, 0xDB, 0xFF, 0xD3, 0x00, 0x00, 0xFF, 0xEA,
    0xFF, 0xE5, 0xFF, 0xE2, 0x00, 0x00, 0xFF, 0xE9, 0xFF, 0xCF, 0xFF, 0xB6, 0xFF, 0xB9, 0xFF, 0xFD,
    0xFF, 0xFE, 0xFF, 0xE2, 0x00, 0x00, 0xFF, 0xBA, 0xFF, 0xEF, 0xFF, 0xC0, 0xFF, 0xD4, 0x00, 0x00,
    0xFF, 0xDA, 0xFF, 0xEA, 0x00, 0x00, 0x00, 0x00, 0xFF, 0xD3, 0x00, 0x00, 0xFF, 0xDF, 0x00, 0x00,
    0x00, 0x00, 0x00, 0x00, 0xFF, 0xD0, 0xFF, 0xCE, 0x00, 0x00, 0x00, 0x00, 0xFF, 0xC4, 0xFF, 0xBF,
    0xFF, 0xBD, 0x00, 0x00, 0xFF, 0xDE, 0x00, 0x00, 0x00, 0x00, 0x00, 0x00, 0xFF, 0xDC, 0xFF, 0xF7,
    0x00, 0x00, 0xFF, 0xF5, 0x00, 0x00, 0xFF, 0xF9, 0xFF, 0xFD, 0xFF, 0xFE, 0xFF, 0xED, 0xFF, 0xFE,
    0xFF, 0xF8, 0xFF, 0xF9, 0xFF, 0xFD, 0xFF, 0xFE, 0xFF, 0xFD, 0xFF, 0xF7, 0xFF, 0xFA, 0xFF, 0xF6,
    0xFF, 0xED, 0xFF, 0xFE, 0xFF, 0xFE, 0xFF, 0xF6, 0xFF, 0xEB, 0xFF, 0xEB, 0xFF, 0xEE, 0xFF, 0xEF,
    0xFF, 0xFC, 0xFF, 0xFD, 0xFF, 0xDB, 0xFF, 0xE1, 0xFF, 0xF1, 0xFF, 0xE5, 0xFF, 0xD4, 0xFF, 0xD4,
    0xFF, 0xCE, 0x00, 0x00, 0xFF, 0xEB, 0xFF, 0xE1, 0xFF, 0xE1, 0xFF, 0xFD, 0xFF, 0xEB, 0xFF, 0xE2,
    0xFF, 0xD6, 0xFF, 0xDB, 0x00, 0x02, 0xFF, 0xF9, 0xFF, 0xDE, 0x00, 0x00, 0xFF, 0xEF, 0xFF, 0xEC,
    0xFF, 0xEB, 0xFF, 0xE4, 0x00, 0x00, 0xFF, 0xD4, 0xFF, 0xEE, 0x00, 0x00, 0x00, 0x00, 0xFF, 0xCF,
    0x00, 0x00, 0xFF, 0xDB, 0x00, 0x00, 0x00, 0x00, 0x00, 0x00, 0xFF, 0xEE, 0xFF, 0xE4, 0x00, 0x00,
    0x00, 0x00, 0xFF, 0xE2, 0xFF, 0xE5, 0xFF, 0xDB, 0x00, 0x00, 0xFF, 0xDD, 0x00, 0x00, 0x00, 0x00,
    0x00, 0x00, 0xFF, 0xF5, 0xFF, 0xEE, 0x00, 0x00, 0x00, 0x00, 0x00, 0x05, 0x00, 0x00, 0x00, 0x00,
    0xFF, 0xFE, 0xFF, 0xD8, 0xFF, 0xFE, 0x00, 0x00, 0xFF, 0xFB, 0xFF, 0xFC, 0xFF, 0xFE, 0x00, 0x00,
    0xFF, 0xFD, 0xFF, 0xFB, 0xFF, 0xFE, 0xFF, 0xC6, 0xFF, 0xFE, 0xFF, 0xFE, 0xFF, 0xFC, 0xFF, 0xDC,
    0xFF, 0xD0, 0xFF, 0xEA, 0xFF, 0xC9, 0xFF, 0xFE, 0x00, 0x00, 0xFF, 0xEE, 0xFF, 0xD7, 0xFF, 0xE9,
    0xFF, 0xE7, 0xFF, 0xB6, 0xFF, 0xB7, 0xFF, 0xDD, 0xFF, 0xE1, 0xFF, 0xF0, 0xFF, 0xEC, 0xFF, 0xED,
    0x00, 0x00, 0xFF, 0xF5, 0xFF, 0xCF, 0xFF, 0xD8, 0xFF, 0xD7, 0x00, 0x0F, 0xFF, 0xD3, 0xFF, 0xE4,
    0x00, 0x00, 0xFF, 0xD9, 0xFF, 0xC8, 0xFF, 0xE3, 0xFF, 0xAF, 0x00, 0x00, 0xFF, 0xB9, 0xFF, 0xEF,
    0x00, 0x00, 0x00, 0x00, 0xFF, 0xDE, 0xFF, 0xE1, 0xFF, 0xEE, 0x00, 0x18, 0x00, 0x0C, 0x00, 0x00,
    0xFF, 0xF6, 0xFF, 0xAD, 0xFF, 0xAC, 0x00, 0x00, 0xFF, 0xE2, 0xFF, 0xE5, 0xFF, 0xD9, 0x00, 0x00,
    0xFF, 0xC4, 0x00, 0x00, 0x00, 0x00, 0x00, 0x00, 0xFF, 0xA6, 0xFF, 0xE8, 0x00, 0x00, 0xFF, 0xF9,
    0xFF, 0xFA, 0xFF, 0xFE, 0x00, 0x00, 0x00, 0x00, 0xFF, 0xEF, 0x00, 0x00, 0xFF, 0xEA, 0xFF, 0xFD,
    0x00, 0x00, 0xFF, 0xFD, 0xFF, 0xF2, 0xFF, 0xEB, 0xFF, 0xEA, 0xFF, 0xF2, 0xFF, 0xA5, 0x00, 0x00,
    0xFF, 0xFE, 0xFF, 0xEA, 0xFF, 0xBF, 0xFF, 0xE2, 0xFF, 0xEA, 0xFF, 0x99, 0xFF, 0xFD, 0xFF, 0xF2,
    0xFF, 0xDE, 0xFF, 0xB6, 0xFF, 0xE4, 0xFF, 0xE3, 0xFF, 0xD9, 0xFF, 0xD8, 0xFF, 0xD3, 0x00, 0x00,
    0xFF, 0xE6, 0xFF, 0xE5, 0xFF, 0xE1, 0x00, 0x00, 0xFF, 0xEA, 0xFF, 0xB4, 0xFF, 0xB6, 0xFF, 0xB8,
    0xFF, 0xFD, 0xFF, 0xFB, 0xFF, 0xE2, 0x00, 0x00, 0xFF, 0xB6, 0xFF, 0xEC, 0xFF, 0xBF, 0xFF, 0xC4,
    0x00, 0x00, 0xFF, 0xD8, 0xFF, 0xE9, 0x00, 0x00, 0x00, 0x00, 0xFF, 0xD3, 0x00, 0x00, 0xFF, 0xDF,
    0x00, 0x00, 0xFF, 0xFD, 0x00, 0x00, 0xFF, 0xD3, 0xFF, 0xC1, 0x00, 0x00, 0x00, 0x00, 0xFF, 0xB9,
    0xFF, 0xBA, 0xFF, 0xB7, 0x00, 0x00, 0xFF, 0xDA, 0x00, 0x00, 0x00, 0x00, 0x00, 0x00, 0xFF, 0xD9,
    0xFF, 0xF1, 0x00, 0x00, 0xFF, 0xFB, 0xFF, 0xFE, 0xFF, 0xFE, 0x00, 0x00, 0x00, 0x00, 0xFF, 0xE6,
    0x00, 0x00, 0xFF, 0xF8, 0xFF, 0xFE, 0x00, 0x00, 0x00, 0x00, 0xFF, 0xFB, 0xFF, 0xF3, 0xFF, 0xF6,
    0xFF, 0xFE, 0xFF, 0x9F, 0x00, 0x00, 0x00, 0x00, 0xFF, 0xF0, 0xFF, 0xC5, 0xFF, 0xD7, 0xFF, 0xE5,
    0xFF, 0xC6, 0x00, 0x00, 0xFF, 0xFB, 0xFF, 0xEC, 0xFF, 0xBC, 0xFF, 0xE3, 0xFF, 0xE0, 0xFF, 0xCF,
    0xFF, 0xCF, 0xFF, 0xE6, 0x00, 0x00, 0xFF, 0xEC, 0xFF, 0xF6, 0xFF, 0xE7, 0x00, 0x00, 0xFF, 0xF7,
    0xFF, 0xC0, 0xFF, 0xB3, 0xFF, 0xB6, 0x00, 0x00, 0xFF, 0xEA, 0xFF, 0xF3, 0x00, 0x00, 0xFF, 0xB9,
    0xFF, 0xCE, 0xFF, 0xBB, 0xFF, 0xC3, 0x00, 0x00, 0xFF, 0xCA, 0xFF, 0xEE, 0x00, 0x00, 0x00, 0x00,
    0xFF, 0xE7, 0x00, 0x00, 0xFF, 0xE7, 0xFF, 0xFE, 0xFF, 0xFE, 0x00, 0x00, 0xFF, 0xD0, 0xFF, 0xBC,
    0x00, 0x00, 0x00, 0x00, 0xFF, 0xB6, 0xFF, 0xB6, 0xFF, 0xB5, 0x00, 0x00, 0xFF, 0xD5, 0x00, 0x00,
    0x00, 0x00, 0x00, 0x00, 0xFF, 0xB5, 0xFF, 0xDC, 0x00, 0x00, 0x00, 0x00, 0xFF, 0xFA, 0xFF, 0xF5,
    0xFF, 0xFC, 0xFF, 0xFD, 0xFF, 0xDD, 0xFF, 0xFD, 0xFF, 0xFB, 0xFF, 0xF1, 0xFF, 0xF4, 0xFF, 0xF8,
    0x00, 0x00, 0x00, 0x00, 0xFF, 0xFE, 0x00, 0x00, 0xFF, 0xCD, 0xFF, 0xFC, 0xFF, 0xEF, 0x00, 0x00,
    0xFF, 0xDF, 0xFF, 0xD5, 0xFF, 0xEF, 0xFF, 0xD1, 0xFF, 0xF2, 0x00, 0x00, 0xFF, 0xD2, 0xFF, 0xE3,
    0xFF, 0xE6, 0xFF, 0xE4, 0xFF, 0xC0, 0xFF, 0xC2, 0xFF, 0xD9, 0xFF, 0xBD, 0xFF, 0xE8, 0xFF, 0xEC,
    0xFF, 0xE4, 0xFF, 0xFA, 0xFF, 0xE9, 0xFF, 0xDA, 0xFF, 0xE1, 0xFF, 0xE2, 0x00, 0x00, 0xFF, 0xDE,
    0xFF, 0xF0, 0x00, 0x00, 0xFF, 0xDC, 0xFF, 0xD7, 0xFF, 0xEE, 0xFF, 0xBB, 0x00, 0x00, 0xFF, 0xBF,
    0xFF, 0xE9, 0x00, 0x00, 0x00, 0x00, 0xFF, 0xD9, 0xFF, 0xBF, 0xFF, 0xC2, 0x00, 0x1A, 0x00, 0x00,
    0x00, 0x00, 0xFF, 0xFB, 0xFF, 0xB6, 0xFF, 0xB6, 0x00, 0x00, 0xFF, 0xEC, 0xFF, 0xED, 0xFF, 0xE2,
    0x00, 0x00, 0xFF, 0xC8, 0x00, 0x00, 0x00, 0x00, 0x00, 0x00, 0xFF, 0xAE, 0xFF, 0xED, 0x00, 0x00,
    0xFF, 0xFD, 0x00, 0x00, 0xFF, 0xFE, 0x00, 0x00, 0x00, 0x00, 0xFF, 0xE2, 0x00, 0x00, 0x00, 0x00,
    0xFF, 0xF8, 0x00, 0x00, 0xFF, 0xFA, 0xFF, 0xFA, 0xFF, 0xF9, 0xFF, 0xF6, 0xFF, 0xFD, 0xFF, 0xC3,
    0x00, 0x00, 0xFF, 0xF9, 0xFF, 0xF9, 0xFF, 0xDA, 0xFF, 0xE1, 0xFF, 0xE7, 0xFF, 0xC9, 0xFF, 0xF9,
    0xFF, 0xFA, 0xFF, 0xDE, 0xFF, 0xD8, 0xFF, 0xDB, 0xFF, 0xD9, 0xFF, 0xCC, 0xFF, 0xCE, 0xFF, 0xD5,
    0xFF, 0xD3, 0xFF, 0xE9, 0xFF, 0xE7, 0xFF, 0xDF, 0x00, 0x02, 0xFF, 0xEC, 0xFF, 0xCF, 0xFF, 0xD8,
    0xFF, 0xD7, 0x00, 0x04, 0xFF, 0xEC, 0xFF, 0xE7, 0x00, 0x00, 0xFF, 0xD8, 0xFF, 0xDE, 0xFF, 0xE2,
    0xFF, 0xB8, 0x00, 0x00, 0xFF, 0xC9, 0xFF, 0xE8, 0x00, 0x00, 0x00, 0x00, 0xFF, 0xD5, 0xFF, 0xD4,
    0xFF, 0xDE, 0x00, 0x0D, 0x00, 0x02, 0x00, 0x00, 0xFF, 0xF5, 0xFF, 0xB1, 0xFF, 0xBB, 0x00, 0x00,
    0xFF, 0xE6, 0xFF, 0xE8, 0xFF, 0xDA, 0x00, 0x00, 0xFF, 0xCF, 0x00, 0x00, 0x00, 0x00, 0x00, 0x00,
    0xFF, 0xB2, 0xFF, 0xE3, 0x00, 0x00, 0x00, 0x00, 0x00, 0x00, 0x00, 0x00, 0xFF, 0xFD, 0xFF, 0xFD,
    0xFF, 0xDC, 0xFF, 0xFD, 0x00, 0x00, 0xFF, 0xF9, 0xFF, 0xFD, 0xFF, 0xFB, 0xFF, 0xFE, 0xFF, 0xFE,
    0xFF, 0xFB, 0x00, 0x00, 0xFF, 0xC8, 0xFF, 0xFD, 0xFF, 0xF8, 0xFF, 0xFE, 0xFF, 0xE0, 0xFF, 0xD6,
    0xFF, 0xE7, 0xFF, 0xCE, 0xFF, 0xF9, 0xFF, 0xFE, 0xFF, 0xE7, 0xFF, 0xDB, 0xFF, 0xE1, 0xFF, 0xE1,
    0xFF, 0xBD, 0xFF, 0xBD, 0xFF, 0xE0, 0xFF, 0xDB, 0xFF, 0xED, 0xFF, 0xEE, 0xFF, 0xE2, 0x00, 0x00,
    0xFF, 0xF3, 0xFF, 0xD4, 0xFF, 0xDB, 0xFF, 0xDD, 0x00, 0x02, 0xFF, 0xDC, 0xFF, 0xEA, 0x00, 0x00,
    0xFF, 0xDE, 0xFF, 0xD2, 0xFF, 0xE8, 0xFF, 0xB8, 0x00, 0x00, 0xFF, 0xBD, 0xFF, 0xED, 0x00, 0x00,
    0x00, 0x00, 0xFF, 0xE1, 0xFF, 0xDE, 0xFF, 0xE5, 0x00, 0x1C, 0x00, 0x0E, 0x00, 0x00, 0xFF, 0xF9,
    0xFF, 0xB2, 0xFF, 0xB3, 0x00, 0x00, 0xFF, 0xEA, 0xFF, 0xEC, 0xFF, 0xDC, 0x00, 0x00, 0xFF, 0xC9,
    0x00, 0x00, 0x00, 0x00, 0x00, 0x00, 0xFF, 0xAC, 0xFF, 0xE7, 0x00, 0x00, 0x00, 0x02, 0x00, 0x00,
    0x00, 0x07, 0xFF, 0xFE, 0xFF, 0xFE, 0xFF, 0xF0, 0x00, 0x00, 0x00, 0x00, 0xFF, 0xFD, 0xFF, 0xFE,
    0x00, 0x00, 0x00, 0x00, 0x00, 0x00, 0x00, 0x00, 0x00, 0x00, 0xFF, 0xDA, 0xFF, 0xFE, 0xFF, 0xFE,
    0x00, 0x00, 0xFF, 0xE5, 0xFF, 0xEF, 0xFF, 0xF0, 0xFF, 0xE8, 0xFF, 0xFE, 0x00, 0x00, 0xFF, 0xCD,
    0xFF, 0xE8, 0xFF, 0xE5, 0xFF, 0xDF, 0xFF, 0xDA, 0xFF, 0xDB, 0xFF, 0xDA, 0xFF, 0xC0, 0xFF, 0xF1,
    0xFF, 0xF0, 0xFF, 0xE6, 0x00, 0x04, 0xFF, 0xF6, 0xFF, 0xDF, 0xFF, 0xE6, 0xFF, 0xE6, 0x00, 0x0C,
    0xFF, 0xFC, 0xFF, 0xF9, 0x00, 0x00, 0xFF, 0xE3, 0xFF, 0xEC, 0xFF, 0xED, 0xFF, 0xCD, 0x00, 0x00,
    0xFF, 0xD9, 0xFF, 0xF3, 0x00, 0x00, 0x00, 0x00, 0xFF, 0xDD, 0xFF, 0xC1, 0xFF, 0xCB, 0x00, 0x2B,
    0x00, 0x1C, 0x00, 0x00, 0xFF, 0xFD, 0xFF, 0xC7, 0xFF, 0xCD, 0x00, 0x00, 0xFF, 0xF4, 0xFF, 0xF7,
    0xFF, 0xE7, 0x00, 0x00, 0xFF, 0xD9, 0x00, 0x00, 0x00, 0x00, 0x00, 0x00, 0xFF, 0xBB, 0xFF, 0xF0,
    0x00, 0x00, 0xFF, 0xEA, 0xFF, 0xC6, 0xFF, 0xEC, 0xFF, 0xA0, 0xFF, 0x9F, 0xFF, 0x8A, 0xFF, 0xD6,
    0xFF, 0xEB, 0xFF, 0xB2, 0x00, 0x00, 0xFF, 0xE2, 0xFF, 0xCF, 0xFF, 0xC1, 0xFF, 0xBE, 0xFF, 0xD7,
    0x00, 0x00, 0xFF, 0xA1, 0xFF, 0xAB, 0xFF, 0xC1, 0x00, 0x00, 0xFF, 0xEF, 0xFF, 0xB7, 0x00, 0x00,
    0xFF, 0xA8, 0xFF, 0xCD, 0xFF, 0xA0, 0xFF, 0xF2, 0xFF, 0xAF, 0xFF, 0xAD, 0xFF, 0x81, 0xFF, 0x81,
    0xFF, 0x5E, 0xFF, 0x95, 0xFF, 0xE5, 0xFF, 0x64, 0xFF, 0xA3, 0xFF, 0xF4, 0xFF, 0xB3, 0xFF, 0xF5,
    0xFF, 0xE5, 0xFF, 0xE5, 0xFF, 0xCE, 0xFF, 0x83, 0xFF, 0x66, 0x00, 0x00, 0x00, 0x00, 0xFF, 0xF4,
    0xFF, 0xEE, 0xFF, 0xED, 0x00, 0x00, 0xFF, 0x57, 0xFF, 0xE7, 0x00, 0x00, 0x00, 0x00, 0xFF, 0x5F,
    0xFF, 0x97, 0xFF, 0x9E, 0x00, 0x1B, 0x00, 0x00, 0x00, 0x00, 0xFF, 0xE2, 0xFF, 0xE7, 0xFF, 0xE6,
    0x00, 0x00, 0xFF, 0xDE, 0xFF, 0xE0, 0xFF, 0xF2, 0x00, 0x00, 0xFF, 0x7B, 0x00, 0x00, 0x00, 0x00,
    0x00, 0x00, 0xFF, 0x83, 0xFF, 0xB3, 0x00, 0x00, 0xFF, 0xFA, 0xFF, 0xFC, 0xFF, 0xFE, 0x00, 0x00,
    0x00, 0x00, 0xFF, 0xE1, 0x00, 0x00, 0xFF, 0xF7, 0xFF, 0xFE, 0x00, 0x00, 0xFF, 0xFD, 0xFF, 0xFA,
    0xFF, 0xF4, 0xFF, 0xF7, 0xFF, 0xFD, 0xFF, 0xA5, 0x00, 0x00, 0x00, 0x00, 0xFF, 0xF1, 0xFF, 0xC2,
    0xFF, 0xDB, 0xFF, 0xDF, 0xFF, 0x9A, 0xFF, 0xFD, 0xFF, 0xFA, 0xFF, 0xEB, 0xFF, 0xB6, 0xFF, 0xE6,
    0xFF, 0xE5, 0xFF, 0xD3, 0xFF, 0xD3, 0xFF, 0xE7, 0x00, 0x00, 0xFF, 0xED, 0xFF, 0xF4, 0xFF, 0xE5,
    0x00, 0x00, 0xFF, 0xF5, 0xFF, 0xB4, 0xFF, 0xB6, 0xFF, 0xB9, 0x00, 0x00, 0xFF, 0xEF, 0xFF, 0xEA,
    0x00, 0x00, 0xFF, 0xB9, 0xFF, 0xD1, 0xFF, 0xBE, 0xFF, 0xB0, 0x00, 0x00, 0xFF, 0xCF, 0xFF, 0xEE,
    0x00, 0x00, 0x00, 0x00, 0xFF, 0xE8, 0x00, 0x00, 0xFF, 0xE9, 0xFF, 0xFE, 0xFF, 0xFE, 0x00, 0x00,
    0xFF, 0xC9, 0xFF, 0xAD, 0x00, 0x00, 0x00, 0x00, 0xFF, 0xB9, 0xFF, 0xB9, 0xFF, 0xB6, 0x00, 0x00,
    0xFF, 0xD2, 0x00, 0x00, 0x00, 0x00, 0x00, 0x00, 0xFF, 0xB8, 0xFF, 0xDD, 0x00, 0x00, 0xFF, 0xF6,
    0xFF, 0xFD, 0xFF, 0xF8, 0xFF, 0xFE, 0xFF, 0xFE, 0xFF, 0xE9, 0xFF, 0xFE, 0xFF, 0xEE, 0xFF, 0xF8,
    0xFF, 0xF7, 0xFF, 0xFE, 0xFF, 0xFE, 0xFF, 0xF2, 0xFF, 0xF3, 0xFF, 0xFC, 0xFF, 0xAA, 0xFF, 0xFD,
    0x00, 0x00, 0xFF, 0xF2, 0xFF, 0xC0, 0xFF, 0xE4, 0xFF, 0xE8, 0xFF, 0x9F, 0xFF, 0xFE, 0xFF, 0xFE,
    0xFF, 0xEF, 0xFF, 0xB9, 0xFF, 0xF0, 0xFF, 0xEE, 0xFF, 0xDB, 0xFF, 0xD8, 0xFF, 0xD1, 0x00, 0x00,
    0xFF, 0xE7, 0xFF, 0xE5, 0xFF, 0xEA, 0xFF, 0xFC, 0xFF, 0xEC, 0xFF, 0xB8, 0xFF, 0xB9, 0xFF, 0xBD,
    0xFF, 0xFD, 0xFF, 0xF8, 0xFF, 0xF0, 0x00, 0x00, 0xFF, 0xBB, 0xFF, 0xDA, 0xFF, 0xC2, 0xFF, 0xBB,
    0x00, 0x00, 0xFF, 0xD8, 0xFF, 0xE8, 0x00, 0x00, 0x00, 0x00, 0xFF, 0xD2, 0x00, 0x00, 0xFF, 0xEB,
    0xFF, 0xF8, 0xFF, 0xF8, 0x00, 0x00, 0xFF, 0xCE, 0xFF, 0xBF, 0x00, 0x00, 0x00, 0x00, 0xFF, 0xBC,
    0xFF, 0xBD, 0xFF, 0xBA, 0x00, 0x00, 0xFF, 0xD3, 0x00, 0x00, 0x00, 0x00, 0x00, 0x00, 0xFF, 0xBB,
    0xFF, 0xE1, 0x00, 0x00, 0xFF, 0xF7, 0xFF, 0xFB, 0xFF, 0xFB, 0xFF, 0xF8, 0xFF, 0xF6, 0xFF, 0xC7,
    0xFF, 0xF6, 0xFF, 0xF8, 0xFF, 0xFB, 0xFF, 0xFE, 0xFF, 0xF4, 0x00, 0x06, 0x00, 0x07, 0x00, 0x00,
    0xFF, 0xF3, 0xFF, 0xBE, 0xFF, 0xF7, 0xFF, 0xF9, 0x00, 0x07, 0xFF, 0xDC, 0xFF, 0xBA, 0xFF, 0xF7,
    0xFF, 0xA2, 0xFF, 0xF3, 0x00, 0x06, 0xFF, 0xE5, 0xFF, 0xDC, 0xFF, 0xF2, 0xFF, 0xED, 0xFF, 0xB4,
    0xFF, 0xB3, 0xFF, 0xC6, 0x00, 0x00, 0xFF, 0xEC, 0xFF, 0xD5, 0xFF, 0xEF, 0xFF, 0xFE, 0xFF, 0xEB,
    0xFF, 0xD9, 0xFF, 0xD9, 0xFF, 0xDE, 0xFF, 0xFD, 0xFF, 0xC5, 0xFF, 0xC9, 0x00, 0x00, 0xFF, 0xD7,
    0xFF, 0xC2, 0xFF, 0xE9, 0xFF, 0xA8, 0x00, 0x00, 0xFF, 0xB2, 0xFF, 0xEE, 0x00, 0x00, 0x00, 0x00,
    0xFF, 0xC8, 0x00, 0x00, 0xFF, 0xE4, 0x00, 0x00, 0xFF, 0xFB, 0x00, 0x00, 0xFF, 0xF0, 0xFF, 0xAF,
    0x00, 0x00, 0x00, 0x00, 0xFF, 0xE1, 0xFF, 0xE1, 0xFF, 0xDB, 0x00, 0x00, 0xFF, 0xB7, 0x00, 0x00,
    0x00, 0x00, 0x00, 0x00, 0xFF, 0xB0, 0xFF, 0xFD, 0x00, 0x00, 0xFF, 0xFE, 0xFF, 0xF7, 0xFF, 0xFD,
    0xFF, 0xE6, 0xFF, 0xE2, 0x00, 0x00, 0xFF, 0xE5, 0xFF, 0xF2, 0xFF, 0xF2, 0xFF, 0xE9, 0xFF, 0xF1,
    0x00, 0x00, 0xFF, 0xFE, 0xFF, 0xFA, 0xFF, 0xF5, 0xFF, 0xD8, 0xFF, 0xED, 0xFF, 0xEC, 0xFF, 0xFE,
    0xFF, 0xE1, 0xFF, 0xF1, 0xFF, 0xFA, 0xFF, 0xDC, 0xFF, 0xEF, 0x00, 0x00, 0xFF, 0xCE, 0xFF, 0xE2,
    0xFF, 0xF7, 0xFF, 0xF3, 0xFF, 0xDF, 0xFF, 0xE0, 0xFF, 0xAD, 0xFF, 0xBF, 0xFF, 0xF3, 0xFF, 0xB6,
    0xFF, 0xE0, 0xFF, 0xFD, 0xFF, 0xE0, 0xFF, 0xE0, 0xFF, 0xE2, 0xFF, 0xE3, 0xFF, 0xFC, 0x00, 0x00,
    0xFF, 0xCF, 0x00, 0x00, 0xFF, 0xE1, 0x00, 0x00, 0xFF, 0xEE, 0xFF, 0xE0, 0x00, 0x00, 0xFF, 0xE0,
    0xFF, 0xF4, 0x00, 0x00, 0x00, 0x00, 0xFF, 0xAE, 0xFF, 0xC0, 0xFF, 0xC9, 0x00, 0x29, 0x00, 0x07,
    0x00, 0x00, 0xFF, 0xFE, 0xFF, 0xD4, 0xFF, 0xEB, 0x00, 0x00, 0xFF, 0xED, 0xFF, 0xEF, 0xFF, 0xE2,
    0x00, 0x00, 0xFF, 0xEA, 0x00, 0x00, 0x00, 0x00, 0x00, 0x00, 0xFF, 0xEE, 0x00, 0x00, 0x00, 0x00,
    0xFF, 0xEB, 0xFF, 0xDC, 0xFF, 0xEC, 0xFF, 0xC6, 0xFF, 0xC5, 0xFF, 0x9A, 0xFF, 0xD8, 0xFF, 0xEF,
    0xFF, 0xC9, 0xFF, 0xCD, 0xFF, 0xDC, 0xFF, 0xE7, 0xFF, 0xDC, 0xFF, 0xDC, 0xFF, 0xE1, 0x00, 0x00,
    0xFF, 0xC6, 0xFF, 0xCD, 0xFF, 0xDC, 0xFF, 0xED, 0xFF, 0xE9, 0xFF, 0xC7, 0xFF, 0xF9, 0xFF, 0xC4,
    0xFF, 0xE7, 0xFF, 0xBB, 0xFF, 0xEB, 0xFF, 0xC0, 0xFF, 0xBD, 0xFF, 0x8B, 0xFF, 0x83, 0xFF, 0xAB,
    0xFF, 0xB4, 0xFF, 0xE2, 0xFF, 0xB1, 0xFF, 0xBB, 0xFF, 0xEE, 0xFF, 0xC5, 0xFF, 0xEC, 0xFF, 0xE0,
    0xFF, 0xE1, 0xFF, 0xE1, 0xFF, 0xAD, 0xFF, 0xAB, 0x00, 0x00, 0xFF, 0xF7, 0xFF, 0xF3, 0xFF, 0xEA,
    0xFF, 0xE2, 0x00, 0x00, 0xFF, 0x83, 0xFF, 0xE2, 0x00, 0x00, 0x00, 0x00, 0xFF, 0xAC, 0xFF, 0xB4,
    0xFF, 0xBA, 0x00, 0x20, 0x00, 0x1E, 0x00, 0x00, 0xFF, 0xEC, 0xFF, 0xE4, 0xFF, 0xE2, 0x00, 0x00,
    0xFF, 0xE1, 0xFF, 0xE3, 0xFF, 0xE9, 0x00, 0x00, 0xFF, 0x84, 0x00, 0x00, 0x00, 0x00, 0x00, 0x00,
    0xFF, 0x9C, 0xFF, 0xCC, 0x00, 0x00, 0xFF, 0xEA, 0xFF, 0xD1, 0xFF, 0xEF, 0xFF, 0xD4, 0xFF, 0xD1,
    0xFF, 0xF4, 0xFF, 0xDE, 0xFF, 0xE8, 0xFF, 0xE0, 0xFF, 0xD6, 0xFF, 0xEC, 0xFF, 0xD6, 0xFF, 0xCA,
    0xFF, 0xC9, 0xFF, 0xE1, 0xFF, 0xF5, 0xFF, 0xD6, 0xFF, 0xE2, 0xFF, 0xCB, 0xFF, 0xEF, 0xFF, 0xF4,
    0xFF, 0xEF, 0xFF, 0xFB, 0xFF, 0xE5, 0xFF, 0xD1, 0xFF, 0xA3, 0xFF, 0xE4, 0xFF, 0xE6, 0xFF, 0xE2,
    0xFF, 0xE2, 0xFF, 0xE1, 0xFF, 0x7F, 0xFF, 0x99, 0xFF, 0xE0, 0xFF, 0xB2, 0xFF, 0xCF, 0xFF, 0xF0,
    0xFF, 0xC3, 0xFF, 0xE6, 0xFF, 0xDB, 0xFF, 0xDC, 0xFF, 0xDB, 0x00, 0x00, 0xFF, 0xCD, 0x00, 0x00,
    0xFF, 0xF6, 0xFF, 0xF1, 0xFF, 0xE9, 0xFF, 0xE5, 0x00, 0x00, 0xFF, 0xE1, 0xFF, 0xE3, 0x00, 0x00,
    0x00, 0x00, 0xFF, 0x85, 0xFF, 0x9A, 0xFF, 0xA0, 0x00, 0x1C, 0x00, 0x00, 0x00, 0x00, 0xFF, 0xE7,
    0xFF, 0xE5, 0xFF, 0xE0, 0x00, 0x00, 0xFF, 0xDC, 0xFF, 0xDD, 0xFF, 0xE2, 0x00, 0x00, 0xFF, 0xDD,
    0x00, 0x00, 0x00, 0x00, 0x00, 0x00, 0xFF, 0xE0, 0xFF, 0xEE, 0x00, 0x00, 0x00, 0x00, 0xFF, 0xFC,
    0xFF, 0xFE, 0x00, 0x00, 0x00, 0x00, 0xFF, 0xE1, 0x00, 0x00, 0xFF, 0xFB, 0xFF, 0xFE, 0x00, 0x00,
    0xFF, 0xFD, 0xFF, 0xFA, 0xFF, 0xF4, 0xFF, 0xF7, 0xFF, 0xFD, 0x00, 0x00, 0x00, 0x00, 0x00, 0x00,
    0xFF, 0xF2, 0xFF, 0xD7, 0xFF, 0xDD, 0xFF, 0xDF, 0xFF, 0xDC, 0xFF, 0xFD, 0xFF, 0xFA, 0x00, 0x00,
    0xFF, 0xCB, 0xFF, 0xE7, 0xFF, 0xE5, 0xFF, 0xD3, 0xFF, 0xD3, 0xFF, 0xE7, 0x00, 0x00, 0xFF, 0xF3,
    0xFF, 0xF4, 0xFF, 0xE5, 0x00, 0x00, 0xFF, 0xF6, 0xFF, 0xCD, 0xFF, 0xCC, 0xFF, 0xCE, 0x00, 0x00,
    0xFF, 0xEF, 0xFF, 0xEA, 0x00, 0x00, 0xFF, 0xE0, 0xFF, 0xD9, 0xFF, 0xD2, 0xFF, 0xD6, 0x00, 0x00,
    0xFF, 0xCF, 0xFF, 0xF3, 0x00, 0x00, 0x00, 0x00, 0xFF, 0xE8, 0x00, 0x00, 0xFF, 0xE9, 0x00, 0x0F,
    0x00, 0x00, 0x00, 0x00, 0xFF, 0xD8, 0xFF, 0xC9, 0x00, 0x00, 0x00, 0x00, 0xFF, 0xD6, 0xFF, 0xD7,
    0xFF, 0xC8, 0x00, 0x00, 0xFF, 0xD3, 0x00, 0x00, 0x00, 0x00, 0x00, 0x00, 0x00, 0x00, 0xFF, 0xDD,
    0x00, 0x00, 0x00, 0x00, 0x00, 0x07, 0x00, 0x03, 0x00, 0x13, 0x00, 0x12, 0xFF, 0xF9, 0x00, 0x12,
    0xFF, 0xFE, 0x00, 0x03, 0x00, 0x07, 0x00, 0x11, 0x00, 0x00, 0xFF, 0xFE, 0x00, 0x00, 0xFF, 0xFE,
    0xFF, 0xAF, 0x00, 0x12, 0x00, 0x0A, 0xFF, 0xFE, 0xFF, 0xD0, 0xFF, 0xF5, 0xFF, 0xFA, 0xFF, 0xA3,
    0x00, 0x11, 0x00, 0x00, 0xFF, 0xEE, 0xFF, 0xBF, 0xFF, 0xF9, 0xFF, 0xF6, 0xFF, 0xE6, 0xFF, 0xE8,
    0xFF, 0xD2, 0x00, 0x00, 0xFF, 0xF4, 0xFF, 0xF3, 0xFF, 0xF7, 0x00, 0x08, 0xFF, 0xFD, 0xFF, 0xBD,
    0xFF, 0xBF, 0xFF, 0xC2, 0x00, 0x11, 0x00, 0x00, 0xFF, 0xF9, 0x00, 0x00, 0xFF, 0xC7, 0xFF, 0xEF,
    0xFF, 0xCC, 0xFF, 0xBF, 0x00, 0x00, 0xFF, 0xE8, 0xFF, 0xF4, 0x00, 0x00, 0x00, 0x00, 0xFF, 0xD6,
    0x00, 0x00, 0xFF, 0xE8, 0x00, 0x07, 0x00, 0x04, 0x00, 0x00, 0xFF, 0xD9, 0xFF, 0xBE, 0x00, 0x00,
    0x00, 0x00, 0xFF, 0xC3, 0xFF, 0xC5, 0xFF, 0xBF, 0x00, 0x00, 0xFF, 0xE4, 0x00, 0x00, 0x00, 0x00,
    0x00, 0x00, 0xFF, 0xCE, 0xFF, 0xF8, 0x00, 0x00, 0xFF, 0xE9, 0xFF, 0xF2, 0xFF, 0xEF, 0xFF, 0xEA,
    0xFF, 0xE9, 0xFF, 0xFA, 0xFF, 0xE9, 0xFF, 0xE5, 0xFF, 0xEF, 0xFF, 0xF2, 0xFF, 0xF2, 0x00, 0x00,
    0x00, 0x00, 0xFF, 0xFE, 0xFF, 0xE2, 0xFF, 0xB6, 0xFF, 0xEB, 0xFF, 0xF1, 0x00, 0x00, 0xFF, 0xCC,
    0xFF, 0xF1, 0xFF, 0xF7, 0xFF, 0xA2, 0xFF, 0xF2, 0x00, 0x00, 0xFF, 0xD7, 0xFF, 0xCA, 0xFF, 0xF0,
    0xFF, 0xED, 0xFF, 0xE7, 0xFF, 0xE0, 0xFF, 0xB0, 0x00, 0x00, 0xFF, 0xE4, 0xFF, 0xBA, 0xFF, 0xE3,
    0xFF, 0xF2, 0xFF, 0xE0, 0xFF, 0xCB, 0xFF, 0xD5, 0xFF, 0xD1, 0xFF, 0xF6, 0x00, 0x00, 0xFF, 0xCD,
    0x00, 0x00, 0xFF, 0xCA, 0xFF, 0xF1, 0xFF, 0xDF, 0xFF, 0xCA, 0x00, 0x00, 0xFF, 0xE0, 0xFF, 0xE7,
    0x00, 0x00, 0x00, 0x00, 0xFF, 0xB1, 0x00, 0x00, 0xFF, 0xD4, 0x00, 0x00, 0xFF, 0xEF, 0x00, 0x00,
    0xFF, 0xE9, 0xFF, 0xC3, 0x00, 0x00, 0x00, 0x00, 0xFF, 0xD5, 0xFF, 0xD8, 0xFF, 0xCE, 0x00, 0x00,
    0xFF, 0xE2, 0x00, 0x00, 0x00, 0x00, 0x00, 0x00, 0xFF, 0xE3, 0xFF, 0xFC, 0x00, 0x00, 0x00, 0x00,
    0x00, 0x03, 0xFF, 0xFD, 0xFF, 0xFE, 0xFF, 0xFC, 0xFF, 0xD7, 0xFF, 0xFC, 0x00, 0x00, 0xFF, 0xF9,
    0xFF, 0xFC, 0xFF, 0xFD, 0x00, 0x00, 0xFF, 0xFD, 0xFF, 0xFA, 0xFF, 0xFE, 0xFF, 0xC3, 0xFF, 0xFD,
    0xFF, 0xFE, 0xFF, 0xFC, 0xFF, 0xDB, 0xFF, 0xCE, 0xFF, 0xEA, 0xFF, 0xC3, 0xFF, 0xFC, 0x00, 0x00,
    0xFF, 0xEE, 0xFF, 0xD7, 0xFF, 0xE9, 0xFF, 0xE7, 0xFF, 0xB5, 0xFF, 0xB5, 0xFF, 0xDC, 0xFF, 0xE1,
    0xFF, 0xEE, 0xFF, 0xEC, 0xFF, 0xED, 0x00, 0x00, 0xFF, 0xF4, 0xFF, 0xCF, 0xFF, 0xD7, 0xFF, 0xD6,
    0x00, 0x0E, 0xFF, 0xCD, 0xFF, 0xE3, 0x00, 0x00, 0xFF, 0xD8, 0xFF, 0xC5, 0xFF, 0xE2, 0xFF, 0xAD,
    0x00, 0x00, 0xFF, 0xB5, 0xFF, 0xED, 0x00, 0x00, 0x00, 0x00, 0xFF, 0xDE, 0xFF, 0xE1, 0xFF, 0xEE,
    0x00, 0x17, 0x00, 0x0A, 0x00, 0x00, 0xFF, 0xF6, 0xFF, 0xAB, 0xFF, 0xAA, 0x00, 0x00, 0xFF, 0xE0,
    0xFF, 0xE4, 0xFF, 0xD8, 0x00, 0x00, 0xFF, 0xC3, 0x00, 0x00, 0x00, 0x00, 0x00, 0x00, 0xFF, 0xA2,
    0xFF, 0xE6, 0x00, 0x00, 0xFF, 0xDF, 0xFF, 0xBA, 0xFF, 0xE2, 0xFF, 0xD4, 0xFF, 0xD0, 0xFF, 0xF6,
    0xFF, 0xCF, 0xFF, 0xBC, 0xFF, 0xE2, 0xFF, 0xD3, 0xFF, 0xE7, 0xFF, 0xC8, 0xFF, 0xAC, 0xFF, 0xB8,
    0xFF, 0xD0, 0xFF, 0x70, 0xFF, 0xD6, 0xFF, 0xE3, 0xFF, 0xA9, 0xFF, 0x9C, 0xFF, 0xEF, 0xFF, 0xF0,
    0xFF, 0x7E, 0xFF, 0xE7, 0xFF, 0xBF, 0xFF, 0x81, 0xFF, 0x81, 0xFF, 0xE8, 0xFF, 0xE3, 0xFF, 0xE4,
    0xFF, 0xE2, 0xFF, 0x40, 0xFF, 0x09, 0xFF, 0xDF, 0xFF, 0xB3, 0xFF, 0xD2, 0xFF, 0xE5, 0xFF, 0xBE,
    0xFF, 0x8C, 0xFF, 0x86, 0xFF, 0x33, 0xFF, 0xC6, 0x00, 0x00, 0xFF, 0xCF, 0x00, 0x00, 0xFF, 0x7C,
    0xFF, 0xEE, 0xFF, 0x34, 0xFF, 0xC8, 0x00, 0x00, 0xFF, 0xE2, 0xFF, 0xDF, 0x00, 0x00, 0x00, 0x00,
    0xFF, 0x7B, 0xFF, 0x0B, 0xFF, 0x18, 0xFF, 0xE2, 0xFF, 0xE2, 0x00, 0x00, 0xFF, 0xA3, 0xFF, 0xBD,
    0xFF, 0xD8, 0x00, 0x00, 0xFF, 0x9C, 0xFF, 0x9D, 0xFF, 0x39, 0x00, 0x00, 0xFF, 0xDE, 0x00, 0x00,
    0x00, 0x00, 0x00, 0x00, 0xFF, 0xE2, 0xFF, 0xF1, 0x00, 0x00, 0x00, 0x00, 0x00, 0x09, 0x00, 0x02,
    0x00, 0x00, 0x00, 0x00, 0xFF, 0xF8, 0x00, 0x00, 0x00, 0x00, 0x00, 0x02, 0x00, 0x04, 0x00, 0x00,
    0x00, 0x00, 0x00, 0x00, 0xFF, 0xFE, 0x00, 0x07, 0xFF, 0xDD, 0x00, 0x02, 0x00, 0x00, 0x00, 0x00,
    0xFF, 0xE7, 0xFF, 0xEE, 0xFF, 0xF7, 0xFF, 0xE3, 0x00, 0x00, 0x00, 0x00, 0xFF, 0xDC, 0xFF, 0xE8,
    0xFF, 0xF3, 0xFF, 0xEB, 0xFF, 0xE0, 0xFF, 0xDD, 0xFF, 0xD0, 0xFF, 0xC2, 0xFF, 0xF6, 0xFF, 0xE8,
    0xFF, 0xE5, 0x00, 0x07, 0xFF, 0xF3, 0xFF, 0xE5, 0xFF, 0xE8, 0xFF, 0xE8, 0x00, 0x10, 0x00, 0x00,
    0xFF, 0xEA, 0x00, 0x00, 0xFF, 0xE6, 0xFF, 0xF7, 0xFF, 0xF4, 0xFF, 0xD6, 0x00, 0x00, 0xFF, 0xDD,
    0xFF, 0xFA, 0x00, 0x00, 0x00, 0x00, 0xFF, 0xD1, 0xFF, 0xC4, 0xFF, 0xCF, 0x00, 0x29, 0x00, 0x0D,
    0x00, 0x00, 0x00, 0x00, 0xFF, 0xCB, 0xFF, 0xDF, 0x00, 0x00, 0xFF, 0xF4, 0xFF, 0xF6, 0xFF, 0xE7,
    0x00, 0x00, 0xFF, 0xDD, 0x00, 0x00, 0x00, 0x00, 0x00, 0x00, 0xFF, 0xDB, 0xFF, 0xF6, 0x00, 0x00,
    0xFF, 0xEB, 0xFF, 0xC9, 0xFF, 0xF0, 0x00, 0x00, 0xFF, 0x96, 0xFF, 0x84, 0xFF, 0xD1, 0xFF, 0xEF,
    0xFF, 0xBC, 0x00, 0x00, 0xFF, 0xE1, 0xFF, 0xC8, 0xFF, 0xA4, 0xFF, 0xA2, 0xFF, 0xDD, 0x00, 0x00,
    0xFF, 0x98, 0xFF, 0x9D, 0x00, 0x00, 0xFF, 0xF9, 0xFF, 0xF5, 0x00, 0x00, 0x00, 0x00, 0xFF, 0x9A,
    0xFF, 0xC0, 0xFF, 0x9A, 0x00, 0x00, 0xFF, 0x8C, 0xFF, 0x8C, 0xFF, 0x81, 0xFF, 0x81, 0xFF, 0x59,
    0xFF, 0x59, 0xFF, 0xE3, 0xFF, 0x6E, 0xFF, 0x67, 0xFF, 0xF4, 0xFF, 0xB6, 0x00, 0x00, 0xFF, 0xE2,
    0xFF, 0xE2, 0xFF, 0xD6, 0xFF, 0x91, 0xFF, 0x74, 0x00, 0x00, 0xFF, 0xFE, 0xFF, 0xF4, 0xFF, 0xF0,
    0xFF, 0xEA, 0x00, 0x00, 0xFF, 0x62, 0xFF, 0xE3, 0x00, 0x00, 0x00, 0x00, 0xFF, 0x5C, 0xFF, 0x5C,
    0xFF, 0x6D, 0x00, 0x00, 0x00, 0x14, 0x00, 0x00, 0xFF, 0xD4, 0xFF, 0xE5, 0xFF, 0xE2, 0x00, 0x00,
    0xFF, 0xE0, 0xFF, 0xF0, 0xFF, 0xF3, 0x00, 0x00, 0xFF, 0x82, 0x00, 0x00, 0x00, 0x00, 0x00, 0x00,
    0xFF, 0x91, 0xFF, 0xA2, 0x00, 0x00, 0xFF, 0xF3, 0xFF, 0xC0, 0xFF, 0xF0, 0xFF, 0xD4, 0xFF, 0xD1,
    0x00, 0x00, 0xFF, 0xD3, 0xFF, 0xE8, 0xFF, 0xE6, 0xFF, 0xD9, 0xFF, 0xE8, 0xFF, 0xD6, 0xFF, 0xB2,
    0xFF, 0xB8, 0xFF, 0xD6, 0xFF, 0xDE, 0xFF, 0xDE, 0xFF, 0xE2, 0xFF, 0xCD, 0xFF, 0xEC, 0xFF, 0xF2,
    0xFF, 0xF2, 0xFF, 0xF2, 0xFF, 0xE8, 0xFF, 0xC4, 0xFF, 0x6F, 0xFF, 0xDE, 0xFF, 0xE5, 0xFF, 0xE3,
    0xFF, 0xE0, 0xFF, 0xE1, 0xFF, 0x98, 0xFF, 0x55, 0xFF, 0xE8, 0xFF, 0xB0, 0xFF, 0xD1, 0xFF, 0xF3,
    0xFF, 0xC0, 0xFF, 0xE1, 0xFF, 0xD3, 0xFF, 0xD2, 0xFF, 0xCF, 0xFF, 0xFE, 0xFF, 0xD0, 0x00, 0x00,
    0xFF, 0xEF, 0xFF, 0xFE, 0xFF, 0xDA, 0xFF, 0xEA, 0x00, 0x00, 0xFF, 0xE0, 0xFF, 0xE8, 0x00, 0x00,
    0x00, 0x00, 0xFF, 0x9A, 0xFF, 0x58, 0xFF, 0x60, 0x00, 0x00, 0x00, 0x00, 0x00, 0x00, 0xFF, 0xCC,
    0xFF, 0xEA, 0xFF, 0xE8, 0x00, 0x00, 0xFF, 0xD1, 0xFF, 0xD2, 0xFF, 0xDE, 0x00, 0x00, 0xFF, 0xDF,
    0x00, 0x00, 0x00, 0x00, 0x00, 0x00, 0xFF, 0xEE, 0x00, 0x00, 0x00, 0x00, 0xFF, 0xF3, 0xFF, 0xCB,
    0xFF, 0xF2, 0xFF, 0xD8, 0xFF, 0xD4, 0x00, 0x00, 0xFF, 0xDE, 0xFF, 0xE8, 0xFF, 0xEE, 0xFF, 0xDA,
    0xFF, 0xEF, 0xFF, 0xD8, 0xFF, 0xB7, 0xFF, 0xBC, 0xFF, 0xDF, 0xFF, 0xFE, 0xFF, 0xEA, 0xFF, 0xE5,
    0xFF, 0xD1, 0xFF, 0xF4, 0xFF, 0xFB, 0xFF, 0xF8, 0xFF, 0xF7, 0xFF, 0xEC, 0xFF, 0xCA, 0xFF, 0x93,
    0xFF, 0xDF, 0xFF, 0xEC, 0xFF, 0xE9, 0xFF, 0xE5, 0xFF, 0xE7, 0xFF, 0xA4, 0xFF, 0x87, 0xFF, 0xEE,
    0xFF, 0xB7, 0xFF, 0xD6, 0xFF, 0xF6, 0xFF, 0xC9, 0xFF, 0xE5, 0xFF, 0xD5, 0xFF, 0xD4, 0xFF, 0xD9,
    0x00, 0x00, 0xFF, 0xD3, 0x00, 0x00, 0xFF, 0xF6, 0x00, 0x00, 0xFF, 0xDA, 0xFF, 0xEB, 0x00, 0x00,
    0xFF, 0xE7, 0xFF, 0xEF, 0x00, 0x00, 0x00, 0x00, 0xFF, 0xA5, 0xFF, 0x8B, 0xFF, 0x98, 0x00, 0x00,
    0x00, 0x00, 0x00, 0x00, 0xFF, 0xD2, 0xFF, 0xEA, 0xFF, 0xEA, 0x00, 0x00, 0xFF, 0xD1, 0xFF, 0xD4,
    0xFF, 0xE2, 0x00, 0x00, 0xFF, 0xE4, 0x00, 0x00, 0x00, 0x00, 0x00, 0x00, 0xFF, 0xEE, 0x00, 0x00,
    0x00, 0x00, 0xFF, 0xFB, 0x00, 0x00, 0xFF, 0xFE, 0x00, 0x02, 0x00, 0x00, 0xFF, 0xE6, 0x00, 0x00,
    0xFF, 0xF8, 0xFF, 0xFE, 0x00, 0x00, 0x00, 0x02, 0xFF, 0xFD, 0xFF, 0xF1, 0xFF, 0xF8, 0xFF, 0xFD,
    0xFF, 0xA2, 0x00, 0x00, 0x00, 0x00, 0xFF, 0xF1, 0xFF, 0xC6, 0xFF, 0xD9, 0xFF, 0xE4, 0xFF, 0x99,
    0x00, 0x02, 0xFF, 0xFD, 0xFF, 0xEC, 0xFF, 0xB4, 0xFF, 0xE3, 0xFF, 0xE2, 0xFF, 0xD2, 0xFF, 0xD0,
    0xFF, 0xE6, 0x00, 0x00, 0xFF, 0xED, 0xFF, 0xF5, 0xFF, 0xE7, 0xFF, 0xFE, 0xFF, 0xF7, 0xFF, 0xB3,
    0xFF, 0xB5, 0xFF, 0xB7, 0x00, 0x04, 0xFF, 0xEB, 0xFF, 0xF2, 0x00, 0x00, 0xFF, 0xBB, 0xFF, 0xD0,
    0xFF, 0xBD, 0xFF, 0xAF, 0x00, 0x00, 0xFF, 0xCC, 0xFF, 0xEF, 0x00, 0x00, 0x00, 0x00, 0xFF, 0xE6,
    0x00, 0x00, 0xFF, 0xE7, 0xFF, 0xFE, 0xFF, 0xFE, 0x00, 0x00, 0xFF, 0xD2, 0xFF, 0xAE, 0x00, 0x00,
    0x00, 0x00, 0xFF, 0xB8, 0xFF, 0xB8, 0xFF, 0xB5, 0x00, 0x00, 0xFF, 0xD7, 0x00, 0x00, 0x00, 0x00,
    0x00, 0x00, 0xFF, 0xB7, 0xFF, 0xDE, 0x00, 0x00, 0xFF, 0xD8, 0xFF, 0xEE, 0xFF, 0xDC, 0xFF, 0xEB,
    0xFF, 0xEC, 0xFF, 0xB2, 0xFF, 0xEC, 0xFF, 0xDC, 0x00, 0x00, 0xFF, 0xDF, 0xFF, 0xE0, 0xFF, 0xE8,
    0xFF, 0xE4, 0xFF, 0xE5, 0xFF, 0xC5, 0xFF, 0xA0, 0xFF, 0xEC, 0xFF, 0xE6, 0xFF, 0xE2, 0xFF, 0xBB,
    0xFF, 0xA1, 0xFF, 0xC2, 0xFF, 0x9A, 0xFF, 0xE0, 0xFF, 0xE8, 0xFF, 0xE8, 0xFF, 0xAA, 0xFF, 0xD7,
    0xFF, 0xD7, 0xFF, 0x81, 0xFF, 0x81, 0x00, 0x00, 0x00, 0x00, 0xFF, 0xCE, 0xFF, 0xCB, 0xFF, 0xDA,
    0xFF, 0xDF, 0xFF, 0xDB, 0xFF, 0xAC, 0xFF, 0xAA, 0xFF, 0xAD, 0xFF, 0xEE, 0xFF, 0x9D, 0xFF, 0xA9,
    0xFF, 0xCF, 0xFF, 0xB6, 0xFF, 0x97, 0xFF, 0xB3, 0xFF, 0x89, 0xFF, 0xDB, 0x00, 0x00, 0x00, 0x00,
    0xFF, 0xDB, 0xFF, 0xCD, 0xFF, 0xBE, 0xFF, 0xDA, 0xFF, 0xE2, 0x00, 0x00, 0x00, 0x00, 0xFF, 0xE6,
    0xFF, 0xB4, 0xFF, 0x89, 0xFF, 0x88, 0x00, 0x00, 0x00, 0x00, 0x00, 0x00, 0x00, 0x00, 0xFF, 0xA1,
    0xFF, 0xAD, 0xFF, 0xB5, 0xFF, 0xAD, 0xFF, 0xB8, 0x00, 0x00, 0xFF, 0xC0, 0x00, 0x00, 0xFF, 0xE7,
    0xFF, 0xEE, 0xFF, 0xEB, 0xFF, 0xEC, 0xFF, 0xEB, 0xFF, 0xE8, 0x00, 0x00, 0xFF, 0xE7, 0x00, 0x00,
    0xFF, 0xE8, 0x00, 0x00, 0xFF, 0xF0, 0xFF, 0xEB, 0xFF, 0xEB, 0xFF, 0xE6, 0xFF, 0xE3, 0xFF, 0xED,
    0xFF, 0xE9, 0xFF, 0xEC, 0xFF, 0xE1, 0xFF, 0xDC, 0xFF, 0xE0, 0xFF, 0xE2, 0xFF, 0xE5, 0xFF, 0xEE,
    0x00, 0x00, 0xFF, 0xD8, 0xFF, 0xDD, 0xFF, 0xDA, 0xFF, 0xD2, 0xFF, 0xD0, 0xFF, 0xC2, 0xFF, 0xC2,
    0xFF, 0xE1, 0xFF, 0xD1, 0xFF, 0xDA, 0xFF, 0xF0, 0x00, 0x00, 0xFF, 0xDD, 0xFF, 0xD5, 0xFF, 0xD5,
    0xFF, 0xF2, 0xFF, 0xF2, 0xFF, 0xCB, 0xFF, 0xE5, 0xFF, 0xE2, 0xFF, 0xE6, 0xFF, 0xDD, 0xFF, 0xD4,
    0xFF, 0xF2, 0x00, 0x00, 0x00, 0x00, 0xFF, 0xE4, 0xFF, 0xDA, 0xFF, 0xC2, 0xFF, 0xC2, 0xFF, 0xCD,
    0x00, 0x00, 0x00, 0x00, 0xFF, 0xF6, 0xFF, 0xE7, 0xFF, 0xD8, 0xFF, 0xD4, 0x00, 0x00, 0x00, 0x00,
    0x00, 0x00, 0x00, 0x00, 0xFF, 0xEA, 0x00, 0x00, 0xFF, 0xE4, 0xFF, 0xF3, 0xFF, 0xF6, 0x00, 0x00,
    0xFF, 0xE8, 0x00, 0x00, 0xFF, 0xF6, 0xFF, 0xF9, 0xFF, 0xF9, 0xFF, 0xE6, 0xFF, 0xE2, 0x00, 0x00,
    0xFF, 0xE2, 0xFF, 0xF2, 0xFF, 0xF9, 0xFF, 0xF7, 0xFF, 0xF5, 0x00, 0x0D, 0xFF, 0xE4, 0xFF, 0xE4,
    0xFF, 0xF5, 0xFF, 0xBD, 0xFF, 0xF7, 0xFF, 0xF0, 0x00, 0x00, 0xFF, 0xD6, 0xFF, 0xFB, 0x00, 0x00,
    0xFF, 0xA5, 0xFF, 0xF5, 0x00, 0x05, 0xFF, 0xC8, 0xFF, 0xDC, 0xFF, 0xFE, 0xFF, 0xF0, 0xFF, 0xE9,
    0xFF, 0xE9, 0xFF, 0xA6, 0x00, 0x00, 0xFF, 0xED, 0xFF, 0xB8, 0xFF, 0xE3, 0xFF, 0xFC, 0xFF, 0xE2,
    0xFF, 0xD1, 0xFF, 0xDD, 0xFF, 0xDA, 0xFF, 0xFB, 0x00, 0x00, 0xFF, 0xD3, 0x00, 0x00, 0xFF, 0xD5,
    0x00, 0x00, 0xFF, 0xE6, 0xFF, 0xDA, 0x00, 0x00, 0xFF, 0xE9, 0xFF, 0xEC, 0x00, 0x00, 0x00, 0x00,
    0xFF, 0xA7, 0x00, 0x00, 0xFF, 0xBE, 0x00, 0x00, 0xFF, 0xF9, 0x00, 0x00, 0xFF, 0xFC, 0xFF, 0xCC,
    0x00, 0x00, 0x00, 0x00, 0xFF, 0xE5, 0xFF, 0xE5, 0xFF, 0xDD, 0x00, 0x00, 0xFF, 0xEE, 0x00, 0x00,
    0x00, 0x00, 0x00, 0x00, 0xFF, 0xEF, 0xFF, 0xDC, 0x00, 0x00, 0xFF, 0xF8, 0xFF, 0xF8, 0xFF, 0xFB,
    0xFF, 0xED, 0xFF, 0xE9, 0x00, 0x00, 0xFF, 0xE9, 0xFF, 0xF2, 0xFF, 0xFB, 0xFF, 0xFE, 0xFF, 0xFA,
    0x00, 0x0A, 0x00, 0x00, 0x00, 0x00, 0xFF, 0xF5, 0xFF, 0xBC, 0xFF, 0xF7, 0xFF, 0xF4, 0x00, 0x00,
    0xFF, 0xDA, 0x00, 0x00, 0x00, 0x00, 0xFF, 0xA5, 0xFF, 0xFA, 0x00, 0x05, 0xFF, 0xCC, 0xFF, 0xDC,
    0xFF, 0xFE, 0xFF, 0xF9, 0xFF, 0xEE, 0xFF, 0xEF, 0xFF, 0xAC, 0x00, 0x00, 0xFF, 0xF6, 0xFF, 0xC1,
    0xFF, 0xE5, 0xFF, 0xFE, 0xFF, 0xE8, 0xFF, 0xD1, 0xFF, 0xDB, 0xFF, 0xDA, 0xFF, 0xFC, 0x00, 0x00,
    0xFF, 0xD7, 0x00, 0x00, 0xFF, 0xD3, 0x00, 0x00, 0xFF, 0xE5, 0xFF, 0xDB, 0x00, 0x00, 0xFF, 0xEF,
    0xFF, 0xF7, 0x00, 0x00, 0x00, 0x00, 0xFF, 0xAD, 0x00, 0x00, 0xFF, 0xC0, 0x00, 0x00, 0xFF, 0xFB,
    0x00, 0x00, 0xFF, 0xFD, 0xFF, 0xD2, 0x00, 0x00, 0x00, 0x00, 0xFF, 0xE2, 0xFF, 0xE2, 0xFF, 0xDD,
    0x00, 0x00, 0xFF, 0xF1, 0x00, 0x00, 0x00, 0x00, 0x00, 0x00, 0xFF, 0xEF, 0x00, 0x07, 0x00, 0x00,
    0xFF, 0xF5, 0xFF, 0xF6, 0xFF, 0xF1, 0xFF, 0xD7, 0xFF, 0xD7, 0xFF, 0xB0, 0x00, 0x00, 0xFF, 0xF8,
    0x00, 0x00, 0xFF, 0xEE, 0x00, 0x00, 0x00, 0x00, 0x00, 0x00, 0x00, 0x00, 0xFF, 0xF5, 0xFF, 0xF3,
    0xFF, 0xD8, 0xFF, 0xE4, 0x00, 0x00, 0xFF, 0xF3, 0xFF, 0xE2, 0xFF, 0xF0, 0xFF, 0xF6, 0xFF, 0xDD,
    0x00, 0x00, 0x00, 0x00, 0xFF, 0xF8, 0xFF, 0xEB, 0xFF, 0xE3, 0xFF, 0x92, 0xFF, 0x98, 0xFF, 0xA8,
    0xFF, 0xC1, 0xFF, 0xF0, 0xFF, 0xB6, 0xFF, 0xD6, 0xFF, 0xF6, 0xFF, 0xDE, 0xFF, 0xF7, 0xFF, 0xF9,
    0xFF, 0xFA, 0x00, 0x00, 0xFF, 0xB0, 0xFF, 0x9B, 0xFF, 0xE3, 0xFF, 0xF5, 0xFF, 0xE2, 0x00, 0x00,
    0xFF, 0xDC, 0x00, 0x00, 0x00, 0x00, 0x00, 0x00, 0x00, 0x00, 0x00, 0x00, 0xFF, 0xAA, 0xFF, 0xC2,
    0xFF, 0xC8, 0x00, 0x00, 0x00, 0x00, 0x00, 0x00, 0x00, 0x00, 0xFF, 0xD5, 0xFF, 0xC9, 0x00, 0x00,
    0x00, 0x00, 0x00, 0x00, 0x00, 0x00, 0x00, 0x00, 0xFF, 0xAA, 0x00, 0x00, 0x00, 0x00, 0x00, 0x00,
    0x00, 0x00, 0xFF, 0xF0, 0x00, 0x00, 0xFF, 0xF6, 0xFF, 0xFC, 0xFF, 0xF3, 0xFF, 0xEF, 0xFF, 0xEE,
    0xFF, 0xB5, 0xFF, 0xEE, 0xFF, 0xF8, 0xFF, 0xF3, 0xFF, 0xF8, 0xFF, 0xF1, 0x00, 0x0C, 0x00, 0x00,
    0x00, 0x00, 0xFF, 0xF3, 0xFF, 0xC0, 0xFF, 0xEF, 0xFF, 0xF1, 0x00, 0x00, 0xFF, 0xE0, 0xFF, 0xAE,
    0xFF, 0xFE, 0xFF, 0xA4, 0xFF, 0xF1, 0x00, 0x0C, 0xFF, 0xDB, 0xFF, 0xDE, 0xFF, 0xF5, 0xFF, 0xEF,
    0xFF, 0x9B, 0xFF, 0x9B, 0xFF, 0xA3, 0x00, 0x00, 0xFF, 0xEB, 0xFF, 0xBD, 0xFF, 0xDD, 0xFF, 0xF7,
    0xFF, 0xE9, 0xFF, 0xDE, 0xFF, 0xDE, 0xFF, 0xE3, 0xFF, 0xFE, 0xFF, 0xB2, 0xFF, 0xA2, 0x00, 0x00,
    0xFF, 0xDD, 0xFF, 0xBB, 0xFF, 0xFB, 0xFF, 0xA9, 0x00, 0x00, 0xFF, 0x9B, 0xFF, 0xEC, 0x00, 0x00,
    0x00, 0x00, 0xFF, 0xA5, 0x00, 0x00, 0xFF, 0xD6, 0x00, 0x00, 0xFF, 0xF5, 0x00, 0x00, 0xFF, 0xF6,
    0xFF, 0xB2, 0x00, 0x00, 0x00, 0x00, 0xFF, 0xE7, 0xFF, 0xE8, 0xFF, 0xDE, 0x00, 0x00, 0xFF, 0xB0,
    0x00, 0x00, 0x00, 0x00, 0x00, 0x00, 0xFF, 0xA7, 0xFF, 0xF8, 0x00, 0x00, 0xFF, 0xFC, 0x00, 0x00,
    0xFF, 0xFE, 0xFF, 0xF4, 0xFF, 0xF4, 0x00, 0x00, 0xFF, 0xF4, 0xFF, 0xF6, 0xFF, 0xFE, 0xFF, 0xFB,
    0x00, 0x00, 0x00, 0x13, 0x00, 0x0B, 0x00, 0x00, 0xFF, 0xF7, 0xFF, 0xC9, 0xFF, 0xF5, 0xFF, 0xFE,
    0x00, 0x0B, 0xFF, 0xE3, 0x00, 0x00, 0x00, 0x00, 0xFF, 0xB7, 0x00, 0x00, 0x00, 0x12, 0xFF, 0xDA,
    0xFF, 0xDF, 0x00, 0x00, 0xFF, 0xFD, 0xFF, 0xF5, 0xFF, 0xF2, 0xFF, 0xAF, 0x00, 0x00, 0xFF, 0xF5,
    0xFF, 0xC5, 0xFF, 0xEE, 0x00, 0x00, 0xFF, 0xED, 0xFF, 0xDF, 0xFF, 0xE1, 0xFF, 0xE1, 0x00, 0x00,
    0x00, 0x02, 0xFF, 0xDF, 0x00, 0x00, 0xFF, 0xE1, 0x00, 0x00, 0xFF, 0xF8, 0xFF, 0xD7, 0x00, 0x00,
    0xFF, 0xF2, 0xFF, 0xF6, 0x00, 0x00, 0x00, 0x00, 0xFF, 0xB0, 0x00, 0x00, 0xFF, 0xD6, 0x00, 0x00,
    0xFF, 0xFE, 0x00, 0x00, 0x00, 0x00, 0xFF, 0xD1, 0x00, 0x00, 0x00, 0x00, 0xFF, 0xE6, 0xFF, 0xE6,
    0xFF, 0xDE, 0x00, 0x00, 0xFF, 0xF3, 0x00, 0x00, 0x00, 0x00, 0x00, 0x00, 0xFF, 0xF0, 0x00, 0x00,
    0x00, 0x00, 0xFF, 0xE1, 0xFF, 0xE7, 0xFF, 0xE6, 0xFF, 0xE2, 0xFF, 0xE1, 0xFF, 0xE5, 0x00, 0x00,
    0xFF, 0xD8, 0x00, 0x00, 0xFF, 0xE4, 0x00, 0x00, 0xFF, 0xFD, 0xFF, 0xEF, 0xFF, 0xED, 0xFF, 0xD5,
    0xFF, 0xAD, 0xFF, 0xE3, 0xFF, 0xEA, 0xFF, 0xEF, 0xFF, 0xBD, 0xFF, 0xE0, 0xFF, 0xE9, 0xFF, 0x8C,
    0xFF, 0xE9, 0xFF, 0xFC, 0x00, 0x00, 0xFF, 0xBD, 0x00, 0x00, 0x00, 0x00, 0x00, 0x00, 0x00, 0x00,
    0xFF, 0xB1, 0x00, 0x00, 0x00, 0x00, 0xFF, 0xBC, 0xFF, 0xE0, 0xFF, 0xEA, 0xFF, 0xD4, 0xFF, 0xBB,
    0x00, 0x00, 0xFF, 0xBF, 0xFF, 0xE8, 0xFF, 0xF8, 0xFF, 0xCB, 0xFF, 0xDE, 0xFF, 0xBB, 0xFF, 0xE1,
    0xFF, 0xC5, 0xFF, 0xBE, 0xFF, 0xDF, 0x00, 0x00, 0x00, 0x00, 0xFF, 0xDE, 0xFF, 0xC6, 0xFF, 0xB2,
    0x00, 0x00, 0xFF, 0xD4, 0x00, 0x00, 0x00, 0x00, 0xFF, 0xEB, 0xFF, 0xCA, 0x00, 0x00, 0x00, 0x00,
    0x00, 0x00, 0x00, 0x00, 0x00, 0x00, 0x00, 0x00, 0xFF, 0xB1, 0x00, 0x00, 0xFF, 0xD8, 0xFF, 0xEF,
    0xFF, 0xF0, 0x00, 0x00, 0xFF, 0xEA, 0x00, 0x00, 0xFF, 0xD1, 0xFF, 0xB7, 0xFF, 0xD5, 0xFF, 0xCE,
    0xFF, 0xCC, 0xFF, 0xE5, 0x00, 0x00, 0xFF, 0xB9, 0x00, 0x00, 0xFF, 0xCB, 0x00, 0x00, 0xFF, 0xBF,
    0xFF, 0xA9, 0xFF, 0xB4, 0xFF, 0xCB, 0xFF, 0x81, 0xFF, 0xCE, 0xFF, 0xDD, 0xFF, 0xA6, 0xFF, 0x8B,
    0xFF, 0xDE, 0xFF, 0xE1, 0xFF, 0x81, 0xFF, 0xDE, 0xFF, 0xBA, 0x00, 0x00, 0xFF, 0x81, 0xFF, 0xDC,
    0x00, 0x00, 0xFF, 0xD8, 0x00, 0x00, 0xFF, 0x9A, 0xFF, 0x81, 0xFF, 0xD2, 0xFF, 0xB2, 0xFF, 0xCC,
    0x00, 0x00, 0xFF, 0xBB, 0xFF, 0x81, 0xFF, 0x81, 0x00, 0x00, 0xFF, 0xC0, 0xFF, 0xFB, 0xFF, 0xC6,
    0xFF, 0xD9, 0xFF, 0x81, 0xFF, 0xDD, 0xFF, 0x81, 0xFF, 0xBC, 0xFF, 0xD6, 0x00, 0x00, 0x00, 0x00,
    0xFF, 0xCF, 0xFF, 0xBC, 0xFF, 0x9C, 0xFF, 0x81, 0xFF, 0x81, 0x00, 0x00, 0x00, 0x00, 0xFF, 0xCA,
    0xFF, 0x93, 0xFF, 0xB6, 0xFF, 0xCC, 0x00, 0x00, 0x00, 0x00, 0x00, 0x00, 0x00, 0x00, 0xFF, 0xAF,
    0xFF, 0xD1, 0xFF, 0xD0, 0xFF, 0xEC, 0xFF, 0xF0, 0x00, 0x00, 0xFF, 0xE0, 0x00, 0x00, 0x00, 0x00,
    0x00, 0x00, 0x00, 0x00, 0xFF, 0xEF, 0xFF, 0xEF, 0xFF, 0xD8, 0xFF, 0xFE, 0x00, 0x00, 0xFF, 0xF8,
    0xFF, 0xFB, 0xFF, 0xFE, 0x00, 0x0C, 0x00, 0x00, 0x00, 0x00, 0x00, 0x00, 0x00, 0x00, 0xFF, 0xEF,
    0xFF, 0xF0, 0x00, 0x00, 0x00, 0x00, 0x00, 0x00, 0x00, 0x00, 0x00, 0x00, 0xFF, 0xEC, 0x00, 0x0C,
    0x00, 0x00, 0x00, 0x24, 0xFF, 0xF5, 0xFF, 0xED, 0xFF, 0xBD, 0xFF, 0xBD, 0x00, 0x00, 0x00, 0x00,
    0x00, 0x04, 0xFF, 0xC9, 0x00, 0x00, 0x00, 0x00, 0x00, 0x00, 0x00, 0x20, 0x00, 0x09, 0x00, 0x14,
    0x00, 0x00, 0x00, 0x00, 0x00, 0x00, 0x00, 0x00, 0x00, 0x00, 0x00, 0x00, 0x00, 0x00, 0x00, 0x00,
    0x00, 0x00, 0xFF, 0xBD, 0x00, 0x06, 0x00, 0x00, 0x00, 0x00, 0xFF, 0xBB, 0x00, 0x00, 0xFF, 0xC4,
    0x00, 0x00, 0x00, 0x00, 0x00, 0x00, 0x00, 0x00, 0x00, 0x18, 0x00, 0x00, 0x00, 0x00, 0x00, 0x18,
    0x00, 0x24, 0x00, 0x17, 0x00, 0x00, 0xFF, 0xC7, 0x00, 0x00, 0x00, 0x00, 0x00, 0x00, 0x00, 0x00,
    0x00, 0x00, 0x00, 0x00, 0x00, 0x00, 0x00, 0x00, 0x00, 0x00, 0x00, 0x00, 0x00, 0x00, 0x00, 0x00,
    0x00, 0x00, 0x00, 0x00, 0x00, 0x00, 0x00, 0x00, 0x00, 0x00, 0x00, 0x00, 0x00, 0x00, 0x00, 0x00,
    0x00, 0x00, 0x00, 0x00, 0x00, 0x00, 0x00, 0x00, 0x00, 0x00, 0x00, 0x00, 0x00, 0x00, 0x00, 0x00,
    0x00, 0x00, 0x00, 0x00, 0x00, 0x00, 0xFF, 0xCD, 0xFF, 0xE8, 0xFF, 0xE5, 0xFF, 0xDF, 0xFF, 0xDB,
    0xFF, 0xDB, 0x00, 0x00, 0x00, 0x00, 0xFF, 0xF1, 0xFF, 0xF0, 0xFF, 0xE6, 0x00, 0x00, 0xFF, 0xF6,
    0xFF, 0xDF, 0xFF, 0xE6, 0xFF, 0xE6, 0x00, 0x0C, 0x00, 0x00, 0x00, 0x00, 0x00, 0x00, 0x00, 0x00,
    0x00, 0x00, 0xFF, 0xED, 0xFF, 0xCD, 0x00, 0x18, 0x00, 0x00, 0x00, 0x00, 0xFF, 0xFE, 0x00, 0x00,
    0xFF, 0xDD, 0xFF, 0xC1, 0xFF, 0xCB, 0x00, 0x00, 0x00, 0x00, 0x00, 0x00, 0xFF, 0xFB, 0xFF, 0xC7,
    0xFF, 0xCD, 0x00, 0x00, 0x00, 0x00, 0x00, 0x00, 0x00, 0x00, 0xFF, 0xEE, 0xFF, 0xD9, 0xFF, 0xFE,
    0x00, 0x00, 0x00, 0x14, 0x00, 0x00, 0x00, 0x00, 0x00, 0x00, 0xFF, 0xFB, 0xFF, 0xFC, 0xFF, 0xFE,
    0x00, 0x00, 0x00, 0x00, 0xFF, 0xE1, 0x00, 0x00, 0xFF, 0xF9, 0xFF, 0xFE, 0x00, 0x00, 0xFF, 0xFD,
    0xFF, 0xFA, 0xFF, 0xF4, 0xFF, 0xF7, 0xFF, 0xFD, 0x00, 0x00, 0x00, 0x00, 0x00, 0x00, 0xFF, 0xF1,
    0x00, 0x00, 0x00, 0x00, 0xFF, 0xDF, 0xFF, 0xAF, 0xFF, 0xFD, 0xFF, 0xFA, 0x00, 0x00, 0xFF, 0xB6,
    0xFF, 0xE7, 0xFF, 0xE5, 0xFF, 0xD3, 0xFF, 0xD3, 0xFF, 0xE7, 0x00, 0x00, 0xFF, 0xF0, 0xFF, 0xF4,
    0xFF, 0xE5, 0x00, 0x00, 0xFF, 0xF6, 0xFF, 0xB4, 0xFF, 0xB6, 0xFF, 0xB9, 0x00, 0x00, 0xFF, 0xEF,
    0xFF, 0xEA, 0x00, 0x00, 0xFF, 0xC2, 0x00, 0x00, 0x00, 0x00, 0xFF, 0xB0, 0x00, 0x00, 0xFF, 0xCF,
    0xFF, 0xF1, 0x00, 0x00, 0x00, 0x00, 0xFF, 0xE8, 0x00, 0x00, 0xFF, 0xE9, 0x00, 0x00, 0xFF, 0xFE,
    0x00, 0x00, 0xFF, 0xD5, 0xFF, 0xAD, 0x00, 0x00, 0x00, 0x00, 0xFF, 0xBF, 0xFF, 0xBF, 0xFF, 0xB6,
    0x00, 0x00, 0xFF, 0xD3, 0x00, 0x00, 0x00, 0x00, 0x00, 0x00, 0x00, 0x00, 0xFF, 0xDD, 0x00, 0x00,
    0xFF, 0xD0, 0xFF, 0xB7, 0xFF, 0xD4, 0xFF, 0xCD, 0xFF, 0xCA, 0xFF, 0xE2, 0xFF, 0xC9, 0xFF, 0xB9,
    0x00, 0x00, 0xFF, 0xCA, 0xFF, 0xDE, 0xFF, 0xBE, 0xFF, 0xA8, 0xFF, 0xB2, 0xFF, 0xC7, 0xFF, 0x81,
    0xFF, 0xCC, 0xFF, 0xDC, 0xFF, 0xA5, 0xFF, 0x83, 0xFF, 0xDE, 0xFF, 0xE0, 0xFF, 0x81, 0xFF, 0xDE,
    0xFF, 0xBA, 0x00, 0x00, 0xFF, 0x81, 0x00, 0x00, 0xFF, 0xD6, 0x00, 0x00, 0xFF, 0xD6, 0xFF, 0x98,
    0xFF, 0x81, 0xFF, 0xD0, 0xFF, 0xB2, 0xFF, 0xCD, 0xFF, 0xD7, 0xFF, 0xBA, 0x00, 0x00, 0x00, 0x00,
    0xFF, 0x81, 0xFF, 0xBB, 0xFF, 0xF6, 0xFF, 0xC4, 0xFF, 0xD9, 0xFF, 0x81, 0xFF, 0xDF, 0xFF, 0x81,
    0xFF, 0xBD, 0xFF, 0xD2, 0xFF, 0xD6, 0x00, 0x00, 0xFF, 0xCD, 0xFF, 0xB8, 0xFF, 0x9A, 0xFF, 0x81,
    0xFF, 0x81, 0x00, 0x00, 0x00, 0x00, 0xFF, 0xC7, 0xFF, 0x92, 0xFF, 0xB9, 0xFF, 0xCA, 0x00, 0x00,
    0x00, 0x00, 0x00, 0x00, 0x00, 0x00, 0xFF, 0xB0, 0xFF, 0xD0, 0xFF, 0xCD, 0xFF, 0xEA, 0xFF, 0xEC,
    0x00, 0x00, 0xFF, 0xE2, 0x00, 0x00, 0xFF, 0xCB, 0xFF, 0xDD, 0xFF, 0xCF, 0xFF, 0xE5, 0xFF, 0xE6,
    0xFF, 0xB8, 0xFF, 0xE6, 0xFF, 0xCE, 0xFF, 0xCF, 0xFF, 0xD3, 0xFF, 0xC9, 0xFF, 0xBC, 0xFF, 0xC0,
    0xFF, 0xC6, 0xFF, 0xD3, 0xFF, 0x5E, 0xFF, 0xE6, 0xFF, 0xCA, 0xFF, 0xBE, 0xFF, 0xAB, 0xFF, 0xAA,
    0xFF, 0xAA, 0xFF, 0x59, 0xFF, 0xC9, 0xFF, 0xBC, 0x00, 0x00, 0xFF, 0x81, 0xFF, 0xB3, 0xFF, 0xB1,
    0xFF, 0x9A, 0xFF, 0x98, 0xFF, 0xCF, 0x00, 0x00, 0xFF, 0xC2, 0xFF, 0xD7, 0xFF, 0xB4, 0xFF, 0xD2,
    0xFF, 0xCE, 0xFF, 0x8C, 0xFF, 0x86, 0xFF, 0x81, 0xFF, 0xDF, 0xFF, 0x8B, 0xFF, 0xC9, 0xFF, 0xC7,
    0xFF, 0xA4, 0xFF, 0xA3, 0x00, 0x00, 0xFF, 0x80, 0xFF, 0xDC, 0x00, 0x00, 0x00, 0x00, 0xFF, 0xCB,
    0xFF, 0xDE, 0x00, 0x00, 0x00, 0x00, 0x00, 0x00, 0x00, 0x00, 0x00, 0x00, 0xFF, 0xC8, 0xFF, 0x86,
    0xFF, 0x7D, 0x00, 0x00, 0x00, 0x00, 0x00, 0x00, 0x00, 0x00, 0x00, 0x00, 0xFF, 0x9C, 0xFF, 0xB1,
    0xFF, 0xD2, 0xFF, 0xA4, 0xFF, 0xB9, 0x00, 0x00, 0xFF, 0xA8, 0x00, 0x00, 0xFF, 0xCB, 0xFF, 0xE1,
    0x00, 0x00, 0x00, 0x00, 0x00, 0x00, 0xFF, 0xAD, 0x00, 0x00, 0xFF, 0xCF, 0x00, 0x00, 0x00, 0x00,
    0x00, 0x00, 0x00, 0x00, 0x00, 0x00, 0x00, 0x00, 0xFF, 0xB7, 0xFF, 0x95, 0x00, 0x00, 0x00, 0x00,
    0x00, 0x00, 0xFF, 0xB4, 0xFF, 0x9A, 0x00, 0x00, 0xFF, 0x59, 0x00, 0x00, 0x00, 0x00, 0x00, 0x00,
    0xFF, 0xA4, 0x00, 0x00, 0x00, 0x00, 0xFF, 0x81, 0xFF, 0x81, 0x00, 0x00, 0xFF, 0xCF, 0xFF, 0xC3,
    0xFF, 0xBF, 0xFF, 0xCC, 0x00, 0x00, 0xFF, 0xCF, 0xFF, 0xA4, 0xFF, 0xA3, 0xFF, 0xA6, 0xFF, 0xE1,
    0xFF, 0x55, 0xFF, 0xAA, 0xFF, 0xC3, 0xFF, 0xAE, 0xFF, 0x83, 0x00, 0x00, 0x00, 0x00, 0xFF, 0xC8,
    0x00, 0x00, 0x00, 0x00, 0xFF, 0xCC, 0xFF, 0xBE, 0x00, 0x00, 0x00, 0x00, 0x00, 0x00, 0x00, 0x00,
    0x00, 0x00, 0xFF, 0xD2, 0xFF, 0xA8, 0x00, 0x00, 0xFF, 0x79, 0x00, 0x00, 0x00, 0x00, 0x00, 0x00,
    0x00, 0x00, 0xFF, 0x83, 0xFF, 0xA8, 0xFF, 0xAC, 0xFF, 0xA6, 0xFF, 0xAF, 0x00, 0x00, 0x00, 0x00,
    0x00, 0x00, 0xFF, 0xF4, 0x00, 0x00, 0xFF, 0xF8, 0xFF, 0xFD, 0xFF, 0xFD, 0xFF, 0xEC, 0xFF, 0xFE,
    0x00, 0x00, 0xFF, 0xF8, 0xFF, 0xFD, 0xFF, 0xFC, 0xFF, 0xFD, 0xFF, 0xF6, 0xFF, 0xFA, 0xFF, 0xF6,
    0x00, 0x00, 0xFF, 0xFD, 0xFF, 0xFD, 0xFF, 0xF6, 0x00, 0x00, 0xFF, 0xEB, 0xFF, 0xED, 0x00, 0x00,
    0xFF, 0xFC, 0xFF, 0xFD, 0xFF, 0xDB, 0xFF, 0xD8, 0xFF, 0xF1, 0x00, 0x00, 0xFF, 0xD4, 0x00, 0x00,
    0xFF, 0xCE, 0x00, 0x00, 0x00, 0x00, 0xFF, 0xE1, 0xFF, 0xE0, 0x00, 0x00, 0xFF, 0xEA, 0xFF, 0xDF,
    0xFF, 0xD6, 0x00, 0x00, 0x00, 0x00, 0x00, 0x00, 0x00, 0x00, 0x00, 0x00, 0x00, 0x00, 0x00, 0x00,
    0x00, 0x00, 0xFF, 0xDF, 0x00, 0x00, 0x00, 0x00, 0x00, 0x00, 0x00, 0x00, 0x00, 0x00, 0xFF, 0xCF,
    0x00, 0x00, 0xFF, 0xDB, 0x00, 0x00, 0x00, 0x00, 0x00, 0x00, 0x00, 0x00, 0xFF, 0xDF, 0x00, 0x00,
    0x00, 0x00, 0x00, 0x00, 0x00, 0x00, 0x00, 0x00, 0x00, 0x00, 0xFF, 0xD8, 0x00, 0x00, 0x00, 0x00,
    0x00, 0x00, 0x00, 0x00, 0xFF, 0xEE, 0x00, 0x00, 0xFF, 0xF4, 0x00, 0x00, 0xFF, 0xF8, 0xFF, 0xFD,
    0xFF, 0xFD, 0xFF, 0xEC, 0xFF, 0xFE, 0x00, 0x00, 0xFF, 0xF8, 0xFF, 0xFD, 0xFF, 0xFC, 0xFF, 0xFD,
    0xFF, 0xF6, 0xFF, 0xFA, 0xFF, 0xF9, 0x00, 0x00, 0xFF, 0xFD, 0xFF, 0xFD, 0xFF, 0xF6, 0x00, 0x00,
    0xFF, 0xF0, 0xFF, 0xED, 0x00, 0x00, 0xFF, 0xFB, 0xFF, 0xFD, 0xFF, 0xDB, 0xFF, 0xE1, 0x00, 0x00,
    0xFF, 0xE4, 0x00, 0x00, 0xFF, 0xD4, 0xFF, 0xCE, 0x00, 0x00, 0x00, 0x00, 0xFF, 0xE1, 0xFF, 0xE0,
    0xFF, 0xFD, 0xFF, 0xEA, 0xFF, 0xE2, 0x00, 0x00, 0xFF, 0xDB, 0x00, 0x00, 0x00, 0x00, 0x00, 0x00,
    0x00, 0x00, 0x00, 0x00, 0x00, 0x00, 0x00, 0x00, 0xFF, 0xE4, 0x00, 0x00, 0x00, 0x00, 0xFF, 0xEE,
    0x00, 0x00, 0x00, 0x00, 0xFF, 0xCF, 0x00, 0x00, 0xFF, 0xDB, 0x00, 0x00, 0x00, 0x00, 0x00, 0x00,
    0x00, 0x00, 0xFF, 0xDC, 0x00, 0x00, 0x00, 0x00, 0x00, 0x00, 0xFF, 0xE5, 0x00, 0x00, 0x00, 0x00,
    0xFF, 0xD8, 0x00, 0x00, 0x00, 0x00, 0x00, 0x00, 0x00, 0x00, 0xFF, 0xEE, 0x00, 0x00, 0xFF, 0xF3,
    0x00, 0x00, 0xFF, 0xF9, 0xFF, 0xFE, 0xFF, 0xFE, 0xFF, 0xED, 0xFF, 0xFE, 0x00, 0x00, 0xFF, 0xF9,
    0xFF, 0xFD, 0xFF, 0xFD, 0xFF, 0xFD, 0xFF, 0xF6, 0xFF, 0xFB, 0xFF, 0xFE, 0x00, 0x00, 0xFF, 0xFE,
    0xFF, 0xFE, 0xFF, 0xF6, 0x00, 0x00, 0xFF, 0xE9, 0xFF, 0xEE, 0x00, 0x00, 0xFF, 0xFC, 0xFF, 0xFD,
    0xFF, 0xDC, 0xFF, 0xDD, 0xFF, 0xF1, 0xFF, 0xE5, 0xFF, 0xD5, 0xFF, 0xD4, 0xFF, 0xCF, 0x00, 0x00,
    0x00, 0x00, 0xFF, 0xE1, 0xFF, 0xE1, 0xFF, 0xFE, 0xFF, 0xEB, 0xFF, 0xE1, 0xFF, 0xDC, 0xFF, 0xDD,
    0x00, 0x00, 0x00, 0x00, 0x00, 0x00, 0x00, 0x00, 0x00, 0x00, 0x00, 0x00, 0x00, 0x00, 0xFF, 0xDC,
    0x00, 0x00, 0x00, 0x00, 0xFF, 0xED, 0x00, 0x00, 0x00, 0x00, 0xFF, 0xCF, 0x00, 0x00, 0xFF, 0xDC,
    0x00, 0x00, 0x00, 0x00, 0x00, 0x00, 0x00, 0x00, 0xFF, 0xDE, 0x00, 0x00, 0x00, 0x00, 0x00, 0x00,
    0xFF, 0xE9, 0x00, 0x00, 0x00, 0x00, 0xFF, 0xD8, 0x00, 0x00, 0x00, 0x00, 0x00, 0x00, 0x00, 0x00,
    0xFF, 0xEF, 0x00, 0x00, 0xFF, 0xDD, 0xFF, 0xED, 0xFF, 0xE1, 0xFF, 0xE7, 0xFF, 0xE8, 0xFF, 0xE0,
    0xFF, 0xE8, 0xFF, 0xDC, 0xFF, 0xE1, 0xFF, 0xE4, 0xFF, 0xEB, 0xFF, 0xF3, 0xFF, 0xEE, 0xFF, 0xEF,
    0xFF, 0xD7, 0xFF, 0xA3, 0xFF, 0xE7, 0xFF, 0xE9, 0xFF, 0xED, 0xFF, 0xBB, 0xFF, 0xD8, 0xFF, 0xE2,
    0xFF, 0x67, 0xFF, 0xEB, 0xFF, 0xF3, 0xFF, 0xDA, 0xFF, 0xB0, 0xFF, 0xE0, 0xFF, 0xDE, 0xFF, 0xCC,
    0xFF, 0xCD, 0xFF, 0xB4, 0xFF, 0xCC, 0xFF, 0xDA, 0xFF, 0xBC, 0xFF, 0xE0, 0xFF, 0xE4, 0xFF, 0xD8,
    0xFF, 0xAF, 0xFF, 0xB2, 0xFF, 0xB1, 0xFF, 0xED, 0xFF, 0xE5, 0xFF, 0xD1, 0xFF, 0xE1, 0xFF, 0xB5,
    0xFF, 0xD3, 0xFF, 0xB7, 0xFF, 0xAB, 0xFF, 0xE3, 0xFF, 0xCD, 0x00, 0x00, 0xFF, 0xDD, 0xFF, 0xDB,
    0xFF, 0xB5, 0xFF, 0xCD, 0xFF, 0xD6, 0x00, 0x00, 0x00, 0x00, 0xFF, 0xED, 0xFF, 0xC1, 0xFF, 0xAC,
    0xFF, 0xB8, 0xFF, 0xE4, 0x00, 0x00, 0x00, 0x00, 0x00, 0x00, 0xFF, 0xAD, 0xFF, 0xCA, 0xFF, 0xDB,
    0xFF, 0xE3, 0xFF, 0xEA, 0x00, 0x00, 0xFF, 0xDD, 0x00, 0x00, 0xFF, 0xDE, 0xFF, 0xEC, 0xFF, 0xE1,
    0xFF, 0xF5, 0xFF, 0xF6, 0xFF, 0xC9, 0xFF, 0xF6, 0xFF, 0xDF, 0xFF, 0xE1, 0xFF, 0xE5, 0xFF, 0xE8,
    0xFF, 0xCF, 0xFF, 0xCF, 0xFF, 0xD5, 0xFF, 0xEA, 0xFF, 0x64, 0xFF, 0xF5, 0xFF, 0xE2, 0xFF, 0xCC,
    0xFF, 0xB1, 0xFF, 0xBA, 0xFF, 0xBB, 0xFF, 0x6E, 0xFF, 0xE8, 0xFF, 0xCE, 0xFF, 0xCB, 0xFF, 0x9B,
    0xFF, 0xBF, 0xFF, 0xBC, 0xFF, 0xB2, 0xFF, 0xB2, 0xFF, 0xD7, 0xFF, 0xBF, 0xFF, 0xD3, 0xFF, 0xE6,
    0xFF, 0xBC, 0xFF, 0xE4, 0xFF, 0xDE, 0xFF, 0x97, 0xFF, 0x9D, 0xFF, 0x9A, 0xFF, 0xED, 0xFF, 0xBE,
    0xFF, 0xE1, 0xFF, 0xDB, 0xFF, 0xAA, 0xFF, 0xB4, 0xFF, 0xA4, 0xFF, 0x99, 0xFF, 0xF0, 0xFF, 0xB2,
    0x00, 0x00, 0xFF, 0xEA, 0xFF, 0xF7, 0xFF, 0xD7, 0xFF, 0xC5, 0xFF, 0xCE, 0x00, 0x00, 0x00, 0x00,
    0xFF, 0xEB, 0xFF, 0xAB, 0xFF, 0x8C, 0xFF, 0xA3, 0xFF, 0xBA, 0x00, 0x00, 0x00, 0x00, 0x00, 0x00,
    0xFF, 0xAA, 0xFF, 0xBB, 0xFF, 0xE9, 0xFF, 0xBE, 0xFF, 0xD4, 0x00, 0x00, 0xFF, 0xB6, 0x00, 0x00,
    0x00, 0x00, 0x00, 0x0D, 0x00, 0x07, 0x00, 0x09, 0x00, 0x0B, 0xFF, 0xF6, 0x00, 0x0C, 0x00, 0x00,
    0x00, 0x06, 0x00, 0x0C, 0x00, 0x00, 0x00, 0x00, 0xFF, 0xFE, 0x00, 0x00, 0x00, 0x0C, 0x00, 0x24,
    0x00, 0x09, 0x00, 0x0D, 0xFF, 0xFE, 0x00, 0x00, 0x00, 0x00, 0xFF, 0xF6, 0x00, 0x0D, 0x00, 0x00,
    0x00, 0x00, 0x00, 0x00, 0x00, 0x00, 0xFF, 0xF7, 0xFF, 0xF1, 0xFF, 0xE2, 0xFF, 0xDF, 0xFF, 0xDA,
    0x00, 0x00, 0x00, 0x00, 0xFF, 0xEC, 0xFF, 0xEB, 0x00, 0x0B, 0xFF, 0xFE, 0x00, 0x00, 0x00, 0x00,
    0x00, 0x00, 0x00, 0x17, 0x00, 0x00, 0xFF, 0xE9, 0x00, 0x00, 0x00, 0x00, 0x00, 0x00, 0x00, 0x00,
    0x00, 0x00, 0x00, 0x00, 0xFF, 0xDF, 0x00, 0x00, 0x00, 0x00, 0x00, 0x00, 0xFF, 0xDA, 0x00, 0x00,
    0xFF, 0xE6, 0x00, 0x0B, 0x00, 0x00, 0x00, 0x00, 0xFF, 0xF8, 0x00, 0x00, 0x00, 0x00, 0x00, 0x00,
    0xFF, 0xFD, 0xFF, 0xFE, 0x00, 0x00, 0x00, 0x00, 0xFF, 0xE4, 0x00, 0x00, 0x00, 0x00, 0x00, 0x00,
    0x00, 0x00, 0xFF, 0xF8, 0x00, 0x00, 0xFF, 0xF5, 0x00, 0x00, 0xFF, 0xF9, 0xFF, 0xFE, 0xFF, 0xFE,
    0xFF, 0xED, 0xFF, 0xFE, 0xFF, 0xFB, 0xFF, 0xF9, 0xFF, 0xFD, 0xFF, 0xFD, 0xFF, 0xFD, 0xFF, 0xF7,
    0xFF, 0xFB, 0xFF, 0xF9, 0xFF, 0xF1, 0xFF, 0xFE, 0xFF, 0xFE, 0xFF, 0xF6, 0xFF, 0xEB, 0xFF, 0xF0,
    0xFF, 0xEE, 0xFF, 0xEF, 0xFF, 0xFC, 0xFF, 0xFD, 0xFF, 0xDC, 0xFF, 0xE1, 0x00, 0x00, 0xFF, 0xE5,
    0x00, 0x00, 0xFF, 0xD4, 0xFF, 0xCF, 0x00, 0x00, 0x00, 0x00, 0xFF, 0xE1, 0xFF, 0xE1, 0xFF, 0xFE,
    0xFF, 0xEB, 0xFF, 0xE2, 0x00, 0x00, 0xFF, 0xDC, 0x00, 0x03, 0xFF, 0xF9, 0xFF, 0xDE, 0x00, 0x00,
    0xFF, 0xEF, 0xFF, 0xEC, 0xFF, 0xEB, 0xFF, 0xE4, 0x00, 0x00, 0xFF, 0xD4, 0xFF, 0xEE, 0x00, 0x00,
    0x00, 0x00, 0xFF, 0xCF, 0x00, 0x00, 0xFF, 0xDC, 0x00, 0x00, 0x00, 0x00, 0x00, 0x00, 0xFF, 0xEE,
    0xFF, 0xDC, 0x00, 0x00, 0x00, 0x00, 0x00, 0x00, 0xFF, 0xE5, 0x00, 0x00, 0x00, 0x00, 0xFF, 0xD8,
    0x00, 0x00, 0x00, 0x00, 0x00, 0x00, 0xFF, 0xD8, 0xFF, 0xEF, 0x00, 0x00, 0x00, 0x00, 0x00, 0x0C,
    0x00, 0x00, 0x00, 0x00, 0x00, 0x00, 0xFF, 0xDB, 0x00, 0x00, 0x00, 0x00, 0xFF, 0xFD, 0xFF, 0xFE,
    0xFF, 0xFC, 0x00, 0x00, 0xFF, 0xFE, 0xFF, 0xFD, 0x00, 0x00, 0xFF, 0xCA, 0x00, 0x00, 0x00, 0x00,
    0xFF, 0xFB, 0xFF, 0xE0, 0xFF, 0xD7, 0xFF, 0xE9, 0xFF, 0xD3, 0xFF, 0xFB, 0x00, 0x00, 0xFF, 0xEE,
    0xFF, 0xDC, 0xFF, 0xEB, 0xFF, 0xE8, 0xFF, 0xBC, 0xFF, 0xBC, 0xFF, 0xDE, 0xFF, 0xE1, 0xFF, 0xF1,
    0xFF, 0xED, 0xFF, 0xED, 0x00, 0x00, 0xFF, 0xF8, 0xFF, 0xD3, 0xFF, 0xDA, 0xFF, 0xDB, 0x00, 0x08,
    0xFF, 0xDB, 0xFF, 0xE7, 0xFF, 0xF9, 0xFF, 0xDD, 0xFF, 0xCF, 0xFF, 0xE4, 0xFF, 0xB9, 0x00, 0x0A,
    0xFF, 0xBC, 0x00, 0x00, 0x00, 0x00, 0xFF, 0xF7, 0xFF, 0xDA, 0xFF, 0xE2, 0xFF, 0xEE, 0x00, 0x00,
    0x00, 0x00, 0x00, 0x0B, 0xFF, 0xF5, 0xFF, 0xB3, 0xFF, 0xB3, 0xFF, 0xFA, 0x00, 0x00, 0x00, 0x00,
    0x00, 0x00, 0xFF, 0xDF, 0xFF, 0xC7, 0xFF, 0xF6, 0xFF, 0xFA, 0x00, 0x00, 0x00, 0x00, 0xFF, 0xEC,
    0x00, 0x00, 0xFF, 0xE7, 0xFF, 0xF5, 0xFF, 0xEB, 0xFF, 0xF7, 0xFF, 0xF7, 0xFF, 0xD0, 0xFF, 0xF7,
    0xFF, 0xE8, 0xFF, 0xEB, 0xFF, 0xEE, 0xFF, 0xEF, 0xFF, 0xF1, 0xFF, 0xEC, 0xFF, 0xEC, 0xFF, 0xEB,
    0xFF, 0xB4, 0xFF, 0xF7, 0xFF, 0xF0, 0xFF, 0xE9, 0xFF, 0xC5, 0xFF, 0xC9, 0xFF, 0xDC, 0xFF, 0xB7,
    0xFF, 0xEE, 0xFF, 0xF1, 0xFF, 0xDB, 0xFF, 0xC6, 0xFF, 0xD5, 0xFF, 0xD4, 0xFF, 0xBA, 0xFF, 0xBA,
    0xFF, 0xCD, 0xFF, 0xCF, 0xFF, 0xDD, 0xFF, 0xDE, 0xFF, 0xD8, 0xFF, 0xEE, 0xFF, 0xE2, 0xFF, 0xBD,
    0xFF, 0xC3, 0xFF, 0xC1, 0xFF, 0xF9, 0xFF, 0xD6, 0xFF, 0xD6, 0xFF, 0xE1, 0xFF, 0xC6, 0xFF, 0xC2,
    0xFF, 0xCE, 0xFF, 0xAF, 0xFF, 0xF7, 0x00, 0x00, 0x00, 0x00, 0xFF, 0xEA, 0xFF, 0xE7, 0xFF, 0xCE,
    0xFF, 0xCF, 0xFF, 0xDB, 0x00, 0x00, 0x00, 0x00, 0xFF, 0xF6, 0xFF, 0xDF, 0xFF, 0xA6, 0xFF, 0xA7,
    0x00, 0x00, 0x00, 0x00, 0x00, 0x00, 0x00, 0x00, 0xFF, 0xBD, 0xFF, 0xBD, 0xFF, 0xE4, 0xFF, 0xE2,
    0xFF, 0xEA, 0x00, 0x00, 0xFF, 0xDA, 0x00, 0x00, 0xFF, 0xE3, 0xFF, 0xCF, 0xFF, 0xE2, 0xFF, 0xB2,
    0xFF, 0xB1, 0xFF, 0x8C, 0xFF, 0xC0, 0xFF, 0xE7, 0xFF, 0xC8, 0xFF, 0xCC, 0xFF, 0xCE, 0xFF, 0xE8,
    0xFF, 0xDF, 0xFF, 0xD9, 0xFF, 0xDA, 0xFF, 0xF5, 0xFF, 0xB2, 0xFF, 0xB9, 0xFF, 0xDF, 0xFF, 0xEC,
    0xFF, 0xDD, 0xFF, 0xC7, 0xFF, 0xF5, 0xFF, 0xB5, 0xFF, 0xE5, 0xFF, 0xAC, 0xFF, 0xE3, 0xFF, 0xBD,
    0xFF, 0xBB, 0x00, 0x00, 0xFF, 0x81, 0xFF, 0x8C, 0xFF, 0xA4, 0xFF, 0xDE, 0xFF, 0x97, 0xFF, 0xAF,
    0xFF, 0xE5, 0xFF, 0xBD, 0xFF, 0xE5, 0xFF, 0xE5, 0xFF, 0xDE, 0xFF, 0xD3, 0x00, 0x00, 0x00, 0x00,
    0xFF, 0xCA, 0xFF, 0xF2, 0xFF, 0xE7, 0xFF, 0xE8, 0xFF, 0xDF, 0xFF, 0xE1, 0x00, 0x00, 0x00, 0x00,
    0xFF, 0xD8, 0xFF, 0x9A, 0x00, 0x00, 0xFF, 0xA6, 0xFF, 0xA9, 0x00, 0x00, 0x00, 0x00, 0xFF, 0xE9,
    0xFF, 0xF1, 0xFF, 0xE1, 0xFF, 0xDD, 0xFF, 0xF5, 0x00, 0x00, 0x00, 0x00, 0x00, 0x00, 0xFF, 0xFE,
    0xFF, 0x8C, 0xFF, 0xE0, 0xFF, 0xEB, 0xFF, 0xEB, 0x00, 0x00, 0xFF, 0xC5, 0x00, 0x00, 0xFF, 0xD5,
    0xFF, 0xB9, 0xFF, 0xE0, 0xFF, 0xD6, 0xFF, 0xD3, 0xFF, 0xE9, 0xFF, 0xD3, 0xFF, 0xBB, 0xFF, 0xD9,
    0xFF, 0xD2, 0xFF, 0xE5, 0xFF, 0xC0, 0xFF, 0xAC, 0xFF, 0xB6, 0xFF, 0xCF, 0xFF, 0x8A, 0xFF, 0xDD,
    0xFF, 0xE1, 0xFF, 0xB9, 0xFF, 0x92, 0xFF, 0xE3, 0xFF, 0xE6, 0xFF, 0x8A, 0xFF, 0xE5, 0xFF, 0xBC,
    0xFF, 0x8A, 0xFF, 0x81, 0xFF, 0xE2, 0x00, 0x00, 0xFF, 0xDF, 0x00, 0x00, 0xFF, 0x9B, 0xFF, 0x8A,
    0xFF, 0xD6, 0xFF, 0xB4, 0xFF, 0xD0, 0x00, 0x00, 0xFF, 0xBD, 0x00, 0x00, 0xFF, 0x86, 0x00, 0x00,
    0xFF, 0xC5, 0xFF, 0xFE, 0xFF, 0xCD, 0xFF, 0xDE, 0xFF, 0x8A, 0xFF, 0xE1, 0xFF, 0x8A, 0x00, 0x00,
    0xFF, 0xDA, 0x00, 0x00, 0x00, 0x00, 0xFF, 0xD3, 0xFF, 0xBF, 0xFF, 0x9C, 0xFF, 0x8A, 0xFF, 0x8A,
    0x00, 0x00, 0x00, 0x00, 0xFF, 0xCE, 0xFF, 0x98, 0x00, 0x00, 0x00, 0x00, 0xFF, 0xC8, 0x00, 0x00,
    0x00, 0x00, 0x00, 0x00, 0xFF, 0xB1, 0xFF, 0xDD, 0xFF, 0xD5, 0xFF, 0xF0, 0xFF, 0xF4, 0x00, 0x00,
    0xFF, 0xE4, 0x00, 0x00, 0xFF, 0xD5, 0xFF, 0xB9, 0xFF, 0xDF, 0xFF, 0xD5, 0xFF, 0xD3, 0xFF, 0xEB,
    0xFF, 0xD3, 0xFF, 0xBB, 0xFF, 0xD9, 0xFF, 0xD1, 0xFF, 0xE4, 0xFF, 0xC1, 0xFF, 0xAB, 0xFF, 0xB4,
    0xFF, 0xD2, 0xFF, 0x5A, 0xFF, 0xDE, 0xFF, 0xE3, 0xFF, 0xB5, 0xFF, 0x85, 0xFF, 0xE5, 0xFF, 0xE8,
    0xFF, 0x68, 0xFF, 0xE4, 0xFF, 0xBC, 0xFF, 0x81, 0xFF, 0x81, 0x00, 0x00, 0xFF, 0xDA, 0x00, 0x00,
    0xFF, 0xDF, 0xFF, 0x9D, 0xFF, 0x81, 0xFF, 0xD6, 0xFF, 0xB3, 0xFF, 0xCD, 0xFF, 0xDC, 0xFF, 0xBD,
    0x00, 0x00, 0x00, 0x00, 0xFF, 0x81, 0xFF, 0xC5, 0xFF, 0xFE, 0xFF, 0xCD, 0xFF, 0xE0, 0x00, 0x00,
    0xFF, 0xE1, 0xFF, 0x81, 0x00, 0x00, 0xFF, 0xDB, 0xFF, 0xD9, 0x00, 0x00, 0xFF, 0xD6, 0xFF, 0xBD,
    0xFF, 0x9E, 0xFF, 0x81, 0xFF, 0x81, 0x00, 0x00, 0x00, 0x00, 0xFF, 0xD0, 0xFF, 0x92, 0x00, 0x00,
    0x00, 0x00, 0xFF, 0xCA, 0x00, 0x00, 0x00, 0x00, 0x00, 0x00, 0xFF, 0xB2, 0xFF, 0xDE, 0xFF, 0xD6,
    0xFF, 0xF1, 0xFF, 0xF2, 0x00, 0x00, 0xFF, 0xE4, 0x00, 0x00, 0xFF, 0xDE, 0xFF, 0xD9, 0xFF, 0xDE,
    0xFF, 0xB4, 0xFF, 0xB4, 0xFF, 0x99, 0xFF, 0xC4, 0xFF, 0xE1, 0xFF, 0xC8, 0xFF, 0xCC, 0xFF, 0xC6,
    0xFF, 0xEE, 0xFF, 0xE1, 0xFF, 0xDB, 0xFF, 0xDD, 0xFF, 0xF0, 0xFF, 0xB5, 0xFF, 0xBC, 0xFF, 0xE1,
    0xFF, 0xEA, 0xFF, 0xD7, 0xFF, 0xCA, 0xFF, 0xEA, 0xFF, 0xB8, 0xFF, 0xEE, 0xFF, 0xAA, 0xFF, 0xE3,
    0xFF, 0xC0, 0x00, 0x00, 0xFF, 0x81, 0x00, 0x00, 0xFF, 0x86, 0xFF, 0xA4, 0xFF, 0xDB, 0xFF, 0x9E,
    0xFF, 0xB2, 0x00, 0x00, 0xFF, 0xC4, 0xFF, 0xE9, 0xFF, 0xE4, 0x00, 0x00, 0xFF, 0xDE, 0xFF, 0x86,
    0xFF, 0x86, 0xFF, 0xC5, 0xFF, 0xF1, 0xFF, 0xDE, 0xFF, 0xEB, 0xFF, 0xDC, 0xFF, 0xE5, 0x00, 0x00,
    0x00, 0x00, 0xFF, 0xD3, 0xFF, 0x9E, 0xFF, 0x86, 0xFF, 0xA5, 0xFF, 0xA7, 0x00, 0x00, 0x00, 0x00,
    0xFF, 0xEE, 0xFF, 0xF9, 0xFF, 0xDD, 0xFF, 0xD9, 0xFF, 0xF9, 0x00, 0x00, 0x00, 0x00, 0x00, 0x00,
    0xFF, 0xF4, 0xFF, 0x92, 0xFF, 0xE8, 0xFF, 0xF3, 0xFF, 0xF3, 0x00, 0x00, 0xFF, 0xCA, 0x00, 0x00,
    0xFF, 0xDF, 0xFF, 0xDB, 0xFF, 0xDE, 0xFF, 0xB9, 0xFF, 0xB8, 0xFF, 0x92, 0xFF, 0xC5, 0xFF, 0xE2,
    0xFF, 0xC8, 0xFF, 0xCB, 0xFF, 0xCD, 0xFF, 0xEE, 0xFF, 0xE3, 0xFF, 0xE1, 0xFF, 0xDE, 0xFF, 0xEE,
    0xFF, 0xB9, 0xFF, 0xC0, 0xFF, 0xE3, 0xFF, 0xE9, 0xFF, 0xD4, 0xFF, 0xD1, 0x00, 0x00, 0xFF, 0xBC,
    0xFF, 0xED, 0xFF, 0xAE, 0xFF, 0xE0, 0x00, 0x00, 0xFF, 0xC1, 0x00, 0x00, 0xFF, 0x81, 0xFF, 0x81,
    0xFF, 0xA7, 0xFF, 0xD8, 0xFF, 0x9E, 0xFF, 0xB3, 0xFF, 0xE1, 0xFF, 0xC4, 0xFF, 0xE2, 0x00, 0x00,
    0xFF, 0xDE, 0xFF, 0xDE, 0x00, 0x00, 0x00, 0x00, 0xFF, 0xC6, 0xFF, 0xF2, 0xFF, 0xDF, 0xFF, 0xE8,
    0xFF, 0xDC, 0xFF, 0xE6, 0x00, 0x00, 0x00, 0x00, 0xFF, 0xD5, 0xFF, 0xA1, 0x00, 0x00, 0xFF, 0xA9,
    0xFF, 0xAB, 0x00, 0x00, 0x00, 0x00, 0xFF, 0xEF, 0xFF, 0xF8, 0xFF, 0xDC, 0xFF, 0xD8, 0xFF, 0xF8,
    0x00, 0x00, 0x00, 0x00, 0x00, 0x00, 0xFF, 0xF0, 0xFF, 0x88, 0xFF, 0xE9, 0xFF, 0xF3, 0xFF, 0xF3,
    0x00, 0x00, 0xFF, 0xCD, 0x00, 0x00, 0xFF, 0xDC, 0xFF, 0xC6, 0xFF, 0xDE, 0xFF, 0xAA, 0xFF, 0xAA,
    0xFF, 0x81, 0xFF, 0xBA, 0xFF, 0xDF, 0xFF, 0xB7, 0xFF, 0xBE, 0xFF, 0xC8, 0xFF, 0xDA, 0xFF, 0xC5,
    0xFF, 0xC2, 0xFF, 0xD4, 0xFF, 0xF1, 0xFF, 0xAB, 0xFF, 0xB1, 0xFF, 0xC5, 0xFF, 0xE7, 0xFF, 0xDA,
    0xFF, 0xBB, 0xFF, 0xEF, 0xFF, 0xAE, 0xFF, 0xD5, 0xFF, 0xA0, 0xFF, 0xDE, 0x00, 0x00, 0xFF, 0xB2,
    0x00, 0x00, 0xFF, 0x81, 0xFF, 0x81, 0xFF, 0x99, 0xFF, 0xD6, 0xFF, 0x81, 0xFF, 0xA3, 0xFF, 0xE1,
    0xFF, 0xBB, 0xFF, 0xE1, 0x00, 0x00, 0xFF, 0xDA, 0xFF, 0xCD, 0xFF, 0x81, 0xFF, 0x81, 0xFF, 0xC2,
    0xFF, 0xEF, 0xFF, 0xE0, 0xFF, 0xE5, 0xFF, 0xDA, 0xFF, 0xDB, 0x00, 0x00, 0x00, 0x00, 0xFF, 0xD0,
    0xFF, 0x81, 0x00, 0x00, 0xFF, 0x9A, 0xFF, 0x9D, 0x00, 0x00, 0x00, 0x00, 0xFF, 0xE2, 0xFF, 0xE6,
    0xFF, 0xD8, 0xFF, 0xD4, 0xFF, 0xF0, 0x00, 0x00, 0x00, 0x00, 0x00, 0x00, 0xFF, 0xF8, 0xFF, 0x81,
    0xFF, 0xDE, 0xFF, 0xE6, 0xFF, 0xE6, 0x00, 0x00, 0xFF, 0xB8, 0x00, 0x00, 0x00, 0x06, 0x00, 0x0F,
    0x00, 0x0A, 0x00, 0x00, 0x00, 0x00, 0xFF, 0xF0, 0x00, 0x00, 0x00, 0x07, 0x00, 0x04, 0x00, 0x06,
    0x00, 0x00, 0x00, 0x00, 0x00, 0x00, 0x00, 0x00, 0x00, 0x07, 0xFF, 0xE1, 0x00, 0x00, 0x00, 0x00,
    0x00, 0x00, 0xFF, 0xE9, 0xFF, 0xEF, 0xFF, 0xF4, 0xFF, 0xEC, 0x00, 0x00, 0x00, 0x00, 0xFF, 0xDD,
    0xFF, 0xE5, 0xFF, 0xE8, 0xFF, 0xE2, 0xFF, 0xD8, 0xFF, 0xD7, 0xFF, 0xDD, 0xFF, 0xCB, 0xFF, 0xFA,
    0xFF, 0xF5, 0xFF, 0xE7, 0x00, 0x0B, 0xFF, 0xFA, 0xFF, 0xE5, 0xFF, 0xE7, 0xFF, 0xE6, 0x00, 0x13,
    0xFF, 0xFC, 0xFF, 0xFB, 0x00, 0x00, 0xFF, 0xE8, 0xFF, 0xED, 0xFF, 0xF2, 0xFF, 0xD2, 0x00, 0x00,
    0xFF, 0xD7, 0xFF, 0xFD, 0x00, 0x00, 0x00, 0x00, 0xFF, 0xDF, 0xFF, 0xCC, 0xFF, 0xD7, 0x00, 0x2F,
    0x00, 0x20, 0x00, 0x00, 0x00, 0x00, 0xFF, 0xC9, 0xFF, 0xCC, 0x00, 0x00, 0xFF, 0xF1, 0xFF, 0xF3,
    0xFF, 0xE5, 0x00, 0x00, 0xFF, 0xDB, 0x00, 0x00, 0x00, 0x00, 0x00, 0x00, 0xFF, 0xB8, 0xFF, 0xF1,
    0x00, 0x00, 0xFF, 0xE5, 0xFF, 0xE2, 0xFF, 0xE9, 0xFF, 0xDE, 0xFF, 0xDE, 0xFF, 0xAF, 0xFF, 0xDE,
    0xFF, 0xE9, 0xFF, 0xCB, 0xFF, 0xCF, 0xFF, 0xD6, 0xFF, 0xD5, 0xFF, 0xCB, 0xFF, 0xD1, 0xFF, 0xD4,
    0xFF, 0xF8, 0xFF, 0xDD, 0xFF, 0xD4, 0xFF, 0xCB, 0xFF, 0xF1, 0xFF, 0xE8, 0xFF, 0xB4, 0xFF, 0xFE,
    0xFF, 0xCC, 0xFF, 0xD2, 0xFF, 0xD1, 0xFF, 0xE2, 0xFF, 0xC1, 0xFF, 0xC1, 0xFF, 0x81, 0xFF, 0x81,
    0xFF, 0xBD, 0xFF, 0xC9, 0xFF, 0xD9, 0xFF, 0xC5, 0xFF, 0xC4, 0xFF, 0xEC, 0xFF, 0xCB, 0xFF, 0xE8,
    0xFF, 0xD8, 0xFF, 0xD6, 0xFF, 0xE2, 0xFF, 0x6C, 0xFF, 0xB1, 0x00, 0x00, 0xFF, 0xF7, 0xFF, 0xE7,
    0xFF, 0xE2, 0xFF, 0xDF, 0x00, 0x00, 0xFF, 0x0F, 0xFF, 0xDB, 0x00, 0x00, 0x00, 0x00, 0xFF, 0xBF,
    0xFF, 0xCA, 0xFF, 0xD6, 0x00, 0x10, 0x00, 0x10, 0x00, 0x00, 0xFF, 0xD1, 0xFF, 0xDC, 0xFF, 0xD8,
    0x00, 0x00, 0xFF, 0xD6, 0xFF, 0xD7, 0xFF, 0xE6, 0x00, 0x00, 0xFF, 0xA8, 0x00, 0x00, 0x00, 0x00,
    0x00, 0x00, 0xFF, 0x2B, 0xFF, 0xB2, 0x00, 0x00, 0xFF, 0xF5, 0x00, 0x00, 0xFF, 0xFB, 0xFF, 0xFD,
    0xFF, 0xFC, 0xFF, 0xDE, 0xFF, 0xFD, 0xFF, 0xFB, 0xFF, 0xF8, 0xFF, 0xFC, 0xFF, 0xFE, 0xFF, 0xFD,
    0xFF, 0xF6, 0xFF, 0xFB, 0x00, 0x00, 0xFF, 0xEC, 0xFF, 0xFD, 0xFF, 0xFB, 0xFF, 0xF6, 0xFF, 0xEF,
    0xFF, 0xEA, 0xFF, 0xE6, 0xFF, 0xEF, 0xFF, 0xF7, 0xFF, 0xFD, 0xFF, 0xDC, 0xFF, 0xE1, 0xFF, 0xE0,
    0xFF, 0xDE, 0xFF, 0xC3, 0xFF, 0xC2, 0xFF, 0xCF, 0xFF, 0xCF, 0xFF, 0xE9, 0xFF, 0xE1, 0xFF, 0xDF,
    0x00, 0x00, 0xFF, 0xEB, 0xFF, 0xE7, 0xFF, 0xE0, 0xFF, 0xE0, 0x00, 0x04, 0xFF, 0xE9, 0x00, 0x00,
    0x00, 0x00, 0xFF, 0xF1, 0xFF, 0xED, 0xFF, 0xE8, 0xFF, 0xDB, 0x00, 0x00, 0xFF, 0xC2, 0xFF, 0xEA,
    0x00, 0x00, 0x00, 0x00, 0xFF, 0xCF, 0xFF, 0xCF, 0xFF, 0xDC, 0x00, 0x22, 0x00, 0x0F, 0x00, 0x00,
    0xFF, 0xF8, 0xFF, 0xDE, 0xFF, 0xDB, 0x00, 0x00, 0xFF, 0xE6, 0xFF, 0xE8, 0xFF, 0xE0, 0x00, 0x00,
    0xFF, 0xCA, 0x00, 0x00, 0x00, 0x00, 0x00, 0x00, 0xFF, 0xB5, 0xFF, 0xE5, 0x00, 0x00, 0xFF, 0xDF,
    0xFF, 0xBA, 0xFF, 0xE2, 0xFF, 0xD4, 0xFF, 0xD0, 0xFF, 0xF6, 0xFF, 0xD0, 0xFF, 0xBC, 0x00, 0x00,
    0xFF, 0xD3, 0xFF, 0xE7, 0x00, 0x00, 0xFF, 0xAC, 0x00, 0x00, 0xFF, 0xD0, 0xFF, 0x70, 0x00, 0x00,
    0xFF, 0xE3, 0xFF, 0xA9, 0xFF, 0x9C, 0xFF, 0xEF, 0xFF, 0xF0, 0xFF, 0x7E, 0xFF, 0xE7, 0x00, 0x00,
    0x00, 0x00, 0xFF, 0x81, 0xFF, 0xE8, 0xFF, 0xE3, 0xFF, 0xE4, 0xFF, 0xE2, 0xFF, 0x4C, 0xFF, 0x5C,
    0xFF, 0xDF, 0xFF, 0xB3, 0xFF, 0xD2, 0xFF, 0xE5, 0xFF, 0xBE, 0xFF, 0x8C, 0xFF, 0x86, 0xFF, 0x81,
    0x00, 0x00, 0x00, 0x00, 0xFF, 0xCF, 0x00, 0x00, 0xFF, 0x7C, 0xFF, 0xEE, 0x00, 0x00, 0xFF, 0xC8,
    0x00, 0x00, 0xFF, 0xE2, 0xFF, 0xDF, 0x00, 0x00, 0x00, 0x00, 0xFF, 0x51, 0xFF, 0x5C, 0xFF, 0x64,
    0x00, 0x00, 0x00, 0x00, 0x00, 0x00, 0x00, 0x00, 0xFF, 0xBD, 0xFF, 0xD8, 0x00, 0x00, 0xFF, 0x9C,
    0xFF, 0x9D, 0xFF, 0x61, 0x00, 0x00, 0xFF, 0xDE, 0x00, 0x00, 0x00, 0x00, 0x00, 0x00, 0x00, 0x00,
    0x00, 0x00, 0x00, 0x00, 0xFF, 0xF1, 0xFF, 0xF4, 0xFF, 0xF5, 0xFF, 0xF8, 0xFF, 0xF8, 0xFF, 0xF6,
    0xFF, 0xF8, 0xFF, 0xE8, 0xFF, 0xF2, 0xFF, 0xF0, 0xFF, 0xF9, 0xFF, 0xEE, 0xFF, 0xE7, 0xFF, 0xE7,
    0xFF, 0xF5, 0xFF, 0xD3, 0xFF, 0xFB, 0xFF, 0xF7, 0xFF, 0xE7, 0xFF, 0xD5, 0xFF, 0xE9, 0xFF, 0xEA,
    0xFF, 0xD0, 0xFF, 0xF7, 0xFF, 0xEB, 0xFF, 0xCF, 0xFF, 0xC4, 0xFF, 0xE1, 0xFF, 0xDE, 0xFF, 0xD9,
    0xFF, 0xDA, 0xFF, 0xC7, 0xFF, 0xC3, 0xFF, 0xE5, 0xFF, 0xDB, 0xFF, 0xE0, 0xFF, 0xF7, 0xFF, 0xE2,
    0xFF, 0xCA, 0xFF, 0xC3, 0xFF, 0xC4, 0x00, 0x00, 0x00, 0x00, 0xFF, 0xE1, 0x00, 0x00, 0xFF, 0xD6,
    0xFF, 0xF6, 0xFF, 0xCD, 0xFF, 0xD4, 0x00, 0x00, 0xFF, 0xDA, 0xFF, 0xE7, 0x00, 0x00, 0x00, 0x00,
    0xFF, 0xC9, 0xFF, 0xC3, 0xFF, 0xCF, 0x00, 0x00, 0x00, 0x00, 0x00, 0x00, 0xFF, 0xDD, 0xFF, 0xC6,
    0xFF, 0xDD, 0x00, 0x00, 0xFF, 0xCE, 0xFF, 0xCF, 0xFF, 0xC3, 0x00, 0x00, 0xFF, 0xDC, 0x00, 0x00,
    0x00, 0x00, 0x00, 0x00, 0xFF, 0xDB, 0xFF, 0xF5, 0x00, 0x00, 0xFF, 0xF6, 0xFF, 0xF9, 0xFF, 0xF5,
    0xFF, 0xE2, 0xFF, 0xE2, 0xFF, 0xB1, 0xFF, 0xE6, 0xFF, 0xFB, 0xFF, 0xE9, 0xFF, 0xEC, 0xFF, 0xE9,
    0x00, 0x00, 0x00, 0x00, 0x00, 0x00, 0xFF, 0xF3, 0xFF, 0xE2, 0xFF, 0xE2, 0xFF, 0xE9, 0x00, 0x00,
    0xFF, 0xEC, 0xFF, 0xD3, 0xFF, 0xEE, 0xFF, 0xDF, 0xFF, 0xE4, 0x00, 0x00, 0xFF, 0xE3, 0xFF, 0xEF,
    0xFF, 0xEB, 0xFF, 0xE6, 0xFF, 0x81, 0xFF, 0x81, 0xFF, 0xB6, 0xFF, 0xCF, 0xFF, 0xEA, 0xFF, 0xBE,
    0xFF, 0xDC, 0xFF, 0xF6, 0xFF, 0xE2, 0xFF, 0xEB, 0xFF, 0xEE, 0xFF, 0xEF, 0xFF, 0xFB, 0xFF, 0x7C,
    0xFF, 0xA6, 0x00, 0x00, 0xFF, 0xEE, 0xFF, 0xD1, 0xFF, 0xFB, 0xFF, 0xC3, 0x00, 0x00, 0xFE, 0xFE,
    0xFF, 0xEB, 0x00, 0x00, 0x00, 0x00, 0xFF, 0xB7, 0xFF, 0xD0, 0xFF, 0xDC, 0x00, 0x33, 0x00, 0x06,
    0x00, 0x00, 0x00, 0x00, 0xFF, 0xBE, 0xFF, 0xBD, 0x00, 0x00, 0xFF, 0xFC, 0xFF, 0xFD, 0xFF, 0xEE,
    0x00, 0x00, 0xFF, 0xAB, 0x00, 0x00, 0x00, 0x00, 0x00, 0x00, 0xFF, 0x2B, 0xFF, 0xEB, 0x00, 0x00,
    0x00, 0x06, 0x00, 0x08, 0x00, 0x0B, 0x00, 0x10, 0x00, 0x0E, 0x00, 0x00, 0x00, 0x0E, 0x00, 0x00,
    0x00, 0x0B, 0x00, 0x0D, 0x00, 0x07, 0x00, 0x00, 0xFF, 0xFD, 0x00, 0x00, 0x00, 0x00, 0xFF, 0xC7,
    0x00, 0x16, 0x00, 0x06, 0x00, 0x00, 0xFF, 0xDC, 0x00, 0x00, 0x00, 0x00, 0xFF, 0xCC, 0x00, 0x00,
    0x00, 0x00, 0xFF, 0xED, 0xFF, 0xD7, 0xFF, 0xFC, 0xFF, 0xFA, 0xFF, 0xF5, 0xFF, 0xF2, 0xFF, 0xDC,
    0xFF, 0xE1, 0x00, 0x00, 0xFF, 0xEE, 0xFF, 0xFD, 0x00, 0x10, 0x00, 0x00, 0xFF, 0xCF, 0xFF, 0xD8,
    0xFF, 0xD6, 0x00, 0x0E, 0x00, 0x0D, 0xFF, 0xED, 0x00, 0x00, 0xFF, 0xD9, 0x00, 0x00, 0xFF, 0xE3,
    0xFF, 0xE5, 0x00, 0x00, 0xFF, 0xF2, 0x00, 0x00, 0x00, 0x00, 0x00, 0x00, 0xFF, 0xDD, 0xFF, 0xE1,
    0xFF, 0xED, 0x00, 0x1D, 0x00, 0x0F, 0x00, 0x00, 0xFF, 0xF6, 0xFF, 0xDC, 0xFF, 0xF3, 0x00, 0x00,
    0xFF, 0xE8, 0xFF, 0xEA, 0xFF, 0xD8, 0x00, 0x00, 0xFF, 0xF6, 0x00, 0x00, 0x00, 0x00, 0x00, 0x00,
    0xFF, 0xEE, 0x00, 0x00, 0x00, 0x00, 0xFF, 0xED, 0xFF, 0xD9, 0xFF, 0xEF, 0xFF, 0xBB, 0xFF, 0xB9,
    0xFF, 0x98, 0xFF, 0xDA, 0xFF, 0xF1, 0xFF, 0xCC, 0xFF, 0xC2, 0x00, 0x00, 0xFF, 0xE4, 0xFF, 0xDE,
    0xFF, 0xD7, 0xFF, 0xDE, 0x00, 0x00, 0xFF, 0xBA, 0xFF, 0xBC, 0xFF, 0xDD, 0xFF, 0xF7, 0xFF, 0xEE,
    0x00, 0x00, 0xFF, 0xFE, 0xFF, 0xB8, 0xFF, 0xE4, 0xFF, 0xB6, 0xFF, 0xF1, 0xFF, 0xBD, 0xFF, 0xBB,
    0xFF, 0x81, 0xFF, 0x81, 0xFF, 0xA4, 0xFF, 0xAE, 0xFF, 0xE3, 0xFF, 0xAA, 0xFF, 0xB5, 0xFF, 0xF1,
    0xFF, 0xC1, 0xFF, 0xF2, 0xFF, 0xE5, 0xFF, 0xE5, 0xFF, 0xDF, 0xFF, 0x99, 0xFF, 0xA2, 0x00, 0x00,
    0x00, 0x00, 0xFF, 0xF4, 0xFF, 0xF0, 0xFF, 0xE9, 0x00, 0x00, 0xFF, 0x65, 0xFF, 0xE5, 0x00, 0x00,
    0x00, 0x00, 0xFF, 0xA5, 0xFF, 0xAF, 0xFF, 0xB5, 0x00, 0x24, 0x00, 0x24, 0x00, 0x00, 0xFF, 0xEE,
    0xFF, 0xE4, 0xFF, 0xE2, 0x00, 0x00, 0xFF, 0xE5, 0xFF, 0xE7, 0xFF, 0xF1, 0x00, 0x00, 0xFF, 0x80,
    0x00, 0x00, 0x00, 0x00, 0x00, 0x00, 0xFF, 0x74, 0xFF, 0xC2, 0x00, 0x00, 0xFF, 0xF1, 0xFF, 0xCC,
    0xFF, 0xF4, 0xFF, 0xD2, 0xFF, 0xD0, 0xFF, 0xF6, 0xFF, 0xD8, 0xFF, 0xED, 0xFF, 0xE9, 0xFF, 0xD2,
    0xFF, 0xE8, 0xFF, 0xD7, 0xFF, 0xC2, 0xFF, 0xC4, 0xFF, 0xE3, 0x00, 0x00, 0xFF, 0xE4, 0xFF, 0xDF,
    0xFF, 0xC2, 0xFF, 0xFE, 0xFF, 0xF8, 0xFF, 0xED, 0xFF, 0xFD, 0xFF, 0xE3, 0xFF, 0xD1, 0xFF, 0x9B,
    0xFF, 0xE9, 0xFF, 0xE3, 0xFF, 0xE0, 0xFF, 0xDC, 0xFF, 0xDE, 0xFF, 0xA3, 0xFF, 0x85, 0xFF, 0xE7,
    0xFF, 0xB4, 0xFF, 0xD2, 0xFF, 0xF6, 0xFF, 0xC3, 0xFF, 0xEB, 0xFF, 0xDC, 0xFF, 0xDB, 0xFF, 0xD7,
    0x00, 0x00, 0xFF, 0xCB, 0x00, 0x00, 0xFF, 0xFC, 0xFF, 0xEE, 0xFF, 0xE4, 0xFF, 0xF1, 0x00, 0x00,
    0xFF, 0xDE, 0xFF, 0xE6, 0x00, 0x00, 0x00, 0x00, 0xFF, 0xA4, 0xFF, 0x89, 0xFF, 0x99, 0x00, 0x0D,
    0x00, 0x19, 0x00, 0x00, 0xFF, 0xDC, 0xFF, 0xE8, 0xFF, 0xEC, 0x00, 0x00, 0xFF, 0xD5, 0xFF, 0xD6,
    0xFF, 0xEA, 0x00, 0x00, 0xFF, 0xE0, 0x00, 0x00, 0x00, 0x00, 0x00, 0x00, 0xFF, 0xE5, 0xFF, 0xF4,
    0x00, 0x00, 0xFF, 0xD3, 0xFF, 0xD4, 0xFF, 0xD0, 0xFF, 0xB6, 0xFF, 0xB5, 0xFF, 0x9B, 0x00, 0x00,
    0xFF, 0xD5, 0x00, 0x00, 0xFF, 0xCB, 0x00, 0x00, 0xFF, 0xF0, 0xFF, 0xE3, 0xFF, 0xDD, 0xFF, 0xD7,
    0xFF, 0xBC, 0xFF, 0xB6, 0xFF, 0xBE, 0xFF, 0xE3, 0xFF, 0xC8, 0xFF, 0xB2, 0xFF, 0xCC, 0xFF, 0xBD,
    0xFF, 0xBA, 0xFF, 0xF0, 0x00, 0x00, 0x00, 0x00, 0x00, 0x00, 0x00, 0x00, 0x00, 0x00, 0x00, 0x00,
    0x00, 0x00, 0x00, 0x00, 0x00, 0x00, 0x00, 0x00, 0x00, 0x00, 0xFF, 0xD3, 0x00, 0x00, 0x00, 0x00,
    0x00, 0x00, 0x00, 0x00, 0x00, 0x00, 0xFF, 0x5D, 0xFF, 0x06, 0xFF, 0xC3, 0xFF, 0xC7, 0xFF, 0xB4,
    0x00, 0x00, 0x00, 0x00, 0x00, 0x00, 0x00, 0x00, 0x00, 0x00, 0x00, 0x00, 0x00, 0x00, 0x00, 0x00,
    0x00, 0x00, 0x00, 0x00, 0x00, 0x00, 0x00, 0x00, 0x00, 0x00, 0x00, 0x00, 0x00, 0x00, 0x00, 0x00,
    0x00, 0x00, 0x00, 0x00, 0x00, 0x00, 0x00, 0x00, 0x00, 0x00, 0x00, 0x00, 0x00, 0x00, 0x00, 0x00,
    0x00, 0x00, 0x00, 0x00, 0xFF, 0xCD, 0x00, 0x00, 0xFF, 0xD2, 0xFF, 0xE8, 0xFF, 0xD6, 0xFF, 0xE4,
    0xFF, 0xE5, 0xFF, 0xB0, 0xFF, 0xE5, 0xFF, 0xD6, 0x00, 0x00, 0xFF, 0xDA, 0x00, 0x00, 0xFF, 0xDF,
    0xFF, 0xE0, 0xFF, 0xE0, 0xFF, 0xC0, 0xFF, 0x9E, 0xFF, 0xE4, 0xFF, 0xE0, 0xFF, 0xDE, 0xFF, 0xB8,
    0xFF, 0x94, 0xFF, 0xC3, 0xFF, 0x69, 0xFF, 0xDD, 0xFF, 0xDF, 0x00, 0x00, 0xFF, 0xAB, 0xFF, 0xD6,
    0xFF, 0xD5, 0xFF, 0x81, 0xFF, 0x81, 0x00, 0x00, 0x00, 0x00, 0xFF, 0xC8, 0xFF, 0xC2, 0xFF, 0xD6,
    0xFF, 0xD9, 0xFF, 0xD5, 0xFF, 0xAC, 0xFF, 0xAA, 0xFF, 0xAD, 0xFF, 0xE9, 0xFF, 0x5F, 0xFF, 0xAE,
    0xFF, 0xC9, 0xFF, 0xB4, 0xFF, 0x95, 0xFF, 0xB3, 0xFF, 0x89, 0xFF, 0xCF, 0x00, 0x00, 0x00, 0x00,
    0xFF, 0xD4, 0xFF, 0xC3, 0xFF, 0xBE, 0xFF, 0xD5, 0xFF, 0xE0, 0x00, 0x00, 0x00, 0x00, 0xFF, 0xDE,
    0xFF, 0xAF, 0xFF, 0x8A, 0xFF, 0x82, 0x00, 0x00, 0x00, 0x00, 0x00, 0x00, 0x00, 0x00, 0xFF, 0x82,
    0xFF, 0xAB, 0xFF, 0xB6, 0xFF, 0xAD, 0xFF, 0xB1, 0x00, 0x00, 0xFF, 0xBD, 0x00, 0x00, 0xFF, 0xE4,
    0xFF, 0xE3, 0xFF, 0xEB, 0xFF, 0xBC, 0xFF, 0xBB, 0xFF, 0x9D, 0x00, 0x00, 0xFF, 0xE8, 0x00, 0x00,
    0xFF, 0xD5, 0x00, 0x00, 0x00, 0x00, 0xFF, 0xF4, 0xFF, 0xE9, 0xFF, 0xE7, 0xFF, 0xEE, 0xFF, 0xBC,
    0xFF, 0xC4, 0xFF, 0xF4, 0xFF, 0xEA, 0xFF, 0xDB, 0xFF, 0xDB, 0xFF, 0xF0, 0xFF, 0xC0, 0x00, 0x00,
    0x00, 0x00, 0xFF, 0xE7, 0xFF, 0xCB, 0xFF, 0xC5, 0xFF, 0x81, 0xFF, 0x81, 0xFF, 0x76, 0xFF, 0xAC,
    0xFF, 0xDD, 0xFF, 0xA4, 0xFF, 0xB7, 0xFF, 0xEE, 0xFF, 0xCC, 0xFF, 0xE8, 0xFF, 0xEB, 0xFF, 0xE7,
    0xFF, 0xE7, 0xFF, 0x6E, 0xFF, 0x34, 0xFF, 0xCD, 0xFF, 0xF0, 0xFF, 0xDB, 0xFF, 0xF3, 0xFF, 0xD4,
    0xFF, 0xEF, 0x00, 0x00, 0x00, 0x00, 0xFF, 0xDC, 0xFF, 0xA6, 0xFF, 0x7F, 0xFF, 0xAD, 0xFF, 0xB1,
    0x00, 0x00, 0x00, 0x00, 0xFF, 0xF9, 0xFF, 0xFC, 0xFF, 0xD3, 0xFF, 0xD1, 0x00, 0x00, 0x00, 0x00,
    0x00, 0x00, 0x00, 0x00, 0xFF, 0xFC, 0xFF, 0x98, 0xFF, 0xED, 0xFF, 0xFD, 0xFF, 0xFC, 0x00, 0x00,
    0xFF, 0xDA, 0x00, 0x00, 0xFF, 0xD9, 0xFF, 0xC3, 0xFF, 0xE5, 0xFF, 0xC4, 0xFF, 0xC4, 0xFF, 0xD7,
    0x00, 0x00, 0xFF, 0xDB, 0x00, 0x00, 0xFF, 0xC0, 0x00, 0x00, 0xFF, 0xC4, 0xFF, 0xBF, 0xFF, 0xBE,
    0xFF, 0xCD, 0xFF, 0xF1, 0xFF, 0xE8, 0xFF, 0xC2, 0xFF, 0xD3, 0xFF, 0xE7, 0xFF, 0xE2, 0xFF, 0xD0,
    0xFF, 0xEB, 0xFF, 0xC7, 0xFF, 0xC2, 0x00, 0x00, 0x00, 0x00, 0x00, 0x00, 0x00, 0x00, 0x00, 0x00,
    0x00, 0x00, 0x00, 0x00, 0x00, 0x00, 0x00, 0x00, 0x00, 0x00, 0x00, 0x00, 0xFF, 0xE8, 0x00, 0x00,
    0x00, 0x00, 0x00, 0x00, 0x00, 0x00, 0x00, 0x00, 0xFF, 0xD9, 0xFF, 0xB3, 0xFF, 0xD4, 0xFF, 0xEC,
    0xFF, 0xEA, 0x00, 0x00, 0x00, 0x00, 0x00, 0x00, 0x00, 0x00, 0x00, 0x00, 0x00, 0x00, 0x00, 0x00,
    0x00, 0x00, 0x00, 0x00, 0x00, 0x00, 0x00, 0x00, 0x00, 0x00, 0x00, 0x00, 0x00, 0x00, 0x00, 0x00,
    0x00, 0x00, 0x00, 0x00, 0x00, 0x00, 0x00, 0x00, 0x00, 0x00, 0x00, 0x00, 0x00, 0x00, 0x00, 0x00,
    0x00, 0x00, 0x00, 0x00, 0x00, 0x00, 0xFF, 0xD4, 0x00, 0x00, 0xFF, 0xD8, 0xFF, 0xAF, 0xFF, 0xE4,
    0xFF, 0xB0, 0xFF, 0xAE, 0xFF, 0xD0, 0xFF, 0xC4, 0xFF, 0xDB, 0xFF, 0xC6, 0xFF, 0xB2, 0xFF, 0xD2,
    0xFF, 0xBC, 0xFF, 0xBE, 0xFF, 0xA8, 0xFF, 0xC7, 0xFF, 0xEC, 0xFF, 0xE2, 0xFF, 0xBE, 0xFF, 0xD2,
    0xFF, 0xE2, 0xFF, 0xE1, 0xFF, 0xC6, 0xFF, 0xEA, 0xFF, 0xBA, 0xFF, 0xB8, 0xFF, 0x89, 0xFF, 0xDD,
    0xFF, 0xBD, 0xFF, 0xBE, 0xFF, 0xBC, 0xFF, 0xBD, 0xFF, 0x80, 0x00, 0x00, 0xFF, 0xD6, 0xFF, 0x99,
    0xFF, 0xAB, 0xFF, 0xE7, 0xFF, 0xAD, 0xFF, 0xDF, 0xFF, 0xCB, 0xFF, 0xC8, 0xFF, 0xB9, 0xFF, 0xD3,
    0xFF, 0xA9, 0xFF, 0xD4, 0xFF, 0xE9, 0xFF, 0xE8, 0xFF, 0xD4, 0xFF, 0xF1, 0xFF, 0xCD, 0xFF, 0xBD,
    0x00, 0x00, 0xFF, 0xCA, 0xFF, 0xA1, 0xFF, 0x80, 0x00, 0x00, 0xFF, 0x92, 0x00, 0x00, 0x00, 0x00,
    0xFF, 0xD1, 0xFF, 0xB4, 0xFF, 0xEC, 0x00, 0x00, 0xFF, 0xE3, 0x00, 0x00, 0x00, 0x00, 0x00, 0x00,
    0xFF, 0xF4, 0xFF, 0xD9, 0xFF, 0xCC, 0xFF, 0xD5, 0xFF, 0xDD, 0x00, 0x00, 0xFF, 0xD2, 0x00, 0x00,
    0xFF, 0xDA, 0xFF, 0xB4, 0x00, 0x00, 0x00, 0x00, 0x00, 0x00, 0xFF, 0xE7, 0x00, 0x00, 0xFF, 0xDB,
    0x00, 0x00, 0x00, 0x00, 0x00, 0x00, 0x00, 0x00, 0x00, 0x00, 0x00, 0x00, 0xFF, 0xC6, 0xFF, 0xEC,
    0x00, 0x00, 0x00, 0x00, 0x00, 0x00, 0xFF, 0xE1, 0xFF, 0xE1, 0x00, 0x00, 0xFF, 0xEB, 0x00, 0x00,
    0x00, 0x00, 0x00, 0x00, 0x00, 0x00, 0x00, 0x00, 0x00, 0x00, 0x00, 0x00, 0x00, 0x00, 0x00, 0x00,
    0x00, 0x00, 0x00, 0x00, 0x00, 0x00, 0x00, 0x00, 0x00, 0x00, 0x00, 0x00, 0x00, 0x00, 0x00, 0x00,
    0x00, 0x00, 0x00, 0x00, 0xFF, 0xEC, 0xFF, 0xB9, 0xFF, 0xDD, 0xFF, 0xE8, 0xFF, 0xEA, 0x00, 0x00,
    0x00, 0x00, 0x00, 0x00, 0x00, 0x00, 0x00, 0x00, 0x00, 0x00, 0x00, 0x00, 0x00, 0x00, 0x00, 0x00,
    0x00, 0x00, 0x00, 0x00, 0x00, 0x00, 0x00, 0x00, 0x00, 0x00, 0x00, 0x00, 0x00, 0x00, 0x00, 0x00,
    0x00, 0x00, 0x00, 0x00, 0x00, 0x00, 0x00, 0x00, 0x00, 0x00, 0x00, 0x00, 0x00, 0x00, 0x00, 0x00,
    0x00, 0x00, 0x00, 0x00, 0x00, 0x00, 0x00, 0x00, 0x00, 0x00, 0x00, 0x00, 0x00, 0x00, 0x00, 0x00,
    0x00, 0x00, 0x00, 0x00, 0x00, 0x00, 0x00, 0x00, 0x00, 0x00, 0x00, 0x00, 0x00, 0x00, 0xFF, 0xE2,
    0x00, 0x00, 0x00, 0x00, 0xFF, 0x81, 0x00, 0x00, 0x00, 0x00, 0x00, 0x00, 0x00, 0x00, 0x00, 0x00,
    0x00, 0x00, 0x00, 0x00, 0x00, 0x00, 0x00, 0x00, 0x00, 0x00, 0xFF, 0x81, 0x00, 0x00, 0x00, 0x00,
    0x00, 0x00, 0x00, 0x00, 0xFF, 0x98, 0xFF, 0x81, 0x00, 0x00, 0xFF, 0xB2, 0xFF, 0xCB, 0x00, 0x00,
    0x00, 0x00, 0x00, 0x00, 0x00, 0x00, 0xFF, 0x81, 0xFF, 0xBA, 0x00, 0x00, 0x00, 0x00, 0x00, 0x00,
    0x00, 0x00, 0x00, 0x00, 0xFF, 0x81, 0xFF, 0xD7, 0xFF, 0xD4, 0x00, 0x00, 0x00, 0x00, 0xFF, 0xCF,
    0xFF, 0xB8, 0xFF, 0x99, 0xFF, 0x81, 0xFF, 0x81, 0x00, 0x00, 0x00, 0x00, 0xFF, 0xC9, 0xFF, 0x92,
    0xFF, 0xD3, 0xFF, 0xD7, 0x00, 0x00, 0x00, 0x00, 0x00, 0x00, 0x00, 0x00, 0xFF, 0xB0, 0x00, 0x00,
    0xFF, 0xCF, 0xFF, 0xED, 0xFF, 0xEE, 0x00, 0x00, 0x00, 0x00, 0x00, 0x00, 0x00, 0x00, 0x00, 0x00,
    0x00, 0x00, 0x00, 0x00, 0x00, 0x00, 0x00, 0x00, 0x00, 0x00, 0x00, 0x00, 0x00, 0x00, 0x00, 0x00,
    0x00, 0x00, 0x00, 0x00, 0x00, 0x00, 0x00, 0x00, 0x00, 0x00, 0x00, 0x00, 0x00, 0x00, 0x00, 0x00,
    0x00, 0x00, 0x00, 0x00, 0x00, 0x00, 0x00, 0x00, 0x00, 0x00, 0x00, 0x00, 0x00, 0x00, 0x00, 0x00,
    0xFF, 0xEA, 0xFF, 0xC7, 0xFF, 0xC2, 0xFF, 0x81, 0xFF, 0x81, 0xFF, 0x75, 0xFF, 0xAD, 0xFF, 0xDF,
    0x00, 0x00, 0xFF, 0xB7, 0x00, 0x00, 0x00, 0x00, 0xFF, 0xED, 0xFF, 0xEC, 0xFF, 0xEC, 0xFF, 0xE2,
    0x00, 0x00, 0x00, 0x00, 0x00, 0x00, 0x00, 0x00, 0x00, 0x00, 0xFF, 0xF6, 0xFF, 0xD2, 0xFF, 0xED,
    0x00, 0x00, 0x00, 0x00, 0xFF, 0xDC, 0xFF, 0xA3, 0xFF, 0x83, 0xFF, 0xAE, 0xFF, 0xB2, 0x00, 0x00,
    0x00, 0x00, 0xFF, 0xF5, 0xFF, 0xFB, 0xFF, 0xD1, 0xFF, 0xCC, 0x00, 0x00, 0x00, 0x00, 0x00, 0x00,
    0x00, 0x00, 0xFF, 0xF6, 0xFF, 0x8F, 0xFF, 0xF0, 0xFF, 0xF9, 0xFF, 0xF9, 0x00, 0x00, 0x00, 0x00,
    0x00, 0x00, 0x00, 0x00, 0x00, 0x00, 0x00, 0x00, 0x00, 0x00, 0x00, 0x00, 0x00, 0x00, 0x00, 0x00,
    0x00, 0x00, 0x00, 0x00, 0x00, 0x00, 0x00, 0x00, 0x00, 0x00, 0x00, 0x00, 0x00, 0x00, 0x00, 0x00,
    0x00, 0x00, 0x00, 0x00, 0x00, 0x00, 0x00, 0x00, 0x00, 0x00, 0x00, 0x00, 0x00, 0x00, 0x00, 0x00,
    0x00, 0x00, 0x00, 0x00, 0xFF, 0xDB, 0xFF, 0xE3, 0xFF, 0xE3, 0xFF, 0xDF, 0xFF, 0xD7, 0xFF, 0xD7,
    0xFF, 0xDC, 0xFF, 0xC8, 0xFF, 0xF3, 0xFF, 0xF0, 0xFF, 0xE3, 0x00, 0x00, 0xFF, 0xF6, 0xFF, 0xE1,
    0xFF, 0xE4, 0xFF, 0xE4, 0x00, 0x0F, 0x00, 0x00, 0x00, 0x00, 0x00, 0x00, 0x00, 0x00, 0x00, 0x00,
    0xFF, 0xF0, 0xFF, 0xCE, 0x00, 0x18, 0xFF, 0xD2, 0x00, 0x00, 0x00, 0x00, 0x00, 0x00, 0xFF, 0xDE,
    0xFF, 0xCA, 0xFF, 0xD5, 0x00, 0x00, 0x00, 0x00, 0x00, 0x12, 0xFF, 0xFE, 0xFF, 0xC6, 0xFF, 0xC8,
    0x00, 0x00, 0x00, 0x00, 0x00, 0x00, 0x00, 0x00, 0xFF, 0xF2, 0xFF, 0xD6, 0x00, 0x00, 0x00, 0x00,
    0x00, 0x10, 0x00, 0x00, 0x00, 0x00, 0x00, 0x00, 0xFF, 0xFD, 0xFF, 0xFE, 0xFF, 0xF9, 0xFF, 0xEE,
    0xFF, 0xEC, 0xFF, 0xC9, 0xFF, 0xEC, 0x00, 0x00, 0xFF, 0xF2, 0xFF, 0xF6, 0xFF, 0xF1, 0x00, 0x0D,
    0x00, 0x05, 0x00, 0x00, 0xFF, 0xF7, 0x00, 0x0B, 0xFF, 0xEE, 0xFF, 0xF5, 0x00, 0x05, 0x00, 0x00,
    0xFF, 0xFD, 0xFF, 0xFC, 0x00, 0x00, 0xFF, 0xF1, 0x00, 0x0D, 0xFF, 0xDD, 0x00, 0x00, 0xFF, 0xF2,
    0xFF, 0xED, 0xFF, 0xB5, 0xFF, 0xB5, 0xFF, 0xB5, 0x00, 0x00, 0xFF, 0xF5, 0xFF, 0xC0, 0xFF, 0xE2,
    0xFF, 0xFB, 0xFF, 0xEA, 0x00, 0x00, 0xFF, 0xF6, 0xFF, 0xF6, 0x00, 0x00, 0xFF, 0xCA, 0xFF, 0xB9,
    0x00, 0x00, 0x00, 0x00, 0x00, 0x00, 0x00, 0x00, 0xFF, 0xFB, 0x00, 0x00, 0xFF, 0xB5, 0xFF, 0xF5,
    0x00, 0x00, 0x00, 0x00, 0xFF, 0xB5, 0x00, 0x00, 0xFF, 0xD7, 0x00, 0x28, 0x00, 0x28, 0x00, 0x00,
    0x00, 0x00, 0xFF, 0xF7, 0x00, 0x00, 0x00, 0x00, 0xFF, 0xF0, 0x00, 0x18, 0xFF, 0xFE, 0x00, 0x00,
    0xFF, 0xB7, 0x00, 0x00, 0x00, 0x00, 0x00, 0x00, 0xFF, 0xB7, 0xFF, 0xFD, 0x00, 0x00, 0x00, 0x00,
    0x00, 0x00, 0x00, 0x00, 0x00, 0x00, 0x00, 0x00, 0x00, 0x00, 0x00, 0x00, 0x00, 0x00, 0x00, 0x00,
    0x00, 0x00, 0x00, 0x00, 0x00, 0x00, 0x00, 0x00, 0x00, 0x00, 0x00, 0x00, 0x00, 0x00, 0x00, 0x00,
    0x00, 0x00, 0x00, 0x00, 0x00, 0x00, 0x00, 0x00, 0x00, 0x00, 0x00, 0x00, 0x00, 0x00, 0x00, 0x00,
    0xFF, 0xE5, 0xFF, 0xD9, 0xFF, 0xE0, 0xFF, 0xDA, 0xFF, 0xD6, 0xFF, 0xD5, 0xFF, 0xE2, 0xFF, 0xD7,
    0xFF, 0xEE, 0xFF, 0xF4, 0xFF, 0xE5, 0x00, 0x00, 0xFF, 0xF5, 0xFF, 0xD9, 0xFF, 0xCF, 0xFF, 0xD0,
    0x00, 0x00, 0x00, 0x00, 0x00, 0x00, 0x00, 0x00, 0x00, 0x00, 0x00, 0x00, 0xFF, 0xD8, 0xFF, 0xDB,
    0x00, 0x00, 0xFF, 0xD0, 0x00, 0x00, 0xFF, 0xFE, 0x00, 0x00, 0xFF, 0xE5, 0xFF, 0xD8, 0xFF, 0xE1,
    0x00, 0x00, 0x00, 0x00, 0x00, 0x00, 0xFF, 0xDB, 0xFF, 0xDC, 0xFF, 0xDC, 0xFF, 0xEC, 0x00, 0x00,
    0x00, 0x00, 0x00, 0x00, 0xFF, 0xF9, 0xFF, 0xD5, 0x00, 0x00, 0xFF, 0xF0, 0x00, 0x00, 0x00, 0x00,
    0x00, 0x00, 0x00, 0x00, 0x00, 0x00, 0x00, 0x00, 0x00, 0x00, 0x00, 0x00, 0x00, 0x00, 0x00, 0x00,
    0x00, 0x00, 0x00, 0x00, 0x00, 0x00, 0x00, 0x00, 0x00, 0x00, 0x00, 0x00, 0x00, 0x00, 0x00, 0x00,
    0x00, 0x00, 0x00, 0x00, 0x00, 0x00, 0x00, 0x00, 0x00, 0x00, 0x00, 0x00, 0x00, 0x00, 0x00, 0x00,
    0x00, 0x00, 0x00, 0x00, 0x00, 0x00, 0xFF, 0xCF, 0xFF, 0xC7, 0xFF, 0xDD, 0xFF, 0xD8, 0xFF, 0xD5,
    0xFF, 0xC9, 0xFF, 0xDC, 0xFF, 0xBF, 0xFF, 0xE6, 0xFF, 0xF7, 0xFF, 0xDE, 0x00, 0x00, 0xFF, 0xED,
    0xFF, 0xCC, 0xFF, 0xC6, 0xFF, 0xC6, 0x00, 0x00, 0x00, 0x00, 0x00, 0x00, 0x00, 0x00, 0x00, 0x00,
    0x00, 0x00, 0xFF, 0xCE, 0xFF, 0xC2, 0x00, 0x00, 0xFF, 0xC8, 0x00, 0x00, 0x00, 0x00, 0x00, 0x00,
    0xFF, 0xDD, 0xFF, 0xC5, 0xFF, 0xCC, 0x00, 0x00, 0x00, 0x00, 0x00, 0x00, 0xFF, 0xDC, 0xFF, 0xC5,
    0xFF, 0xC6, 0xFF, 0xE7, 0x00, 0x00, 0x00, 0x00, 0x00, 0x00, 0xFF, 0xDF, 0xFF, 0xD3, 0x00, 0x00,
    0xFF, 0xF0, 0x00, 0x00, 0x00, 0x00, 0x00, 0x00, 0x00, 0x00, 0xFF, 0xCB, 0xFF, 0xDF, 0xFF, 0xCF,
    0xFF, 0xE6, 0xFF, 0xE7, 0xFF, 0xB9, 0xFF, 0xE7, 0xFF, 0xCF, 0xFF, 0xCF, 0xFF, 0xD3, 0xFF, 0xCC,
    0xFF, 0xBD, 0xFF, 0xC1, 0xFF, 0xC8, 0xFF, 0xCF, 0xFF, 0x5F, 0xFF, 0xE6, 0xFF, 0xCC, 0xFF, 0xBF,
    0xFF, 0xAC, 0xFF, 0xAB, 0xFF, 0xAC, 0xFF, 0x5C, 0xFF, 0xCC, 0xFF, 0xBD, 0xFF, 0xBE, 0xFF, 0x81,
    0xFF, 0xB4, 0xFF, 0xB2, 0xFF, 0x9C, 0xFF, 0x9A, 0x00, 0x00, 0x00, 0x00, 0xFF, 0xC2, 0xFF, 0xD7,
    0xFF, 0xB5, 0xFF, 0xD2, 0xFF, 0xCE, 0x00, 0x00, 0xFF, 0x86, 0xFF, 0x81, 0xFF, 0xE0, 0xFF, 0x94,
    0xFF, 0xC7, 0xFF, 0xC9, 0xFF, 0xA5, 0xFF, 0xA4, 0xFF, 0x7F, 0xFF, 0x80, 0xFF, 0xDE, 0x00, 0x00,
    0x00, 0x00, 0xFF, 0xCD, 0xFF, 0xE0, 0xFF, 0xCF, 0x00, 0x00, 0xFF, 0xC2, 0x00, 0x00, 0x00, 0x00,
    0xFF, 0xC9, 0xFF, 0x8E, 0xFF, 0x7D, 0x00, 0x00, 0x00, 0x00, 0x00, 0x00, 0x00, 0x00, 0x00, 0x00,
    0xFF, 0x9D, 0xFF, 0xB1, 0xFF, 0xCD, 0xFF, 0xA5, 0xFF, 0xBA, 0x00, 0x00, 0xFF, 0xA9, 0x00, 0x00,
    0xFF, 0xCB, 0xFF, 0xE1, 0x00, 0x00, 0x00, 0x00, 0x00, 0x00, 0xFF, 0xAE, 0x00, 0x00, 0xFF, 0xCF,
    0x00, 0x00, 0x00, 0x00, 0x00, 0x00, 0x00, 0x00, 0x00, 0x00, 0x00, 0x00, 0xFF, 0xB8, 0xFF, 0x97,
    0x00, 0x00, 0x00, 0x00, 0x00, 0x00, 0xFF, 0xB4, 0xFF, 0x9A, 0x00, 0x00, 0xFF, 0x5C, 0x00, 0x00,
    0x00, 0x00, 0xFF, 0xDA, 0xFF, 0xA5, 0x00, 0x00, 0x00, 0x00, 0xFF, 0x81, 0xFF, 0x81, 0x00, 0x00,
    0x00, 0x00, 0xFF, 0xC3, 0xFF, 0xC5, 0xFF, 0xCD, 0x00, 0x00, 0xFF, 0xCF, 0xFF, 0xA6, 0xFF, 0xA5,
    0xFF, 0xA7, 0xFF, 0xE2, 0xFF, 0x59, 0xFF, 0xAC, 0xFF, 0xC3, 0xFF, 0xAF, 0xFF, 0x87, 0xFF, 0xAD,
    0x00, 0x00, 0xFF, 0xCA, 0x00, 0x00, 0x00, 0x00, 0xFF, 0xCD, 0xFF, 0xC3, 0x00, 0x00, 0xFF, 0xCF,
    0x00, 0x00, 0x00, 0x00, 0x00, 0x00, 0xFF, 0xD4, 0xFF, 0xAA, 0x00, 0x00, 0xFF, 0x79, 0x00, 0x00,
    0x00, 0x00, 0x00, 0x00, 0x00, 0x00, 0xFF, 0x85, 0xFF, 0xA9, 0xFF, 0xAE, 0xFF, 0xA8, 0xFF, 0xB1,
    0x00, 0x00, 0x00, 0x00, 0x00, 0x00, 0xFF, 0xF8, 0x00, 0x00, 0xFF, 0xFD, 0xFF, 0xFE, 0xFF, 0xFE,
    0xFF, 0xEF, 0xFF, 0xFE, 0x00, 0x00, 0xFF, 0xFC, 0x00, 0x00, 0xFF, 0xFE, 0xFF, 0xFE, 0xFF, 0xF9,
    0xFF, 0xFD, 0xFF, 0xFD, 0xFF, 0xF5, 0xFF, 0xFE, 0x00, 0x00, 0xFF, 0xF8, 0xFF, 0xEE, 0xFF, 0xF2,
    0xFF, 0xF2, 0xFF, 0xF4, 0xFF, 0xFD, 0xFF, 0xFE, 0xFF, 0xDE, 0xFF, 0xE4, 0x00, 0x00, 0xFF, 0xE9,
    0x00, 0x00, 0xFF, 0xD6, 0xFF, 0xD1, 0x00, 0x00, 0x00, 0x00, 0xFF, 0xE4, 0xFF, 0xE3, 0x00, 0x00,
    0xFF, 0xEE, 0xFF, 0xE5, 0x00, 0x00, 0xFF, 0xDF, 0x00, 0x07, 0xFF, 0xFB, 0xFF, 0xE1, 0x00, 0x00,
    0xFF, 0xF1, 0xFF, 0xEE, 0xFF, 0xEE, 0xFF, 0xE7, 0x00, 0x00, 0xFF, 0xD6, 0xFF, 0xF1, 0x00, 0x00,
    0x00, 0x00, 0xFF, 0xD2, 0x00, 0x00, 0xFF, 0xDE, 0x00, 0x00, 0x00, 0x00, 0x00, 0x00, 0xFF, 0xF0,
    0xFF, 0xDF, 0x00, 0x00, 0x00, 0x00, 0x00, 0x00, 0xFF, 0xE8, 0x00, 0x00, 0x00, 0x00, 0xFF, 0xDB,
    0x00, 0x00, 0x00, 0x00, 0x00, 0x00, 0xFF, 0xD9, 0xFF, 0xF0, 0x00, 0x00, 0xFF, 0xD8, 0xFF, 0xEE,
    0xFF, 0xDC, 0xFF, 0xE6, 0xFF, 0xE7, 0xFF, 0xB4, 0xFF, 0xE7, 0xFF, 0xDC, 0xFF, 0xDC, 0xFF, 0xDF,
    0xFF, 0xDD, 0xFF, 0xDE, 0xFF, 0xE1, 0xFF, 0xE4, 0xFF, 0xBD, 0xFF, 0x9E, 0xFF, 0xE6, 0xFF, 0xE6,
    0xFF, 0xDE, 0xFF, 0xBA, 0xFF, 0x9F, 0xFF, 0xBF, 0xFF, 0x6D, 0xFF, 0xDD, 0xFF, 0xDE, 0xFF, 0xE2,
    0xFF, 0xA7, 0xFF, 0xD6, 0xFF, 0xD4, 0xFF, 0x81, 0xFF, 0x81, 0x00, 0x00, 0x00, 0x00, 0xFF, 0xCE,
    0xFF, 0xCE, 0xFF, 0xD6, 0xFF, 0xDF, 0xFF, 0xDB, 0xFF, 0xA9, 0xFF, 0xA7, 0xFF, 0xA9, 0xFF, 0xEE,
    0xFF, 0x63, 0xFF, 0xAE, 0xFF, 0xCF, 0xFF, 0xB5, 0xFF, 0x98, 0xFF, 0xB1, 0xFF, 0x92, 0xFF, 0xD5,
    0x00, 0x00, 0x00, 0x00, 0xFF, 0xD9, 0xFF, 0xCC, 0xFF, 0xC2, 0x00, 0x00, 0xFF, 0xE8, 0x00, 0x00,
    0x00, 0x00, 0xFF, 0xDE, 0xFF, 0xAA, 0xFF, 0x89, 0x00, 0x00, 0x00, 0x00, 0x00, 0x00, 0x00, 0x00,
    0x00, 0x00, 0xFF, 0x98, 0xFF, 0xAF, 0xFF, 0xAF, 0xFF, 0xA8, 0xFF, 0xB4, 0x00, 0x00, 0xFF, 0xBC,
    0x00, 0x00, 0x00, 0x00, 0x00, 0x00, 0x00, 0x00, 0x00, 0x00, 0x00, 0x00, 0x00, 0x00, 0x00, 0x00,
    0x00, 0x00, 0x00, 0x00, 0x00, 0x00, 0x00, 0x00, 0x00, 0x00, 0x00, 0x00, 0x00, 0x00, 0x00, 0x00,
    0x00, 0x00, 0x00, 0x00, 0x00, 0x00, 0x00, 0x00, 0x00, 0x00, 0x00, 0x00, 0x00, 0x00, 0x00, 0x00,
    0x00, 0x00, 0x00, 0x00, 0xFF, 0xD8, 0xFF, 0xDD, 0xFF, 0xE9, 0xFF, 0xE1, 0xFF, 0xD1, 0xFF, 0xD1,
    0xFF, 0xCB, 0xFF, 0xCB, 0xFF, 0xE7, 0xFF, 0xDE, 0xFF, 0xDD, 0x00, 0x00, 0xFF, 0xE7, 0xFF, 0xE3,
    0xFF, 0xDC, 0xFF, 0xDD, 0x00, 0x00, 0x00, 0x00, 0x00, 0x00, 0x00, 0x00, 0x00, 0x00, 0x00, 0x00,
    0xFF, 0xE4, 0xFF, 0xD8, 0x00, 0x00, 0xFF, 0xD0, 0x00, 0x00, 0xFF, 0xF5, 0xFF, 0xEE, 0xFF, 0xCB,
    0xFF, 0xCB, 0xFF, 0xD8, 0x00, 0x00, 0x00, 0x00, 0x00, 0x05, 0xFF, 0xF4, 0xFF, 0xDB, 0xFF, 0xDA,
    0x00, 0x00, 0x00, 0x00, 0x00, 0x00, 0x00, 0x00, 0xFF, 0xF6, 0xFF, 0xD5, 0xFF, 0xFC, 0x00, 0x00,
    0x00, 0x00, 0x00, 0x00, 0x00, 0x00, 0x00, 0x00, 0x00, 0x00, 0x00, 0x00, 0x00, 0x00, 0x00, 0x00,
    0x00, 0x00, 0x00, 0x00, 0x00, 0x00, 0x00, 0x00, 0x00, 0x00, 0x00, 0x00, 0x00, 0x00, 0x00, 0x00,
    0x00, 0x00, 0x00, 0x00, 0x00, 0x00, 0x00, 0x00, 0x00, 0x00, 0x00, 0x00, 0x00, 0x00, 0x00, 0x00,
    0x00, 0x00, 0x00, 0x00, 0x00, 0x00, 0x00, 0x00, 0x00, 0x00, 0x00, 0x00, 0x00, 0x00, 0x00, 0x00,
    0x00, 0x00, 0xFF, 0x81, 0xFF, 0x81, 0x00, 0x00, 0x00, 0x00, 0x00, 0x00, 0x00, 0x00, 0x00, 0x00,
    0x00, 0x00, 0x00, 0x00, 0x00, 0x00, 0x00, 0x00, 0x00, 0x00, 0x00, 0x00, 0x00, 0x00, 0x00, 0x00,
    0x00, 0x00, 0x00, 0x00, 0x00, 0x00, 0x00, 0x00, 0x00, 0x00, 0x00, 0x00, 0x00, 0x00, 0x00, 0x00,
    0x00, 0x00, 0x00, 0x00, 0x00, 0x00, 0x00, 0x00, 0x00, 0x00, 0x00, 0x00, 0x00, 0x00, 0x00, 0x00,
    0x00, 0x00, 0x00, 0x00, 0x00, 0x00, 0x00, 0x00, 0x00, 0x00, 0x00, 0x00, 0x00, 0x00, 0x00, 0x00,
    0x00, 0x00, 0x00, 0x00, 0x00, 0x00, 0x00, 0x00, 0x00, 0x00, 0x00, 0x00, 0x00, 0x00, 0x00, 0x00,
    0x00, 0x00, 0x00, 0x00, 0x00, 0x00, 0x00, 0x00, 0x00, 0x00, 0x00, 0x00, 0x00, 0x00, 0x00, 0x00,
    0x00, 0x00, 0x00, 0x00, 0x00, 0x00, 0x00, 0x00, 0x00, 0x00, 0x00, 0x00, 0x00, 0x00, 0x00, 0x00,
    0x00, 0x00, 0x00, 0x00, 0x00, 0x00, 0x00, 0x00, 0x00, 0x00, 0x00, 0x00, 0x00, 0x00, 0x00, 0x00,
    0x00, 0x00, 0x00, 0x00, 0x00, 0x00, 0x00, 0x00, 0xFF, 0x81, 0xFF, 0x81, 0x00, 0x00, 0x00, 0x00,
    0x00, 0x00, 0x00, 0x00, 0x00, 0x00, 0x00, 0x00, 0x00, 0x00, 0x00, 0x00, 0x00, 0x00, 0x00, 0x00,
    0x00, 0x00, 0x00, 0x00, 0x00, 0x00, 0x00, 0x00, 0x00, 0x00, 0x00, 0x00, 0x00, 0x00, 0x00, 0x00,
    0x00, 0x00, 0x00, 0x00, 0x00, 0x00, 0x00, 0x00, 0x00, 0x00, 0x00, 0x00, 0x00, 0x00, 0x00, 0x00,
    0x00, 0x00, 0x00, 0x00, 0x00, 0x00, 0x00, 0x00, 0x00, 0x00, 0x00, 0x00, 0x00, 0x00, 0x00, 0x00,
    0x00, 0x00, 0x00, 0x00, 0x00, 0x00, 0x00, 0x00, 0x00, 0x00, 0x00, 0x00, 0x00, 0x00, 0x00, 0x00,
    0x00, 0x00, 0x00, 0x00, 0xFF, 0xDC, 0xFF, 0xAD, 0xFF, 0xE1, 0xFF, 0xAE, 0xFF, 0xAC, 0xFF, 0xC7,
    0xFF, 0xC0, 0xFF, 0xDE, 0xFF, 0xBD, 0xFF, 0xAD, 0xFF, 0xCD, 0xFF, 0xB7, 0xFF, 0xB2, 0xFF, 0xAF,
    0xFF, 0xC0, 0xFF, 0xE6, 0xFF, 0xDD, 0xFF, 0xB3, 0xFF, 0xCF, 0xFF, 0xE5, 0xFF, 0xE2, 0xFF, 0xC0,
    0xFF, 0xE6, 0xFF, 0xB6, 0xFF, 0xB3, 0xFF, 0x8A, 0xFF, 0xE0, 0xFF, 0xB7, 0xFF, 0xB9, 0xFF, 0xB5,
    0xFF, 0xB8, 0xFF, 0x7C, 0x00, 0x00, 0xFF, 0xDA, 0xFF, 0x8C, 0xFF, 0xAB, 0xFF, 0xE0, 0xFF, 0xA5,
    0xFF, 0xE2, 0xFF, 0xCC, 0xFF, 0xCB, 0xFF, 0xB6, 0xFF, 0xCC, 0xFF, 0xA8, 0xFF, 0xC4, 0xFF, 0xE5,
    0xFF, 0xE4, 0xFF, 0xD3, 0xFF, 0xEC, 0xFF, 0xC7, 0xFF, 0xB8, 0x00, 0x00, 0xFF, 0xCB, 0xFF, 0xAA,
    0xFF, 0x7D, 0x00, 0x00, 0xFF, 0x89, 0x00, 0x00, 0x00, 0x00, 0xFF, 0xCA, 0xFF, 0xBD, 0xFF, 0xEC,
    0x00, 0x00, 0xFF, 0xDA, 0x00, 0x00, 0x00, 0x00, 0x00, 0x00, 0xFF, 0xF1, 0xFF, 0xD5, 0xFF, 0xC4,
    0xFF, 0xD2, 0xFF, 0xD3, 0x00, 0x00, 0xFF, 0xC7, 0x00, 0x00, 0xFF, 0xDA, 0xFF, 0xAC, 0x00, 0x00,
    0x00, 0x00, 0x00, 0x00, 0xFF, 0xE1, 0x00, 0x00, 0xFF, 0xDB, 0x00, 0x00, 0x00, 0x00, 0x00, 0x00,
    0x00, 0x00, 0x00, 0x00, 0x00, 0x00, 0xFF, 0xC2, 0xFF, 0xE5, 0x00, 0x00, 0x00, 0x00, 0x00, 0x00,
    0xFF, 0xE2, 0xFF, 0xDF, 0x00, 0x00, 0xFF, 0xE2, 0x00, 0x00, 0x00, 0x00, 0xFF, 0x87, 0xFF, 0xDB,
    0x00, 0x00, 0x00, 0x00, 0xFF, 0xCD, 0xFF, 0xCC, 0x00, 0x00, 0xFF, 0x79, 0xFF, 0xD5, 0xFF, 0xA3,
    0xFF, 0xB9, 0x00, 0x00, 0xFF, 0xA7, 0xFF, 0xDC, 0xFF, 0xC8, 0xFF, 0xC6, 0xFF, 0xB5, 0xFF, 0xE7,
    0xFF, 0xB7, 0xFF, 0xDD, 0xFF, 0xE2, 0xFF, 0xE5, 0xFF, 0xD1, 0x00, 0x00, 0xFF, 0xC8, 0xFF, 0xCC,
    0x00, 0x00, 0xFF, 0xCC, 0xFF, 0xB0, 0x00, 0x00, 0xFF, 0x79, 0x00, 0x00, 0x00, 0x00, 0x00, 0x00,
    0xFF, 0xC9, 0xFF, 0xB9, 0x00, 0x00, 0xFF, 0xED, 0xFF, 0xDB, 0x00, 0x00, 0x00, 0x00, 0x00, 0x00,
    0xFF, 0xEC, 0xFF, 0xDA, 0xFF, 0xC1, 0xFF, 0xE9, 0xFF, 0xEC, 0x00, 0x00, 0x00, 0x00, 0x00, 0x00,
    0x00, 0x00, 0x00, 0x00, 0x00, 0x00, 0x00, 0x00, 0x00, 0x00, 0x00, 0x00, 0x00, 0x00, 0x00, 0x00,
    0x00, 0x00, 0x00, 0x00, 0x00, 0x00, 0x00, 0x00, 0x00, 0x00, 0x00, 0x00, 0x00, 0x00, 0x00, 0x00,
    0x00, 0x00, 0x00, 0x00, 0x00, 0x00, 0x00, 0x00, 0x00, 0x00, 0x00, 0x00, 0x00, 0x00, 0x00, 0x00,
    0x00, 0x00, 0x00, 0x00, 0xFF, 0xCE, 0xFF, 0xE9, 0xFF, 0xE6, 0xFF, 0xE1, 0xFF, 0xE1, 0xFF, 0xDD,
    0xFF, 0xC3, 0xFF, 0xEC, 0xFF, 0xF7, 0xFF, 0xEC, 0x00, 0x00, 0x00, 0x00, 0xFF, 0xD4, 0xFF, 0xC5,
    0xFF, 0xC3, 0x00, 0x00, 0x00, 0x00, 0x00, 0x00, 0x00, 0x00, 0x00, 0x00, 0x00, 0x00, 0xFF, 0xD0,
    0xFF, 0xDC, 0x00, 0x00, 0x00, 0x00, 0x00, 0x00, 0x00, 0x00, 0x00, 0x00, 0xFF, 0xDF, 0xFF, 0xC5,
    0xFF, 0xCF, 0x00, 0x00, 0x00, 0x00, 0x00, 0x00, 0x00, 0x00, 0xFF, 0xD9, 0xFF, 0xDE, 0x00, 0x00,
    0x00, 0x00, 0x00, 0x00, 0x00, 0x00, 0x00, 0x00, 0xFF, 0xDE, 0x00, 0x00, 0x00, 0x00, 0x00, 0x00,
    0x00, 0x00, 0x00, 0x00, 0x00, 0x00, 0xFF, 0xC6, 0xFF, 0xA8, 0x00, 0x00, 0xFF, 0xBA, 0xFF, 0xB8,
    0xFF, 0xDF, 0x00, 0x00, 0xFF, 0xAD, 0x00, 0x00, 0xFF, 0xBB, 0x00, 0x00, 0xFF, 0xC0, 0xFF, 0xB5,
    0xFF, 0xAD, 0xFF, 0xB3, 0xFF, 0x61, 0xFF, 0xE9, 0xFF, 0xBE, 0xFF, 0xCD, 0xFF, 0x88, 0xFF, 0xD6,
    0xFF, 0xDA, 0xFF, 0x6B, 0xFF, 0xC2, 0xFF, 0xB2, 0x00, 0x00, 0x00, 0x00, 0x00, 0x00, 0x00, 0x00,
    0x00, 0x00, 0x00, 0x00, 0x00, 0x00, 0x00, 0x00, 0x00, 0x00, 0x00, 0x00, 0x00, 0x00, 0xFF, 0xCD,
    0x00, 0x00, 0x00, 0x00, 0x00, 0x00, 0x00, 0x00, 0x00, 0x00, 0xFF, 0xE7, 0xFF, 0xB3, 0xFF, 0xD2,
    0xFF, 0x69, 0xFF, 0xDE, 0x00, 0x00, 0x00, 0x00, 0x00, 0x00, 0x00, 0x00, 0x00, 0x00, 0x00, 0x00,
    0x00, 0x00, 0x00, 0x00, 0x00, 0x00, 0x00, 0x00, 0x00, 0x00, 0x00, 0x00, 0x00, 0x00, 0x00, 0x00,
    0x00, 0x00, 0x00, 0x00, 0x00, 0x00, 0x00, 0x00, 0x00, 0x00, 0x00, 0x00, 0x00, 0x00, 0x00, 0x00,
    0x00, 0x00, 0x00, 0x00, 0x00, 0x00, 0x00, 0x00, 0xFF, 0xDF, 0x00, 0x00, 0xFF, 0xDA, 0xFF, 0xC3,
    0xFF, 0xD9, 0xFF, 0xAA, 0xFF, 0xAA, 0xFF, 0x78, 0xFF, 0xBC, 0xFF, 0xDE, 0xFF, 0xB7, 0xFF, 0xB9,
    0xFF, 0xC4, 0xFF, 0xD7, 0xFF, 0xC4, 0xFF, 0xC2, 0xFF, 0xD2, 0xFF, 0xEF, 0xFF, 0xAA, 0xFF, 0xB1,
    0xFF, 0xC4, 0xFF, 0xE7, 0xFF, 0xDB, 0xFF, 0xD4, 0xFF, 0xF1, 0xFF, 0xAE, 0xFF, 0xD6, 0x00, 0x00,
    0x00, 0x00, 0x00, 0x00, 0x00, 0x00, 0x00, 0x00, 0x00, 0x00, 0x00, 0x00, 0x00, 0x00, 0x00, 0x00,
    0x00, 0x00, 0x00, 0x00, 0x00, 0x00, 0x00, 0x00, 0x00, 0x00, 0x00, 0x00, 0x00, 0x00, 0x00, 0x00,
    0xFF, 0x5C, 0xFF, 0x39, 0xFF, 0xC0, 0xFF, 0xEF, 0xFF, 0xDF, 0x00, 0x00, 0x00, 0x00, 0x00, 0x00,
    0x00, 0x00, 0x00, 0x00, 0x00, 0x00, 0x00, 0x00, 0x00, 0x00, 0x00, 0x00, 0x00, 0x00, 0x00, 0x00,
    0x00, 0x00, 0x00, 0x00, 0x00, 0x00, 0x00, 0x00, 0x00, 0x00, 0x00, 0x00, 0x00, 0x00, 0x00, 0x00,
    0x00, 0x00, 0x00, 0x00, 0x00, 0x00, 0x00, 0x00, 0x00, 0x00, 0x00, 0x00, 0x00, 0x00, 0xFF, 0xB8,
    0x00, 0x00, 0xFF, 0xD6, 0xFF, 0xC1, 0xFF, 0xD5, 0xFF, 0xA9, 0xFF, 0xAB, 0xFF, 0x81, 0xFF, 0xBB,
    0xFF, 0xDA, 0xFF, 0xB6, 0xFF, 0xB9, 0xFF, 0xC0, 0xFF, 0xD4, 0xFF, 0xC2, 0xFF, 0xC1, 0xFF, 0xCF,
    0xFF, 0xEC, 0xFF, 0xA9, 0xFF, 0xB0, 0xFF, 0xC2, 0xFF, 0xE3, 0xFF, 0xD8, 0xFF, 0xBA, 0xFF, 0xED,
    0xFF, 0xAC, 0xFF, 0xD4, 0x00, 0x00, 0x00, 0x00, 0x00, 0x00, 0x00, 0x00, 0x00, 0x00, 0x00, 0x00,
    0x00, 0x00, 0x00, 0x00, 0x00, 0x00, 0x00, 0x00, 0x00, 0x00, 0x00, 0x00, 0x00, 0x00, 0x00, 0x00,
    0x00, 0x00, 0x00, 0x00, 0x00, 0x00, 0xFF, 0x81, 0xFF, 0x81, 0xFF, 0xBE, 0xFF, 0xEB, 0xFF, 0xD9,
    0x00, 0x00, 0x00, 0x00, 0x00, 0x00, 0x00, 0x00, 0x00, 0x00, 0x00, 0x00, 0x00, 0x00, 0x00, 0x00,
    0x00, 0x00, 0x00, 0x00, 0x00, 0x00, 0x00, 0x00, 0x00, 0x00, 0x00, 0x00, 0x00, 0x00, 0x00, 0x00,
    0x00, 0x00, 0x00, 0x00, 0x00, 0x00, 0x00, 0x00, 0x00, 0x00, 0x00, 0x00, 0x00, 0x00, 0x00, 0x00,
    0x00, 0x00, 0x00, 0x00, 0xFF, 0xB7, 0x00, 0x00, 0xFF, 0xF8, 0xFF, 0xE3, 0xFF, 0xFA, 0xFF, 0xBA,
    0xFF, 0xBA, 0xFF, 0x94, 0xFF, 0xD8, 0xFF, 0xFB, 0xFF, 0xC5, 0xFF, 0xC9, 0xFF, 0xCE, 0xFF, 0xEA,
    0xFF, 0xDD, 0xFF, 0xD8, 0xFF, 0xEF, 0x00, 0x08, 0xFF, 0xBB, 0xFF, 0xBC, 0xFF, 0xE2, 0x00, 0x00,
    0xFF, 0xFE, 0xFF, 0xC9, 0x00, 0x04, 0xFF, 0xB6, 0xFF, 0xE9, 0xFF, 0xB3, 0xFF, 0xFE, 0xFF, 0xBF,
    0xFF, 0xBA, 0xFF, 0x81, 0xFF, 0x81, 0xFF, 0x9F, 0xFF, 0xAB, 0xFF, 0xEE, 0xFF, 0xA3, 0xFF, 0xB4,
    0xFF, 0xFE, 0xFF, 0xCC, 0xFF, 0xFE, 0xFF, 0xF5, 0xFF, 0xF6, 0xFF, 0xE9, 0xFF, 0x9E, 0xFF, 0x9B,
    0xFF, 0xDE, 0x00, 0x00, 0x00, 0x00, 0x00, 0x00, 0xFF, 0xF6, 0xFF, 0xF3, 0xFF, 0x72, 0x00, 0x00,
    0xFF, 0xEC, 0xFF, 0xAC, 0xFF, 0xA1, 0xFF, 0xAC, 0xFF, 0xB2, 0x00, 0x00, 0x00, 0x00, 0xFF, 0xF7,
    0xFF, 0xFD, 0xFF, 0xF2, 0xFF, 0xEE, 0x00, 0x00, 0x00, 0x00, 0x00, 0x00, 0x00, 0x00, 0x00, 0x0D,
    0xFF, 0x8F, 0xFF, 0xF2, 0xFF, 0xFA, 0xFF, 0xFA, 0x00, 0x00, 0xFF, 0xC7, 0x00, 0x00, 0x00, 0x00,
    0x00, 0x00, 0x00, 0x00, 0x00, 0x00, 0x00, 0x00, 0x00, 0x00, 0x00, 0x00, 0x00, 0x00, 0x00, 0x00,
    0x00, 0x00, 0x00, 0x00, 0x00, 0x00, 0x00, 0x00, 0x00, 0x00, 0x00, 0x00, 0x00, 0x00, 0x00, 0x00,
    0x00, 0x00, 0x00, 0x00, 0x00, 0x00, 0x00, 0x00, 0x00, 0x00, 0x00, 0x00, 0x00, 0x00, 0x00, 0x00,
    0xFF, 0xE2, 0xFF, 0xE6, 0xFF, 0xE1, 0xFF, 0xDB, 0xFF, 0xD6, 0xFF, 0xD6, 0xFF, 0xE2, 0xFF, 0xD4,
    0xFF, 0xF4, 0xFF, 0xF5, 0xFF, 0xE4, 0x00, 0x00, 0xFF, 0xF7, 0xFF, 0xDE, 0xFF, 0xE4, 0xFF, 0xE6,
    0x00, 0x11, 0x00, 0x00, 0x00, 0x00, 0x00, 0x00, 0x00, 0x00, 0x00, 0x00, 0xFF, 0xEB, 0xFF, 0xCD,
    0x00, 0x1C, 0xFF, 0xD1, 0x00, 0x00, 0x00, 0x00, 0x00, 0x00, 0xFF, 0xE6, 0xFF, 0xD6, 0xFF, 0xE0,
    0x00, 0x00, 0x00, 0x00, 0x00, 0x0A, 0xFF, 0xFC, 0xFF, 0xC6, 0xFF, 0xC9, 0xFF, 0xFE, 0x00, 0x00,
    0x00, 0x00, 0x00, 0x00, 0xFF, 0xF2, 0xFF, 0xD6, 0x00, 0x00, 0x00, 0x00, 0x00, 0x15, 0x00, 0x00,
    0x00, 0x00, 0x00, 0x00, 0xFF, 0xDE, 0xFF, 0xCA, 0xFF, 0xDC, 0xFF, 0xB6, 0xFF, 0xB6, 0xFF, 0x85,
    0xFF, 0xC9, 0xFF, 0xE1, 0xFF, 0xC1, 0xFF, 0xC1, 0xFF, 0xC7, 0xFF, 0xD8, 0xFF, 0xD3, 0xFF, 0xCF,
    0xFF, 0xD0, 0xFF, 0xF0, 0xFF, 0xB6, 0xFF, 0xB7, 0xFF, 0xD5, 0xFF, 0xE9, 0xFF, 0xDC, 0xFF, 0xBD,
    0xFF, 0xEE, 0xFF, 0xB4, 0xFF, 0xD8, 0xFF, 0xB3, 0xFF, 0xE1, 0xFF, 0xB9, 0xFF, 0xB6, 0xFF, 0x81,
    0xFF, 0x81, 0xFF, 0xA3, 0xFF, 0xAC, 0xFF, 0xD8, 0xFF, 0xA9, 0xFF, 0xB2, 0xFF, 0xDE, 0xFF, 0xB7,
    0xFF, 0xE2, 0xFF, 0xD5, 0xFF, 0xD5, 0xFF, 0xD0, 0xFF, 0x9E, 0xFF, 0xA1, 0xFF, 0xC7, 0xFF, 0xED,
    0xFF, 0xE5, 0xFF, 0xDE, 0xFF, 0xE2, 0xFF, 0xD6, 0xFF, 0x6F, 0x00, 0x00, 0xFF, 0xD4, 0xFF, 0xAC,
    0xFF, 0xA4, 0xFF, 0xAD, 0xFF, 0xB2, 0x00, 0x00, 0x00, 0x00, 0xFF, 0xDC, 0xFF, 0xDB, 0xFF, 0xDD,
    0xFF, 0xDE, 0xFF, 0xE8, 0x00, 0x00, 0x00, 0x00, 0x00, 0x00, 0xFF, 0xF4, 0xFF, 0x72, 0xFF, 0xCF,
    0xFF, 0xD7, 0xFF, 0xD7, 0x00, 0x00, 0xFF, 0xBD, 0x00, 0x00, 0x00, 0x00, 0x00, 0x00, 0x00, 0x00,
    0xFF, 0xF4, 0xFF, 0xF4, 0x00, 0x00, 0xFF, 0xF6, 0x00, 0x00, 0xFF, 0xFE, 0xFF, 0xFB, 0x00, 0x00,
    0x00, 0x13, 0x00, 0x0B, 0x00, 0x00, 0x00, 0x00, 0x00, 0x00, 0x00, 0x00, 0xFF, 0xFE, 0x00, 0x0B,
    0x00, 0x00, 0x00, 0x00, 0x00, 0x00, 0x00, 0x00, 0x00, 0x00, 0x00, 0x12, 0x00, 0x00, 0x00, 0x0B,
    0x00, 0x00, 0xFF, 0xFD, 0xFF, 0xF5, 0xFF, 0xF2, 0xFF, 0xAF, 0x00, 0x00, 0x00, 0x0B, 0xFF, 0xC5,
    0x00, 0x00, 0x00, 0x00, 0xFF, 0xF0, 0x00, 0x0B, 0xFF, 0xFE, 0xFF, 0xFE, 0x00, 0x00, 0x00, 0x00,
    0x00, 0x00, 0x00, 0x00, 0x00, 0x00, 0x00, 0x00, 0x00, 0x00, 0x00, 0x00, 0x00, 0x00, 0xFF, 0xF2,
    0x00, 0x0D, 0x00, 0x00, 0x00, 0x00, 0xFF, 0xB0, 0x00, 0x00, 0xFF, 0xD6, 0x00, 0x00, 0x00, 0x00,
    0x00, 0x00, 0x00, 0x00, 0x00, 0x18, 0x00, 0x00, 0x00, 0x00, 0x00, 0x00, 0x00, 0x0A, 0x00, 0x00,
    0x00, 0x00, 0xFF, 0xF5, 0x00, 0x00, 0x00, 0x00, 0x00, 0x00, 0x00, 0x00, 0x00, 0x00, 0x00, 0x00,
    0x00, 0x00, 0x00, 0x00, 0x00, 0x00, 0x00, 0x00, 0x00, 0x00, 0x00, 0x00, 0x00, 0x00, 0x00, 0x00,
    0x00, 0x00, 0x00, 0x00, 0x00, 0x00, 0x00, 0x00, 0x00, 0x00, 0x00, 0x00, 0x00, 0x00, 0x00, 0x00,
    0x00, 0x00, 0x00, 0x00, 0x00, 0x00, 0x00, 0x00, 0x00, 0x00, 0x00, 0x00, 0x00, 0x00, 0x00, 0x00,
    0x00, 0x00, 0xFF, 0xDD, 0xFF, 0xE4, 0xFF, 0xE5, 0xFF, 0xE1, 0xFF, 0xD9, 0xFF, 0xD9, 0xFF, 0xDC,
    0xFF, 0xC9, 0xFF, 0xF6, 0xFF, 0xF2, 0xFF, 0xE5, 0x00, 0x00, 0xFF, 0xF9, 0xFF, 0xE4, 0xFF, 0xE6,
    0xFF, 0xE6, 0x00, 0x12, 0x00, 0x00, 0x00, 0x00, 0x00, 0x00, 0x00, 0x00, 0x00, 0x00, 0xFF, 0xF2,
    0xFF, 0xD1, 0x00, 0x1A, 0xFF, 0xD5, 0x00, 0x00, 0x00, 0x00, 0x00, 0x00, 0xFF, 0xDF, 0xFF, 0xCB,
    0xFF, 0xD6, 0x00, 0x00, 0x00, 0x00, 0x00, 0x15, 0xFF, 0xFE, 0xFF, 0xC9, 0xFF, 0xCC, 0x00, 0x00,
    0x00, 0x00, 0x00, 0x00, 0x00, 0x00, 0xFF, 0xF5, 0xFF, 0xD8, 0x00, 0x00, 0x00, 0x02, 0x00, 0x14,
    0x00, 0x00, 0x00, 0x00, 0x00, 0x00, 0x00, 0x00, 0x00, 0x00, 0x00, 0x00, 0x00, 0x00, 0x00, 0x00,
    0x00, 0x00, 0x00, 0x00, 0x00, 0x00, 0x00, 0x00, 0x00, 0x00, 0x00, 0x00, 0x00, 0x00, 0x00, 0x00,
    0x00, 0x00, 0x00, 0x00, 0x00, 0x00, 0x00, 0x00, 0x00, 0x00, 0x00, 0x00, 0x00, 0x00, 0x00, 0x00,
    0x00, 0x00, 0x00, 0x00, 0x00, 0x00, 0x00, 0x00, 0xFF, 0xE2, 0xFF, 0xF0, 0xFF, 0xF9, 0xFF, 0xF8,
    0xFF, 0xF2, 0xFF, 0xEF, 0xFF, 0xB8, 0xFF, 0xCE, 0x00, 0x00, 0xFF, 0xC7, 0xFF, 0xEC, 0x00, 0x00,
    0xFF, 0xF4, 0xFF, 0xEF, 0xFF, 0xF1, 0xFF, 0xF3, 0x00, 0x0E, 0x00, 0x00, 0x00, 0x00, 0x00, 0x00,
    0x00, 0x00, 0x00, 0x00, 0xFF, 0xFD, 0xFF, 0xE3, 0x00, 0x0D, 0xFF, 0xEF, 0x00, 0x00, 0x00, 0x00,
    0xFF, 0xDD, 0xFF, 0xB9, 0xFF, 0xD0, 0xFF, 0xDB, 0x00, 0x00, 0x00, 0x00, 0x00, 0x19, 0x00, 0x04,
    0xFF, 0xDB, 0xFF, 0xF0, 0x00, 0x19, 0x00, 0x00, 0x00, 0x00, 0x00, 0x00, 0xFF, 0xFE, 0xFF, 0xF1,
    0xFF, 0xFE, 0x00, 0x0C, 0x00, 0x00, 0x00, 0x00, 0x00, 0x00, 0x00, 0x00, 0x00, 0x00, 0x00, 0x00,
    0x00, 0x00, 0x00, 0x00, 0x00, 0x00, 0x00, 0x00, 0x00, 0x00, 0x00, 0x00, 0x00, 0x00, 0x00, 0x00,
    0x00, 0x00, 0x00, 0x00, 0x00, 0x00, 0x00, 0x00, 0x00, 0x00, 0x00, 0x00, 0x00, 0x00, 0x00, 0x00,
    0x00, 0x00, 0x00, 0x00, 0x00, 0x00, 0x00, 0x00, 0x00, 0x00, 0x00, 0x00, 0x00, 0x00, 0xFF, 0xDB,
    0xFF, 0xF0, 0xFF, 0xF9, 0xFF, 0xF8, 0xFF, 0xF2, 0xFF, 0xEF, 0xFF, 0xB2, 0xFF, 0xC7, 0x00, 0x00,
    0xFF, 0xC4, 0xFF, 0xE9, 0x00, 0x00, 0xFF, 0xF1, 0xFF, 0xEF, 0xFF, 0xF1, 0xFF, 0xF3, 0x00, 0x05,
    0x00, 0x00, 0x00, 0x00, 0x00, 0x00, 0x00, 0x00, 0x00, 0x00, 0xFF, 0xFD, 0xFF, 0xE3, 0x00, 0x0B,
    0xFF, 0xEF, 0x00, 0x00, 0x00, 0x00, 0xFF, 0xD5, 0xFF, 0xB3, 0xFF, 0xCB, 0xFF, 0xD6, 0x00, 0x00,
    0x00, 0x00, 0x00, 0x15, 0x00, 0x04, 0xFF, 0xDB, 0xFF, 0xEE, 0x00, 0x17, 0x00, 0x00, 0x00, 0x00,
    0x00, 0x00, 0xFF, 0xFE, 0xFF, 0xF0, 0xFF, 0xFE, 0x00, 0x00, 0x00, 0x0B, 0x00, 0x00, 0x00, 0x00,
    0x00, 0x00, 0xFF, 0xD7, 0xFF, 0xA6, 0x00, 0x00, 0xFF, 0xB7, 0xFF, 0xB5, 0xFF, 0xE7, 0xFF, 0xB5,
    0xFF, 0xAB, 0xFF, 0xD8, 0xFF, 0xBA, 0xFF, 0xC8, 0xFF, 0xC8, 0xFF, 0xC6, 0xFF, 0xB0, 0xFF, 0xB3,
    0xFF, 0x83, 0xFF, 0xF8, 0xFF, 0xBF, 0xFF, 0xE5, 0xFF, 0x9C, 0xFF, 0xDE, 0xFF, 0xE0, 0xFF, 0x91,
    0xFF, 0xC8, 0xFF, 0xB3, 0x00, 0x00, 0x00, 0x00, 0x00, 0x00, 0x00, 0x00, 0x00, 0x00, 0x00, 0x00,
    0x00, 0x00, 0x00, 0x00, 0x00, 0x00, 0x00, 0x00, 0x00, 0x00, 0xFF, 0xD9, 0x00, 0x00, 0x00, 0x00,
    0x00, 0x00, 0x00, 0x00, 0x00, 0x00, 0xFF, 0xE5, 0xFF, 0xB4, 0xFF, 0xDB, 0xFF, 0x74, 0xFF, 0xE6,
    0x00, 0x00, 0x00, 0x00, 0x00, 0x00, 0x00, 0x00, 0x00, 0x00, 0x00, 0x00, 0x00, 0x00, 0x00, 0x00,
    0x00, 0x00, 0x00, 0x00, 0x00, 0x00, 0x00, 0x00, 0x00, 0x00, 0x00, 0x00, 0x00, 0x00, 0x00, 0x00,
    0x00, 0x00, 0x00, 0x00, 0x00, 0x00, 0x00, 0x00, 0x00, 0x00, 0x00, 0x00, 0x00, 0x00, 0x00, 0x00,
    0x00, 0x00, 0x00, 0x00, 0xFF, 0xED, 0x00, 0x00, 0xFF, 0xF7, 0xFF, 0xFB, 0xFF, 0xFB, 0xFF, 0xF8,
    0xFF, 0xF6, 0xFF, 0xC7, 0xFF, 0xF6, 0x00, 0x00, 0xFF, 0xFB, 0xFF, 0xFE, 0xFF, 0xF4, 0x00, 0x06,
    0x00, 0x07, 0x00, 0x00, 0xFF, 0xF3, 0x00, 0x00, 0xFF, 0xF7, 0xFF, 0xF9, 0x00, 0x07, 0x00, 0x00,
    0xFF, 0xBA, 0xFF, 0xF7, 0x00, 0x00, 0xFF, 0xF3, 0x00, 0x06, 0xFF, 0xE5, 0xFF, 0xDC, 0xFF, 0xF2,
    0xFF, 0xED, 0xFF, 0xB4, 0xFF, 0xB3, 0xFF, 0xC6, 0x00, 0x00, 0x00, 0x00, 0xFF, 0xD5, 0xFF, 0xEF,
    0xFF, 0xFE, 0xFF, 0xEB, 0xFF, 0xD9, 0xFF, 0xD9, 0xFF, 0xDE, 0x00, 0x00, 0x00, 0x00, 0x00, 0x00,
    0x00, 0x00, 0x00, 0x00, 0x00, 0x00, 0x00, 0x00, 0xFF, 0xA8, 0x00, 0x00, 0x00, 0x00, 0xFF, 0xEE,
    0x00, 0x00, 0x00, 0x00, 0xFF, 0xC8, 0x00, 0x00, 0xFF, 0xE4, 0x00, 0x00, 0x00, 0x00, 0x00, 0x00,
    0x00, 0x00, 0xFF, 0xAF, 0x00, 0x00, 0x00, 0x00, 0x00, 0x00, 0xFF, 0xE1, 0x00, 0x00, 0x00, 0x00,
    0xFF, 0xB7, 0x00, 0x00, 0x00, 0x00, 0x00, 0x00, 0x00, 0x00, 0xFF, 0xFD, 0x00, 0x00, 0xFF, 0xEF,
    0xFF, 0xF0, 0xFF, 0xF3, 0xFF, 0xE2, 0xFF, 0xE0, 0xFF, 0xFD, 0xFF, 0xE3, 0xFF, 0xEA, 0xFF, 0xF3,
    0xFF, 0xF4, 0xFF, 0xEE, 0x00, 0x00, 0x00, 0x00, 0x00, 0x00, 0xFF, 0xEC, 0xFF, 0xB7, 0xFF, 0xEB,
    0xFF, 0xEA, 0x00, 0x00, 0xFF, 0xD3, 0xFF, 0xEE, 0xFF, 0xFC, 0xFF, 0xA2, 0xFF, 0xEE, 0x00, 0x00,
    0xFF, 0xC8, 0xFF, 0xD5, 0xFF, 0xF1, 0xFF, 0xEF, 0xFF, 0xE0, 0xFF, 0xE3, 0xFF, 0xAB, 0x00, 0x00,
    0xFF, 0xEC, 0xFF, 0xB8, 0xFF, 0xDD, 0xFF, 0xF6, 0xFF, 0xE0, 0xFF, 0xCD, 0xFF, 0xD2, 0xFF, 0xD5,
    0xFF, 0xF6, 0x00, 0x00, 0xFF, 0xCA, 0x00, 0x00, 0xFF, 0xCA, 0xFF, 0xF8, 0xFF, 0xDF, 0xFF, 0xD2,
    0x00, 0x00, 0xFF, 0xE3, 0xFF, 0xEC, 0x00, 0x00, 0x00, 0x00, 0xFF, 0xAC, 0x00, 0x00, 0xFF, 0xC4,
    0x00, 0x00, 0xFF, 0xF3, 0x00, 0x00, 0xFF, 0xEF, 0xFF, 0xC8, 0x00, 0x00, 0x00, 0x00, 0xFF, 0xDD,
    0xFF, 0xDD, 0xFF, 0xD4, 0x00, 0x00, 0xFF, 0xEB, 0x00, 0x00, 0x00, 0x00, 0x00, 0x00, 0xFF, 0xED,
    0x00, 0x00, 0x00, 0x02, 0x00, 0x29, 0x00, 0x01, 0x00, 0x24, 0x00, 0x00, 0x00, 0x29, 0x00, 0x29,
    0x00, 0x24, 0x00, 0x2C, 0x00, 0x34, 0x00, 0x25, 0x00, 0x36, 0x00, 0x37, 0x00, 0x2E, 0x00, 0x3A,
    0x00, 0x45, 0x00, 0x30, 0x00, 0x47, 0x00, 0x49, 0x00, 0x3C, 0x00, 0x4B, 0x00, 0x54, 0x00, 0x3F,
    0x00, 0x56, 0x00, 0x78, 0x00, 0x49, 0x00, 0x7A, 0x00, 0x92, 0x00, 0x6C, 0x00, 0x94, 0x00, 0xA7,
    0x00, 0x85, 0x00, 0xAA, 0x00, 0xB5, 0x00, 0x99, 0x00, 0xB7, 0x00, 0xBE, 0x00, 0xA5, 0x00, 0xC1,
    0x00, 0xC6, 0x00, 0xAD, 0x00, 0xC8, 0x00, 0xC9, 0x00, 0xB3, 0x00, 0xCC, 0x00, 0xCD, 0x00, 0xB5,
    0x00, 0xCF, 0x00, 0xDC, 0x00, 0xB7, 0x00, 0xDE, 0x00, 0xE1, 0x00, 0xC5, 0x00, 0xE3, 0x00, 0xE3,
    0x00, 0xC9, 0x00, 0xE6, 0x00, 0xE7, 0x00, 0xCA, 0x00, 0xE9, 0x00, 0xEB, 0x00, 0xCC, 0x00, 0xED,
    0x01, 0x10, 0x00, 0xCF, 0x01, 0x12, 0x01, 0x49, 0x00, 0xF3, 0x01, 0x58, 0x01, 0x59, 0x01, 0x2B,
    0x01, 0x5D, 0x01, 0x5D, 0x01, 0x2D, 0x01, 0x5F, 0x01, 0x5F, 0x01, 0x2E, 0x01, 0x63, 0x01, 0x63,
    0x01, 0x2F, 0x01, 0x65, 0x01, 0x65, 0x01, 0x30, 0x01, 0x69, 0x01, 0x69, 0x01, 0x31, 0x01, 0x6B,
    0x01, 0x6B, 0x01, 0x32, 0x01, 0x6F, 0x01, 0x74, 0x01, 0x33, 0x01, 0x76, 0x01, 0x77, 0x01, 0x39,
    0x01, 0x7D, 0x01, 0x86, 0x01, 0x3B, 0x01, 0x88, 0x01, 0x88, 0x01, 0x45, 0x01, 0x8A, 0x01, 0x8B,
    0x01, 0x46, 0x01, 0x8E, 0x01, 0x8E, 0x01, 0x48, 0x01, 0x90, 0x01, 0xA2, 0x01, 0x49, 0x01, 0xAA,
    0x01, 0xAA, 0x01, 0x5C, 0x01, 0xAE, 0x01, 0xAE, 0x01, 0x5D, 0x01, 0xB3, 0x01, 0xB5, 0x01, 0x5E,
    0x01, 0xB7, 0x01, 0xB7, 0x01, 0x61, 0x01, 0xBB, 0x01, 0xBD, 0x01, 0x62, 0x00, 0x01, 0x00, 0x01,
    0x01, 0xBD, 0x00, 0x06, 0x00, 0x06, 0x00, 0x06, 0x00, 0x06, 0x00, 0x06, 0x00, 0x06, 0x00, 0x06,
    0x00, 0x06, 0x00, 0x06, 0x00, 0x06, 0x00, 0x06, 0x00, 0x06, 0x00, 0x01, 0x00, 0x02, 0x00, 0x02,
    0x00, 0x02, 0x00, 0x02, 0x00, 0x02, 0x00, 0x00, 0x00, 0x00, 0x00, 0x01, 0x00, 0x00, 0x00, 0x00,
    0x00, 0x01, 0x00, 0x01, 0x00, 0x01, 0x00, 0x01, 0x00, 0x01, 0x00, 0x01, 0x00, 0x01, 0x00, 0x01,
    0x00, 0x00, 0x00, 0x02, 0x00, 0x02, 0x00, 0x02, 0x00, 0x02, 0x00, 0x00, 0x00, 0x00, 0x00, 0x00,
    0x00, 0x01, 0x00, 0x01, 0x00, 0x00, 0x00, 0x00, 0x00, 0x01, 0x00, 0x01, 0x00, 0x01, 0x00, 0x00,
    0x00, 0x2B, 0x00, 0x00, 0x00, 0x01, 0x00, 0x00, 0x00, 0x01, 0x00, 0x01, 0x00, 0x01, 0x00, 0x00,
    0x00, 0x00, 0x00, 0x00, 0x00, 0x01, 0x00, 0x01, 0x00, 0x01, 0x00, 0x01, 0x00, 0x01, 0x00, 0x02,
    0x00, 0x02, 0x00, 0x02, 0x00, 0x02, 0x00, 0x02, 0x00, 0x02, 0x00, 0x02, 0x00, 0x00, 0x00, 0x02,
    0x00, 0x02, 0x00, 0x00, 0x00, 0x01, 0x00, 0x02, 0x00, 0x01, 0x00, 0x01, 0x00, 0x01, 0x00, 0x00,
    0x00, 0x0F, 0x00, 0x0F, 0x00, 0x0F, 0x00, 0x0F, 0x00, 0x0F, 0x00, 0x00, 0x00, 0x17, 0x00, 0x17,
    0x00, 0x17, 0x00, 0x08, 0x00, 0x08, 0x00, 0x08, 0x00, 0x08, 0x00, 0x08, 0x00, 0x08, 0x00, 0x08,
    0x00, 0x08, 0x00, 0x08, 0x00, 0x08, 0x00, 0x2E, 0x00, 0x14, 0x00, 0x14, 0x00, 0x14, 0x00, 0x14,
    0x00, 0x14, 0x00, 0x2F, 0x00, 0x10, 0x00, 0x10, 0x00, 0x10, 0x00, 0x10, 0x00, 0x10, 0x00, 0x15,
    0x00, 0x15, 0x00, 0x15, 0x00, 0x15, 0x00, 0x06, 0x00, 0x02, 0x00, 0x01, 0x00, 0x01, 0x00, 0x02,
    0x00, 0x02, 0x00, 0x00, 0x00, 0x01, 0x00, 0x01, 0x00, 0x01, 0x00, 0x01, 0x00, 0x02, 0x00, 0x00,
    0x00, 0x0F, 0x00, 0x17, 0x00, 0x08, 0x00, 0x10, 0x00, 0x15, 0x00, 0x01, 0x00, 0x01, 0x00, 0x00,
    0x00, 0x01, 0x00, 0x01, 0x00, 0x01, 0x00, 0x2D, 0x00, 0x02, 0x00, 0x02, 0x00, 0x02, 0x00, 0x02,
    0x00, 0x2C, 0x00, 0x02, 0x00, 0x01, 0x00, 0x01, 0x00, 0x02, 0x00, 0x02, 0x00, 0x18, 0x00, 0x18,
    0x00, 0x0B, 0x00, 0x0B, 0x00, 0x0B, 0x00, 0x0B, 0x00, 0x0B, 0x00, 0x0B, 0x00, 0x18, 0x00, 0x0B,
    0x00, 0x0B, 0x00, 0x18, 0x00, 0x00, 0x00, 0x05, 0x00, 0x05, 0x00, 0x07, 0x00, 0x05, 0x00, 0x05,
    0x00, 0x04, 0x00, 0x00, 0x00, 0x04, 0x00, 0x04, 0x00, 0x05, 0x00, 0x05, 0x00, 0x07, 0x00, 0x07,
    0x00, 0x07, 0x00, 0x05, 0x00, 0x05, 0x00, 0x07, 0x00, 0x05, 0x00, 0x0C, 0x00, 0x11, 0x00, 0x11,
    0x00, 0x11, 0x00, 0x11, 0x00, 0x00, 0x00, 0x00, 0x00, 0x25, 0x00, 0x09, 0x00, 0x03, 0x00, 0x3A,
    0x00, 0x3B, 0x00, 0x03, 0x00, 0x03, 0x00, 0x25, 0x00, 0x00, 0x00, 0x03, 0x00, 0x03, 0x00, 0x00,
    0x00, 0x00, 0x00, 0x03, 0x00, 0x00, 0x00, 0x03, 0x00, 0x03, 0x00, 0x03, 0x00, 0x00, 0x00, 0x00,
    0x00, 0x00, 0x00, 0x09, 0x00, 0x09, 0x00, 0x09, 0x00, 0x09, 0x00, 0x09, 0x00, 0x05, 0x00, 0x05,
    0x00, 0x07, 0x00, 0x07, 0x00, 0x07, 0x00, 0x07, 0x00, 0x07, 0x00, 0x00, 0x00, 0x07, 0x00, 0x05,
    0x00, 0x00, 0x00, 0x03, 0x00, 0x04, 0x00, 0x00, 0x00, 0x09, 0x00, 0x03, 0x00, 0x09, 0x00, 0x12,
    0x00, 0x12, 0x00, 0x12, 0x00, 0x12, 0x00, 0x12, 0x00, 0x09, 0x00, 0x19, 0x00, 0x19, 0x00, 0x19,
    0x00, 0x0A, 0x00, 0x0A, 0x00, 0x0A, 0x00, 0x0A, 0x00, 0x0A, 0x00, 0x0A, 0x00, 0x0A, 0x00, 0x0A,
    0x00, 0x0A, 0x00, 0x0A, 0x00, 0x0D, 0x00, 0x0E, 0x00, 0x0E, 0x00, 0x0E, 0x00, 0x0E, 0x00, 0x0E,
    0x00, 0x4A, 0x00, 0x0D, 0x00, 0x0D, 0x00, 0x0D, 0x00, 0x0D, 0x00, 0x0D, 0x00, 0x16, 0x00, 0x16,
    0x00, 0x16, 0x00, 0x16, 0x00, 0x0B, 0x00, 0x05, 0x00, 0x07, 0x00, 0x05, 0x00, 0x11, 0x00, 0x11,
    0x00, 0x03, 0x00, 0x00, 0x00, 0x03, 0x00, 0x03, 0x00, 0x00, 0x00, 0x03, 0x00, 0x03, 0x00, 0x03,
    0x00, 0x09, 0x00, 0x07, 0x00, 0x09, 0x00, 0x12, 0x00, 0x19, 0x00, 0x0A, 0x00, 0x0E, 0x00, 0x0D,
    0x00, 0x16, 0x00, 0x04, 0x00, 0x04, 0x00, 0x04, 0x00, 0x04, 0x00, 0x04, 0x00, 0x04, 0x00, 0x04,
    0x00, 0x04, 0x00, 0x04, 0x00, 0x04, 0x00, 0x04, 0x00, 0x13, 0x00, 0x13, 0x00, 0x13, 0x00, 0x13,
    0x00, 0x13, 0x00, 0x03, 0x00, 0x03, 0x00, 0x04, 0x00, 0x13, 0x00, 0x03, 0x00, 0x0C, 0x00, 0x0C,
    0x00, 0x0C, 0x00, 0x0C, 0x00, 0x0E, 0x00, 0x0C, 0x00, 0x0C, 0x00, 0x00, 0x00, 0x00, 0x00, 0x2A,
    0x00, 0x3D, 0x00, 0x47, 0x00, 0x46, 0x00, 0x36, 0x00, 0x35, 0x00, 0x2A, 0x00, 0x44, 0x00, 0x32,
    0x00, 0x3C, 0x00, 0x48, 0x00, 0x00, 0x00, 0x00, 0x00, 0x00, 0x00, 0x00, 0x00, 0x00, 0x00, 0x00,
    0x00, 0x00, 0x00, 0x00, 0x00, 0x00, 0x00, 0x00, 0x00, 0x00, 0x00, 0x00, 0x00, 0x00, 0x00, 0x39,
    0x00, 0x1E, 0x00, 0x1E, 0x00, 0x1C, 0x00, 0x1C, 0x00, 0x00, 0x00, 0x22, 0x00, 0x00, 0x00, 0x41,
    0x00, 0x00, 0x00, 0x00, 0x00, 0x00, 0x00, 0x30, 0x00, 0x00, 0x00, 0x45, 0x00, 0x00, 0x00, 0x00,
    0x00, 0x00, 0x00, 0x22, 0x00, 0x00, 0x00, 0x00, 0x00, 0x00, 0x00, 0x00, 0x00, 0x00, 0x00, 0x1F,
    0x00, 0x1F, 0x00, 0x1D, 0x00, 0x1D, 0x00, 0x33, 0x00, 0x34, 0x00, 0x00, 0x00, 0x42, 0x00, 0x00,
    0x00, 0x00, 0x00, 0x00, 0x00, 0x00, 0x00, 0x00, 0x00, 0x00, 0x00, 0x37, 0x00, 0x20, 0x00, 0x20,
    0x00, 0x49, 0x00, 0x38, 0x00, 0x21, 0x00, 0x21, 0x00, 0x26, 0x00, 0x3E, 0x00, 0x00, 0x00, 0x00,
    0x00, 0x00, 0x00, 0x31, 0x00, 0x26, 0x00, 0x3F, 0x00, 0x00, 0x00, 0x00, 0x00, 0x00, 0x00, 0x00,
    0x00, 0x00, 0x00, 0x00, 0x00, 0x28, 0x00, 0x43, 0x00, 0x28, 0x00, 0x1B, 0x00, 0x23, 0x00, 0x24,
    0x00, 0x23, 0x00, 0x24, 0x00, 0x27, 0x00, 0x27, 0x00, 0x00, 0x00, 0x00, 0x00, 0x29, 0x00, 0x1B,
    0x00, 0x29, 0x00, 0x1B, 0x00, 0x00, 0x00, 0x00, 0x00, 0x00, 0x00, 0x00, 0x00, 0x00, 0x00, 0x00,
    0x00, 0x00, 0x00, 0x00, 0x00, 0x00, 0x00, 0x00, 0x00, 0x00, 0x00, 0x00, 0x00, 0x00, 0x00, 0x00,
    0x00, 0x00, 0x00, 0x00, 0x00, 0x00, 0x00, 0x00, 0x00, 0x1A, 0x00, 0x1A, 0x00, 0x00, 0x00, 0x1A,
    0x00, 0x00, 0x00, 0x00, 0x00, 0x00, 0x00, 0x00, 0x00, 0x00, 0x00, 0x40, 0x00, 0x01, 0x00, 0x01,
    0x01, 0xBD, 0x00, 0x03, 0x00, 0x03, 0x00, 0x03, 0x00, 0x03, 0x00, 0x03, 0x00, 0x03, 0x00, 0x03,
    0x00, 0x03, 0x00, 0x03, 0x00, 0x03, 0x00, 0x03, 0x00, 0x01, 0x00, 0x3E, 0x00, 0x0B, 0x00, 0x0B,
    0x00, 0x0B, 0x00, 0x0B, 0x00, 0x0B, 0x00, 0x19, 0x00, 0x19, 0x00, 0x19, 0x00, 0x19, 0x00, 0x01,
    0x00, 0x01, 0x00, 0x01, 0x00, 0x01, 0x00, 0x01, 0x00, 0x01, 0x00, 0x01, 0x00, 0x01, 0x00, 0x01,
    0x00, 0x3F, 0x00, 0x0C, 0x00, 0x0C, 0x00, 0x0C, 0x00, 0x0C, 0x00, 0x00, 0x00, 0x00, 0x00, 0x00,
    0x00, 0x00, 0x00, 0x04, 0x00, 0x00, 0x00, 0x00, 0x00, 0x04, 0x00, 0x04, 0x00, 0x04, 0x00, 0x04,
    0x00, 0x40, 0x00, 0x1D, 0x00, 0x1D, 0x00, 0x1A, 0x00, 0x1A, 0x00, 0x00, 0x00, 0x1A, 0x00, 0x41,
    0x00, 0x00, 0x00, 0x00, 0x00, 0x04, 0x00, 0x04, 0x00, 0x04, 0x00, 0x04, 0x00, 0x04, 0x00, 0x08,
    0x00, 0x08, 0x00, 0x08, 0x00, 0x08, 0x00, 0x08, 0x00, 0x08, 0x00, 0x08, 0x00, 0x00, 0x00, 0x08,
    0x00, 0x01, 0x00, 0x43, 0x00, 0x00, 0x00, 0x44, 0x00, 0x13, 0x00, 0x13, 0x00, 0x13, 0x00, 0x13,
    0x00, 0x0E, 0x00, 0x0E, 0x00, 0x0E, 0x00, 0x0E, 0x00, 0x0E, 0x00, 0x00, 0x00, 0x1C, 0x00, 0x1C,
    0x00, 0x1C, 0x00, 0x05, 0x00, 0x05, 0x00, 0x05, 0x00, 0x05, 0x00, 0x05, 0x00, 0x05, 0x00, 0x05,
    0x00, 0x05, 0x00, 0x05, 0x00, 0x05, 0x00, 0x45, 0x00, 0x14, 0x00, 0x14, 0x00, 0x14, 0x00, 0x14,
    0x00, 0x14, 0x00, 0x46, 0x00, 0x0F, 0x00, 0x0F, 0x00, 0x0F, 0x00, 0x0F, 0x00, 0x0F, 0x00, 0x15,
    0x00, 0x15, 0x00, 0x15, 0x00, 0x15, 0x00, 0x03, 0x00, 0x0B, 0x00, 0x01, 0x00, 0x01, 0x00, 0x0C,
    0x00, 0x0C, 0x00, 0x00, 0x00, 0x04, 0x00, 0x1D, 0x00, 0x1A, 0x00, 0x04, 0x00, 0x08, 0x00, 0x13,
    0x00, 0x0E, 0x00, 0x1C, 0x00, 0x05, 0x00, 0x0F, 0x00, 0x15, 0x00, 0x1E, 0x00, 0x1E, 0x00, 0x1B,
    0x00, 0x1B, 0x00, 0x1B, 0x00, 0x1B, 0x00, 0x42, 0x00, 0x0D, 0x00, 0x0D, 0x00, 0x0D, 0x00, 0x0D,
    0x00, 0x05, 0x00, 0x08, 0x00, 0x1E, 0x00, 0x00, 0x00, 0x0D, 0x00, 0x0D, 0x00, 0x06, 0x00, 0x06,
    0x00, 0x06, 0x00, 0x06, 0x00, 0x06, 0x00, 0x06, 0x00, 0x06, 0x00, 0x06, 0x00, 0x06, 0x00, 0x06,
    0x00, 0x06, 0x00, 0x10, 0x00, 0x1F, 0x00, 0x11, 0x00, 0x11, 0x00, 0x11, 0x00, 0x11, 0x00, 0x11,
    0x00, 0x00, 0x00, 0x00, 0x00, 0x29, 0x00, 0x07, 0x00, 0x10, 0x00, 0x10, 0x00, 0x16, 0x00, 0x16,
    0x00, 0x16, 0x00, 0x2B, 0x00, 0x2B, 0x00, 0x16, 0x00, 0x10, 0x00, 0x50, 0x00, 0x00, 0x00, 0x00,
    0x00, 0x00, 0x00, 0x00, 0x00, 0x09, 0x00, 0x09, 0x00, 0x55, 0x00, 0x00, 0x00, 0x34, 0x00, 0x00,
    0x00, 0x00, 0x00, 0x35, 0x00, 0x34, 0x00, 0x07, 0x00, 0x07, 0x00, 0x35, 0x00, 0x07, 0x00, 0x00,
    0x00, 0x22, 0x00, 0x22, 0x00, 0x00, 0x00, 0x00, 0x00, 0x29, 0x00, 0x07, 0x00, 0x00, 0x00, 0x09,
    0x00, 0x09, 0x00, 0x09, 0x00, 0x09, 0x00, 0x09, 0x00, 0x09, 0x00, 0x09, 0x00, 0x0A, 0x00, 0x0A,
    0x00, 0x0A, 0x00, 0x0A, 0x00, 0x0A, 0x00, 0x0A, 0x00, 0x0A, 0x00, 0x00, 0x00, 0x0A, 0x00, 0x10,
    0x00, 0x1F, 0x00, 0x1F, 0x00, 0x00, 0x00, 0x25, 0x00, 0x00, 0x00, 0x00, 0x00, 0x25, 0x00, 0x17,
    0x00, 0x00, 0x00, 0x17, 0x00, 0x17, 0x00, 0x17, 0x00, 0x00, 0x00, 0x26, 0x00, 0x63, 0x00, 0x26,
    0x00, 0x00, 0x00, 0x00, 0x00, 0x00, 0x00, 0x00, 0x00, 0x00, 0x00, 0x00, 0x00, 0x07, 0x00, 0x00,
    0x00, 0x00, 0x00, 0x00, 0x00, 0x02, 0x00, 0x12, 0x00, 0x12, 0x00, 0x12, 0x00, 0x12, 0x00, 0x12,
    0x00, 0x69, 0x00, 0x02, 0x00, 0x02, 0x00, 0x02, 0x00, 0x02, 0x00, 0x02, 0x00, 0x18, 0x00, 0x18,
    0x00, 0x18, 0x00, 0x18, 0x00, 0x06, 0x00, 0x11, 0x00, 0x16, 0x00, 0x10, 0x00, 0x00, 0x00, 0x00,
    0x00, 0x07, 0x00, 0x00, 0x00, 0x07, 0x00, 0x07, 0x00, 0x07, 0x00, 0x07, 0x00, 0x22, 0x00, 0x00,
    0x00, 0x09, 0x00, 0x0A, 0x00, 0x25, 0x00, 0x17, 0x00, 0x26, 0x00, 0x00, 0x00, 0x12, 0x00, 0x02,
    0x00, 0x18, 0x00, 0x00, 0x00, 0x00, 0x00, 0x00, 0x00, 0x00, 0x00, 0x00, 0x00, 0x00, 0x00, 0x00,
    0x00, 0x00, 0x00, 0x00, 0x00, 0x00, 0x00, 0x00, 0x00, 0x02, 0x00, 0x02, 0x00, 0x02, 0x00, 0x02,
    0x00, 0x02, 0x00, 0x23, 0x00, 0x23, 0x00, 0x00, 0x00, 0x02, 0x00, 0x23, 0x00, 0x2F, 0x00, 0x31,
    0x00, 0x2F, 0x00, 0x31, 0x00, 0x68, 0x00, 0x30, 0x00, 0x30, 0x00, 0x58, 0x00, 0x59, 0x00, 0x36,
    0x00, 0x57, 0x00, 0x65, 0x00, 0x64, 0x00, 0x52, 0x00, 0x51, 0x00, 0x61, 0x00, 0x60, 0x00, 0x4F,
    0x00, 0x36, 0x00, 0x66, 0x00, 0x00, 0x00, 0x00, 0x00, 0x00, 0x00, 0x00, 0x00, 0x00, 0x00, 0x00,
    0x00, 0x00, 0x00, 0x00, 0x00, 0x00, 0x00, 0x00, 0x00, 0x00, 0x00, 0x00, 0x00, 0x00, 0x00, 0x00,
    0x00, 0x28, 0x00, 0x28, 0x00, 0x00, 0x00, 0x00, 0x00, 0x00, 0x00, 0x21, 0x00, 0x00, 0x00, 0x24,
    0x00, 0x00, 0x00, 0x00, 0x00, 0x00, 0x00, 0x49, 0x00, 0x00, 0x00, 0x62, 0x00, 0x00, 0x00, 0x00,
    0x00, 0x00, 0x00, 0x21, 0x00, 0x00, 0x00, 0x24, 0x00, 0x00, 0x00, 0x00, 0x00, 0x00, 0x00, 0x2C,
    0x00, 0x4D, 0x00, 0x27, 0x00, 0x27, 0x00, 0x2C, 0x00, 0x21, 0x00, 0x00, 0x00, 0x24, 0x00, 0x5D,
    0x00, 0x00, 0x00, 0x00, 0x00, 0x00, 0x00, 0x00, 0x00, 0x00, 0x00, 0x53, 0x00, 0x2D, 0x00, 0x2D,
    0x00, 0x67, 0x00, 0x54, 0x00, 0x2E, 0x00, 0x2E, 0x00, 0x5A, 0x00, 0x37, 0x00, 0x4A, 0x00, 0x00,
    0x00, 0x4B, 0x00, 0x00, 0x00, 0x5B, 0x00, 0x37, 0x00, 0x00, 0x00, 0x00, 0x00, 0x4C, 0x00, 0x00,
    0x00, 0x39, 0x00, 0x39, 0x00, 0x3B, 0x00, 0x5E, 0x00, 0x3B, 0x00, 0x5F, 0x00, 0x32, 0x00, 0x33,
    0x00, 0x32, 0x00, 0x33, 0x00, 0x38, 0x00, 0x38, 0x00, 0x3A, 0x00, 0x3A, 0x00, 0x3C, 0x00, 0x3D,
    0x00, 0x3C, 0x00, 0x3D, 0x00, 0x56, 0x00, 0x00, 0x00, 0x00, 0x00, 0x00, 0x00, 0x00, 0x00, 0x00,
    0x00, 0x00, 0x00, 0x00, 0x00, 0x4E, 0x00, 0x00, 0x00, 0x00, 0x00, 0x00, 0x00, 0x2A, 0x00, 0x00,
    0x00, 0x00, 0x00, 0x00, 0x00, 0x00, 0x00, 0x2A, 0x00, 0x20, 0x00, 0x20, 0x00, 0x00, 0x00, 0x20,
    0x00, 0x00, 0x00, 0x00, 0x00, 0x00, 0x00, 0x48, 0x00, 0x47, 0x00, 0x5C, 0x00, 0x01, 0x00, 0x02,
    0x00, 0x00, 0x00, 0x08, 0x00, 0x01, 0x01, 0xBA, 0x00, 0x04, 0x00, 0x00, 0x00, 0xD8, 0x1D, 0xC6,
    0x1D, 0xBC, 0x1D, 0xB6, 0x1D, 0xA4, 0x1D, 0x9E, 0x1D, 0x7C, 0x1D, 0x66, 0x1D, 0x48, 0x1C, 0xFA,
    0x1C, 0xB4, 0x1C, 0xA2, 0x1C, 0x8C, 0x1C, 0x7E, 0x1C, 0x78, 0x1C, 0x72, 0x1C, 0x60, 0x1C, 0x5A,
    0x1B, 0xF0, 0x1B, 0xE6, 0x1B, 0x64, 0x1B, 0x5E, 0x1B, 0x24, 0x1B, 0x0A, 0x1A, 0xE0, 0x1A, 0xC6,
    0x1A, 0x68, 0x1A, 0x5A, 0x1A, 0x54, 0x1A, 0x32, 0x1A, 0x2C, 0x1A, 0x26, 0x19, 0x04, 0x18, 0xEA,
    0x18, 0xCC, 0x18, 0xBA, 0x18, 0x3C, 0x17, 0xFE, 0x17, 0xEC, 0x17, 0xEC, 0x17, 0xEC, 0x17, 0xEC,
    0x17, 0xAE, 0x17, 0x3C, 0x17, 0x22, 0x17, 0x0C, 0x16, 0xFA, 0x16, 0xFA, 0x16, 0xC0, 0x16, 0xB6,
    0x1B, 0xE6, 0x18, 0xCC, 0x16, 0xFA, 0x16, 0xB0, 0x16, 0xAA, 0x16, 0x84, 0x16, 0x2E, 0x16, 0x28,
    0x16, 0x1E, 0x16, 0x18, 0x15, 0xFA, 0x15, 0xDC, 0x15, 0xD2, 0x15, 0x88, 0x15, 0x5A, 0x15, 0x54,
    0x15, 0x54, 0x15, 0x4E, 0x15, 0x48, 0x15, 0x2E, 0x15, 0x28, 0x15, 0x22, 0x14, 0xF8, 0x14, 0xF2,
    0x14, 0xD8, 0x14, 0xC6, 0x14, 0x84, 0x14, 0x4E, 0x14, 0x44, 0x14, 0x3E, 0x14, 0x34, 0x14, 0x2A,
    0x14, 0x04, 0x15, 0x28, 0x13, 0xF6, 0x13, 0xA4, 0x13, 0x6E, 0x13, 0x28, 0x13, 0x22, 0x13, 0x1C,
    0x12, 0xD6, 0x12, 0xCC, 0x12, 0xC2, 0x12, 0xBC, 0x12, 0x76, 0x12, 0x5C, 0x12, 0x2E, 0x12, 0x08,
    0x11, 0xC2, 0x11, 0x94, 0x11, 0x4E, 0x11, 0x38, 0x11, 0x32, 0x10, 0xBC, 0x10, 0x9A, 0x10, 0x94,
    0x10, 0x8E, 0x10, 0x64, 0x10, 0x5E, 0x15, 0x22, 0x10, 0x38, 0x10, 0x1A, 0x0F, 0xF4, 0x0F, 0xD2,
    0x0F, 0xC8, 0x0F, 0xC2, 0x0F, 0xAC, 0x0F, 0xA6, 0x0F, 0xA0, 0x0F, 0x9A, 0x0F, 0x90, 0x0F, 0x76,
    0x0F, 0x90, 0x0F, 0x76, 0x0F, 0x54, 0x0F, 0x2E, 0x0F, 0x2E, 0x0F, 0x24, 0x0F, 0x12, 0x0E, 0xC0,
    0x0E, 0x86, 0x0E, 0x5C, 0x0E, 0x1A, 0x0D, 0xE4, 0x0D, 0xC6, 0x0D, 0xAC, 0x0D, 0x8E, 0x0D, 0x74,
    0x0D, 0x56, 0x0D, 0x2C, 0x0D, 0x1A, 0x0D, 0x14, 0x0C, 0xE2, 0x12, 0xBC, 0x0C, 0xB4, 0x0C, 0xAA,
    0x0C, 0x9C, 0x0C, 0x6E, 0x0C, 0x64, 0x0C, 0x3A, 0x0C, 0x28, 0x0B, 0xF2, 0x0B, 0xDC, 0x0B, 0xD2,
    0x0B, 0xCC, 0x0B, 0xBA, 0x0B, 0x94, 0x0B, 0x62, 0x0B, 0x54, 0x0B, 0x4E, 0x12, 0xBC, 0x0B, 0x34,
    0x0B, 0x2A, 0x0A, 0xF4, 0x0A, 0xE6, 0x0A, 0xD0, 0x0A, 0xB6, 0x0A, 0x60, 0x0A, 0x56, 0x0A, 0x48,
    0x0A, 0x02, 0x09, 0xF4, 0x09, 0x2A, 0x09, 0x0C, 0x08, 0xF2, 0x08, 0xE0, 0x08, 0xBE, 0x08, 0x84,
    0x08, 0x72, 0x08, 0x60, 0x08, 0x5A, 0x08, 0x48, 0x08, 0x22, 0x08, 0x14, 0x07, 0xFA, 0x07, 0xD8,
    0x07, 0xCA, 0x07, 0xC4, 0x07, 0x4E, 0x07, 0x00, 0x06, 0xEA, 0x06, 0xB8, 0x06, 0x86, 0x06, 0x6C,
    0x06, 0x4A, 0x06, 0x28, 0x05, 0xEA, 0x05, 0xC0, 0x05, 0x8E, 0x05, 0x84, 0x05, 0x72, 0x05, 0x5C,
    0x05, 0x36, 0x05, 0x2C, 0x05, 0x22, 0x05, 0x08, 0x04, 0xEA, 0x04, 0xDC, 0x04, 0xD2, 0x04, 0xAC,
    0x04, 0x36, 0x04, 0x00, 0x03, 0xE2, 0x03, 0xD8, 0x03, 0x9E, 0x03, 0x94, 0x03, 0x6E, 0x00, 0x01,
    0x00, 0xD8, 0x00, 0x01, 0x00, 0x02, 0x00, 0x06, 0x00, 0x0A, 0x00, 0x0C, 0x00, 0x0D, 0x00, 0x0E,
    0x00, 0x13, 0x00, 0x17, 0x00, 0x20, 0x00, 0x21, 0x00, 0x26, 0x00, 0x28, 0x00, 0x29, 0x00, 0x2A,
    0x00, 0x2B, 0x00, 0x2E, 0x00, 0x31, 0x00, 0x32, 0x00, 0x33, 0x00, 0x34, 0x00, 0x35, 0x00, 0x3F,
    0x00, 0x46, 0x00, 0x49, 0x00, 0x4A, 0x00, 0x4B, 0x00, 0x4C, 0x00, 0x50, 0x00, 0x52, 0x00, 0x55,
    0x00, 0x56, 0x00, 0x57, 0x00, 0x58, 0x00, 0x59, 0x00, 0x63, 0x00, 0x64, 0x00, 0x65, 0x00, 0x66,
    0x00, 0x67, 0x00, 0x68, 0x00, 0x69, 0x00, 0x6A, 0x00, 0x6B, 0x00, 0x6C, 0x00, 0x6D, 0x00, 0x6E,
    0x00, 0x6F, 0x00, 0x79, 0x00, 0x7B, 0x00, 0x81, 0x00, 0x83, 0x00, 0x85, 0x00, 0x86, 0x00, 0x87,
    0x00, 0x96, 0x00, 0x97, 0x00, 0x9C, 0x00, 0x9E, 0x00, 0xA2, 0x00, 0xA3, 0x00, 0xA5, 0x00, 0xA9,
    0x00, 0xAC, 0x00, 0xAD, 0x00, 0xAF, 0x00, 0xB0, 0x00, 0xB4, 0x00, 0xB5, 0x00, 0xB8, 0x00, 0xB9,
    0x00, 0xBA, 0x00, 0xBB, 0x00, 0xBC, 0x00, 0xBE, 0x00, 0xBF, 0x00, 0xC0, 0x00, 0xC1, 0x00, 0xC2,
    0x00, 0xC4, 0x00, 0xC6, 0x00, 0xC8, 0x00, 0xC9, 0x00, 0xCB, 0x00, 0xCE, 0x00, 0xCF, 0x00, 0xD0,
    0x00, 0xD4, 0x00, 0xD5, 0x00, 0xD6, 0x00, 0xD7, 0x00, 0xD9, 0x00, 0xDB, 0x00, 0xDD, 0x00, 0xE0,
    0x00, 0xE3, 0x00, 0xE4, 0x00, 0xE5, 0x00, 0xE7, 0x00, 0xE8, 0x00, 0xE9, 0x00, 0xEA, 0x00, 0xEC,
    0x00, 0xED, 0x00, 0xEE, 0x00, 0xEF, 0x00, 0xF0, 0x00, 0xF1, 0x00, 0xF8, 0x00, 0xFA, 0x00, 0xFB,
    0x01, 0x00, 0x01, 0x01, 0x01, 0x02, 0x01, 0x03, 0x01, 0x06, 0x01, 0x08, 0x01, 0x2C, 0x01, 0x2D,
    0x01, 0x36, 0x01, 0x37, 0x01, 0x38, 0x01, 0x39, 0x01, 0x3A, 0x01, 0x3B, 0x01, 0x3C, 0x01, 0x3D,
    0x01, 0x3E, 0x01, 0x3F, 0x01, 0x40, 0x01, 0x42, 0x01, 0x43, 0x01, 0x44, 0x01, 0x45, 0x01, 0x46,
    0x01, 0x47, 0x01, 0x48, 0x01, 0x49, 0x01, 0x57, 0x01, 0x58, 0x01, 0x59, 0x01, 0x5A, 0x01, 0x5B,
    0x01, 0x5C, 0x01, 0x5D, 0x01, 0x5E, 0x01, 0x60, 0x01, 0x62, 0x01, 0x64, 0x01, 0x65, 0x01, 0x66,
    0x01, 0x67, 0x01, 0x68, 0x01, 0x69, 0x01, 0x6C, 0x01, 0x6E, 0x01, 0x6F, 0x01, 0x70, 0x01, 0x71,
    0x01, 0x72, 0x01, 0x73, 0x01, 0x74, 0x01, 0x75, 0x01, 0x76, 0x01, 0x77, 0x01, 0x7C, 0x01, 0x7D,
    0x01, 0x7E, 0x01, 0x7F, 0x01, 0x80, 0x01, 0x81, 0x01, 0x84, 0x01, 0x85, 0x01, 0x86, 0x01, 0x87,
    0x01, 0x88, 0x01, 0x8A, 0x01, 0x8B, 0x01, 0x8E, 0x01, 0x91, 0x01, 0x92, 0x01, 0x93, 0x01, 0x94,
    0x01, 0x95, 0x01, 0x96, 0x01, 0x97, 0x01, 0x99, 0x01, 0x9A, 0x01, 0x9B, 0x01, 0x9C, 0x01, 0x9D,
    0x01, 0x9E, 0x01, 0x9F, 0x01, 0xA0, 0x01, 0xA1, 0x01, 0xA2, 0x01, 0xA3, 0x01, 0xA4, 0x01, 0xA7,
    0x01, 0xA8, 0x01, 0xA9, 0x01, 0xAA, 0x01, 0xAC, 0x01, 0xAD, 0x01, 0xAF, 0x01, 0xB0, 0x01, 0xB1,
    0x01, 0xB4, 0x01, 0xB6, 0x01, 0xB8, 0x01, 0xB9, 0x01, 0xBA, 0x01, 0xBB, 0x01, 0xBC, 0x01, 0xBD,
    0x01, 0xBE, 0x00, 0x09, 0x01, 0x63, 0xFF, 0x9F, 0x01, 0x6F, 0xFF, 0xE5, 0x01, 0x70, 0xFF, 0xE5,
    0x01, 0x85, 0xFF, 0xBC, 0x01, 0x8B, 0xFF, 0xD5, 0x01, 0x9E, 0xFF, 0x93, 0x01, 0x9F, 0xFF, 0x96,
    0x01, 0xA0, 0xFF, 0x93, 0x01, 0xA1, 0xFF, 0x96, 0x00, 0x02, 0x01, 0x74, 0xFF, 0xF0, 0x01, 0x76,
    0xFF, 0xC5, 0x00, 0x0E, 0x01, 0x42, 0xFF, 0xDF, 0x01, 0x43, 0xFF, 0x9F, 0x01, 0x49, 0xFF, 0xE9,
    0x01, 0x57, 0xFF, 0xAC, 0x01, 0x58, 0xFF, 0x81, 0x01, 0x59, 0xFF, 0x81, 0x01, 0x63, 0xFF, 0xE0,
    0x01, 0x6F, 0xFF, 0x81, 0x01, 0x70, 0xFF, 0x81, 0x01, 0x72, 0xFF, 0xBE, 0x01, 0x7D, 0xFF, 0x1D,
    0x01, 0x84, 0xFF, 0xBF, 0x01, 0x85, 0xFF, 0xAD, 0x01, 0x8B, 0xFF, 0xAC, 0x00, 0x02, 0x01, 0x74,
    0xFF, 0xC8, 0x01, 0x76, 0xFF, 0xA4, 0x00, 0x07, 0x00, 0x30, 0xFF, 0xB0, 0x00, 0x56, 0xFF, 0xB7,
    0x00, 0x69, 0xFF, 0xBD, 0x00, 0x6A, 0xFF, 0xC4, 0x00, 0x6F, 0xFF, 0xCB, 0x01, 0x85, 0xFF, 0xB0,
    0x01, 0xBA, 0xFF, 0xC8, 0x00, 0x0D, 0x00, 0x01, 0xFF, 0xB5, 0x00, 0x30, 0xFF, 0x63, 0x00, 0x50,
    0xFF, 0xCB, 0x00, 0x56, 0xFF, 0x6D, 0x00, 0x63, 0xFF, 0xB8, 0x00, 0x64, 0xFF, 0xBC, 0x00, 0x69,
    0xFF, 0x99, 0x00, 0x6A, 0xFF, 0xA2, 0x00, 0x6F, 0xFF, 0xA0, 0x01, 0x00, 0xFF, 0xCC, 0x01, 0x46,
    0xFF, 0x97, 0x01, 0x85, 0xFF, 0x8A, 0x01, 0xB9, 0xFF, 0xCB, 0x00, 0x1D, 0x00, 0x01, 0xFF, 0xBE,
    0x00, 0x0D, 0xFF, 0xE0, 0x00, 0x30, 0xFF, 0x8B, 0x00, 0x50, 0xFF, 0xE1, 0x00, 0x56, 0xFF, 0xA0,
    0x00, 0x63, 0xFF, 0xC2, 0x00, 0x64, 0xFF, 0xC6, 0x00, 0x69, 0xFF, 0xAF, 0x00, 0x6A, 0xFF, 0xB2,
    0x00, 0x6F, 0xFF, 0xAF, 0x00, 0x96, 0xFF, 0xDC, 0x00, 0xE7, 0xFF, 0xE2, 0x01, 0x00, 0xFF, 0xDF,
    0x01, 0x40, 0xFF, 0xDE, 0x01, 0x42, 0xFF, 0xDB, 0x01, 0x43, 0xFF, 0xEB, 0x01, 0x44, 0xFF, 0xE0,
    0x01, 0x46, 0xFF, 0xAA, 0x01, 0x49, 0xFF, 0xE5, 0x01, 0x6F, 0xFF, 0x9B, 0x01, 0x70, 0xFF, 0x9B,
    0x01, 0x84, 0xFF, 0xDC, 0x01, 0x85, 0xFF, 0xA6, 0x01, 0x89, 0xFF, 0x9E, 0x01, 0x8B, 0xFF, 0xA2,
    0x01, 0x9A, 0xFF, 0xC7, 0x01, 0x9B, 0xFF, 0xC7, 0x01, 0x9F, 0xFF, 0xC8, 0x01, 0xB8, 0xFF, 0xF1,
    0x00, 0x09, 0x00, 0x01, 0xFF, 0xC7, 0x00, 0x56, 0xFF, 0xB2, 0x01, 0x40, 0xFF, 0xEE, 0x01, 0x42,
    0xFF, 0xF0, 0x01, 0x43, 0xFF, 0xEF, 0x01, 0x44, 0xFF, 0xEC, 0x01, 0x46, 0xFF, 0xBA, 0x01, 0x49,
    0xFF, 0xF6, 0x01, 0x85, 0xFF, 0xAA, 0x00, 0x02, 0x01, 0x76, 0xFF, 0xA7, 0x01, 0xB8, 0xFF, 0xD4,
    0x00, 0x03, 0x01, 0x65, 0xFF, 0xBA, 0x01, 0x6F, 0xFF, 0x92, 0x01, 0x70, 0xFF, 0x92, 0x00, 0x07,
    0x01, 0x40, 0xFF, 0xFB, 0x01, 0x42, 0xFF, 0xF4, 0x01, 0x43, 0xFF, 0xBE, 0x01, 0x44, 0xFF, 0xDD,
    0x01, 0x45, 0xFF, 0xEA, 0x01, 0x46, 0xFF, 0xE6, 0x01, 0x85, 0xFF, 0xC3, 0x00, 0x06, 0x01, 0x57,
    0xFF, 0xA4, 0x01, 0x65, 0xFF, 0xCA, 0x01, 0x6F, 0xFF, 0xCD, 0x01, 0x70, 0xFF, 0xD3, 0x01, 0x85,
    0xFF, 0xBE, 0x01, 0x8B, 0xFF, 0xBB, 0x00, 0x02, 0x01, 0x46, 0xFF, 0xB5, 0x01, 0x85, 0xFF, 0xB1,
    0x00, 0x02, 0x00, 0x01, 0xFF, 0xC9, 0x00, 0x56, 0xFF, 0xA6, 0x00, 0x09, 0x00, 0x01, 0xFF, 0x98,
    0x00, 0x0E, 0xFF, 0xDE, 0x00, 0x50, 0xFF, 0xE5, 0x00, 0x64, 0xFF, 0xE9, 0x00, 0x96, 0xFF, 0xBE,
    0x00, 0xA3, 0xFF, 0xBA, 0x00, 0xA8, 0xFF, 0xBB, 0x00, 0xB6, 0xFF, 0xBB, 0x00, 0xD6, 0xFF, 0xBA,
    0x00, 0x05, 0x01, 0x58, 0xFF, 0x81, 0x01, 0x59, 0xFF, 0x81, 0x01, 0x65, 0xFF, 0xAD, 0x01, 0x6F,
    0xFF, 0x81, 0x01, 0x70, 0xFF, 0x81, 0x00, 0x04, 0x01, 0x6F, 0xFF, 0xB5, 0x01, 0x70, 0xFF, 0xB5,
    0x01, 0x85, 0xFF, 0xA9, 0x01, 0x8B, 0xFF, 0xA6, 0x00, 0x02, 0x00, 0x30, 0xFF, 0xC8, 0x01, 0x85,
    0xFF, 0xA9, 0x00, 0x0C, 0x00, 0x0D, 0xFF, 0xEC, 0x00, 0x0E, 0xFF, 0xDF, 0x00, 0x21, 0xFF, 0xDF,
    0x00, 0x3F, 0xFF, 0xDF, 0x00, 0x50, 0xFF, 0xD0, 0x00, 0x56, 0xFF, 0x98, 0x00, 0x63, 0xFF, 0xA9,
    0x00, 0x64, 0xFF, 0xAD, 0x00, 0x6A, 0xFF, 0x8D, 0x00, 0x96, 0xFF, 0xEE, 0x00, 0xED, 0xFF, 0xDD,
    0x01, 0x40, 0xFF, 0xB0, 0x00, 0x0A, 0x00, 0x01, 0xFF, 0xC4, 0x00, 0x30, 0xFF, 0xB8, 0x00, 0x56,
    0xFF, 0xCA, 0x00, 0x69, 0xFF, 0xC5, 0x00, 0x6F, 0xFF, 0xC3, 0x00, 0x96, 0xFF, 0xF0, 0x00, 0xA8,
    0xFF, 0xF5, 0x00, 0xB6, 0xFF, 0xF6, 0x00, 0xE7, 0xFF, 0xF2, 0x01, 0x85, 0xFF, 0xB2, 0x00, 0x0F,
    0x00, 0x26, 0xFF, 0xD8, 0x00, 0x2A, 0xFF, 0xD8, 0x00, 0x2B, 0xFF, 0xD8, 0x00, 0x2F, 0xFF, 0xD8,
    0x00, 0x46, 0xFF, 0xEE, 0x00, 0xBB, 0xFF, 0xDC, 0x00, 0xBF, 0xFF, 0xDC, 0x00, 0xC0, 0xFF, 0xDC,
    0x00, 0xDD, 0xFF, 0xE6, 0x01, 0x76, 0xFF, 0xA0, 0x01, 0x77, 0xFF, 0x98, 0x01, 0x91, 0xFF, 0x3F,
    0x01, 0x9C, 0xFF, 0x81, 0x01, 0x9D, 0xFF, 0x33, 0x01, 0xAE, 0xFF, 0xBD, 0x00, 0x08, 0x00, 0x46,
    0xFF, 0xC6, 0x00, 0xAD, 0xFF, 0xAD, 0x00, 0xB2, 0xFF, 0xAC, 0x00, 0xBF, 0x00, 0x22, 0x00, 0xDD,
    0xFF, 0xA9, 0x01, 0x73, 0xFF, 0x81, 0x01, 0x7D, 0xFF, 0x81, 0x01, 0x9D, 0xFF, 0x81, 0x00, 0x08,
    0x00, 0x30, 0xFF, 0x81, 0x00, 0x90, 0xFF, 0x81, 0x00, 0xDD, 0xFF, 0xB8, 0x01, 0x73, 0xFF, 0x81,
    0x01, 0x75, 0xFF, 0xC4, 0x01, 0x77, 0xFF, 0x90, 0x01, 0x7D, 0xFF, 0x81, 0x01, 0x9D, 0xFF, 0x81,
    0x00, 0x06, 0x00, 0x46, 0xFF, 0xC6, 0x00, 0xDD, 0xFF, 0xA9, 0x00, 0xE9, 0xFF, 0xD6, 0x01, 0x73,
    0xFF, 0x34, 0x01, 0x7D, 0xFF, 0x34, 0x01, 0x9C, 0xFF, 0x81, 0x00, 0x0C, 0x00, 0x16, 0xFF, 0xDF,
    0x00, 0x30, 0xFF, 0x61, 0x00, 0x90, 0xFF, 0x33, 0x01, 0x6C, 0xFF, 0x96, 0x01, 0x73, 0xFF, 0x33,
    0x01, 0x74, 0xFF, 0xDA, 0x01, 0x75, 0xFF, 0xC4, 0x01, 0x76, 0xFF, 0xED, 0x01, 0x77, 0xFF, 0x90,
    0x01, 0x7D, 0xFF, 0x33, 0x01, 0x80, 0xFF, 0x33, 0x01, 0x9D, 0xFF, 0x33, 0x00, 0x0C, 0x00, 0x16,
    0xFF, 0xD5, 0x00, 0x2A, 0xFF, 0xD5, 0x00, 0x2F, 0xFF, 0xF9, 0x00, 0x37, 0xFF, 0xD5, 0x00, 0x46,
    0xFF, 0xDA, 0x00, 0x63, 0xFF, 0x6C, 0x00, 0xBF, 0xFF, 0xD9, 0x00, 0xC6, 0xFF, 0xFA, 0x01, 0x76,
    0xFF, 0x88, 0x01, 0x9E, 0xFF, 0x33, 0x01, 0x9F, 0xFF, 0x34, 0x01, 0xB8, 0xFF, 0xA0, 0x00, 0x05,
    0x00, 0x46, 0xFF, 0xDA, 0x00, 0x56, 0xFF, 0x81, 0x00, 0x63, 0xFF, 0x81, 0x00, 0x6A, 0xFF, 0x81,
    0x00, 0xC6, 0xFF, 0xFA, 0x00, 0x13, 0x00, 0x2A, 0x00, 0x00, 0x00, 0x30, 0xFF, 0x8C, 0x00, 0x46,
    0xFF, 0xCF, 0x00, 0x90, 0xFF, 0x8C, 0x00, 0xAD, 0xFF, 0xB1, 0x00, 0xB2, 0xFF, 0xB1, 0x00, 0xBF,
    0x00, 0x23, 0x00, 0xC2, 0x00, 0x06, 0x00, 0xE9, 0xFF, 0xDE, 0x00, 0xF0, 0xFF, 0xC4, 0x01, 0x58,
    0xFF, 0x8C, 0x01, 0x59, 0xFF, 0x8C, 0x01, 0x6F, 0xFF, 0x8C, 0x01, 0x70, 0xFF, 0x8C, 0x01, 0x73,
    0xFF, 0x8C, 0x01, 0x75, 0xFF, 0xBE, 0x01, 0x77, 0xFF, 0x8C, 0x01, 0x7D, 0xFF, 0x8C, 0x01, 0x80,
    0xFF, 0x8C, 0x00, 0x1D, 0x00, 0x16, 0xFF, 0xE7, 0x00, 0x30, 0xFF, 0x62, 0x00, 0x37, 0xFF, 0xE3,
    0x00, 0x46, 0xFF, 0xCF, 0x00, 0x90, 0xFF, 0x40, 0x00, 0xBF, 0x00, 0x23, 0x00, 0xDD, 0xFF, 0xB1,
    0x00, 0xE9, 0xFF, 0xDE, 0x01, 0x58, 0xFF, 0x81, 0x01, 0x59, 0xFF, 0x81, 0x01, 0x5C, 0xFF, 0x40,
    0x01, 0x5E, 0xFF, 0xBF, 0x01, 0x60, 0xFF, 0x81, 0x01, 0x64, 0xFF, 0xC6, 0x01, 0x67, 0xFF, 0xD6,
    0x01, 0x68, 0xFF, 0xD5, 0x01, 0x6C, 0xFF, 0x9C, 0x01, 0x73, 0xFF, 0x40, 0x01, 0x74, 0xFF, 0xDE,
    0x01, 0x75, 0xFF, 0xBE, 0x01, 0x76, 0xFF, 0xE7, 0x01, 0x77, 0xFF, 0x80, 0x01, 0x7D, 0xFF, 0x40,
    0x01, 0x7F, 0xFF, 0x40, 0x01, 0x80, 0xFF, 0x40, 0x01, 0xA3, 0xFF, 0xC7, 0x01, 0xAE, 0xFF, 0xDA,
    0x01, 0xB8, 0xFF, 0xC7, 0x01, 0xBB, 0xFF, 0xA5, 0x00, 0x01, 0x01, 0x9C, 0xFF, 0xB5, 0x00, 0x03,
    0x01, 0x68, 0xFF, 0xD9, 0x01, 0x76, 0xFF, 0xA1, 0x01, 0x9C, 0xFF, 0xB5, 0x00, 0x08, 0x00, 0x2A,
    0xFF, 0xDD, 0x00, 0x46, 0xFF, 0xED, 0x00, 0xBF, 0xFF, 0xE1, 0x01, 0x74, 0xFF, 0xDB, 0x01, 0x75,
    0xFF, 0xDA, 0x01, 0x76, 0xFF, 0xAE, 0x01, 0x77, 0xFF, 0xDA, 0x01, 0x9D, 0xFF, 0xD1, 0x00, 0x06,
    0x01, 0x58, 0xFF, 0x81, 0x01, 0x59, 0xFF, 0x81, 0x01, 0x7D, 0xFF, 0x81, 0x01, 0x85, 0xFF, 0xD8,
    0x01, 0x96, 0xFF, 0x81, 0x01, 0x98, 0xFF, 0x81, 0x00, 0x03, 0x01, 0x5C, 0xFF, 0x86, 0x01, 0x60,
    0xFF, 0x95, 0x01, 0x91, 0xFF, 0x86, 0x00, 0x09, 0x01, 0x57, 0xFF, 0x9C, 0x01, 0x58, 0xFF, 0x81,
    0x01, 0x59, 0xFF, 0x81, 0x01, 0x5A, 0xFF, 0xB4, 0x01, 0x5B, 0xFF, 0xB4, 0x01, 0x5C, 0xFF, 0x39,
    0x01, 0x7D, 0xFF, 0x39, 0x01, 0x7F, 0xFF, 0x39, 0x01, 0x85, 0xFF, 0xDC, 0x00, 0x04, 0x01, 0x5C,
    0xFF, 0x39, 0x01, 0x60, 0xFF, 0x95, 0x01, 0x80, 0xFF, 0x39, 0x01, 0x91, 0xFF, 0x3F, 0x00, 0x01,
    0x01, 0x93, 0xFF, 0x3F, 0x00, 0x04, 0x01, 0x40, 0xFF, 0xB3, 0x01, 0x43, 0xFF, 0xAA, 0x01, 0x73,
    0xFF, 0xD5, 0x01, 0x81, 0xFF, 0x80, 0x00, 0x04, 0x01, 0x67, 0xFF, 0xD0, 0x01, 0x68, 0xFF, 0xCF,
    0x01, 0x6F, 0xFF, 0xB1, 0x01, 0x8F, 0xFF, 0xAF, 0x00, 0x0E, 0x00, 0x16, 0xFF, 0xDA, 0x00, 0x46,
    0xFF, 0xD9, 0x01, 0x64, 0xFF, 0xAE, 0x01, 0x6B, 0xFF, 0xB9, 0x01, 0x91, 0xFF, 0xD6, 0x01, 0x9D,
    0xFF, 0xD3, 0x01, 0xA3, 0xFF, 0xAD, 0x01, 0xA6, 0xFF, 0xDF, 0x01, 0xAE, 0xFF, 0xC2, 0x01, 0xAF,
    0xFF, 0xB1, 0x01, 0xB8, 0xFF, 0xA1, 0x01, 0xBA, 0xFF, 0x88, 0x01, 0xBB, 0xFF, 0x84, 0x01, 0xBC,
    0xFF, 0xAB, 0x00, 0x08, 0x00, 0x16, 0xFF, 0xD8, 0x00, 0x46, 0xFF, 0xD0, 0x00, 0xDD, 0xFF, 0xC8,
    0x00, 0xFA, 0xFF, 0xA8, 0x01, 0x5C, 0xFF, 0xBD, 0x01, 0x64, 0xFF, 0xA9, 0x01, 0xB8, 0xFF, 0x9E,
    0x01, 0xBB, 0xFF, 0x89, 0x00, 0x04, 0x01, 0x6F, 0xFF, 0xBE, 0x01, 0x70, 0xFF, 0xBE, 0x01, 0x85,
    0xFF, 0xC1, 0x01, 0x87, 0xFF, 0xC3, 0x00, 0x06, 0x01, 0x3F, 0xFF, 0xC6, 0x01, 0x40, 0xFF, 0xC7,
    0x01, 0x43, 0xFF, 0xBA, 0x01, 0x57, 0xFF, 0xB1, 0x01, 0x7D, 0xFF, 0xAA, 0x01, 0x84, 0xFF, 0xB3,
    0x00, 0x07, 0x01, 0x74, 0xFF, 0xDE, 0x01, 0x76, 0xFF, 0xD1, 0x01, 0x87, 0xFF, 0xB3, 0x01, 0x93,
    0xFF, 0xC5, 0x01, 0xB6, 0xFF, 0xDB, 0x01, 0xB8, 0xFF, 0xDC, 0x01, 0xBC, 0xFF, 0xC0, 0x00, 0x32,
    0x00, 0x14, 0xFF, 0xDC, 0x00, 0x16, 0xFF, 0xDC, 0x00, 0x26, 0xFF, 0xDD, 0x00, 0x2A, 0x00, 0x00,
    0x00, 0x37, 0xFF, 0xDC, 0x00, 0x46, 0xFF, 0xBC, 0x00, 0x55, 0xFF, 0xB9, 0x00, 0xA9, 0xFF, 0xC7,
    0x00, 0xBF, 0xFF, 0xF4, 0x00, 0xC5, 0x00, 0x00, 0x00, 0xC6, 0x00, 0x00, 0x00, 0xCE, 0xFF, 0xD8,
    0x00, 0xDD, 0xFF, 0xC3, 0x00, 0xE9, 0xFF, 0xE5, 0x00, 0xF4, 0xFF, 0xBC, 0x00, 0xFA, 0xFF, 0xB1,
    0x01, 0x08, 0xFF, 0xE0, 0x01, 0x15, 0x00, 0x00, 0x01, 0x5C, 0xFF, 0xB7, 0x01, 0x5F, 0xFF, 0xC0,
    0x01, 0x62, 0xFF, 0x91, 0x01, 0x64, 0xFF, 0xA9, 0x01, 0x6E, 0xFF, 0xC7, 0x01, 0x74, 0xFF, 0xDB,
    0x01, 0x75, 0xFF, 0xD6, 0x01, 0x76, 0xFF, 0xC2, 0x01, 0x77, 0xFF, 0xEF, 0x01, 0x7C, 0xFF, 0xC7,
    0x01, 0x91, 0xFF, 0xDA, 0x01, 0x93, 0xFF, 0xE0, 0x01, 0x9C, 0xFF, 0xD9, 0x01, 0x9D, 0xFF, 0xD9,
    0x01, 0xA2, 0xFF, 0x80, 0x01, 0xA3, 0xFF, 0xA1, 0x01, 0xA4, 0xFF, 0xAE, 0x01, 0xA6, 0xFF, 0xCF,
    0x01, 0xA7, 0xFF, 0xAB, 0x01, 0xA8, 0xFF, 0xAB, 0x01, 0xAA, 0xFF, 0xD1, 0x01, 0xAD, 0xFF, 0xAD,
    0x01, 0xAE, 0xFF, 0xC0, 0x01, 0xAF, 0xFF, 0xB1, 0x01, 0xB0, 0xFF, 0xCD, 0x01, 0xB3, 0xFF, 0xC0,
    0x01, 0xB6, 0xFF, 0xAB, 0x01, 0xB8, 0xFF, 0xA6, 0x01, 0xB9, 0xFF, 0xAF, 0x01, 0xBA, 0xFF, 0x8B,
    0x01, 0xBB, 0xFF, 0x81, 0x01, 0xBC, 0xFF, 0xAE, 0x00, 0x03, 0x00, 0x26, 0xFF, 0xCB, 0x01, 0x8F,
    0xFF, 0x80, 0x01, 0x9D, 0xFF, 0x33, 0x00, 0x11, 0x01, 0x3F, 0xFF, 0xAC, 0x01, 0x40, 0xFF, 0xA4,
    0x01, 0x42, 0xFF, 0xB6, 0x01, 0x43, 0xFF, 0x3B, 0x01, 0x44, 0xFF, 0xB6, 0x01, 0x45, 0xFF, 0xB1,
    0x01, 0x46, 0xFF, 0xB3, 0x01, 0x47, 0xFF, 0xB8, 0x01, 0x48, 0xFF, 0xB6, 0x01, 0x49, 0xFF, 0xE5,
    0x01, 0x63, 0xFF, 0x34, 0x01, 0x80, 0x00, 0x2E, 0x01, 0x84, 0xFF, 0xB6, 0x01, 0x93, 0xFF, 0x39,
    0x01, 0x9A, 0xFF, 0x40, 0x01, 0x9B, 0xFF, 0x8C, 0x01, 0x9F, 0xFF, 0x34, 0x00, 0x03, 0x01, 0x76,
    0xFF, 0x78, 0x01, 0x77, 0xFF, 0xA1, 0x01, 0x93, 0xFF, 0x39, 0x00, 0x02, 0x01, 0x76, 0xFF, 0x78,
    0x01, 0x9D, 0xFF, 0x9E, 0x00, 0x15, 0x00, 0x16, 0xFF, 0xEB, 0x00, 0x26, 0xFF, 0xCB, 0x00, 0x2A,
    0xFF, 0xCB, 0x00, 0x2B, 0xFF, 0xCB, 0x00, 0x2F, 0xFF, 0xCB, 0x00, 0x37, 0xFF, 0xF2, 0x00, 0x46,
    0xFF, 0xDE, 0x00, 0xBB, 0xFF, 0xCF, 0x00, 0xBF, 0xFF, 0xCF, 0x00, 0xC0, 0xFF, 0xCF, 0x00, 0xDD,
    0xFF, 0xE7, 0x01, 0x5F, 0xFF, 0x75, 0x01, 0x76, 0xFF, 0x78, 0x01, 0x77, 0xFF, 0xA3, 0x01, 0x87,
    0xFF, 0xAA, 0x01, 0x91, 0xFF, 0x9D, 0x01, 0x93, 0xFF, 0x39, 0x01, 0x9A, 0xFF, 0x40, 0x01, 0x9B,
    0xFF, 0x8C, 0x01, 0x9D, 0xFF, 0xA0, 0x01, 0xAE, 0xFF, 0xCF, 0x00, 0x06, 0x00, 0x01, 0xFF, 0xC7,
    0x00, 0x30, 0xFF, 0xC7, 0x00, 0x56, 0xFF, 0xC7, 0x00, 0x69, 0xFF, 0xC7, 0x00, 0x6F, 0xFF, 0xC7,
    0x01, 0x85, 0xFF, 0xC7, 0x00, 0x05, 0x01, 0x40, 0xFF, 0xA5, 0x01, 0x43, 0xFF, 0x9C, 0x01, 0x97,
    0xFF, 0xB3, 0x01, 0x9A, 0xFF, 0x77, 0x01, 0x9F, 0xFF, 0x82, 0x00, 0x03, 0x01, 0x74, 0xFF, 0xF1,
    0x01, 0x76, 0x00, 0x00, 0x01, 0x77, 0xFF, 0xAB, 0x00, 0x0D, 0x00, 0x01, 0xFF, 0xE1, 0x00, 0x0D,
    0xFF, 0xE7, 0x00, 0x0E, 0xFF, 0xED, 0x00, 0x21, 0xFF, 0xEE, 0x00, 0x3F, 0xFF, 0xEC, 0x00, 0x4B,
    0xFF, 0xED, 0x00, 0x50, 0xFF, 0xE4, 0x00, 0x56, 0xFF, 0xA3, 0x00, 0x59, 0xFF, 0xE2, 0x00, 0x63,
    0xFF, 0xBC, 0x00, 0x6A, 0xFF, 0xB2, 0x01, 0x75, 0xFF, 0xE4, 0x01, 0x9A, 0xFF, 0xBE, 0x00, 0x02,
    0x01, 0x74, 0xFF, 0xE4, 0x01, 0x76, 0xFF, 0xDC, 0x00, 0x06, 0x01, 0x76, 0xFF, 0x88, 0x01, 0x8F,
    0xFF, 0xD5, 0x01, 0x9A, 0xFF, 0x40, 0x01, 0x9B, 0xFF, 0x8C, 0x01, 0x9E, 0xFF, 0x33, 0x01, 0x9F,
    0xFF, 0x34, 0x00, 0x01, 0x01, 0x85, 0xFF, 0xB9, 0x00, 0x03, 0x01, 0x45, 0xFF, 0xBF, 0x01, 0x9A,
    0xFF, 0x81, 0x01, 0x9B, 0xFF, 0x8C, 0x00, 0x0C, 0x01, 0x3D, 0xFF, 0x81, 0x01, 0x3E, 0xFF, 0x81,
    0x01, 0x45, 0xFF, 0xBF, 0x01, 0x67, 0xFF, 0xBD, 0x01, 0x68, 0xFF, 0xCD, 0x01, 0x6B, 0xFF, 0x88,
    0x01, 0x74, 0xFF, 0xD0, 0x01, 0x76, 0xFF, 0x88, 0x01, 0x87, 0xFF, 0xBD, 0x01, 0x8F, 0xFF, 0xD5,
    0x01, 0x9A, 0xFF, 0x81, 0x01, 0x9B, 0xFF, 0x8C, 0x00, 0x09, 0x00, 0x01, 0xFF, 0xC7, 0x00, 0x30,
    0xFF, 0xC7, 0x00, 0x56, 0xFF, 0xC7, 0x00, 0x69, 0xFF, 0xC7, 0x00, 0x6A, 0xFF, 0xC7, 0x00, 0x6F,
    0xFF, 0xC7, 0x01, 0x40, 0xFF, 0xD3, 0x01, 0x49, 0xFF, 0xD3, 0x01, 0x85, 0xFF, 0xC7, 0x00, 0x04,
    0x00, 0x0E, 0xFF, 0xE3, 0x00, 0x4B, 0xFF, 0xE3, 0x00, 0x56, 0xFF, 0xA6, 0x00, 0x6A, 0xFF, 0xA8,
    0x00, 0x01, 0x01, 0x6B, 0xFF, 0xDA, 0x00, 0x02, 0x01, 0x81, 0xFF, 0xAB, 0x01, 0x8B, 0xFF, 0xC2,
    0x00, 0x05, 0x00, 0x01, 0xFF, 0xCE, 0x00, 0x56, 0xFF, 0xC2, 0x01, 0x3F, 0xFF, 0xE5, 0x01, 0x8A,
    0xFF, 0xD0, 0x01, 0x8B, 0xFF, 0xB2, 0x00, 0x0D, 0x00, 0x56, 0xFF, 0x82, 0x00, 0x63, 0xFF, 0x80,
    0x00, 0x64, 0xFF, 0x85, 0x00, 0x6A, 0xFF, 0x7E, 0x00, 0xB5, 0xFF, 0xCA, 0x00, 0xED, 0xFF, 0xC0,
    0x01, 0x63, 0xFF, 0x99, 0x01, 0x9A, 0xFF, 0x80, 0x01, 0x9B, 0xFF, 0x8C, 0x01, 0x9E, 0xFF, 0x84,
    0x01, 0x9F, 0xFF, 0x8C, 0x01, 0xA0, 0xFF, 0x84, 0x01, 0xA1, 0xFF, 0x8C, 0x00, 0x04, 0x00, 0x46,
    0xFF, 0xCA, 0x00, 0xDD, 0xFF, 0xB7, 0x01, 0x9D, 0xFF, 0x7D, 0x01, 0xAE, 0xFF, 0xD0, 0x00, 0x0A,
    0x00, 0x01, 0xFF, 0xC4, 0x00, 0x30, 0xFF, 0xAC, 0x00, 0x56, 0xFF, 0xBE, 0x00, 0x96, 0xFF, 0xE8,
    0x01, 0x43, 0xFF, 0xED, 0x01, 0x44, 0xFF, 0xED, 0x01, 0x46, 0xFF, 0xC2, 0x01, 0x6F, 0xFF, 0xA1,
    0x01, 0x70, 0xFF, 0xA1, 0x01, 0x85, 0xFF, 0xB3, 0x00, 0x02, 0x00, 0x56, 0xFF, 0x6D, 0x01, 0x85,
    0xFF, 0x91, 0x00, 0x0B, 0x00, 0x0E, 0xFF, 0xA8, 0x00, 0x3F, 0xFF, 0xA7, 0x00, 0x4B, 0xFF, 0xA7,
    0x00, 0x50, 0xFF, 0xB3, 0x00, 0x56, 0xFF, 0x6B, 0x00, 0x63, 0xFF, 0x65, 0x00, 0x6A, 0xFF, 0x5C,
    0x00, 0x91, 0xFF, 0xA7, 0x00, 0xA3, 0xFF, 0xB7, 0x00, 0xAC, 0xFF, 0xB7, 0x00, 0xE2, 0xFF, 0xB8,
    0x00, 0x03, 0x00, 0x56, 0xFF, 0xA1, 0x00, 0x63, 0xFF, 0xBD, 0x00, 0x6A, 0xFF, 0xB0, 0x00, 0x02,
    0x01, 0x5F, 0xFF, 0xDA, 0x01, 0x93, 0xFF, 0xD9, 0x00, 0x0B, 0x00, 0x56, 0xFF, 0x63, 0x00, 0xFB,
    0xFF, 0xB6, 0x01, 0x84, 0xFF, 0xBD, 0x01, 0x85, 0xFF, 0xB7, 0x01, 0x89, 0xFF, 0xBD, 0x01, 0x92,
    0xFF, 0x39, 0x01, 0x93, 0xFF, 0x39, 0x01, 0x94, 0xFF, 0x86, 0x01, 0x95, 0xFF, 0x81, 0x01, 0x97,
    0xFF, 0xD0, 0x01, 0x9A, 0xFF, 0x40, 0x00, 0x0C, 0x00, 0x56, 0xFF, 0x8C, 0x00, 0x63, 0xFF, 0xBD,
    0x00, 0x6A, 0xFF, 0xAF, 0x01, 0x3F, 0xFF, 0xEB, 0x01, 0x40, 0xFF, 0xD5, 0x01, 0x42, 0xFF, 0xDC,
    0x01, 0x43, 0xFF, 0xCB, 0x01, 0x44, 0xFF, 0xDF, 0x01, 0x46, 0xFF, 0xB1, 0x01, 0x84, 0xFF, 0xD6,
    0x01, 0x85, 0xFF, 0xB7, 0x01, 0x9A, 0xFF, 0xBD, 0x00, 0x01, 0x01, 0x93, 0xFF, 0x81, 0x00, 0x04,
    0x01, 0x3D, 0xFF, 0x81, 0x01, 0x3E, 0xFF, 0x81, 0x01, 0x5F, 0xFF, 0x82, 0x01, 0x93, 0xFF, 0x81,
    0x00, 0x0A, 0x00, 0x01, 0xFF, 0xB3, 0x00, 0x30, 0xFF, 0x9B, 0x00, 0x56, 0xFF, 0x83, 0x00, 0x63,
    0xFF, 0xB3, 0x00, 0x69, 0xFF, 0x83, 0x00, 0x6A, 0xFF, 0x95, 0x00, 0x6F, 0xFF, 0x9C, 0x01, 0x46,
    0xFF, 0x95, 0x01, 0x85, 0xFF, 0x80, 0x01, 0xB9, 0xFF, 0xBF, 0x00, 0x07, 0x00, 0xA8, 0xFF, 0xF1,
    0x00, 0xAC, 0xFF, 0xF0, 0x00, 0xB6, 0xFF, 0xF0, 0x01, 0x45, 0x00, 0x0B, 0x01, 0xAA, 0xFF, 0xFA,
    0x01, 0xB6, 0xFF, 0xF2, 0x01, 0xBB, 0xFF, 0xC9, 0x00, 0x06, 0x01, 0x3E, 0xFF, 0xE6, 0x01, 0x80,
    0xFF, 0xAE, 0x01, 0x87, 0xFF, 0xC7, 0x01, 0x8F, 0xFF, 0xBC, 0x01, 0xAA, 0xFF, 0xE0, 0x01, 0xB6,
    0xFF, 0xEB, 0x00, 0x07, 0x00, 0x01, 0xFF, 0xEC, 0x00, 0x56, 0xFF, 0xE8, 0x00, 0xED, 0x00, 0x00,
    0x01, 0x00, 0xFF, 0xEE, 0x01, 0x3E, 0xFF, 0xEF, 0x01, 0x8F, 0xFF, 0xD1, 0x01, 0xAA, 0xFF, 0xED,
    0x00, 0x06, 0x01, 0x45, 0xFF, 0xEB, 0x01, 0x67, 0xFF, 0xE1, 0x01, 0x80, 0xFF, 0x98, 0x01, 0xAA,
    0xFF, 0xFE, 0x01, 0xB6, 0xFF, 0xD4, 0x01, 0xBB, 0xFF, 0xAD, 0x00, 0x07, 0x00, 0x01, 0xFF, 0xED,
    0x00, 0x56, 0xFF, 0xEA, 0x01, 0x00, 0xFF, 0xEE, 0x01, 0x3E, 0xFF, 0xF0, 0x01, 0x45, 0x00, 0x14,
    0x01, 0x8F, 0xFF, 0xD0, 0x01, 0xAA, 0xFF, 0xEE, 0x00, 0x0D, 0x00, 0x01, 0xFF, 0xEC, 0x00, 0xED,
    0xFF, 0xF2, 0x00, 0xFA, 0xFF, 0xE9, 0x01, 0x00, 0xFF, 0xE0, 0x01, 0x3D, 0xFF, 0xDC, 0x01, 0x3E,
    0xFF, 0xD8, 0x01, 0x76, 0xFF, 0xD4, 0x01, 0x87, 0xFF, 0xE1, 0x01, 0x8F, 0xFF, 0xDB, 0x01, 0xAA,
    0xFF, 0xD7, 0x01, 0xB6, 0xFF, 0xF0, 0x01, 0xBC, 0xFF, 0xB1, 0x01, 0xBE, 0xFF, 0xF2, 0x00, 0x10,
    0x00, 0x01, 0xFF, 0xEB, 0x00, 0x56, 0xFF, 0xD6, 0x00, 0x63, 0xFF, 0xDD, 0x00, 0x64, 0xFF, 0xDD,
    0x00, 0x69, 0xFF, 0xDD, 0x00, 0x6A, 0xFF, 0xDD, 0x00, 0xED, 0xFF, 0xEB, 0x01, 0x00, 0xFF, 0xD9,
    0x01, 0x01, 0xFF, 0xE4, 0x01, 0x3D, 0xFF, 0xD6, 0x01, 0x3E, 0xFF, 0xD1, 0x01, 0x76, 0xFF, 0xCE,
    0x01, 0x87, 0xFF, 0xCD, 0x01, 0x8F, 0xFF, 0xC3, 0x01, 0xAA, 0xFF, 0xCE, 0x01, 0xB6, 0xFF, 0xF9,
    0x00, 0x0A, 0x00, 0x01, 0xFF, 0xEE, 0x00, 0x0E, 0x00, 0x0E, 0x00, 0x69, 0xFF, 0xEA, 0x01, 0x00,
    0xFF, 0xF0, 0x01, 0x3D, 0xFF, 0xF4, 0x01, 0x3E, 0xFF, 0xF1, 0x01, 0x87, 0xFF, 0xD6, 0x01, 0x8F,
    0xFF, 0xD4, 0x01, 0xAA, 0xFF, 0xEF, 0x01, 0xB6, 0xFF, 0xF6, 0x00, 0x0E, 0x00, 0x01, 0xFF, 0xEC,
    0x00, 0x0D, 0xFF, 0xF1, 0x00, 0x96, 0xFF, 0xF7, 0x00, 0xAC, 0xFF, 0xFB, 0x00, 0xE7, 0xFF, 0xFB,
    0x01, 0x00, 0xFF, 0xEB, 0x01, 0x3D, 0xFF, 0xF0, 0x01, 0x3E, 0xFF, 0xE7, 0x01, 0x67, 0xFF, 0xE2,
    0x01, 0x74, 0xFF, 0xE9, 0x01, 0x87, 0xFF, 0xD9, 0x01, 0x8F, 0xFF, 0xDA, 0x01, 0xAA, 0xFF, 0xE5,
    0x01, 0xB6, 0xFF, 0xE2, 0x00, 0x14, 0x00, 0xBF, 0x00, 0x1C, 0x01, 0x3E, 0xFF, 0xE8, 0x01, 0x3F,
    0x00, 0x0F, 0x01, 0x42, 0xFF, 0xF7, 0x01, 0x45, 0x00, 0x10, 0x01, 0x46, 0xFF, 0xDB, 0x01, 0x47,
    0x00, 0x10, 0x01, 0x48, 0x00, 0x10, 0x01, 0x67, 0xFF, 0xE5, 0x01, 0x6F, 0xFF, 0xBB, 0x01, 0x70,
    0xFF, 0xBB, 0x01, 0x76, 0xFF, 0xEA, 0x01, 0x80, 0xFF, 0xAC, 0x01, 0x87, 0xFF, 0xC6, 0x01, 0x8F,
    0xFF, 0xB9, 0x01, 0xAA, 0xFF, 0xE2, 0x01, 0xAF, 0x00, 0x19, 0x01, 0xB6, 0xFF, 0xF0, 0x01, 0xBB,
    0xFF, 0xE7, 0x01, 0xBC, 0xFF, 0xD9, 0x00, 0x04, 0x01, 0x57, 0xFF, 0xBA, 0x01, 0x65, 0xFF, 0x99,
    0x01, 0x7D, 0xFF, 0x9D, 0x01, 0x85, 0xFF, 0xCC, 0x00, 0x02, 0x01, 0x7D, 0xFF, 0xA6, 0x01, 0x85,
    0xFF, 0xCF, 0x00, 0x09, 0x00, 0x56, 0xFF, 0xEF, 0x00, 0x64, 0xFF, 0xEB, 0x00, 0xA9, 0xFF, 0xFD,
    0x00, 0xC6, 0xFF, 0xF8, 0x00, 0xDD, 0x00, 0x08, 0x01, 0x73, 0xFF, 0xD3, 0x01, 0x80, 0xFF, 0xD8,
    0x01, 0xB8, 0xFF, 0xE3, 0x01, 0xBB, 0xFF, 0xD5, 0x00, 0x08, 0x00, 0x56, 0xFF, 0xA2, 0x00, 0x69,
    0xFF, 0xC2, 0x00, 0x6A, 0xFF, 0xBE, 0x00, 0xCE, 0x00, 0x00, 0x01, 0x46, 0xFF, 0xA6, 0x01, 0x73,
    0xFF, 0xB2, 0x01, 0x80, 0xFF, 0xB0, 0x01, 0x87, 0xFF, 0xBE, 0x00, 0x06, 0x00, 0xDD, 0x00, 0x08,
    0x01, 0x63, 0xFF, 0xE5, 0x01, 0x73, 0xFF, 0xD4, 0x01, 0x80, 0xFF, 0xD8, 0x01, 0x93, 0xFF, 0xDD,
    0x01, 0xBB, 0xFF, 0xD5, 0x00, 0x02, 0x01, 0x5F, 0xFF, 0xE1, 0x01, 0x93, 0xFF, 0xDB, 0x00, 0x01,
    0x00, 0xA9, 0xFF, 0xF0, 0x00, 0x01, 0x00, 0xA9, 0xFF, 0xEF, 0x00, 0x01, 0x01, 0x85, 0xFF, 0xE0,
    0x00, 0x05, 0x00, 0xC4, 0xFF, 0xEF, 0x00, 0xCE, 0xFF, 0xF7, 0x01, 0x46, 0xFF, 0xB9, 0x01, 0xA9,
    0xFF, 0xB2, 0x01, 0xBB, 0xFF, 0xC5, 0x00, 0x01, 0x01, 0x9B, 0xFF, 0xE8, 0x00, 0x02, 0x00, 0xA9,
    0xFF, 0xEC, 0x01, 0x85, 0xFF, 0xCE, 0x00, 0x08, 0x00, 0xA9, 0xFF, 0xEC, 0x00, 0xCE, 0x00, 0x00,
    0x01, 0x46, 0xFF, 0xA5, 0x01, 0x5C, 0xFF, 0xAB, 0x01, 0x87, 0xFF, 0xBD, 0x01, 0xA4, 0xFF, 0xE0,
    0x01, 0xA9, 0xFF, 0xBB, 0x01, 0xBB, 0xFF, 0xD7, 0x00, 0x09, 0x00, 0xC4, 0xFF, 0xF3, 0x01, 0x43,
    0xFF, 0xCE, 0x01, 0x44, 0xFF, 0xE7, 0x01, 0x46, 0xFF, 0xB9, 0x01, 0x47, 0xFF, 0xF5, 0x01, 0x87,
    0xFF, 0xD9, 0x01, 0xA9, 0xFF, 0xB0, 0x01, 0xB8, 0xFF, 0xE9, 0x01, 0xBC, 0xFF, 0xD6, 0x00, 0x07,
    0x00, 0xBB, 0xFF, 0xFC, 0x00, 0xC4, 0xFF, 0xFB, 0x00, 0xCE, 0x00, 0x00, 0x01, 0x46, 0xFF, 0xA6,
    0x01, 0x87, 0xFF, 0xBE, 0x01, 0xA9, 0xFF, 0xB9, 0x01, 0xBB, 0xFF, 0xD9, 0x00, 0x09, 0x00, 0xA9,
    0xFF, 0xEC, 0x00, 0xAC, 0xFF, 0xF3, 0x00, 0xC4, 0xFF, 0xF7, 0x00, 0xD6, 0xFF, 0xF3, 0x00, 0xDD,
    0xFF, 0xF3, 0x01, 0x43, 0xFF, 0xD6, 0x01, 0x46, 0xFF, 0xA5, 0x01, 0x87, 0xFF, 0xBC, 0x01, 0xA9,
    0xFF, 0xBB, 0x00, 0x01, 0x00, 0xA9, 0xFF, 0xFD, 0x00, 0x0A, 0x00, 0x56, 0xFF, 0xA1, 0x00, 0xA9,
    0xFF, 0xFD, 0x00, 0xBB, 0xFF, 0xF9, 0x00, 0xC4, 0xFF, 0xF9, 0x01, 0x46, 0xFF, 0xB5, 0x01, 0x87,
    0xFF, 0xD1, 0x01, 0x9B, 0xFF, 0xC2, 0x01, 0xA9, 0xFF, 0xB2, 0x01, 0xBB, 0xFF, 0xD5, 0x01, 0xBC,
    0xFF, 0xC8, 0x00, 0x01, 0x01, 0x70, 0xFF, 0xF9, 0x00, 0x01, 0x00, 0xC8, 0x00, 0x00, 0x00, 0x08,
    0x00, 0xA3, 0xFF, 0xF5, 0x00, 0xAC, 0xFF, 0xF5, 0x01, 0x43, 0xFF, 0xD1, 0x01, 0x46, 0xFF, 0xC0,
    0x01, 0x87, 0xFF, 0xE5, 0x01, 0xA9, 0xFF, 0xBC, 0x01, 0xB8, 0x00, 0x00, 0x01, 0xBB, 0xFF, 0xC8,
    0x00, 0x1D, 0x00, 0x96, 0x00, 0x00, 0x00, 0xAC, 0xFF, 0xFE, 0x00, 0xB5, 0x00, 0x00, 0x00, 0xB6,
    0xFF, 0xFE, 0x00, 0xBC, 0x00, 0x00, 0x00, 0xED, 0x00, 0x00, 0x00, 0xF0, 0x00, 0x00, 0x00, 0xFA,
    0x00, 0x00, 0x00, 0xFB, 0x00, 0x00, 0x01, 0x06, 0xFF, 0xEE, 0x01, 0x37, 0x00, 0x00, 0x01, 0x39,
    0x00, 0x00, 0x01, 0x3A, 0x00, 0x00, 0x01, 0x3B, 0x00, 0x00, 0x01, 0x3C, 0x00, 0x00, 0x01, 0x57,
    0xFF, 0xD5, 0x01, 0x58, 0xFF, 0xD8, 0x01, 0x59, 0xFF, 0xDA, 0x01, 0x6F, 0xFF, 0xD7, 0x01, 0x70,
    0xFF, 0xDA, 0x01, 0x71, 0xFF, 0xE0, 0x01, 0x7D, 0xFF, 0xDF, 0x01, 0x85, 0xFF, 0xC1, 0x01, 0x97,
    0xFF, 0xE7, 0x01, 0x99, 0xFF, 0xE7, 0x01, 0x9B, 0xFF, 0xD6, 0x01, 0x9E, 0xFF, 0xDB, 0x01, 0xA0,
    0xFF, 0xDB, 0x01, 0xA1, 0xFF, 0xD9, 0x00, 0x01, 0x01, 0x70, 0xFF, 0xEB, 0x00, 0x05, 0x00, 0x2F,
    0x00, 0x0B, 0x00, 0xA5, 0x00, 0x12, 0x00, 0xC4, 0x00, 0x0A, 0x01, 0x85, 0xFF, 0xEC, 0x01, 0x9A,
    0xFF, 0xE5, 0x00, 0x11, 0x00, 0x96, 0x00, 0x14, 0x00, 0xA3, 0x00, 0x15, 0x00, 0xA4, 0x00, 0x15,
    0x00, 0xAC, 0x00, 0x15, 0x00, 0xAE, 0x00, 0x15, 0x00, 0xBC, 0x00, 0x0B, 0x00, 0xD1, 0x00, 0x06,
    0x00, 0xD6, 0x00, 0x15, 0x00, 0xF0, 0x00, 0x0A, 0x00, 0xF9, 0x00, 0x0A, 0x00, 0xFB, 0x00, 0x00,
    0x01, 0x3A, 0x00, 0x00, 0x01, 0x57, 0xFF, 0xE9, 0x01, 0x6F, 0xFF, 0xEA, 0x01, 0x70, 0xFF, 0xED,
    0x01, 0x7D, 0xFF, 0xD7, 0x01, 0x85, 0xFF, 0xCC, 0x00, 0x0B, 0x00, 0xA3, 0x00, 0x12, 0x00, 0xAC,
    0x00, 0x12, 0x00, 0xC6, 0x00, 0x08, 0x00, 0xCE, 0x00, 0x11, 0x00, 0xDD, 0x00, 0x1B, 0x01, 0x46,
    0xFF, 0xBE, 0x01, 0x87, 0xFF, 0xD0, 0x01, 0xA9, 0xFF, 0xB5, 0x01, 0xB8, 0xFF, 0xEC, 0x01, 0xBB,
    0xFF, 0xDF, 0x01, 0xBC, 0xFF, 0xC4, 0x00, 0x11, 0x00, 0x96, 0xFF, 0xF1, 0x00, 0x97, 0xFF, 0xF1,
    0x00, 0xA3, 0xFF, 0xEE, 0x00, 0xAC, 0xFF, 0xEE, 0x00, 0xBE, 0xFF, 0xF8, 0x00, 0xD6, 0xFF, 0xEE,
    0x00, 0xE7, 0xFF, 0xF2, 0x00, 0xF0, 0xFF, 0xF8, 0x00, 0xF9, 0xFF, 0xF8, 0x01, 0x21, 0xFF, 0xEF,
    0x01, 0x22, 0xFF, 0xEF, 0x01, 0x57, 0xFF, 0xD6, 0x01, 0x58, 0xFF, 0x9B, 0x01, 0x59, 0xFF, 0x9A,
    0x01, 0x6F, 0xFF, 0x9B, 0x01, 0x70, 0xFF, 0x9B, 0x01, 0x7D, 0xFF, 0xA5, 0x00, 0x09, 0x00, 0xA8,
    0xFF, 0xEF, 0x00, 0xD2, 0xFF, 0xF5, 0x00, 0xE7, 0xFF, 0xF1, 0x00, 0xED, 0x00, 0x0C, 0x01, 0x58,
    0xFF, 0x9B, 0x01, 0x59, 0xFF, 0x9A, 0x01, 0x6F, 0xFF, 0x9B, 0x01, 0x70, 0xFF, 0x9B, 0x01, 0x7D,
    0xFF, 0xA5, 0x00, 0x0B, 0x00, 0xA9, 0xFF, 0xE5, 0x00, 0xC4, 0xFF, 0xF5, 0x00, 0xD6, 0x00, 0x00,
    0x00, 0xDD, 0xFF, 0xEE, 0x01, 0x43, 0xFF, 0xBF, 0x01, 0x46, 0xFF, 0xA7, 0x01, 0x5C, 0xFF, 0x9F,
    0x01, 0x87, 0xFF, 0xBC, 0x01, 0xA4, 0xFF, 0xCC, 0x01, 0xA9, 0xFF, 0xBC, 0x01, 0xBB, 0xFF, 0xC9,
    0x00, 0x06, 0x00, 0xC4, 0xFF, 0xFE, 0x00, 0xDD, 0x00, 0x0C, 0x01, 0x46, 0xFF, 0xB4, 0x01, 0x87,
    0xFF, 0xC4, 0x01, 0xA9, 0xFF, 0xAF, 0x01, 0xBC, 0xFF, 0xB7, 0x00, 0x11, 0x00, 0xA8, 0x00, 0x0A,
    0x00, 0xAC, 0x00, 0x08, 0x00, 0xB6, 0x00, 0x0A, 0x00, 0xBC, 0x00, 0x14, 0x00, 0xC6, 0x00, 0x0F,
    0x00, 0xED, 0x00, 0x03, 0x01, 0x57, 0xFF, 0xE9, 0x01, 0x58, 0xFF, 0xCC, 0x01, 0x59, 0xFF, 0xCF,
    0x01, 0x65, 0xFF, 0xD8, 0x01, 0x6F, 0xFF, 0xCA, 0x01, 0x70, 0xFF, 0xCF, 0x01, 0x7D, 0xFF, 0xE7,
    0x01, 0x85, 0xFF, 0xAF, 0x01, 0x89, 0xFF, 0xAD, 0x01, 0x9A, 0xFF, 0xCC, 0x01, 0x9E, 0xFF, 0xD3,
    0x00, 0x01, 0x01, 0x85, 0xFF, 0xD3, 0x00, 0x02, 0x00, 0xA9, 0x00, 0x00, 0x00, 0xD9, 0x00, 0x00,
    0x00, 0x02, 0x00, 0xA9, 0x00, 0x00, 0x00, 0xCE, 0x00, 0x11, 0x00, 0x11, 0x00, 0x56, 0xFF, 0x96,
    0x00, 0xA9, 0x00, 0x00, 0x00, 0xCE, 0x00, 0x11, 0x00, 0xD6, 0x00, 0x00, 0x01, 0x01, 0xFF, 0xF0,
    0x01, 0x46, 0xFF, 0xB4, 0x01, 0x85, 0xFF, 0xAD, 0x01, 0x87, 0xFF, 0xC3, 0x01, 0x89, 0xFF, 0xAD,
    0x01, 0x9A, 0xFF, 0xB1, 0x01, 0x9B, 0xFF, 0xB1, 0x01, 0x9F, 0xFF, 0xB3, 0x01, 0xA1, 0xFF, 0xB3,
    0x01, 0xA9, 0xFF, 0xAF, 0x01, 0xB8, 0xFF, 0xF3, 0x01, 0xBB, 0xFF, 0xE7, 0x01, 0xBC, 0xFF, 0xB5,
    0x00, 0x01, 0x01, 0x89, 0xFF, 0xE0, 0x00, 0x01, 0x01, 0x9A, 0xFF, 0xC6, 0x00, 0x11, 0x00, 0xBB,
    0xFF, 0xFD, 0x00, 0xC4, 0xFF, 0xFD, 0x00, 0xD6, 0x00, 0x00, 0x00, 0xDD, 0x00, 0x09, 0x00, 0xFA,
    0xFF, 0xEC, 0x01, 0x3E, 0xFF, 0xC4, 0x01, 0x42, 0xFF, 0xEC, 0x01, 0x46, 0xFF, 0xB3, 0x01, 0x49,
    0xFF, 0xF7, 0x01, 0x66, 0xFF, 0xB2, 0x01, 0x87, 0xFF, 0xD2, 0x01, 0xA3, 0xFF, 0xFA, 0x01, 0xA9,
    0xFF, 0xAB, 0x01, 0xB6, 0xFF, 0xE0, 0x01, 0xB8, 0xFF, 0xE0, 0x01, 0xBB, 0xFF, 0xD9, 0x01, 0xBC,
    0xFF, 0xB8, 0x00, 0x0D, 0x00, 0xBB, 0xFF, 0xFD, 0x00, 0xC4, 0xFF, 0xFD, 0x00, 0xDD, 0x00, 0x0A,
    0x01, 0x3E, 0xFF, 0xC5, 0x01, 0x46, 0xFF, 0xB3, 0x01, 0x49, 0xFF, 0xF7, 0x01, 0x66, 0xFF, 0xB3,
    0x01, 0x87, 0xFF, 0xD2, 0x01, 0xA9, 0xFF, 0xAB, 0x01, 0xB6, 0xFF, 0xE0, 0x01, 0xB8, 0xFF, 0xE0,
    0x01, 0xBB, 0xFF, 0xD9, 0x01, 0xBC, 0xFF, 0xB9, 0x00, 0x14, 0x00, 0x96, 0x00, 0x00, 0x00, 0x9E,
    0x00, 0x00, 0x00, 0xA3, 0x00, 0x00, 0x00, 0xA8, 0x00, 0x07, 0x00, 0xAC, 0x00, 0x00, 0x00, 0xB4,
    0x00, 0x00, 0x00, 0xB6, 0x00, 0x0D, 0x00, 0xCE, 0x00, 0x1B, 0x00, 0xD6, 0x00, 0x00, 0x00, 0xD7,
    0x00, 0x00, 0x00, 0xED, 0x00, 0x1A, 0x01, 0x01, 0x00, 0x14, 0x01, 0x57, 0xFF, 0xF8, 0x01, 0x58,
    0xFF, 0xCE, 0x01, 0x59, 0xFF, 0xCE, 0x01, 0x6F, 0xFF, 0xCE, 0x01, 0x70, 0xFF, 0xCE, 0x01, 0x7D,
    0xFF, 0xD0, 0x01, 0x85, 0xFF, 0xD7, 0x01, 0x9B, 0xFF, 0xF2, 0x00, 0x03, 0x00, 0xD2, 0xFF, 0xF9,
    0x01, 0x06, 0xFF, 0xEE, 0x01, 0x08, 0xFF, 0xEE, 0x00, 0x09, 0x00, 0xA3, 0xFF, 0xE2, 0x00, 0xAC,
    0xFF, 0xE2, 0x00, 0xC4, 0xFF, 0xF9, 0x00, 0xCE, 0xFF, 0xF4, 0x01, 0x43, 0xFF, 0xC4, 0x01, 0x46,
    0xFF, 0xBC, 0x01, 0xA4, 0xFF, 0xDE, 0x01, 0xA9, 0xFF, 0xB3, 0x01, 0xBB, 0xFF, 0xBC, 0x00, 0x02,
    0x00, 0xC6, 0x00, 0x00, 0x00, 0xDD, 0x00, 0x0C, 0x00, 0x02, 0x01, 0x85, 0x00, 0x00, 0x01, 0x9A,
    0x00, 0x00, 0x00, 0x01, 0x01, 0x85, 0xFF, 0xD4, 0x00, 0x02, 0x00, 0xA9, 0xFF, 0xFD, 0x00, 0xDD,
    0x00, 0x09, 0x00, 0x0D, 0x00, 0x96, 0xFF, 0xFC, 0x00, 0xA8, 0xFF, 0xFE, 0x00, 0xE2, 0xFF, 0xFE,
    0x00, 0xE7, 0xFF, 0xFE, 0x00, 0xED, 0xFF, 0xFD, 0x00, 0xFA, 0xFF, 0xF7, 0x00, 0xFB, 0xFF, 0xFB,
    0x01, 0x00, 0xFF, 0xEF, 0x01, 0x3A, 0xFF, 0xFB, 0x01, 0x57, 0xFF, 0xDC, 0x01, 0x6F, 0xFF, 0xD4,
    0x01, 0x70, 0xFF, 0xD4, 0x01, 0x7D, 0xFF, 0xCF, 0x00, 0x10, 0x00, 0x96, 0xFF, 0xFD, 0x01, 0x00,
    0x00, 0x00, 0x01, 0x01, 0x00, 0x00, 0x01, 0x06, 0x00, 0x00, 0x01, 0x57, 0xFF, 0xDC, 0x01, 0x58,
    0xFF, 0xD5, 0x01, 0x59, 0xFF, 0xD4, 0x01, 0x65, 0xFF, 0xDD, 0x01, 0x6F, 0xFF, 0xD4, 0x01, 0x70,
    0xFF, 0xD4, 0x01, 0x71, 0xFF, 0xE7, 0x01, 0x7D, 0xFF, 0xCF, 0x01, 0x85, 0xFF, 0xF3, 0x01, 0x97,
    0xFF, 0xE1, 0x01, 0x9A, 0x00, 0x23, 0x01, 0x9B, 0x00, 0x23, 0x00, 0x04, 0x00, 0xA9, 0x00, 0x0C,
    0x00, 0xCE, 0x00, 0x11, 0x00, 0xE9, 0x00, 0x1A, 0x01, 0x08, 0x00, 0x10, 0x00, 0x06, 0x00, 0xA9,
    0xFF, 0xFE, 0x00, 0xDD, 0x00, 0x0D, 0x01, 0x87, 0xFF, 0xE8, 0x01, 0xB8, 0xFF, 0xE6, 0x01, 0xBB,
    0xFF, 0xD8, 0x01, 0xBC, 0xFF, 0xD2, 0x00, 0x01, 0x00, 0xBB, 0xFF, 0xFD, 0x00, 0x0A, 0x00, 0xC4,
    0xFF, 0xFD, 0x00, 0xDD, 0x00, 0x09, 0x01, 0x42, 0xFF, 0xEC, 0x01, 0x46, 0xFF, 0xB3, 0x01, 0x66,
    0xFF, 0xB2, 0x01, 0x87, 0xFF, 0xD2, 0x01, 0xA9, 0xFF, 0xAB, 0x01, 0xB8, 0xFF, 0xE0, 0x01, 0xBB,
    0xFF, 0xD9, 0x01, 0xBC, 0xFF, 0xB8, 0x00, 0x01, 0x00, 0xC6, 0x00, 0x00, 0x00, 0x01, 0x00, 0xC4,
    0xFF, 0xF9, 0x00, 0x06, 0x00, 0x9B, 0xFF, 0xF1, 0x00, 0xA9, 0xFF, 0xE6, 0x00, 0xC2, 0x00, 0x17,
    0x00, 0xC4, 0x00, 0x22, 0x00, 0xDD, 0xFF, 0xEC, 0x01, 0x43, 0xFF, 0xC5, 0x00, 0x01, 0x00, 0xCE,
    0x00, 0x12, 0x00, 0x01, 0x01, 0x9A, 0xFF, 0xCC, 0x00, 0x01, 0x01, 0x85, 0xFF, 0xB3, 0x00, 0x0B,
    0x00, 0xCE, 0x00, 0x12, 0x00, 0xDD, 0x00, 0x08, 0x01, 0x01, 0xFF, 0xF2, 0x01, 0x46, 0xFF, 0xB0,
    0x01, 0x49, 0xFF, 0xF0, 0x01, 0x5C, 0xFF, 0xD5, 0x01, 0x87, 0xFF, 0xC0, 0x01, 0xA9, 0xFF, 0xB0,
    0x01, 0xB8, 0xFF, 0xF3, 0x01, 0xBB, 0xFF, 0xE8, 0x01, 0xBC, 0xFF, 0xB8, 0x00, 0x12, 0x00, 0x96,
    0x00, 0x04, 0x00, 0xA8, 0x00, 0x09, 0x00, 0xAC, 0x00, 0x05, 0x00, 0xB6, 0x00, 0x08, 0x00, 0xE7,
    0x00, 0x08, 0x00, 0xFA, 0xFF, 0xFE, 0x01, 0x57, 0xFF, 0xF3, 0x01, 0x58, 0xFF, 0xC1, 0x01, 0x59,
    0xFF, 0xC5, 0x01, 0x6F, 0xFF, 0xC1, 0x01, 0x70, 0xFF, 0xC4, 0x01, 0x71, 0xFF, 0xED, 0x01, 0x7D,
    0xFF, 0xE5, 0x01, 0x85, 0xFF, 0xC3, 0x01, 0x89, 0xFF, 0xC4, 0x01, 0x9A, 0xFF, 0xD4, 0x01, 0x9E,
    0xFF, 0xD9, 0x01, 0xA0, 0xFF, 0xD9, 0x00, 0x02, 0x00, 0xBC, 0xFF, 0xFC, 0x01, 0x9A, 0xFF, 0xD7,
    0x00, 0x07, 0x00, 0xC4, 0xFF, 0xF8, 0x01, 0x46, 0xFF, 0xB5, 0x01, 0x85, 0xFF, 0xB1, 0x01, 0x87,
    0xFF, 0xBB, 0x01, 0xA9, 0xFF, 0xB4, 0x01, 0xB8, 0xFF, 0xE6, 0x01, 0xBC, 0xFF, 0xBC, 0x00, 0x07,
    0x00, 0xC4, 0xFF, 0xFE, 0x00, 0xDD, 0x00, 0x0C, 0x00, 0xFA, 0xFF, 0xF5, 0x01, 0x46, 0xFF, 0xB4,
    0x01, 0x87, 0xFF, 0xC4, 0x01, 0xA9, 0xFF, 0xAF, 0x01, 0xBC, 0xFF, 0xB7, 0x00, 0x01, 0x00, 0xCE,
    0x00, 0x00, 0x00, 0x02, 0x01, 0x9A, 0xFF, 0xB4, 0x01, 0x9B, 0xFF, 0xB4, 0x00, 0x01, 0x00, 0xA9,
    0x00, 0x00, 0x00, 0x15, 0x00, 0x56, 0xFF, 0x9A, 0x00, 0xA9, 0x00, 0x00, 0x00, 0xBB, 0x00, 0x00,
    0x00, 0xC4, 0x00, 0x00, 0x00, 0xCE, 0x00, 0x00, 0x00, 0xFA, 0xFF, 0xEC, 0x01, 0x11, 0x00, 0x00,
    0x01, 0x42, 0xFF, 0xEC, 0x01, 0x46, 0xFF, 0xB6, 0x01, 0x49, 0xFF, 0xF8, 0x01, 0x66, 0xFF, 0xB2,
    0x01, 0x85, 0xFF, 0xC6, 0x01, 0x87, 0xFF, 0xD5, 0x01, 0x9A, 0xFF, 0xB4, 0x01, 0x9B, 0xFF, 0xB4,
    0x01, 0x9F, 0xFF, 0xB6, 0x01, 0xA1, 0xFF, 0xB6, 0x01, 0xA9, 0xFF, 0xAB, 0x01, 0xB8, 0xFF, 0xE0,
    0x01, 0xBB, 0xFF, 0xD9, 0x01, 0xBC, 0xFF, 0xB8, 0x00, 0x09, 0x00, 0x46, 0x00, 0x0D, 0x00, 0xC4,
    0x00, 0x0A, 0x00, 0xDD, 0x00, 0x0F, 0x01, 0x42, 0x00, 0x00, 0x01, 0x47, 0x00, 0x16, 0x01, 0x48,
    0x00, 0x15, 0x01, 0x49, 0x00, 0x13, 0x01, 0xA4, 0xFF, 0xFD, 0x01, 0xAE, 0x00, 0x07, 0x00, 0x01,
    0x00, 0xC4, 0x00, 0x17, 0x00, 0x01, 0x01, 0x05, 0xFF, 0xD2, 0x00, 0x02, 0x01, 0x57, 0xFF, 0xD8,
    0x01, 0x7D, 0xFF, 0xCB, 0x00, 0x0E, 0x00, 0x37, 0xFF, 0xED, 0x00, 0xCE, 0xFF, 0xE5, 0x01, 0x42,
    0xFF, 0xE5, 0x01, 0x43, 0xFF, 0xB8, 0x01, 0x44, 0xFF, 0xE6, 0x01, 0x47, 0xFF, 0xEB, 0x01, 0x48,
    0xFF, 0xEB, 0x01, 0xA2, 0xFF, 0x99, 0x01, 0xA3, 0xFF, 0xC6, 0x01, 0xA8, 0xFF, 0xC7, 0x01, 0xAE,
    0xFF, 0xDC, 0x01, 0xB8, 0xFF, 0xB4, 0x01, 0xBA, 0xFF, 0xA4, 0x01, 0xBC, 0xFF, 0xBB, 0x00, 0x04,
    0x00, 0xCF, 0xFF, 0x9E, 0x00, 0xD0, 0xFF, 0x9E, 0x00, 0xE0, 0xFF, 0x9E, 0x00, 0xE3, 0xFF, 0x9E,
    0x00, 0x05, 0x00, 0xCF, 0xFF, 0x9E, 0x00, 0xD0, 0xFF, 0x9E, 0x00, 0xE0, 0xFF, 0x9E, 0x00, 0xE3,
    0xFF, 0x9E, 0x00, 0xF0, 0xFF, 0xB3, 0x00, 0x06, 0x00, 0xCF, 0xFF, 0x9E, 0x00, 0xD0, 0xFF, 0x9E,
    0x00, 0xE0, 0xFF, 0x9E, 0x00, 0xE3, 0xFF, 0x9E, 0x00, 0xF0, 0xFF, 0xB3, 0x00, 0xF4, 0xFF, 0xD1,
    0x00, 0x1C, 0x00, 0x8B, 0xFF, 0xD4, 0x00, 0xB2, 0xFF, 0xBB, 0x00, 0xCF, 0xFF, 0x9E, 0x00, 0xD0,
    0xFF, 0x9E, 0x00, 0xE0, 0xFF, 0x9E, 0x00, 0xE3, 0xFF, 0x9E, 0x00, 0xF0, 0xFF, 0xB3, 0x00, 0xF1,
    0xFF, 0xB3, 0x00, 0xF3, 0xFF, 0xBB, 0x00, 0xF4, 0xFF, 0xD1, 0x00, 0xF5, 0xFF, 0xCB, 0x00, 0xF7,
    0xFF, 0xD5, 0x01, 0x1D, 0xFF, 0xD1, 0x01, 0x42, 0xFF, 0xDB, 0x01, 0x43, 0xFF, 0x7F, 0x01, 0x44,
    0xFF, 0xE3, 0x01, 0x47, 0xFF, 0xDC, 0x01, 0x48, 0xFF, 0xE0, 0x01, 0x49, 0xFF, 0xE2, 0x01, 0x64,
    0xFF, 0xB4, 0x01, 0xA2, 0xFF, 0x95, 0x01, 0xA3, 0xFF, 0xB5, 0x01, 0xA4, 0xFF, 0xB9, 0x01, 0xA8,
    0xFF, 0xBB, 0x01, 0xB8, 0xFF, 0xB2, 0x01, 0xBA, 0xFF, 0xA2, 0x01, 0xBB, 0xFF, 0x83, 0x01, 0xBC,
    0xFF, 0xBC, 0x00, 0x0F, 0x00, 0xC4, 0x00, 0x1B, 0x00, 0xE3, 0xFF, 0xE8, 0x01, 0x42, 0xFF, 0xE2,
    0x01, 0x43, 0xFF, 0xC7, 0x01, 0x44, 0xFF, 0xE6, 0x01, 0x47, 0xFF, 0xE9, 0x01, 0xA2, 0xFF, 0x85,
    0x01, 0xA3, 0xFF, 0xC6, 0x01, 0xA8, 0xFF, 0xC2, 0x01, 0xA9, 0xFF, 0xE7, 0x01, 0xB6, 0xFF, 0xB8,
    0x01, 0xB8, 0xFF, 0xB1, 0x01, 0xB9, 0xFF, 0xBF, 0x01, 0xBA, 0xFF, 0x9E, 0x01, 0xBC, 0xFF, 0xB7,
    0x00, 0x04, 0x00, 0xCF, 0xFF, 0xE0, 0x00, 0xD0, 0xFF, 0xE0, 0x00, 0xE0, 0xFF, 0xE0, 0x00, 0xE3,
    0xFF, 0xE0, 0x00, 0x0F, 0x00, 0x8B, 0xFF, 0xD6, 0x00, 0x9B, 0xFF, 0xDB, 0x00, 0xC2, 0x00, 0x18,
    0x00, 0xCE, 0xFF, 0xEE, 0x00, 0xCF, 0xFF, 0xE0, 0x00, 0xD0, 0xFF, 0xE0, 0x00, 0xE0, 0xFF, 0xE0,
    0x00, 0xE3, 0xFF, 0xE0, 0x00, 0xE9, 0xFF, 0xEE, 0x00, 0xF4, 0xFF, 0xD6, 0x01, 0x42, 0xFF, 0xE0,
    0x01, 0x43, 0xFF, 0xB6, 0x01, 0x44, 0xFF, 0xE4, 0x01, 0x49, 0xFF, 0xE9, 0x01, 0xA4, 0xFF, 0xC2,
    0x00, 0x1F, 0x00, 0x2F, 0xFF, 0xED, 0x00, 0x46, 0xFF, 0xD9, 0x00, 0x8B, 0xFF, 0xD6, 0x00, 0x98,
    0xFF, 0xDD, 0x00, 0x9A, 0xFF, 0xD3, 0x00, 0x9B, 0xFF, 0xDB, 0x00, 0x9C, 0xFF, 0xD4, 0x00, 0x9D,
    0xFF, 0xE1, 0x00, 0x9F, 0xFF, 0xC6, 0x00, 0xA0, 0xFF, 0xDD, 0x00, 0xBE, 0xFF, 0xE9, 0x00, 0xC2,
    0x00, 0x21, 0x00, 0xC4, 0x00, 0x1E, 0x00, 0xCF, 0xFF, 0xDA, 0x00, 0xD0, 0xFF, 0xDA, 0x00, 0xDD,
    0xFF, 0xBB, 0x00, 0xE0, 0xFF, 0xDA, 0x00, 0xE3, 0xFF, 0xDA, 0x00, 0xE9, 0xFF, 0xF7, 0x00, 0xF4,
    0xFF, 0xD7, 0x01, 0x06, 0xFF, 0xC5, 0x01, 0x0A, 0xFF, 0xDB, 0x01, 0x42, 0xFF, 0xE3, 0x01, 0x43,
    0xFF, 0xAF, 0x01, 0x44, 0xFF, 0xE4, 0x01, 0x47, 0xFF, 0xE5, 0x01, 0x49, 0xFF, 0xEC, 0x01, 0xA2,
    0xFF, 0xB3, 0x01, 0xA4, 0xFF, 0xC2, 0x01, 0xB8, 0xFF, 0xC2, 0x01, 0xBA, 0xFF, 0xB8, 0x00, 0x04,
    0x00, 0x55, 0xFF, 0xF2, 0x00, 0x8B, 0xFF, 0xE9, 0x01, 0x67, 0xFF, 0xE4, 0x01, 0xBB, 0xFF, 0xD5,
    0x00, 0x07, 0x00, 0xCF, 0xFF, 0x8C, 0x00, 0xD0, 0xFF, 0x8C, 0x00, 0xE0, 0xFF, 0x8C, 0x00, 0xE3,
    0xFF, 0x8C, 0x00, 0xF0, 0xFF, 0xA2, 0x01, 0x21, 0xFF, 0x98, 0x01, 0x23, 0xFF, 0xC6, 0x00, 0x06,
    0x00, 0xCF, 0xFF, 0x8C, 0x00, 0xD0, 0xFF, 0x8C, 0x00, 0xE0, 0xFF, 0x8C, 0x00, 0xE3, 0xFF, 0x8C,
    0x00, 0xF0, 0xFF, 0xA2, 0x01, 0x21, 0xFF, 0x98, 0x00, 0x48, 0x00, 0x0B, 0xFF, 0xA3, 0x00, 0x46,
    0xFF, 0xCD, 0x00, 0x8B, 0xFF, 0xD1, 0x00, 0x97, 0xFF, 0xA8, 0x00, 0x9B, 0xFF, 0xDF, 0x00, 0x9F,
    0xFF, 0xBE, 0x00, 0xA8, 0xFF, 0x98, 0x00, 0xAD, 0xFF, 0xAF, 0x00, 0xB1, 0xFF, 0xA3, 0x00, 0xB2,
    0xFF, 0xB4, 0x00, 0xBD, 0xFF, 0xA1, 0x00, 0xBE, 0xFF, 0xE5, 0x00, 0xC2, 0x00, 0x00, 0x00, 0xC4,
    0x00, 0x08, 0x00, 0xCE, 0xFF, 0xE5, 0x00, 0xCF, 0xFF, 0x8C, 0x00, 0xD0, 0xFF, 0x8C, 0x00, 0xD9,
    0xFF, 0xD0, 0x00, 0xDD, 0xFF, 0x96, 0x00, 0xE0, 0xFF, 0x8C, 0x00, 0xE2, 0xFF, 0x98, 0x00, 0xE3,
    0xFF, 0x8C, 0x00, 0xE5, 0xFF, 0xFD, 0x00, 0xE8, 0xFF, 0xC1, 0x00, 0xE9, 0xFF, 0xEA, 0x00, 0xF0,
    0xFF, 0xA2, 0x00, 0xF1, 0xFF, 0xA6, 0x00, 0xF3, 0xFF, 0xC2, 0x00, 0xF4, 0xFF, 0xCE, 0x00, 0xF5,
    0xFF, 0xC4, 0x00, 0xF6, 0xFF, 0xBB, 0x00, 0xF7, 0xFF, 0xD0, 0x00, 0xF8, 0xFF, 0xA2, 0x00, 0xF9,
    0xFF, 0xB6, 0x01, 0x02, 0xFF, 0xAC, 0x01, 0x03, 0xFF, 0xD1, 0x01, 0x05, 0xFF, 0xCE, 0x01, 0x06,
    0xFF, 0xA2, 0x01, 0x1D, 0xFF, 0xCC, 0x01, 0x21, 0xFF, 0x98, 0x01, 0x22, 0xFF, 0x9F, 0x01, 0x23,
    0xFF, 0xC6, 0x01, 0x24, 0xFF, 0xCC, 0x01, 0x25, 0xFF, 0xC3, 0x01, 0x26, 0xFF, 0xC9, 0x01, 0x27,
    0xFF, 0xBE, 0x01, 0x28, 0xFF, 0xCB, 0x01, 0x29, 0xFF, 0x98, 0x01, 0x2A, 0xFF, 0xB3, 0x01, 0x2C,
    0xFF, 0xA4, 0x01, 0x2D, 0xFF, 0xAB, 0x01, 0x2E, 0xFF, 0xCF, 0x01, 0x42, 0xFF, 0xE1, 0x01, 0x43,
    0xFF, 0x83, 0x01, 0x44, 0xFF, 0xDE, 0x01, 0x47, 0xFF, 0xE8, 0x01, 0x49, 0xFF, 0xED, 0x01, 0x64,
    0xFF, 0xA7, 0x01, 0x67, 0xFF, 0xC2, 0x01, 0x6E, 0xFF, 0xC7, 0x01, 0xA2, 0xFF, 0x82, 0x01, 0xA3,
    0xFF, 0xB9, 0x01, 0xA4, 0xFF, 0xBD, 0x01, 0xA8, 0xFF, 0xC0, 0x01, 0xAC, 0xFF, 0xE0, 0x01, 0xAE,
    0xFF, 0xD5, 0x01, 0xB6, 0xFF, 0xB2, 0x01, 0xB8, 0xFF, 0xA0, 0x01, 0xB9, 0xFF, 0xB3, 0x01, 0xBA,
    0xFF, 0x6D, 0x01, 0xBB, 0xFF, 0x68, 0x01, 0xBC, 0xFF, 0xBD, 0x00, 0x01, 0x01, 0x85, 0xFF, 0xCF,
    0x00, 0x01, 0x00, 0xC4, 0x00, 0x16, 0x00, 0x08, 0x00, 0xC4, 0x00, 0x16, 0x00, 0xCE, 0x00, 0x0C,
    0x00, 0xF4, 0x00, 0x00, 0x01, 0x42, 0x00, 0x00, 0x01, 0x47, 0x00, 0x19, 0x01, 0x49, 0x00, 0x18,
    0x01, 0xA9, 0xFF, 0xCF, 0x01, 0xAE, 0xFF, 0xFE, 0x00, 0x01, 0x01, 0xA4, 0xFF, 0xDC, 0x00, 0x03,
    0x00, 0x16, 0x00, 0x1A, 0x01, 0x46, 0xFF, 0xD7, 0x01, 0xA9, 0xFF, 0xBA, 0x00, 0x17, 0x00, 0x01,
    0xFF, 0xC7, 0x00, 0x02, 0xFF, 0xC7, 0x00, 0x0C, 0xFF, 0xC7, 0x00, 0x30, 0xFF, 0xB0, 0x00, 0x63,
    0xFF, 0xCD, 0x00, 0x6A, 0xFF, 0xB6, 0x00, 0x6B, 0xFF, 0xB6, 0x00, 0x96, 0xFF, 0xF5, 0x00, 0x97,
    0xFF, 0xF5, 0x00, 0x9D, 0xFF, 0xF5, 0x00, 0xA1, 0xFF, 0xF5, 0x00, 0xAC, 0xFF, 0xFC, 0x00, 0xBC,
    0xFF, 0xF8, 0x00, 0xC6, 0xFF, 0xF6, 0x00, 0xD6, 0xFF, 0xFC, 0x00, 0xD7, 0xFF, 0xFC, 0x00, 0xF0,
    0xFF, 0xF8, 0x00, 0xFA, 0xFF, 0xFD, 0x01, 0x02, 0xFF, 0xFC, 0x01, 0x58, 0xFF, 0xA5, 0x01, 0x6F,
    0xFF, 0xA5, 0x01, 0x70, 0xFF, 0xA6, 0x01, 0x85, 0xFF, 0xA0, 0x00, 0x06, 0x00, 0x8B, 0xFF, 0xE4,
    0x01, 0x43, 0xFF, 0xC0, 0x01, 0x44, 0xFF, 0xF1, 0x01, 0x46, 0xFF, 0xE6, 0x01, 0x5C, 0xFE, 0xFE,
    0x01, 0xA4, 0xFF, 0xD3, 0x00, 0x0A, 0x00, 0x30, 0xFF, 0xD5, 0x00, 0xBC, 0x00, 0x0D, 0x00, 0xE7,
    0xFF, 0xFE, 0x00, 0xFA, 0xFF, 0xFD, 0x01, 0x01, 0xFF, 0xFC, 0x01, 0x57, 0xFF, 0xEE, 0x01, 0x6F,
    0xFF, 0xB7, 0x01, 0x70, 0xFF, 0xB7, 0x01, 0x7D, 0xFF, 0xDE, 0x01, 0x85, 0xFF, 0xDD, 0x00, 0x06,
    0x00, 0x8B, 0xFF, 0xF5, 0x01, 0x46, 0xFF, 0xD1, 0x01, 0x87, 0xFF, 0xC3, 0x01, 0x8F, 0xFF, 0xB4,
    0x01, 0xA9, 0xFF, 0xBA, 0x01, 0xBC, 0xFF, 0xD4, 0x00, 0x0E, 0x00, 0x3F, 0xFF, 0xC5, 0x00, 0x50,
    0xFF, 0xDE, 0x00, 0x59, 0xFF, 0xCC, 0x00, 0x5A, 0xFF, 0xCC, 0x00, 0x96, 0xFF, 0xE7, 0x00, 0xF0,
    0xFF, 0xD3, 0x00, 0xF1, 0xFF, 0xD5, 0x00, 0xFA, 0xFF, 0xC1, 0x01, 0x21, 0xFF, 0xD4, 0x01, 0x57,
    0xFF, 0x9B, 0x01, 0x6F, 0xFF, 0xE2, 0x01, 0x7D, 0xFF, 0x51, 0x01, 0x81, 0xFF, 0x97, 0x01, 0x85,
    0xFF, 0xCA, 0x00, 0x01, 0x00, 0x2B, 0xFF, 0xDF, 0x00, 0x20, 0x00, 0x2A, 0xFF, 0xDF, 0x00, 0x2F,
    0xFF, 0xE4, 0x00, 0x46, 0xFF, 0xE1, 0x00, 0x8B, 0xFF, 0xE9, 0x00, 0xC4, 0xFF, 0xE2, 0x00, 0xDD,
    0xFF, 0xF0, 0x01, 0x3D, 0xFF, 0x47, 0x01, 0x42, 0xFF, 0xD7, 0x01, 0x43, 0xFF, 0xB3, 0x01, 0x44,
    0xFF, 0xD8, 0x01, 0x46, 0xFF, 0xB9, 0x01, 0x47, 0xFF, 0xDA, 0x01, 0x48, 0xFF, 0xD4, 0x01, 0x66,
    0xFF, 0x80, 0x01, 0x67, 0xFF, 0xBC, 0x01, 0x6B, 0xFF, 0x9D, 0x01, 0x6E, 0xFF, 0xC7, 0x01, 0x7C,
    0xFF, 0xC7, 0x01, 0x9A, 0xFF, 0x40, 0x01, 0x9F, 0xFF, 0x34, 0x01, 0xA0, 0xFF, 0x81, 0x01, 0xA2,
    0xFF, 0x74, 0x01, 0xA3, 0xFF, 0xBA, 0x01, 0xA4, 0xFF, 0xD3, 0x01, 0xA8, 0xFF, 0xB6, 0x01, 0xA9,
    0xFF, 0x17, 0x01, 0xB6, 0xFF, 0xA9, 0x01, 0xB8, 0xFF, 0x40, 0x01, 0xB9, 0xFF, 0xAD, 0x01, 0xBA,
    0xFF, 0x26, 0x01, 0xBB, 0xFF, 0x15, 0x01, 0xBC, 0xFF, 0x0E, 0x00, 0x02, 0x00, 0xC4, 0x00, 0x16,
    0x00, 0xE3, 0xFF, 0xE8, 0x00, 0x1A, 0x00, 0x9B, 0xFF, 0xEC, 0x00, 0xC2, 0x00, 0x21, 0x00, 0xCE,
    0xFF, 0xEC, 0x00, 0xD9, 0xFF, 0xD3, 0x00, 0xDD, 0xFF, 0xFC, 0x00, 0xE3, 0xFF, 0xE8, 0x00, 0xE5,
    0x00, 0x00, 0x01, 0x05, 0xFF, 0xCE, 0x01, 0x42, 0xFF, 0xDC, 0x01, 0x43, 0xFF, 0xBA, 0x01, 0x44,
    0xFF, 0xDD, 0x01, 0x47, 0xFF, 0xE2, 0x01, 0x48, 0xFF, 0xDB, 0x01, 0x67, 0xFF, 0xBC, 0x01, 0x6E,
    0xFF, 0xC7, 0x01, 0x7C, 0xFF, 0xC7, 0x01, 0xA2, 0xFF, 0x5F, 0x01, 0xA3, 0xFF, 0xB9, 0x01, 0xA4,
    0xFF, 0xD6, 0x01, 0xA8, 0xFF, 0xB5, 0x01, 0xAE, 0xFF, 0xD1, 0x01, 0xB8, 0xFF, 0xA5, 0x01, 0xB9,
    0xFF, 0xB0, 0x01, 0xBA, 0xFF, 0x5E, 0x01, 0xBB, 0xFF, 0x68, 0x01, 0xBC, 0xFF, 0xB1, 0x00, 0x01,
    0x00, 0x2E, 0x00, 0x46, 0x00, 0x04, 0x00, 0x2B, 0x00, 0x83, 0x01, 0x57, 0xFF, 0xD8, 0x01, 0x7D,
    0xFF, 0xCB, 0x01, 0x81, 0xFF, 0xCB, 0x00, 0x01, 0x01, 0x06, 0xFF, 0xE8, 0x00, 0x01, 0x00, 0x2D,
    0x00, 0x4D, 0x00, 0x03, 0x00, 0xE7, 0xFF, 0xFB, 0x01, 0x57, 0xFF, 0xDC, 0x01, 0x7D, 0xFF, 0xCF,
    0x00, 0x05, 0x00, 0x01, 0xFF, 0xED, 0x00, 0x26, 0x00, 0x37, 0x00, 0x96, 0xFF, 0xFD, 0x00, 0xAC,
    0x00, 0x00, 0x00, 0xD6, 0x00, 0x00, 0x00, 0x04, 0x00, 0xBB, 0x00, 0x02, 0x01, 0x46, 0xFF, 0xD8,
    0x01, 0x87, 0xFF, 0xC2, 0x01, 0xA9, 0xFF, 0xBC, 0x00, 0x11, 0x00, 0x46, 0xFF, 0xE2, 0x00, 0x8B,
    0xFF, 0xCA, 0x00, 0x9B, 0xFF, 0xD8, 0x00, 0xC2, 0x00, 0x14, 0x00, 0xDD, 0xFF, 0xDD, 0x00, 0xF4,
    0xFF, 0xD2, 0x01, 0x1D, 0xFF, 0xD2, 0x01, 0x42, 0xFF, 0xD4, 0x01, 0x43, 0xFF, 0xC8, 0x01, 0x44,
    0xFF, 0xD6, 0x01, 0x47, 0xFF, 0xDF, 0x01, 0x48, 0xFF, 0xE2, 0x01, 0x49, 0xFF, 0xDD, 0x01, 0x64,
    0xFF, 0xCE, 0x01, 0xA4, 0xFF, 0xC9, 0x01, 0xB8, 0xFF, 0xC7, 0x01, 0xBC, 0xFF, 0xB7, 0x00, 0x13,
    0x00, 0x2B, 0xFF, 0xE6, 0x00, 0x46, 0xFF, 0xE4, 0x00, 0x55, 0xFF, 0xD7, 0x00, 0x8B, 0xFF, 0xE2,
    0x00, 0xA9, 0xFF, 0xD8, 0x01, 0x42, 0xFF, 0xD8, 0x01, 0x43, 0xFF, 0xBD, 0x01, 0x44, 0xFF, 0xDB,
    0x01, 0x47, 0xFF, 0xDE, 0x01, 0x48, 0xFF, 0xDB, 0x01, 0x49, 0xFF, 0xF3, 0x01, 0x67, 0xFF, 0xC1,
    0x01, 0x68, 0xFF, 0xD3, 0x01, 0xA3, 0xFF, 0xD2, 0x01, 0xA4, 0xFF, 0xD2, 0x01, 0xB6, 0xFF, 0xB6,
    0x01, 0xB8, 0xFF, 0xBF, 0x01, 0xBB, 0xFF, 0xC1, 0x01, 0xBC, 0xFF, 0xB1, 0x00, 0x07, 0x00, 0x8B,
    0xFF, 0xF4, 0x01, 0x42, 0xFF, 0xF3, 0x01, 0x46, 0xFF, 0xCF, 0x01, 0x87, 0xFF, 0xC2, 0x01, 0x8F,
    0xFF, 0xB2, 0x01, 0xA4, 0xFF, 0xF6, 0x01, 0xA9, 0xFF, 0xB9, 0x00, 0x05, 0x00, 0x8B, 0xFF, 0xF4,
    0x01, 0x46, 0xFF, 0xDC, 0x01, 0x87, 0xFF, 0xC7, 0x01, 0x8F, 0xFF, 0xBA, 0x01, 0xB8, 0xFF, 0xEF,
    0x00, 0x08, 0x00, 0xBB, 0x00, 0x1C, 0x00, 0xC4, 0x00, 0x1A, 0x00, 0xCE, 0x00, 0x10, 0x01, 0x46,
    0xFF, 0xF6, 0x01, 0x47, 0x00, 0x1C, 0x01, 0x48, 0x00, 0x18, 0x01, 0x49, 0x00, 0x14, 0x01, 0x87,
    0xFF, 0xD7, 0x00, 0x01, 0x00, 0xA9, 0xFF, 0xD8, 0x00, 0x04, 0x00, 0xA8, 0xFF, 0xE7, 0x00, 0xB6,
    0xFF, 0xF0, 0x00, 0xE7, 0xFF, 0xEC, 0x00, 0xED, 0xFF, 0xD1, 0x00, 0x01, 0x00, 0x55, 0xFF, 0xEC,
    0x00, 0x02, 0x00, 0xA9, 0xFF, 0xE7, 0x00, 0xCE, 0xFF, 0xEF, 0x00, 0x18, 0x00, 0x2A, 0xFF, 0xEC,
    0x00, 0x2B, 0xFF, 0xEC, 0x00, 0x55, 0xFF, 0xEC, 0x00, 0xA9, 0xFF, 0xE7, 0x00, 0xBB, 0xFF, 0xED,
    0x00, 0xCE, 0xFF, 0xEF, 0x01, 0x42, 0xFF, 0xE8, 0x01, 0x43, 0xFF, 0xE3, 0x01, 0x44, 0xFF, 0xE6,
    0x01, 0x46, 0xFF, 0xBC, 0x01, 0x47, 0xFF, 0xEC, 0x01, 0x48, 0xFF, 0xE2, 0x01, 0x66, 0xFF, 0x87,
    0x01, 0x67, 0xFF, 0xCE, 0x01, 0x6B, 0xFF, 0xA6, 0x01, 0xA2, 0xFF, 0xB3, 0x01, 0xA4, 0xFF, 0xE3,
    0x01, 0xA9, 0xFF, 0x6C, 0x01, 0xAE, 0xFF, 0xDF, 0x01, 0xB6, 0xFF, 0xC7, 0x01, 0xB8, 0xFF, 0xBE,
    0x01, 0xBA, 0xFF, 0xB5, 0x01, 0xBB, 0xFF, 0xB4, 0x01, 0xBC, 0xFF, 0x9B,
}};
