// Generated from supplied UniVex editor SVG icon assets.
inline constexpr std::array<std::uint8_t, 1600> uve_node_icon_animatable_body_3d_node_rgba{{
    0x00, 0x00, 0x00, 0x00, 0x00, 0x00, 0x00, 0x00, 0x00, 0x00, 0x00, 0x00, 0x00, 0x00, 0x00, 0x00,
    0x00, 0x00, 0x00, 0x00, 0x00, 0x00, 0x00, 0x00, 0x00, 0x00, 0x00, 0x00, 0x00, 0x00, 0x00, 0x00,
    0x00, 0x00, 0x00, 0x00, 0x00, 0x00, 0x00, 0x00, 0x00, 0x00, 0x00, 0x00, 0x00, 0x00, 0x00, 0x00,
    0x00, 0x00, 0x00, 0x00, 0x00, 0x00, 0x00, 0x00, 0x00, 0x00, 0x00, 0x00, 0x00, 0x00, 0x00, 0x00,
    0x00, 0x00, 0x00, 0x00, 0x00, 0x00, 0x00, 0x00, 0x00, 0x00, 0x00, 0x00, 0x00, 0x00, 0x00, 0x00,
    0x00, 0x00, 0x00, 0x00, 0x00, 0x00, 0x00, 0x00, 0x00, 0x00, 0x00, 0x00, 0x00, 0x00, 0x00, 0x00,
    0x00, 0x00, 0x00, 0x00, 0x00, 0x00, 0x00, 0x00, 0x00, 0x00, 0x00, 0x00, 0x00, 0x00, 0x00, 0x00,
    0x00, 0x00, 0x00, 0x00, 0x00, 0x00, 0x00, 0x00, 0x00, 0x00, 0x00, 0x00, 0x00, 0x00, 0x00, 0x00,
    0x00, 0x00, 0x00, 0x00, 0x00, 0x00, 0x00, 0x00, 0x00, 0x00, 0x00, 0x00, 0x00, 0x00, 0x00, 0x00,
    0x00, 0x00, 0x00, 0x00, 0x00, 0x00, 0x00, 0x00, 0x00, 0x00, 0x00, 0x00, 0x00, 0x00, 0x00, 0x00,
    0x00, 0x00, 0x00, 0x00, 0x00, 0x00, 0x00, 0x00, 0x00, 0x00, 0x00, 0x00, 0x00, 0x00, 0x00, 0x00,
    0x00, 0x00, 0x00, 0x00, 0x00, 0x00, 0x00, 0x00, 0x00, 0x00, 0x00, 0x00, 0x00, 0x00, 0x00, 0x00,
    0x00, 0x00, 0x00, 0x00, 0xE5, 0xEA, 0xEA, 0x31, 0xE5, 0xEA, 0xEA, 0x31, 0x00, 0x00, 0x00, 0x00,
    0x00, 0x00, 0x00, 0x00, 0x00, 0x00, 0x00, 0x00, 0x00, 0x00, 0x00, 0x00, 0x00, 0x00, 0x00, 0x00,
    0x00, 0x00, 0x00, 0x00, 0x00, 0x00, 0x00, 0x00, 0x00, 0x00, 0x00, 0x00, 0x00, 0x00, 0x00, 0x00,
    0x00, 0x00, 0x00, 0x00, 0x00, 0x00, 0x00, 0x00, 0x00, 0x00, 0x00, 0x00, 0x00, 0x00, 0x00, 0x00,
    0x00, 0x00, 0x00, 0x00, 0x00, 0x00, 0x00, 0x00, 0x00, 0x00, 0x00, 0x00, 0x00, 0x00, 0x00, 0x00,
    0xE6, 0xE8, 0xED, 0xA6, 0xE6, 0xE8, 0xEC, 0xFE, 0xE6, 0xE8, 0xEC, 0xFE, 0xE6, 0xE8, 0xEC, 0xA4,
    0x00, 0x00, 0x00, 0x00, 0x00, 0x00, 0x00, 0x00, 0x00, 0x00, 0x00, 0x00, 0x00, 0x00, 0x00, 0x00,
    0x00, 0x00, 0x00, 0x00, 0x00, 0x00, 0x00, 0x00, 0x00, 0x00, 0x00, 0x00, 0x00, 0x00, 0x00, 0x00,
    0x00, 0x00, 0x00, 0x00, 0x00, 0x00, 0x00, 0x00, 0x00, 0x00, 0x00, 0x00, 0x00, 0x00, 0x00, 0x00,
    0x00, 0x00, 0x00, 0x00, 0x00, 0x00, 0x00, 0x00, 0x00, 0x00, 0x00, 0x00, 0xE5, 0xEA, 0xEA, 0x31,
    0xE6, 0xE8, 0xEC, 0xFE, 0xE7, 0xE7, 0xED, 0x2B, 0xE8, 0xE8, 0xEE, 0x2C, 0xE6, 0xE8, 0xEC, 0xFE,
    0xE4, 0xEA, 0xEA, 0x30, 0x00, 0x00, 0x00, 0x00, 0x00, 0x00, 0x00, 0x00, 0x00, 0x00, 0x00, 0x00,
    0x00, 0x00, 0x00, 0x00, 0x00, 0x00, 0x00, 0x00, 0x00, 0x00, 0x00, 0x00, 0x00, 0x00, 0x00, 0x00,
    0x00, 0x00, 0x00, 0x00, 0x00, 0x00, 0x00, 0x00, 0x00, 0x00, 0x00, 0x00, 0x00, 0x00, 0x00, 0x00,
    0x00, 0x00, 0x00, 0x00, 0x00, 0x00, 0x00, 0x00, 0x00, 0x00, 0x00, 0x00, 0xE5, 0xEA, 0xEA, 0x31,
    0xE6, 0xE8, 0xEC, 0xFE, 0xE8, 0xE8, 0xEE, 0x2C, 0xE8, 0xE8, 0xEE, 0x2D, 0xE6, 0xE8, 0xEC, 0xFE,
    0xE4, 0xEA, 0xEA, 0x30, 0x00, 0x00, 0x00, 0x00, 0x00, 0x00, 0x00, 0x00, 0x00, 0x00, 0x00, 0x00,
    0x00, 0x00, 0x00, 0x00, 0x00, 0x00, 0x00, 0x00, 0x00, 0x00, 0x00, 0x00, 0x00, 0x00, 0x00, 0x00,
    0x00, 0x00, 0x00, 0x00, 0x00, 0x00, 0x00, 0x00, 0x00, 0x00, 0x00, 0x00, 0x00, 0x00, 0x00, 0x00,
    0x00, 0x00, 0x00, 0x00, 0x00, 0x00, 0x00, 0x00, 0x00, 0x00, 0x00, 0x00, 0x00, 0x00, 0x00, 0x00,
    0xE6, 0xE8, 0xEC, 0xA4, 0xE6, 0xE8, 0xEC, 0xFE, 0xE6, 0xE8, 0xEC, 0xFE, 0xE6, 0xE7, 0xEC, 0xA2,
    0x00, 0x00, 0x00, 0x00, 0x00, 0x00, 0x00, 0x00, 0x00, 0x00, 0x00, 0x00, 0x00, 0x00, 0x00, 0x00,
    0x00, 0x00, 0x00, 0x00, 0x00, 0x00, 0x00, 0x00, 0x00, 0x00, 0x00, 0x00, 0x00, 0x00, 0x00, 0x00,
    0x00, 0x00, 0x00, 0x00, 0x00, 0x00, 0x00, 0x00, 0x00, 0x00, 0x00, 0x00, 0x00, 0x00, 0x00, 0x00,
    0x00, 0x00, 0x00, 0x00, 0x00, 0x00, 0x00, 0x00, 0x00, 0x00, 0x00, 0x00, 0x00, 0x00, 0x00, 0x00,
    0x00, 0x00, 0x00, 0x00, 0xE5, 0xE9, 0xEC, 0xB1, 0xE5, 0xE8, 0xEB, 0xB1, 0x00, 0x00, 0x00, 0x00,
    0x00, 0x00, 0x00, 0x00, 0x00, 0x00, 0x00, 0x00, 0x00, 0x00, 0x00, 0x00, 0x00, 0x00, 0x00, 0x00,
    0x00, 0x00, 0x00, 0x00, 0x00, 0x00, 0x00, 0x00, 0x00, 0x00, 0x00, 0x00, 0x00, 0x00, 0x00, 0x00,
    0x00, 0x00, 0x00, 0x00, 0x00, 0x00, 0x00, 0x00, 0x00, 0x00, 0x00, 0x00, 0x00, 0x00, 0x00, 0x00,
    0x00, 0x00, 0x00, 0x00, 0x00, 0x00, 0x00, 0x00, 0xFF, 0xFF, 0xFF, 0x02, 0xE7, 0xE7, 0xEC, 0x6A,
    0xE5, 0xE7, 0xEC, 0x77, 0xE6, 0xE9, 0xEC, 0xCC, 0xE6, 0xE9, 0xEC, 0xCC, 0xE5, 0xE7, 0xEC, 0x77,
    0xE7, 0xE7, 0xEC, 0x6A, 0xFF, 0xFF, 0xFF, 0x02, 0x00, 0x00, 0x00, 0x00, 0x00, 0x00, 0x00, 0x00,
    0x00, 0x00, 0x00, 0x00, 0x00, 0x00, 0x00, 0x00, 0x00, 0x00, 0x00, 0x00, 0x00, 0x00, 0x00, 0x00,
    0x00, 0x00, 0x00, 0x00, 0x00, 0x00, 0x00, 0x00, 0x00, 0x00, 0x00, 0x00, 0x00, 0x00, 0x00, 0x00,
    0x00, 0x00, 0x00, 0x00, 0x00, 0x00, 0x00, 0x00, 0xE8, 0xE8, 0xE8, 0x0B, 0xE6, 0xE8, 0xEC, 0xC0,
    0xE6, 0xE9, 0xEC, 0xCC, 0xE6, 0xE8, 0xEC, 0xEC, 0xE6, 0xE8, 0xEC, 0xEC, 0xE6, 0xE9, 0xEC, 0xCC,
    0xE6, 0xE8, 0xEC, 0xC0, 0xE8, 0xE8, 0xE8, 0x0B, 0x00, 0x00, 0x00, 0x00, 0x00, 0x00, 0x00, 0x00,
    0x00, 0x00, 0x00, 0x00, 0x00, 0x00, 0x00, 0x00, 0x00, 0x00, 0x00, 0x00, 0x00, 0x00, 0x00, 0x00,
    0x00, 0x00, 0x00, 0x00, 0x00, 0x00, 0x00, 0x00, 0x00, 0x00, 0x00, 0x00, 0x00, 0x00, 0x00, 0x00,
    0x00, 0x00, 0x00, 0x00, 0x00, 0x00, 0x00, 0x00, 0x00, 0x00, 0x00, 0x00, 0x00, 0x00, 0x00, 0x00,
    0x00, 0x00, 0x00, 0x00, 0xE5, 0xE9, 0xEC, 0x9F, 0xE5, 0xE9, 0xEC, 0x9F, 0x00, 0x00, 0x00, 0x00,
    0x00, 0x00, 0x00, 0x00, 0x00, 0x00, 0x00, 0x00, 0x00, 0x00, 0x00, 0x00, 0x00, 0x00, 0x00, 0x00,
    0x00, 0x00, 0x00, 0x00, 0x00, 0x00, 0x00, 0x00, 0x00, 0x00, 0x00, 0x00, 0x00, 0x00, 0x00, 0x00,
    0x00, 0x00, 0x00, 0x00, 0x00, 0x00, 0x00, 0x00, 0x00, 0x00, 0x00, 0x00, 0x00, 0x00, 0x00, 0x00,
    0x00, 0x00, 0x00, 0x00, 0x00, 0x00, 0x00, 0x00, 0x00, 0x00, 0x00, 0x00, 0x00, 0x00, 0x00, 0x00,
    0x00, 0x00, 0x00, 0x00, 0xE6, 0xE9, 0xEC, 0xAB, 0xE6, 0xE9, 0xEC, 0xAB, 0x00, 0x00, 0x00, 0x00,
    0x00, 0x00, 0x00, 0x00, 0x00, 0x00, 0x00, 0x00, 0x00, 0x00, 0x00, 0x00, 0x00, 0x00, 0x00, 0x00,
    0x00, 0x00, 0x00, 0x00, 0x00, 0x00, 0x00, 0x00, 0x00, 0x00, 0x00, 0x00, 0x00, 0x00, 0x00, 0x00,
    0x00, 0x00, 0x00, 0x00, 0x00, 0x00, 0x00, 0x00, 0x00, 0x00, 0x00, 0x00, 0x00, 0x00, 0x00, 0x00,
    0x00, 0x00, 0x00, 0x00, 0x00, 0x00, 0x00, 0x00, 0x00, 0x00, 0x00, 0x00, 0x00, 0x00, 0x00, 0x00,
    0xE4, 0xE4, 0xF2, 0x13, 0xE6, 0xE8, 0xEC, 0xF6, 0xE6, 0xE8, 0xEC, 0xF6, 0xE4, 0xE4, 0xF2, 0x13,
    0x00, 0x00, 0x00, 0x00, 0x00, 0x00, 0x00, 0x00, 0x00, 0x00, 0x00, 0x00, 0x00, 0x00, 0x00, 0x00,
    0x00, 0x00, 0x00, 0x00, 0x00, 0x00, 0x00, 0x00, 0x00, 0x00, 0x00, 0x00, 0x00, 0x00, 0x00, 0x00,
    0x00, 0x00, 0x00, 0x00, 0x00, 0x00, 0x00, 0x00, 0x00, 0x00, 0x00, 0x00, 0x00, 0x00, 0x00, 0x00,
    0x00, 0x00, 0x00, 0x00, 0x00, 0x00, 0x00, 0x00, 0x00, 0x00, 0x00, 0x00, 0x00, 0x00, 0x00, 0x00,
    0xE5, 0xE7, 0xEC, 0x77, 0xE6, 0xE8, 0xEC, 0xE1, 0xE6, 0xE8, 0xEC, 0xE1, 0xE5, 0xE7, 0xEC, 0x77,
    0x00, 0x00, 0x00, 0x00, 0x00, 0x00, 0x00, 0x93, 0x00, 0x00, 0x00, 0xCD, 0x00, 0x00, 0x00, 0x11,
    0x00, 0x00, 0x00, 0x00, 0x00, 0x00, 0x00, 0x00, 0x00, 0x00, 0x00, 0x00, 0x00, 0x00, 0x00, 0x00,
    0x00, 0x00, 0x00, 0x00, 0x00, 0x00, 0x00, 0x00, 0x00, 0x00, 0x00, 0x00, 0x00, 0x00, 0x00, 0x00,
    0x00, 0x00, 0x00, 0x00, 0x00, 0x00, 0x00, 0x00, 0x00, 0x00, 0x00, 0x00, 0xFF, 0xFF, 0xFF, 0x03,
    0xE6, 0xE8, 0xEC, 0xDF, 0xE5, 0xE7, 0xEC, 0x76, 0xE5, 0xE7, 0xEC, 0x77, 0xE6, 0xE8, 0xEC, 0xE1,
    0xFF, 0xFF, 0xFF, 0x04, 0x00, 0x00, 0x00, 0xCD, 0x00, 0x00, 0x00, 0xFC, 0x00, 0x00, 0x00, 0x25,
    0x00, 0x00, 0x00, 0x00, 0x00, 0x00, 0x00, 0x00, 0x00, 0x00, 0x00, 0x00, 0x00, 0x00, 0x00, 0x00,
    0x00, 0x00, 0x00, 0x00, 0x00, 0x00, 0x00, 0x00, 0x00, 0x00, 0x00, 0x00, 0x00, 0x00, 0x00, 0x00,
    0x00, 0x00, 0x00, 0x00, 0x00, 0x00, 0x00, 0x00, 0x00, 0x00, 0x00, 0x00, 0xE6, 0xE9, 0xED, 0x53,
    0xE6, 0xE8, 0xEC, 0xF6, 0xE4, 0xE4, 0xF2, 0x13, 0xE1, 0xE1, 0xF0, 0x11, 0xE6, 0xE8, 0xEC, 0xF5,
    0xE6, 0xE9, 0xEC, 0x52, 0x00, 0x00, 0x00, 0x11, 0x00, 0x00, 0x00, 0x25, 0x00, 0x00, 0x00, 0x00,
    0x00, 0x00, 0x00, 0x00, 0x00, 0x00, 0x00, 0x00, 0x00, 0x00, 0x00, 0x00, 0x00, 0x00, 0x00, 0x00,
    0x00, 0x00, 0x00, 0x00, 0x00, 0x00, 0x00, 0x00, 0x00, 0x00, 0x00, 0x00, 0x00, 0x00, 0x00, 0x00,
    0x00, 0x00, 0x00, 0x00, 0x00, 0x00, 0x00, 0x00, 0x00, 0x00, 0x00, 0x00, 0xE6, 0xE8, 0xEC, 0xC0,
    0xE6, 0xE8, 0xED, 0x9A, 0x00, 0x00, 0x00, 0x00, 0x00, 0x00, 0x00, 0x00, 0xE6, 0xE8, 0xEB, 0x9B,
    0xE6, 0xE8, 0xEC, 0xBF, 0x00, 0x00, 0x00, 0x00, 0x00, 0x00, 0x00, 0x00, 0x00, 0x00, 0x00, 0x00,
    0x00, 0x00, 0x00, 0x00, 0x00, 0x00, 0x00, 0x00, 0x00, 0x00, 0x00, 0x00, 0x00, 0x00, 0x00, 0x00,
    0x00, 0x00, 0x00, 0x00, 0x00, 0x00, 0x00, 0x00, 0x00, 0x00, 0x00, 0x00, 0x00, 0x00, 0x00, 0x00,
    0x00, 0x00, 0x00, 0x00, 0x00, 0x00, 0x00, 0x00, 0xED, 0xED, 0xED, 0x0E, 0xE6, 0xE8, 0xEC, 0xF9,
    0xE3, 0xE9, 0xEE, 0x2E, 0x00, 0x00, 0x00, 0x00, 0x00, 0x00, 0x00, 0x00, 0xE3, 0xE9, 0xEE, 0x2E,
    0xE6, 0xE8, 0xEC, 0xF9, 0xED, 0xED, 0xED, 0x0E, 0x00, 0x00, 0x00, 0x00, 0x00, 0x00, 0x00, 0x00,
    0x00, 0x00, 0x00, 0x00, 0x00, 0x00, 0x00, 0x00, 0x00, 0x00, 0x00, 0x00, 0x00, 0x00, 0x00, 0x00,
    0x00, 0x00, 0x00, 0x00, 0x00, 0x00, 0x00, 0x00, 0x00, 0x00, 0x00, 0x00, 0x00, 0x00, 0x00, 0x00,
    0x00, 0x00, 0x00, 0x00, 0x00, 0x00, 0x00, 0x00, 0x00, 0x00, 0x00, 0x00, 0xED, 0xED, 0xED, 0x0E,
    0x00, 0x00, 0x00, 0x00, 0x00, 0x00, 0x00, 0x00, 0x00, 0x00, 0x00, 0x00, 0x00, 0x00, 0x00, 0x00,
    0xED, 0xED, 0xED, 0x0E, 0x00, 0x00, 0x00, 0x00, 0x00, 0x00, 0x00, 0x00, 0x00, 0x00, 0x00, 0x00,
    0x00, 0x00, 0x00, 0x00, 0x00, 0x00, 0x00, 0x00, 0x00, 0x00, 0x00, 0x00, 0x00, 0x00, 0x00, 0x00,
    0x00, 0x00, 0x00, 0x00, 0x00, 0x00, 0x00, 0x00, 0x00, 0x00, 0x00, 0x00, 0x00, 0x00, 0x00, 0x00,
    0x00, 0x00, 0x00, 0x00, 0x00, 0x00, 0x00, 0x00, 0x00, 0x00, 0x00, 0x00, 0x00, 0x00, 0x00, 0x00,
    0x00, 0x00, 0x00, 0x00, 0x00, 0x00, 0x00, 0x00, 0x00, 0x00, 0x00, 0x00, 0x00, 0x00, 0x00, 0x00,
    0x00, 0x00, 0x00, 0x00, 0x00, 0x00, 0x00, 0x00, 0x00, 0x00, 0x00, 0x00, 0x00, 0x00, 0x00, 0x00,
    0x00, 0x00, 0x00, 0x00, 0x00, 0x00, 0x00, 0x00, 0x00, 0x00, 0x00, 0x00, 0x00, 0x00, 0x00, 0x00,
}};
inline constexpr std::array<std::uint8_t, 1600> uve_node_icon_animation_player_node_rgba{{
    0x00, 0x00, 0x00, 0x00, 0x00, 0x00, 0x00, 0x00, 0x00, 0x00, 0x00, 0x00, 0x00, 0x00, 0x00, 0x00,
    0x00, 0x00, 0x00, 0x00, 0x00, 0x00, 0x00, 0x00, 0x00, 0x00, 0x00, 0x00, 0x00, 0x00, 0x00, 0x00,
    0x00, 0x00, 0x00, 0x00, 0x00, 0x00, 0x00, 0x00, 0x00, 0x00, 0x00, 0x00, 0x00, 0x00, 0x00, 0x00,
    0x00, 0x00, 0x00, 0x00, 0x00, 0x00, 0x00, 0x00, 0x00, 0x00, 0x00, 0x00, 0x00, 0x00, 0x00, 0x00,
    0x00, 0x00, 0x00, 0x00, 0x00, 0x00, 0x00, 0x00, 0x00, 0x00, 0x00, 0x00, 0x00, 0x00, 0x00, 0x00,
    0x00, 0x00, 0x00, 0x00, 0x00, 0x00, 0x00, 0x00, 0x00, 0x00, 0x00, 0x00, 0x00, 0x00, 0x00, 0x00,
    0x00, 0x00, 0x00, 0x00, 0x00, 0x00, 0x00, 0x00, 0x00, 0x00, 0x00, 0x00, 0x00, 0x00, 0x00, 0x00,
    0x00, 0x00, 0x00, 0x00, 0xE6, 0xE6, 0xF2, 0x14, 0xE6, 0xE6, 0xF2, 0x14, 0x00, 0x00, 0x00, 0x00,
    0x00, 0x00, 0x00, 0x00, 0x00, 0x00, 0x00, 0x00, 0x00, 0x00, 0x00, 0x00, 0x00, 0x00, 0x00, 0x00,
    0x00, 0x00, 0x00, 0x00, 0x00, 0x00, 0x00, 0x00, 0x00, 0x00, 0x00, 0x00, 0x00, 0x00, 0x00, 0x00,
    0x00, 0x00, 0x00, 0x00, 0x00, 0x00, 0x00, 0x00, 0x00, 0x00, 0x00, 0x00, 0x00, 0x00, 0x00, 0x00,
    0x00, 0x00, 0x00, 0x00, 0x00, 0x00, 0x00, 0x00, 0xE5, 0xE8, 0xEB, 0x4E, 0xE7, 0xE8, 0xEC, 0xB2,
    0xE6, 0xE8, 0xEC, 0xF6, 0xE6, 0xE8, 0xEC, 0xFF, 0xE6, 0xE8, 0xEC, 0xFF, 0xE6, 0xE8, 0xEC, 0xF6,
    0xE7, 0xE8, 0xEC, 0xB1, 0xE5, 0xE8, 0xEB, 0x4E, 0x00, 0x00, 0x00, 0x00, 0x00, 0x00, 0x00, 0x00,
    0x00, 0x00, 0x00, 0x00, 0x00, 0x00, 0x00, 0x00, 0x00, 0x00, 0x00, 0x00, 0x00, 0x00, 0x00, 0x00,
    0x00, 0x00, 0x00, 0x00, 0x00, 0x00, 0x00, 0x00, 0x00, 0x00, 0x00, 0x00, 0x00, 0x00, 0x00, 0x00,
    0xE7, 0xE7, 0xE7, 0x15, 0xE5, 0xE8, 0xEC, 0xBD, 0xE6, 0xE8, 0xEC, 0xF9, 0xE7, 0xE8, 0xEC, 0x9D,
    0xE6, 0xE9, 0xEC, 0x50, 0xE8, 0xE8, 0xEE, 0x2C, 0xE8, 0xE8, 0xEE, 0x2C, 0xE6, 0xE9, 0xEC, 0x51,
    0xE5, 0xE9, 0xEC, 0x9F, 0xE6, 0xE8, 0xEC, 0xF9, 0xE6, 0xE8, 0xEC, 0xBB, 0xE6, 0xE6, 0xF2, 0x14,
    0x00, 0x00, 0x00, 0x00, 0x00, 0x00, 0x00, 0x00, 0x00, 0x00, 0x00, 0x00, 0x00, 0x00, 0x00, 0x00,
    0x00, 0x00, 0x00, 0x00, 0x00, 0x00, 0x00, 0x00, 0x00, 0x00, 0x00, 0x00, 0xE7, 0xE7, 0xE7, 0x15,
    0xE7, 0xE8, 0xEC, 0xDB, 0xE6, 0xE9, 0xEC, 0xCC, 0xE9, 0xE9, 0xE9, 0x22, 0x00, 0x00, 0x00, 0x00,
    0x00, 0x00, 0x00, 0x00, 0x00, 0x00, 0x00, 0x00, 0x00, 0x00, 0x00, 0x00, 0x00, 0x00, 0x00, 0x00,
    0x00, 0x00, 0x00, 0x00, 0xE9, 0xE9, 0xE9, 0x23, 0xE6, 0xE9, 0xEC, 0xCC, 0xE6, 0xE8, 0xEC, 0xDA,
    0xE6, 0xE6, 0xF2, 0x14, 0x00, 0x00, 0x00, 0x00, 0x00, 0x00, 0x00, 0x00, 0x00, 0x00, 0x00, 0x00,
    0x00, 0x00, 0x00, 0x00, 0x00, 0x00, 0x00, 0x00, 0x00, 0x00, 0x00, 0x00, 0xE7, 0xE8, 0xEC, 0xBC,
    0xE6, 0xE9, 0xEC, 0xCC, 0xE6, 0xE6, 0xE6, 0x0A, 0x00, 0x00, 0x00, 0x00, 0x00, 0x00, 0x00, 0x00,
    0x00, 0x00, 0x00, 0x00, 0x00, 0x00, 0x00, 0x00, 0x00, 0x00, 0x00, 0x00, 0x00, 0x00, 0x00, 0x00,
    0x00, 0x00, 0x00, 0x00, 0x00, 0x00, 0x00, 0x00, 0xE8, 0xE8, 0xE8, 0x0B, 0xE6, 0xE9, 0xEC, 0xCD,
    0xE6, 0xE8, 0xEC, 0xBA, 0x00, 0x00, 0x00, 0x00, 0x00, 0x00, 0x00, 0x00, 0x00, 0x00, 0x00, 0x00,
    0x00, 0x00, 0x00, 0x00, 0x00, 0x00, 0x00, 0x00, 0xE5, 0xE8, 0xEB, 0x4E, 0xE6, 0xE8, 0xEC, 0xF9,
    0xE9, 0xE9, 0xE9, 0x22, 0x00, 0x00, 0x00, 0x00, 0x00, 0x00, 0x00, 0x00, 0x00, 0x00, 0x00, 0x00,
    0x00, 0x00, 0x00, 0x00, 0x00, 0x00, 0x00, 0x00, 0x00, 0x00, 0x00, 0x00, 0x00, 0x00, 0x00, 0x00,
    0x00, 0x00, 0x00, 0x00, 0x00, 0x00, 0x00, 0x00, 0x00, 0x00, 0x00, 0x00, 0xE3, 0xEA, 0xEA, 0x24,
    0xE6, 0xE8, 0xEC, 0xF9, 0xE8, 0xE8, 0xEB, 0x4C, 0x00, 0x00, 0x00, 0x00, 0x00, 0x00, 0x00, 0x00,
    0x00, 0x00, 0x00, 0x00, 0x00, 0x00, 0x00, 0x00, 0xE7, 0xE8, 0xEC, 0xB2, 0xE7, 0xE8, 0xEC, 0x9E,
    0x00, 0x00, 0x00, 0x00, 0x00, 0x00, 0x00, 0x00, 0x00, 0x00, 0x00, 0x00, 0x00, 0x00, 0x00, 0x00,
    0x00, 0x00, 0x00, 0x7B, 0x00, 0x00, 0x00, 0x3D, 0x00, 0x00, 0x00, 0x00, 0x00, 0x00, 0x00, 0x00,
    0x00, 0x00, 0x00, 0x00, 0x00, 0x00, 0x00, 0x00, 0x00, 0x00, 0x00, 0x00, 0x00, 0x00, 0x00, 0x00,
    0xE6, 0xE9, 0xEC, 0xA0, 0xE6, 0xE8, 0xEC, 0xB0, 0x00, 0x00, 0x00, 0x00, 0x00, 0x00, 0x00, 0x00,
    0x00, 0x00, 0x00, 0x00, 0xFF, 0xFF, 0xFF, 0x01, 0xE6, 0xE8, 0xEC, 0xF5, 0xE5, 0xE8, 0xEC, 0x4F,
    0x00, 0x00, 0x00, 0x00, 0x00, 0x00, 0x00, 0x00, 0x00, 0x00, 0x00, 0x00, 0x00, 0x00, 0x00, 0x00,
    0x00, 0x00, 0x00, 0xAA, 0x00, 0x00, 0x00, 0xFF, 0x00, 0x00, 0x00, 0xB3, 0x00, 0x00, 0x00, 0x1F,
    0x00, 0x00, 0x00, 0x00, 0x00, 0x00, 0x00, 0x00, 0x00, 0x00, 0x00, 0x00, 0x00, 0x00, 0x00, 0x00,
    0xE6, 0xE9, 0xEC, 0x52, 0xE6, 0xE8, 0xEC, 0xF4, 0xFF, 0xFF, 0xFF, 0x01, 0x00, 0x00, 0x00, 0x00,
    0x00, 0x00, 0x00, 0x00, 0xE6, 0xE6, 0xF2, 0x14, 0xE6, 0xE8, 0xEC, 0xFF, 0xE7, 0xE7, 0xED, 0x2B,
    0x00, 0x00, 0x00, 0x00, 0x00, 0x00, 0x00, 0x00, 0x00, 0x00, 0x00, 0x00, 0x00, 0x00, 0x00, 0x00,
    0x00, 0x00, 0x00, 0xAA, 0x00, 0x00, 0x00, 0xFF, 0x00, 0x00, 0x00, 0xFF, 0x00, 0x00, 0x00, 0xF5,
    0x00, 0x00, 0x00, 0x80, 0x00, 0x00, 0x00, 0x08, 0x00, 0x00, 0x00, 0x00, 0x00, 0x00, 0x00, 0x00,
    0xE8, 0xE8, 0xEE, 0x2D, 0xE6, 0xE8, 0xEC, 0xFF, 0xE4, 0xE4, 0xF2, 0x13, 0x00, 0x00, 0x00, 0x00,
    0x00, 0x00, 0x00, 0x00, 0xE4, 0xE4, 0xF2, 0x13, 0xE6, 0xE8, 0xEC, 0xFF, 0xE8, 0xE8, 0xEE, 0x2C,
    0x00, 0x00, 0x00, 0x00, 0x00, 0x00, 0x00, 0x00, 0x00, 0x00, 0x00, 0x00, 0x00, 0x00, 0x00, 0x00,
    0x00, 0x00, 0x00, 0xAA, 0x00, 0x00, 0x00, 0xFF, 0x00, 0x00, 0x00, 0xFF, 0x00, 0x00, 0x00, 0xF5,
    0x00, 0x00, 0x00, 0x80, 0x00, 0x00, 0x00, 0x08, 0x00, 0x00, 0x00, 0x00, 0x00, 0x00, 0x00, 0x00,
    0xE3, 0xE9, 0xEE, 0x2E, 0xE6, 0xE8, 0xEC, 0xFF, 0xE3, 0xE3, 0xF1, 0x12, 0x00, 0x00, 0x00, 0x00,
    0x00, 0x00, 0x00, 0x00, 0xFF, 0xFF, 0xFF, 0x01, 0xE6, 0xE8, 0xEC, 0xF5, 0xE6, 0xE9, 0xEC, 0x50,
    0x00, 0x00, 0x00, 0x00, 0x00, 0x00, 0x00, 0x00, 0x00, 0x00, 0x00, 0x00, 0x00, 0x00, 0x00, 0x00,
    0x00, 0x00, 0x00, 0xAA, 0x00, 0x00, 0x00, 0xFF, 0x00, 0x00, 0x00, 0xB3, 0x00, 0x00, 0x00, 0x1F,
    0x00, 0x00, 0x00, 0x00, 0x00, 0x00, 0x00, 0x00, 0x00, 0x00, 0x00, 0x00, 0x00, 0x00, 0x00, 0x00,
    0xE6, 0xE9, 0xEC, 0x52, 0xE6, 0xE8, 0xEC, 0xF3, 0xFF, 0xFF, 0xFF, 0x01, 0x00, 0x00, 0x00, 0x00,
    0x00, 0x00, 0x00, 0x00, 0x00, 0x00, 0x00, 0x00, 0xE7, 0xE8, 0xEC, 0xB1, 0xE7, 0xE8, 0xEC, 0x9E,
    0x00, 0x00, 0x00, 0x00, 0x00, 0x00, 0x00, 0x00, 0x00, 0x00, 0x00, 0x00, 0x00, 0x00, 0x00, 0x00,
    0x00, 0x00, 0x00, 0x7B, 0x00, 0x00, 0x00, 0x3D, 0x00, 0x00, 0x00, 0x00, 0x00, 0x00, 0x00, 0x00,
    0x00, 0x00, 0x00, 0x00, 0x00, 0x00, 0x00, 0x00, 0x00, 0x00, 0x00, 0x00, 0x00, 0x00, 0x00, 0x00,
    0xE6, 0xE9, 0xEC, 0xA0, 0xE6, 0xE8, 0xEC, 0xAF, 0x00, 0x00, 0x00, 0x00, 0x00, 0x00, 0x00, 0x00,
    0x00, 0x00, 0x00, 0x00, 0x00, 0x00, 0x00, 0x00, 0xE5, 0xE8, 0xEB, 0x4D, 0xE6, 0xE8, 0xEC, 0xF9,
    0xE9, 0xE9, 0xE9, 0x23, 0x00, 0x00, 0x00, 0x00, 0x00, 0x00, 0x00, 0x00, 0x00, 0x00, 0x00, 0x00,
    0x00, 0x00, 0x00, 0x00, 0x00, 0x00, 0x00, 0x00, 0x00, 0x00, 0x00, 0x00, 0x00, 0x00, 0x00, 0x00,
    0x00, 0x00, 0x00, 0x00, 0x00, 0x00, 0x00, 0x00, 0x00, 0x00, 0x00, 0x00, 0xE3, 0xEA, 0xEA, 0x25,
    0xE6, 0xE8, 0xEC, 0xFA, 0xE7, 0xE7, 0xEB, 0x4B, 0x00, 0x00, 0x00, 0x00, 0x00, 0x00, 0x00, 0x00,
    0x00, 0x00, 0x00, 0x00, 0x00, 0x00, 0x00, 0x00, 0x00, 0x00, 0x00, 0x00, 0xE6, 0xE8, 0xEC, 0xBB,
    0xE6, 0xE9, 0xEC, 0xCD, 0xE8, 0xE8, 0xE8, 0x0B, 0x00, 0x00, 0x00, 0x00, 0x00, 0x00, 0x00, 0x00,
    0x00, 0x00, 0x00, 0x00, 0x00, 0x00, 0x00, 0x00, 0x00, 0x00, 0x00, 0x00, 0x00, 0x00, 0x00, 0x00,
    0x00, 0x00, 0x00, 0x00, 0x00, 0x00, 0x00, 0x00, 0xE8, 0xE8, 0xE8, 0x0B, 0xE6, 0xE7, 0xEC, 0xCE,
    0xE6, 0xE8, 0xEC, 0xB9, 0x00, 0x00, 0x00, 0x00, 0x00, 0x00, 0x00, 0x00, 0x00, 0x00, 0x00, 0x00,
    0x00, 0x00, 0x00, 0x00, 0x00, 0x00, 0x00, 0x00, 0x00, 0x00, 0x00, 0x00, 0xE6, 0xE6, 0xF2, 0x14,
    0xE6, 0xE8, 0xEC, 0xDA, 0xE6, 0xE9, 0xEC, 0xCD, 0xE3, 0xEA, 0xEA, 0x24, 0x00, 0x00, 0x00, 0x00,
    0x00, 0x00, 0x00, 0x00, 0x00, 0x00, 0x00, 0x00, 0x00, 0x00, 0x00, 0x00, 0x00, 0x00, 0x00, 0x00,
    0x00, 0x00, 0x00, 0x00, 0xE3, 0xEA, 0xEA, 0x25, 0xE6, 0xE7, 0xEC, 0xCE, 0xE6, 0xE8, 0xEC, 0xDA,
    0xE4, 0xE4, 0xF2, 0x13, 0x00, 0x00, 0x00, 0x00, 0x00, 0x00, 0x00, 0x00, 0x00, 0x00, 0x00, 0x00,
    0x00, 0x00, 0x00, 0x00, 0x00, 0x00, 0x00, 0x00, 0x00, 0x00, 0x00, 0x00, 0x00, 0x00, 0x00, 0x00,
    0xE6, 0xE6, 0xF2, 0x14, 0xE6, 0xE8, 0xEC, 0xBA, 0xE6, 0xE8, 0xEC, 0xF9, 0xE5, 0xE9, 0xEC, 0x9F,
    0xE6, 0xE9, 0xEC, 0x52, 0xE8, 0xE8, 0xEE, 0x2C, 0xE8, 0xE8, 0xEE, 0x2C, 0xE6, 0xE9, 0xED, 0x53,
    0xE6, 0xE9, 0xEC, 0xA0, 0xE6, 0xE8, 0xEC, 0xFA, 0xE6, 0xE8, 0xEC, 0xB9, 0xE4, 0xE4, 0xF2, 0x13,
    0x00, 0x00, 0x00, 0x00, 0x00, 0x00, 0x00, 0x00, 0x00, 0x00, 0x00, 0x00, 0x00, 0x00, 0x00, 0x00,
    0x00, 0x00, 0x00, 0x00, 0x00, 0x00, 0x00, 0x00, 0x00, 0x00, 0x00, 0x00, 0x00, 0x00, 0x00, 0x00,
    0x00, 0x00, 0x00, 0x00, 0x00, 0x00, 0x00, 0x00, 0xE8, 0xE8, 0xEB, 0x4C, 0xE6, 0xE8, 0xEC, 0xAF,
    0xE6, 0xE8, 0xEC, 0xF4, 0xE6, 0xE8, 0xEC, 0xFF, 0xE6, 0xE8, 0xEC, 0xFF, 0xE6, 0xE8, 0xEC, 0xF4,
    0xE6, 0xE8, 0xEC, 0xAF, 0xE7, 0xE7, 0xEB, 0x4B, 0x00, 0x00, 0x00, 0x00, 0x00, 0x00, 0x00, 0x00,
    0x00, 0x00, 0x00, 0x00, 0x00, 0x00, 0x00, 0x00, 0x00, 0x00, 0x00, 0x00, 0x00, 0x00, 0x00, 0x00,
    0x00, 0x00, 0x00, 0x00, 0x00, 0x00, 0x00, 0x00, 0x00, 0x00, 0x00, 0x00, 0x00, 0x00, 0x00, 0x00,
    0x00, 0x00, 0x00, 0x00, 0x00, 0x00, 0x00, 0x00, 0x00, 0x00, 0x00, 0x00, 0x00, 0x00, 0x00, 0x00,
    0x00, 0x00, 0x00, 0x00, 0xE4, 0xE4, 0xF2, 0x13, 0xE4, 0xE4, 0xF2, 0x13, 0x00, 0x00, 0x00, 0x00,
    0x00, 0x00, 0x00, 0x00, 0x00, 0x00, 0x00, 0x00, 0x00, 0x00, 0x00, 0x00, 0x00, 0x00, 0x00, 0x00,
    0x00, 0x00, 0x00, 0x00, 0x00, 0x00, 0x00, 0x00, 0x00, 0x00, 0x00, 0x00, 0x00, 0x00, 0x00, 0x00,
    0x00, 0x00, 0x00, 0x00, 0x00, 0x00, 0x00, 0x00, 0x00, 0x00, 0x00, 0x00, 0x00, 0x00, 0x00, 0x00,
    0x00, 0x00, 0x00, 0x00, 0x00, 0x00, 0x00, 0x00, 0x00, 0x00, 0x00, 0x00, 0x00, 0x00, 0x00, 0x00,
    0x00, 0x00, 0x00, 0x00, 0x00, 0x00, 0x00, 0x00, 0x00, 0x00, 0x00, 0x00, 0x00, 0x00, 0x00, 0x00,
    0x00, 0x00, 0x00, 0x00, 0x00, 0x00, 0x00, 0x00, 0x00, 0x00, 0x00, 0x00, 0x00, 0x00, 0x00, 0x00,
    0x00, 0x00, 0x00, 0x00, 0x00, 0x00, 0x00, 0x00, 0x00, 0x00, 0x00, 0x00, 0x00, 0x00, 0x00, 0x00,
}};
inline constexpr std::array<std::uint8_t, 1600> uve_node_icon_animation_tree_node_rgba{{
    0x00, 0x00, 0x00, 0x00, 0x00, 0x00, 0x00, 0x00, 0x00, 0x00, 0x00, 0x00, 0x00, 0x00, 0x00, 0x00,
    0x00, 0x00, 0x00, 0x00, 0x00, 0x00, 0x00, 0x00, 0x00, 0x00, 0x00, 0x00, 0x00, 0x00, 0x00, 0x00,
    0x00, 0x00, 0x00, 0x00, 0x00, 0x00, 0x00, 0x00, 0x00, 0x00, 0x00, 0x00, 0x00, 0x00, 0x00, 0x00,
    0x00, 0x00, 0x00, 0x00, 0x00, 0x00, 0x00, 0x00, 0x00, 0x00, 0x00, 0x00, 0x00, 0x00, 0x00, 0x00,
    0x00, 0x00, 0x00, 0x00, 0x00, 0x00, 0x00, 0x00, 0x00, 0x00, 0x00, 0x00, 0x00, 0x00, 0x00, 0x00,
    0x00, 0x00, 0x00, 0x00, 0x00, 0x00, 0x00, 0x00, 0x00, 0x00, 0x00, 0x00, 0x00, 0x00, 0x00, 0x00,
    0xE6, 0xE6, 0xE6, 0x0A, 0xE6, 0xE6, 0xE6, 0x0A, 0x00, 0x00, 0x00, 0x00, 0x00, 0x00, 0x00, 0x00,
    0x00, 0x00, 0x00, 0x00, 0x00, 0x00, 0x00, 0x00, 0x00, 0x00, 0x00, 0x00, 0x00, 0x00, 0x00, 0x00,
    0x00, 0x00, 0x00, 0x00, 0x00, 0x00, 0x00, 0x00, 0x00, 0x00, 0x00, 0x00, 0x00, 0x00, 0x00, 0x00,
    0x00, 0x00, 0x00, 0x00, 0x00, 0x00, 0x00, 0x00, 0x00, 0x00, 0x00, 0x00, 0x00, 0x00, 0x00, 0x00,
    0x00, 0x00, 0x00, 0x00, 0x00, 0x00, 0x00, 0x00, 0xE4, 0xE4, 0xF2, 0x13, 0xE6, 0xE8, 0xEC, 0xAF,
    0xE6, 0xE8, 0xEC, 0xFC, 0xE6, 0xE8, 0xEC, 0xFB, 0xE6, 0xE7, 0xEC, 0xAD, 0xE4, 0xE4, 0xF2, 0x13,
    0x00, 0x00, 0x00, 0x00, 0x00, 0x00, 0x00, 0x00, 0x00, 0x00, 0x00, 0x00, 0x00, 0x00, 0x00, 0x00,
    0x00, 0x00, 0x00, 0x00, 0x00, 0x00, 0x00, 0x00, 0x00, 0x00, 0x00, 0x00, 0x00, 0x00, 0x00, 0x00,
    0x00, 0x00, 0x00, 0x00, 0x00, 0x00, 0x00, 0x00, 0x00, 0x00, 0x00, 0x00, 0x00, 0x00, 0x00, 0x00,
    0x00, 0x00, 0x00, 0x00, 0x00, 0x00, 0x00, 0x00, 0xE6, 0xE8, 0xEC, 0xAE, 0xE7, 0xE8, 0xEB, 0xD1,
    0xE6, 0xE6, 0xEA, 0x3D, 0xE6, 0xE6, 0xEA, 0x3D, 0xE6, 0xE8, 0xEC, 0xD2, 0xE6, 0xE7, 0xEC, 0xAC,
    0x00, 0x00, 0x00, 0x00, 0x00, 0x00, 0x00, 0x00, 0x00, 0x00, 0x00, 0x00, 0x00, 0x00, 0x00, 0x00,
    0x00, 0x00, 0x00, 0x00, 0x00, 0x00, 0x00, 0x00, 0x00, 0x00, 0x00, 0x00, 0x00, 0x00, 0x00, 0x00,
    0x00, 0x00, 0x00, 0x00, 0x00, 0x00, 0x00, 0x00, 0x00, 0x00, 0x00, 0x00, 0x00, 0x00, 0x00, 0x00,
    0x00, 0x00, 0x00, 0x00, 0xE6, 0xE6, 0xE6, 0x0A, 0xE6, 0xE8, 0xEC, 0xFC, 0xE6, 0xE6, 0xEA, 0x3D,
    0x00, 0x00, 0x00, 0x00, 0x00, 0x00, 0x00, 0x00, 0xE6, 0xE6, 0xEA, 0x3E, 0xE6, 0xE8, 0xEC, 0xFB,
    0xE6, 0xE6, 0xE6, 0x0A, 0x00, 0x00, 0x00, 0x00, 0xE7, 0xE7, 0xEB, 0x41, 0xE7, 0xE8, 0xEC, 0x92,
    0xE7, 0xE9, 0xEC, 0x69, 0xFF, 0xFF, 0xFF, 0x04, 0x00, 0x00, 0x00, 0x00, 0x00, 0x00, 0x00, 0x00,
    0x00, 0x00, 0x00, 0x00, 0x00, 0x00, 0x00, 0x00, 0x00, 0x00, 0x00, 0x00, 0x00, 0x00, 0x00, 0x00,
    0x00, 0x00, 0x00, 0x00, 0xE6, 0xE6, 0xE6, 0x0A, 0xE6, 0xE8, 0xEC, 0xFB, 0xE6, 0xE6, 0xEA, 0x3D,
    0x00, 0x00, 0x00, 0x00, 0x00, 0x00, 0x00, 0x00, 0xE7, 0xE7, 0xEB, 0x3F, 0xE6, 0xE8, 0xEC, 0xFB,
    0xE6, 0xE6, 0xE6, 0x0A, 0xE8, 0xE8, 0xEC, 0x42, 0xE6, 0xE8, 0xEC, 0xFC, 0xE7, 0xE8, 0xEC, 0xB1,
    0xE6, 0xE8, 0xEC, 0xEA, 0xE7, 0xE8, 0xEC, 0x93, 0x00, 0x00, 0x00, 0x00, 0x00, 0x00, 0x00, 0x00,
    0x00, 0x00, 0x00, 0x00, 0x00, 0x00, 0x00, 0x00, 0x00, 0x00, 0x00, 0x00, 0x00, 0x00, 0x00, 0x00,
    0x00, 0x00, 0x00, 0x00, 0x00, 0x00, 0x00, 0x00, 0xE6, 0xE7, 0xEC, 0xAD, 0xE6, 0xE8, 0xEC, 0xD2,
    0xE6, 0xE6, 0xEA, 0x3E, 0xE7, 0xE7, 0xEB, 0x3F, 0xE6, 0xE8, 0xEC, 0xD2, 0xE6, 0xE7, 0xEC, 0xAC,
    0x00, 0x00, 0x00, 0x00, 0xE7, 0xE8, 0xEC, 0x92, 0xE7, 0xE8, 0xEC, 0xB1, 0x00, 0x00, 0x00, 0x00,
    0xE6, 0xE9, 0xEC, 0x5D, 0xE7, 0xE8, 0xEC, 0xE5, 0x00, 0x00, 0x00, 0x00, 0x00, 0x00, 0x00, 0x00,
    0x00, 0x00, 0x00, 0x00, 0x00, 0x00, 0x00, 0x00, 0x00, 0x00, 0x00, 0x00, 0x00, 0x00, 0x00, 0x00,
    0x00, 0x00, 0x00, 0x00, 0x00, 0x00, 0x00, 0x00, 0xE4, 0xE4, 0xF2, 0x13, 0xE6, 0xE7, 0xEC, 0xAC,
    0xE6, 0xE8, 0xEC, 0xFB, 0xE6, 0xE8, 0xEC, 0xFB, 0xE6, 0xE9, 0xEC, 0xAB, 0xE3, 0xE3, 0xF1, 0x12,
    0x00, 0x00, 0x00, 0x00, 0xE7, 0xE9, 0xEC, 0x69, 0xE6, 0xE8, 0xEC, 0xEA, 0xE6, 0xE9, 0xEC, 0x5D,
    0xE7, 0xE8, 0xEC, 0xBC, 0xE7, 0xE8, 0xEC, 0xBC, 0x00, 0x00, 0x00, 0x00, 0x00, 0x00, 0x00, 0x00,
    0x00, 0x00, 0x00, 0x00, 0x00, 0x00, 0x00, 0x00, 0x00, 0x00, 0x00, 0x00, 0x00, 0x00, 0x00, 0x00,
    0x00, 0x00, 0x00, 0x00, 0x00, 0x00, 0x00, 0x00, 0x00, 0x00, 0x00, 0x00, 0x00, 0x00, 0x00, 0x00,
    0xE5, 0xE9, 0xEC, 0x9F, 0xE5, 0xE9, 0xEC, 0x9F, 0x00, 0x00, 0x00, 0x00, 0x00, 0x00, 0x00, 0x00,
    0x00, 0x00, 0x00, 0x00, 0xE6, 0xE6, 0xEF, 0x1F, 0xE6, 0xE8, 0xEC, 0xFD, 0xE6, 0xE8, 0xEC, 0xFF,
    0xE6, 0xE8, 0xEC, 0xFF, 0xE6, 0xE8, 0xED, 0x6F, 0x00, 0x00, 0x00, 0x00, 0x00, 0x00, 0x00, 0x00,
    0x00, 0x00, 0x00, 0x00, 0x00, 0x00, 0x00, 0x00, 0x00, 0x00, 0x00, 0x00, 0x00, 0x00, 0x00, 0x00,
    0x00, 0x00, 0x00, 0x00, 0x00, 0x00, 0x00, 0x00, 0x00, 0x00, 0x00, 0x00, 0x00, 0x00, 0x00, 0x00,
    0xE5, 0xE9, 0xEC, 0x9F, 0xE5, 0xE9, 0xEC, 0x9F, 0x00, 0x00, 0x00, 0x00, 0x00, 0x00, 0x00, 0x00,
    0x00, 0x00, 0x00, 0x00, 0xE6, 0xE8, 0xEC, 0x86, 0xE6, 0xE8, 0xEC, 0xE2, 0xE6, 0xE8, 0xEC, 0xFE,
    0xE7, 0xE8, 0xEC, 0xB2, 0xE6, 0xE7, 0xEC, 0xD9, 0x00, 0x00, 0x00, 0x00, 0x00, 0x00, 0x00, 0x00,
    0x00, 0x00, 0x00, 0x00, 0x00, 0x00, 0x00, 0x00, 0x00, 0x00, 0x00, 0x00, 0x00, 0x00, 0x00, 0x00,
    0x00, 0x00, 0x00, 0x00, 0x00, 0x00, 0x00, 0x00, 0x00, 0x00, 0x00, 0x00, 0x00, 0x00, 0x00, 0x00,
    0xE5, 0xE9, 0xEC, 0x9F, 0xE6, 0xE8, 0xEC, 0xEC, 0xE6, 0xE9, 0xEC, 0xCC, 0xE6, 0xE9, 0xEC, 0xCC,
    0xE6, 0xE9, 0xEC, 0xCC, 0xE6, 0xE8, 0xEB, 0xEB, 0xE6, 0xE8, 0xEC, 0xFF, 0xE6, 0xE8, 0xEC, 0xC5,
    0xE6, 0xE8, 0xEC, 0x86, 0xE6, 0xE7, 0xEC, 0xD9, 0x00, 0x00, 0x00, 0x00, 0x00, 0x00, 0x00, 0x00,
    0x00, 0x00, 0x00, 0x00, 0x00, 0x00, 0x00, 0x00, 0x00, 0x00, 0x00, 0x00, 0x00, 0x00, 0x00, 0x00,
    0x00, 0x00, 0x00, 0x00, 0x00, 0x00, 0x00, 0x00, 0x00, 0x00, 0x00, 0x00, 0x00, 0x00, 0x00, 0x00,
    0xE5, 0xE9, 0xEC, 0x9F, 0xE6, 0xE9, 0xEC, 0xCC, 0xE5, 0xE7, 0xEC, 0x77, 0xE5, 0xE7, 0xEC, 0x77,
    0xE5, 0xE7, 0xEC, 0x77, 0xE6, 0xE8, 0xEC, 0x78, 0xE6, 0xE8, 0xEC, 0xDF, 0xE6, 0xE8, 0xEC, 0xFD,
    0xE6, 0xE8, 0xEC, 0xF8, 0xE7, 0xE7, 0xED, 0x54, 0x00, 0x00, 0x00, 0x00, 0x00, 0x00, 0x00, 0x00,
    0x00, 0x00, 0x00, 0x00, 0x00, 0x00, 0x00, 0x00, 0x00, 0x00, 0x00, 0x00, 0x00, 0x00, 0x00, 0x00,
    0x00, 0x00, 0x00, 0x00, 0x00, 0x00, 0x00, 0x00, 0x00, 0x00, 0x00, 0x00, 0x00, 0x00, 0x00, 0x00,
    0xE5, 0xE9, 0xEC, 0x9F, 0xE5, 0xE9, 0xEC, 0x9F, 0x00, 0x00, 0x00, 0x00, 0x00, 0x00, 0x00, 0x00,
    0x00, 0x00, 0x00, 0x00, 0x00, 0x00, 0x00, 0x00, 0xEB, 0xEB, 0xEB, 0x0D, 0xE6, 0xE8, 0xEC, 0xFA,
    0xE5, 0xE8, 0xEC, 0x4F, 0x00, 0x00, 0x00, 0x00, 0x00, 0x00, 0x00, 0x00, 0x00, 0x00, 0x00, 0x00,
    0x00, 0x00, 0x00, 0x00, 0x00, 0x00, 0x00, 0x00, 0x00, 0x00, 0x00, 0x00, 0x00, 0x00, 0x00, 0x00,
    0x00, 0x00, 0x00, 0x00, 0x00, 0x00, 0x00, 0x00, 0x00, 0x00, 0x00, 0x00, 0x00, 0x00, 0x00, 0x00,
    0xE5, 0xE9, 0xEC, 0x9F, 0xE6, 0xE9, 0xEC, 0xCC, 0xE5, 0xE7, 0xEC, 0x77, 0xE5, 0xE7, 0xEC, 0x77,
    0xE5, 0xE7, 0xEC, 0x77, 0xE5, 0xE7, 0xEC, 0x77, 0xE5, 0xE8, 0xEB, 0xA9, 0xE6, 0xE9, 0xEC, 0xEE,
    0xE1, 0xE1, 0xF0, 0x11, 0x00, 0x00, 0x00, 0x00, 0x00, 0x00, 0x00, 0x00, 0x00, 0x00, 0x00, 0x00,
    0x00, 0x00, 0x00, 0x00, 0x00, 0x00, 0x00, 0x00, 0x00, 0x00, 0x00, 0x00, 0x00, 0x00, 0x00, 0x00,
    0x00, 0x00, 0x00, 0x00, 0x00, 0x00, 0x00, 0x00, 0x00, 0x00, 0x00, 0x00, 0x00, 0x00, 0x00, 0x00,
    0xE5, 0xE9, 0xEC, 0x9F, 0xE6, 0xE8, 0xEC, 0xEC, 0xE6, 0xE9, 0xEC, 0xCC, 0xE6, 0xE9, 0xEC, 0xCC,
    0xE6, 0xE9, 0xEC, 0xCC, 0xE6, 0xE9, 0xEC, 0xCC, 0xE6, 0xE8, 0xEC, 0xAF, 0xE7, 0xE7, 0xEC, 0x35,
    0x00, 0x00, 0x00, 0x00, 0x00, 0x00, 0x00, 0x00, 0x00, 0x00, 0x00, 0x00, 0x00, 0x00, 0x00, 0x00,
    0x00, 0x00, 0x00, 0x00, 0x00, 0x00, 0x00, 0x00, 0x00, 0x00, 0x00, 0x00, 0x00, 0x00, 0x00, 0x00,
    0x00, 0x00, 0x00, 0x00, 0x00, 0x00, 0x00, 0x00, 0x00, 0x00, 0x00, 0x00, 0x00, 0x00, 0x00, 0x00,
    0xE5, 0xE9, 0xEC, 0x9F, 0xE5, 0xE9, 0xEC, 0x9F, 0x00, 0x00, 0x00, 0x00, 0x00, 0x00, 0x00, 0x00,
    0x00, 0x00, 0x00, 0x00, 0x00, 0x00, 0x00, 0x00, 0x00, 0x00, 0x00, 0x00, 0x00, 0x00, 0x00, 0x00,
    0x00, 0x00, 0x00, 0x00, 0x00, 0x00, 0x00, 0x00, 0x00, 0x00, 0x00, 0x00, 0x00, 0x00, 0x00, 0x00,
    0x00, 0x00, 0x00, 0x00, 0x00, 0x00, 0x00, 0x00, 0x00, 0x00, 0x00, 0x00, 0x00, 0x00, 0x00, 0x00,
    0x00, 0x00, 0x00, 0x00, 0x00, 0x00, 0x00, 0x00, 0x00, 0x00, 0x00, 0x00, 0x00, 0x00, 0x00, 0x00,
    0xE6, 0xE8, 0xEB, 0x9C, 0xE6, 0xE8, 0xEB, 0x9C, 0x00, 0x00, 0x00, 0x00, 0x00, 0x00, 0x00, 0x00,
    0x00, 0x00, 0x00, 0x00, 0x00, 0x00, 0x00, 0x00, 0x00, 0x00, 0x00, 0x00, 0x00, 0x00, 0x00, 0x00,
    0x00, 0x00, 0x00, 0x00, 0x00, 0x00, 0x00, 0x00, 0x00, 0x00, 0x00, 0x00, 0x00, 0x00, 0x00, 0x00,
    0x00, 0x00, 0x00, 0x00, 0x00, 0x00, 0x00, 0x00, 0x00, 0x00, 0x00, 0x00, 0x00, 0x00, 0x00, 0x00,
    0x00, 0x00, 0x00, 0x00, 0x00, 0x00, 0x00, 0x00, 0x00, 0x00, 0x00, 0x00, 0x00, 0x00, 0x00, 0x00,
    0xEB, 0xEB, 0xEB, 0x19, 0xEB, 0xEB, 0xEB, 0x19, 0x00, 0x00, 0x00, 0x00, 0x00, 0x00, 0x00, 0x00,
    0x00, 0x00, 0x00, 0x00, 0x00, 0x00, 0x00, 0x00, 0x00, 0x00, 0x00, 0x00, 0x00, 0x00, 0x00, 0x00,
    0x00, 0x00, 0x00, 0x00, 0x00, 0x00, 0x00, 0x00, 0x00, 0x00, 0x00, 0x00, 0x00, 0x00, 0x00, 0x00,
    0x00, 0x00, 0x00, 0x00, 0x00, 0x00, 0x00, 0x00, 0x00, 0x00, 0x00, 0x00, 0x00, 0x00, 0x00, 0x00,
    0x00, 0x00, 0x00, 0x00, 0x00, 0x00, 0x00, 0x00, 0x00, 0x00, 0x00, 0x00, 0x00, 0x00, 0x00, 0x00,
    0x00, 0x00, 0x00, 0x00, 0x00, 0x00, 0x00, 0x00, 0x00, 0x00, 0x00, 0x00, 0x00, 0x00, 0x00, 0x00,
    0x00, 0x00, 0x00, 0x00, 0x00, 0x00, 0x00, 0x00, 0x00, 0x00, 0x00, 0x00, 0x00, 0x00, 0x00, 0x00,
    0x00, 0x00, 0x00, 0x00, 0x00, 0x00, 0x00, 0x00, 0x00, 0x00, 0x00, 0x00, 0x00, 0x00, 0x00, 0x00,
    0x00, 0x00, 0x00, 0x00, 0x00, 0x00, 0x00, 0x00, 0x00, 0x00, 0x00, 0x00, 0x00, 0x00, 0x00, 0x00,
    0x00, 0x00, 0x00, 0x00, 0x00, 0x00, 0x00, 0x00, 0x00, 0x00, 0x00, 0x00, 0x00, 0x00, 0x00, 0x00,
    0x00, 0x00, 0x00, 0x00, 0x00, 0x00, 0x00, 0x00, 0x00, 0x00, 0x00, 0x00, 0x00, 0x00, 0x00, 0x00,
    0x00, 0x00, 0x00, 0x00, 0x00, 0x00, 0x00, 0x00, 0x00, 0x00, 0x00, 0x00, 0x00, 0x00, 0x00, 0x00,
    0x00, 0x00, 0x00, 0x00, 0x00, 0x00, 0x00, 0x00, 0x00, 0x00, 0x00, 0x00, 0x00, 0x00, 0x00, 0x00,
    0x00, 0x00, 0x00, 0x00, 0x00, 0x00, 0x00, 0x00, 0x00, 0x00, 0x00, 0x00, 0x00, 0x00, 0x00, 0x00,
}};
inline constexpr std::array<std::uint8_t, 1600> uve_node_icon_area_3d_node_rgba{{
    0x00, 0x00, 0x00, 0x00, 0x00, 0x00, 0x00, 0x00, 0x00, 0x00, 0x00, 0x00, 0x00, 0x00, 0x00, 0x00,
    0x00, 0x00, 0x00, 0x00, 0x00, 0x00, 0x00, 0x00, 0x00, 0x00, 0x00, 0x00, 0x00, 0x00, 0x00, 0x00,
    0x00, 0x00, 0x00, 0x00, 0x00, 0x00, 0x00, 0x00, 0x00, 0x00, 0x00, 0x00, 0x00, 0x00, 0x00, 0x00,
    0x00, 0x00, 0x00, 0x00, 0x00, 0x00, 0x00, 0x00, 0x00, 0x00, 0x00, 0x00, 0x00, 0x00, 0x00, 0x00,
    0x00, 0x00, 0x00, 0x00, 0x00, 0x00, 0x00, 0x00, 0x00, 0x00, 0x00, 0x00, 0x00, 0x00, 0x00, 0x00,
    0x00, 0x00, 0x00, 0x00, 0x00, 0x00, 0x00, 0x00, 0x00, 0x00, 0x00, 0x00, 0x00, 0x00, 0x00, 0x00,
    0x00, 0x00, 0x00, 0x00, 0x00, 0x00, 0x00, 0x00, 0x00, 0x00, 0x00, 0x00, 0x00, 0x00, 0x00, 0x00,
    0x00, 0x00, 0x00, 0x00, 0x00, 0x00, 0x00, 0x00, 0x00, 0x00, 0x00, 0x00, 0x00, 0x00, 0x00, 0x00,
    0x00, 0x00, 0x00, 0x00, 0x00, 0x00, 0x00, 0x00, 0x00, 0x00, 0x00, 0x00, 0x00, 0x00, 0x00, 0x00,
    0x00, 0x00, 0x00, 0x00, 0x00, 0x00, 0x00, 0x00, 0x00, 0x00, 0x00, 0x00, 0x00, 0x00, 0x00, 0x00,
    0x00, 0x00, 0x00, 0x00, 0x00, 0x00, 0x00, 0x00, 0xFF, 0xFF, 0xFF, 0x05, 0xE8, 0xE8, 0xEC, 0x42,
    0xE5, 0xE9, 0xEC, 0x44, 0xE5, 0xE9, 0xEC, 0x44, 0xED, 0xED, 0xED, 0x0E, 0xE5, 0xE9, 0xEE, 0x3B,
    0xE5, 0xE9, 0xEC, 0x44, 0xE5, 0xE9, 0xEC, 0x44, 0xEB, 0xEB, 0xEB, 0x19, 0xE4, 0xEA, 0xEA, 0x30,
    0xE5, 0xE9, 0xEC, 0x44, 0xE5, 0xE9, 0xEC, 0x44, 0xE3, 0xEA, 0xEA, 0x25, 0xE3, 0xEA, 0xEA, 0x25,
    0xE8, 0xE8, 0xEC, 0x42, 0xFF, 0xFF, 0xFF, 0x05, 0x00, 0x00, 0x00, 0x00, 0x00, 0x00, 0x00, 0x00,
    0x00, 0x00, 0x00, 0x00, 0x00, 0x00, 0x00, 0x00, 0xE5, 0xE9, 0xED, 0x3A, 0xE6, 0xE8, 0xEC, 0xFD,
    0xE6, 0xE9, 0xEC, 0xEE, 0xE6, 0xE9, 0xEC, 0xEE, 0xE5, 0xE8, 0xED, 0x62, 0xE7, 0xE8, 0xEC, 0xE5,
    0xE6, 0xE9, 0xEC, 0xEE, 0xE6, 0xE9, 0xEC, 0xEE, 0xE6, 0xE8, 0xEC, 0x7C, 0xE6, 0xE9, 0xEC, 0xCC,
    0xE6, 0xE9, 0xEC, 0xEE, 0xE6, 0xE9, 0xEC, 0xEE, 0xE6, 0xE8, 0xEC, 0xA3, 0xE6, 0xE8, 0xEC, 0xA4,
    0xE6, 0xE8, 0xEC, 0xFE, 0xE6, 0xE9, 0xED, 0x47, 0x00, 0x00, 0x00, 0x00, 0x00, 0x00, 0x00, 0x00,
    0x00, 0x00, 0x00, 0x00, 0x00, 0x00, 0x00, 0x00, 0xE7, 0xE7, 0xEA, 0x4A, 0xE6, 0xE8, 0xEC, 0xF3,
    0x00, 0x00, 0x00, 0x00, 0x00, 0x00, 0x00, 0x00, 0x00, 0x00, 0x00, 0x00, 0x00, 0x00, 0x00, 0x00,
    0x00, 0x00, 0x00, 0x00, 0x00, 0x00, 0x00, 0x00, 0x00, 0x00, 0x00, 0x00, 0x00, 0x00, 0x00, 0x00,
    0x00, 0x00, 0x00, 0x00, 0x00, 0x00, 0x00, 0x00, 0x00, 0x00, 0x00, 0x00, 0x00, 0x00, 0x00, 0x00,
    0xE6, 0xE8, 0xEC, 0xF4, 0xE7, 0xE7, 0xEB, 0x4B, 0x00, 0x00, 0x00, 0x00, 0x00, 0x00, 0x00, 0x00,
    0x00, 0x00, 0x00, 0x00, 0x00, 0x00, 0x00, 0x00, 0xE7, 0xE7, 0xEB, 0x4B, 0xE6, 0xE8, 0xEC, 0xF4,
    0x00, 0x00, 0x00, 0x00, 0x00, 0x00, 0x00, 0x00, 0x00, 0x00, 0x00, 0x00, 0x00, 0x00, 0x00, 0x00,
    0x00, 0x00, 0x00, 0x00, 0x00, 0x00, 0x00, 0x00, 0x00, 0x00, 0x00, 0x00, 0x00, 0x00, 0x00, 0x00,
    0x00, 0x00, 0x00, 0x00, 0x00, 0x00, 0x00, 0x00, 0x00, 0x00, 0x00, 0x00, 0x00, 0x00, 0x00, 0x00,
    0xE6, 0xE8, 0xEC, 0x7B, 0xE2, 0xEB, 0xEB, 0x1A, 0x00, 0x00, 0x00, 0x00, 0x00, 0x00, 0x00, 0x00,
    0x00, 0x00, 0x00, 0x00, 0x00, 0x00, 0x00, 0x00, 0xE6, 0xE9, 0xED, 0x47, 0xE6, 0xE8, 0xEC, 0xF0,
    0x00, 0x00, 0x00, 0x00, 0x00, 0x00, 0x00, 0x00, 0x00, 0x00, 0x00, 0x00, 0x00, 0x00, 0x00, 0x00,
    0x00, 0x00, 0x00, 0x00, 0x00, 0x00, 0x00, 0x00, 0x00, 0x00, 0x00, 0x00, 0x00, 0x00, 0x00, 0x00,
    0x00, 0x00, 0x00, 0x00, 0x00, 0x00, 0x00, 0x00, 0x00, 0x00, 0x00, 0x00, 0x00, 0x00, 0x00, 0x00,
    0xE6, 0xE9, 0xEC, 0xCD, 0xE6, 0xE6, 0xEB, 0x33, 0x00, 0x00, 0x00, 0x00, 0x00, 0x00, 0x00, 0x00,
    0x00, 0x00, 0x00, 0x00, 0x00, 0x00, 0x00, 0x00, 0xE3, 0xE3, 0xE3, 0x09, 0xE6, 0xE9, 0xEC, 0x5C,
    0x00, 0x00, 0x00, 0x00, 0x00, 0x00, 0x00, 0x00, 0x00, 0x00, 0x00, 0x00, 0x00, 0x00, 0x00, 0x00,
    0x00, 0x00, 0x00, 0x00, 0x00, 0x00, 0x00, 0x00, 0x00, 0x00, 0x00, 0x00, 0x00, 0x00, 0x00, 0x00,
    0x00, 0x00, 0x00, 0x00, 0x00, 0x00, 0x00, 0x00, 0x00, 0x00, 0x00, 0x00, 0x00, 0x00, 0x00, 0x00,
    0xE6, 0xE8, 0xEC, 0xF4, 0xE7, 0xE7, 0xEB, 0x4B, 0x00, 0x00, 0x00, 0x00, 0x00, 0x00, 0x00, 0x00,
    0x00, 0x00, 0x00, 0x00, 0x00, 0x00, 0x00, 0x00, 0xE6, 0xE9, 0xED, 0x47, 0xE6, 0xE8, 0xEC, 0xF0,
    0x00, 0x00, 0x00, 0x00, 0x00, 0x00, 0x00, 0x00, 0x00, 0x00, 0x00, 0x00, 0x00, 0x00, 0x00, 0x00,
    0x00, 0x00, 0x00, 0x00, 0x00, 0x00, 0x00, 0x00, 0x00, 0x00, 0x00, 0x00, 0x00, 0x00, 0x00, 0x00,
    0x00, 0x00, 0x00, 0x00, 0x00, 0x00, 0x00, 0x00, 0x00, 0x00, 0x00, 0x00, 0x00, 0x00, 0x00, 0x00,
    0xE6, 0xE8, 0xEC, 0xF4, 0xE7, 0xE7, 0xEB, 0x4B, 0x00, 0x00, 0x00, 0x00, 0x00, 0x00, 0x00, 0x00,
    0x00, 0x00, 0x00, 0x00, 0x00, 0x00, 0x00, 0x00, 0xE7, 0xE7, 0xEB, 0x4B, 0xE6, 0xE8, 0xEC, 0xF4,
    0x00, 0x00, 0x00, 0x00, 0x00, 0x00, 0x00, 0x00, 0x00, 0x00, 0x00, 0x00, 0x00, 0x00, 0x00, 0x00,
    0x00, 0x00, 0x00, 0x00, 0x00, 0x00, 0x00, 0x00, 0x00, 0x00, 0x00, 0x00, 0x00, 0x00, 0x00, 0x00,
    0x00, 0x00, 0x00, 0x00, 0x00, 0x00, 0x00, 0x00, 0x00, 0x00, 0x00, 0x00, 0x00, 0x00, 0x00, 0x00,
    0xE6, 0xE8, 0xEC, 0xA5, 0xE4, 0xEB, 0xEB, 0x26, 0x00, 0x00, 0x00, 0x00, 0x00, 0x00, 0x00, 0x00,
    0x00, 0x00, 0x00, 0x00, 0x00, 0x00, 0x00, 0x00, 0xE7, 0xE7, 0xEA, 0x4A, 0xE6, 0xE8, 0xEC, 0xF3,
    0x00, 0x00, 0x00, 0x00, 0x00, 0x00, 0x00, 0x00, 0x00, 0x00, 0x00, 0x00, 0x00, 0x00, 0x00, 0x00,
    0x00, 0x00, 0x00, 0x00, 0x00, 0x00, 0x00, 0x00, 0x00, 0x00, 0x00, 0x00, 0x00, 0x00, 0x00, 0x00,
    0x00, 0x00, 0x00, 0x00, 0x00, 0x00, 0x00, 0x00, 0x00, 0x00, 0x00, 0x00, 0x00, 0x00, 0x00, 0x00,
    0xE6, 0xE8, 0xED, 0xA6, 0xE5, 0xE5, 0xEB, 0x27, 0x00, 0x00, 0x00, 0x00, 0x00, 0x00, 0x00, 0x00,
    0x00, 0x00, 0x00, 0x00, 0x00, 0x00, 0x00, 0x00, 0xEE, 0xEE, 0xEE, 0x0F, 0xE6, 0xE8, 0xED, 0x64,
    0x00, 0x00, 0x00, 0x00, 0x00, 0x00, 0x00, 0x00, 0x00, 0x00, 0x00, 0x00, 0x00, 0x00, 0x00, 0x00,
    0x00, 0x00, 0x00, 0x00, 0x00, 0x00, 0x00, 0x00, 0x00, 0x00, 0x00, 0x00, 0x00, 0x00, 0x00, 0x00,
    0x00, 0x00, 0x00, 0x00, 0x00, 0x00, 0x00, 0x00, 0x00, 0x00, 0x00, 0x00, 0x00, 0x00, 0x00, 0x00,
    0xE6, 0xE8, 0xEC, 0xF4, 0xE7, 0xE7, 0xEB, 0x4B, 0x00, 0x00, 0x00, 0x00, 0x00, 0x00, 0x00, 0x00,
    0x00, 0x00, 0x00, 0x00, 0x00, 0x00, 0x00, 0x00, 0xE7, 0xE7, 0xEB, 0x3F, 0xE6, 0xE8, 0xEC, 0xE8,
    0x00, 0x00, 0x00, 0x00, 0x00, 0x00, 0x00, 0x00, 0x00, 0x00, 0x00, 0x00, 0x00, 0x00, 0x00, 0x00,
    0x00, 0x00, 0x00, 0x00, 0x00, 0x00, 0x00, 0x00, 0x00, 0x00, 0x00, 0x00, 0x00, 0x00, 0x00, 0x00,
    0x00, 0x00, 0x00, 0x00, 0x00, 0x00, 0x00, 0x00, 0x00, 0x00, 0x00, 0x00, 0x00, 0x00, 0x00, 0x00,
    0xE6, 0xE8, 0xEC, 0xF4, 0xE7, 0xE7, 0xEB, 0x4B, 0x00, 0x00, 0x00, 0x00, 0x00, 0x00, 0x00, 0x00,
    0x00, 0x00, 0x00, 0x00, 0x00, 0x00, 0x00, 0x00, 0xE7, 0xE7, 0xEB, 0x4B, 0xE6, 0xE8, 0xEC, 0xF4,
    0x00, 0x00, 0x00, 0x00, 0x00, 0x00, 0x00, 0x00, 0x00, 0x00, 0x00, 0x00, 0x00, 0x00, 0x00, 0x00,
    0x00, 0x00, 0x00, 0x00, 0x00, 0x00, 0x00, 0x00, 0x00, 0x00, 0x00, 0x00, 0x00, 0x00, 0x00, 0x00,
    0x00, 0x00, 0x00, 0x00, 0x00, 0x00, 0x00, 0x00, 0x00, 0x00, 0x00, 0x00, 0x00, 0x00, 0x00, 0x00,
    0xE6, 0xE9, 0xEC, 0xCC, 0xE6, 0xE6, 0xEB, 0x32, 0x00, 0x00, 0x00, 0x00, 0x00, 0x00, 0x00, 0x00,
    0x00, 0x00, 0x00, 0x00, 0x00, 0x00, 0x00, 0x00, 0xE7, 0xE7, 0xEB, 0x4B, 0xE6, 0xE8, 0xEC, 0xF4,
    0x00, 0x00, 0x00, 0x00, 0x00, 0x00, 0x00, 0x00, 0x00, 0x00, 0x00, 0x00, 0x00, 0x00, 0x00, 0x00,
    0x00, 0x00, 0x00, 0x00, 0x00, 0x00, 0x00, 0x00, 0x00, 0x00, 0x00, 0x00, 0x00, 0x00, 0x00, 0x00,
    0x00, 0x00, 0x00, 0x00, 0x00, 0x00, 0x00, 0x00, 0x00, 0x00, 0x00, 0x00, 0x00, 0x00, 0x00, 0x00,
    0xE7, 0xE9, 0xED, 0x7D, 0xE2, 0xEB, 0xEB, 0x1A, 0x00, 0x00, 0x00, 0x00, 0x00, 0x00, 0x00, 0x00,
    0x00, 0x00, 0x00, 0x00, 0x00, 0x00, 0x00, 0x00, 0xE2, 0xEB, 0xEB, 0x1A, 0xE7, 0xE9, 0xED, 0x7D,
    0x00, 0x00, 0x00, 0x00, 0x00, 0x00, 0x00, 0x00, 0x00, 0x00, 0x00, 0x00, 0x00, 0x00, 0x00, 0x00,
    0x00, 0x00, 0x00, 0x00, 0x00, 0x00, 0x00, 0x00, 0x00, 0x00, 0x00, 0x00, 0x00, 0x00, 0x00, 0x00,
    0x00, 0x00, 0x00, 0x00, 0x00, 0x00, 0x00, 0x00, 0x00, 0x00, 0x00, 0x00, 0x00, 0x00, 0x00, 0x00,
    0xE6, 0xE8, 0xEC, 0xF4, 0xE7, 0xE7, 0xEB, 0x4B, 0x00, 0x00, 0x00, 0x00, 0x00, 0x00, 0x00, 0x00,
    0x00, 0x00, 0x00, 0x00, 0x00, 0x00, 0x00, 0x00, 0xE8, 0xE8, 0xEE, 0x2D, 0xE6, 0xE8, 0xEC, 0xEC,
    0xE6, 0xE9, 0xEC, 0xEE, 0xE6, 0xE9, 0xEC, 0xEE, 0xE5, 0xE8, 0xED, 0x62, 0xE7, 0xE8, 0xEC, 0xE5,
    0xE6, 0xE9, 0xEC, 0xEE, 0xE6, 0xE9, 0xEC, 0xEE, 0xE7, 0xE9, 0xED, 0x7E, 0xE6, 0xE8, 0xEC, 0xCA,
    0xE6, 0xE9, 0xEC, 0xEE, 0xE6, 0xE9, 0xEC, 0xEE, 0xE6, 0xE8, 0xEC, 0xA5, 0xE6, 0xE7, 0xEC, 0xA2,
    0xE6, 0xE8, 0xEC, 0xFE, 0xE6, 0xE9, 0xED, 0x47, 0x00, 0x00, 0x00, 0x00, 0x00, 0x00, 0x00, 0x00,
    0x00, 0x00, 0x00, 0x00, 0x00, 0x00, 0x00, 0x00, 0xFF, 0xFF, 0xFF, 0x04, 0xE8, 0xE8, 0xEC, 0x42,
    0xE5, 0xE9, 0xEC, 0x44, 0xE5, 0xE9, 0xEC, 0x44, 0xED, 0xED, 0xED, 0x0E, 0xE5, 0xE9, 0xEE, 0x3B,
    0xE5, 0xE9, 0xEC, 0x44, 0xE5, 0xE9, 0xEC, 0x44, 0xE2, 0xEB, 0xEB, 0x1A, 0xE4, 0xEA, 0xEA, 0x30,
    0xE5, 0xE9, 0xEC, 0x44, 0xE5, 0xE9, 0xEC, 0x44, 0xE3, 0xEA, 0xEA, 0x25, 0xE3, 0xEA, 0xEA, 0x24,
    0xE8, 0xE8, 0xEC, 0x42, 0xFF, 0xFF, 0xFF, 0x05, 0x00, 0x00, 0x00, 0x00, 0x00, 0x00, 0x00, 0x00,
    0x00, 0x00, 0x00, 0x00, 0x00, 0x00, 0x00, 0x00, 0x00, 0x00, 0x00, 0x00, 0x00, 0x00, 0x00, 0x00,
    0x00, 0x00, 0x00, 0x00, 0x00, 0x00, 0x00, 0x00, 0x00, 0x00, 0x00, 0x00, 0x00, 0x00, 0x00, 0x00,
    0x00, 0x00, 0x00, 0x00, 0x00, 0x00, 0x00, 0x00, 0x00, 0x00, 0x00, 0x00, 0x00, 0x00, 0x00, 0x00,
    0x00, 0x00, 0x00, 0x00, 0x00, 0x00, 0x00, 0x00, 0x00, 0x00, 0x00, 0x00, 0x00, 0x00, 0x00, 0x00,
    0x00, 0x00, 0x00, 0x00, 0x00, 0x00, 0x00, 0x00, 0x00, 0x00, 0x00, 0x00, 0x00, 0x00, 0x00, 0x00,
    0x00, 0x00, 0x00, 0x00, 0x00, 0x00, 0x00, 0x00, 0x00, 0x00, 0x00, 0x00, 0x00, 0x00, 0x00, 0x00,
    0x00, 0x00, 0x00, 0x00, 0x00, 0x00, 0x00, 0x00, 0x00, 0x00, 0x00, 0x00, 0x00, 0x00, 0x00, 0x00,
    0x00, 0x00, 0x00, 0x00, 0x00, 0x00, 0x00, 0x00, 0x00, 0x00, 0x00, 0x00, 0x00, 0x00, 0x00, 0x00,
    0x00, 0x00, 0x00, 0x00, 0x00, 0x00, 0x00, 0x00, 0x00, 0x00, 0x00, 0x00, 0x00, 0x00, 0x00, 0x00,
    0x00, 0x00, 0x00, 0x00, 0x00, 0x00, 0x00, 0x00, 0x00, 0x00, 0x00, 0x00, 0x00, 0x00, 0x00, 0x00,
}};
inline constexpr std::array<std::uint8_t, 1600> uve_node_icon_audio_source_3d_node_rgba{{
    0x00, 0x00, 0x00, 0x00, 0x00, 0x00, 0x00, 0x00, 0x00, 0x00, 0x00, 0x00, 0x00, 0x00, 0x00, 0x00,
    0x00, 0x00, 0x00, 0x00, 0x00, 0x00, 0x00, 0x00, 0x00, 0x00, 0x00, 0x00, 0x00, 0x00, 0x00, 0x00,
    0x00, 0x00, 0x00, 0x00, 0x00, 0x00, 0x00, 0x00, 0x00, 0x00, 0x00, 0x00, 0x00, 0x00, 0x00, 0x00,
    0x00, 0x00, 0x00, 0x00, 0x00, 0x00, 0x00, 0x00, 0x00, 0x00, 0x00, 0x00, 0x00, 0x00, 0x00, 0x00,
    0x00, 0x00, 0x00, 0x00, 0x00, 0x00, 0x00, 0x00, 0x00, 0x00, 0x00, 0x00, 0x00, 0x00, 0x00, 0x00,
    0x00, 0x00, 0x00, 0x00, 0x00, 0x00, 0x00, 0x00, 0x00, 0x00, 0x00, 0x00, 0x00, 0x00, 0x00, 0x00,
    0x00, 0x00, 0x00, 0x00, 0x00, 0x00, 0x00, 0x00, 0x00, 0x00, 0x00, 0x00, 0x00, 0x00, 0x00, 0x00,
    0x00, 0x00, 0x00, 0x00, 0x00, 0x00, 0x00, 0x00, 0x00, 0x00, 0x00, 0x00, 0x00, 0x00, 0x00, 0x00,
    0x00, 0x00, 0x00, 0x00, 0x00, 0x00, 0x00, 0x00, 0x00, 0x00, 0x00, 0x00, 0x00, 0x00, 0x00, 0x00,
    0x00, 0x00, 0x00, 0x00, 0x00, 0x00, 0x00, 0x00, 0x00, 0x00, 0x00, 0x00, 0x00, 0x00, 0x00, 0x00,
    0x00, 0x00, 0x00, 0x00, 0x00, 0x00, 0x00, 0x00, 0x00, 0x00, 0x00, 0x00, 0x00, 0x00, 0x00, 0x00,
    0x00, 0x00, 0x00, 0x00, 0x00, 0x00, 0x00, 0x00, 0x00, 0x00, 0x00, 0x00, 0x00, 0x00, 0x00, 0x00,
    0x00, 0x00, 0x00, 0x00, 0x00, 0x00, 0x00, 0x00, 0x00, 0x00, 0x00, 0x00, 0x00, 0x00, 0x00, 0x00,
    0x00, 0x00, 0x00, 0x00, 0x00, 0x00, 0x00, 0x00, 0x00, 0x00, 0x00, 0x00, 0x00, 0x00, 0x00, 0x00,
    0x00, 0x00, 0x00, 0x00, 0x00, 0x00, 0x00, 0x00, 0x00, 0x00, 0x00, 0x00, 0x00, 0x00, 0x00, 0x00,
    0x00, 0x00, 0x00, 0x00, 0x00, 0x00, 0x00, 0x00, 0x00, 0x00, 0x00, 0x00, 0x00, 0x00, 0x00, 0x00,
    0x00, 0x00, 0x00, 0x00, 0x00, 0x00, 0x00, 0x00, 0x00, 0x00, 0x00, 0x00, 0x00, 0x00, 0x00, 0x00,
    0x00, 0x00, 0x00, 0x00, 0x00, 0x00, 0x00, 0x00, 0x00, 0x00, 0x00, 0x00, 0x00, 0x00, 0x00, 0x00,
    0x00, 0x00, 0x00, 0x00, 0x00, 0x00, 0x00, 0x00, 0x00, 0x00, 0x00, 0x00, 0x00, 0x00, 0x00, 0x00,
    0x00, 0x00, 0x00, 0x00, 0x00, 0x00, 0x00, 0x00, 0x00, 0x00, 0x00, 0x00, 0x00, 0x00, 0x00, 0x00,
    0x00, 0x00, 0x00, 0x00, 0x00, 0x00, 0x00, 0x00, 0x00, 0x00, 0x00, 0x00, 0x00, 0x00, 0x00, 0x00,
    0x00, 0x00, 0x00, 0x00, 0x00, 0x00, 0x00, 0x00, 0x00, 0x00, 0x00, 0x00, 0x00, 0x00, 0x00, 0x00,
    0x00, 0x00, 0x00, 0x00, 0x00, 0x00, 0x00, 0x00, 0x00, 0x00, 0x00, 0x00, 0x00, 0x00, 0x00, 0x00,
    0x00, 0x00, 0x00, 0x00, 0x00, 0x00, 0x00, 0x00, 0xE6, 0xE6, 0xEE, 0x1E, 0x00, 0x00, 0x00, 0x00,
    0x00, 0x00, 0x00, 0x00, 0x00, 0x00, 0x00, 0x00, 0x00, 0x00, 0x00, 0x00, 0x00, 0x00, 0x00, 0x00,
    0x00, 0x00, 0x00, 0x00, 0x00, 0x00, 0x00, 0x00, 0x00, 0x00, 0x00, 0x00, 0x00, 0x00, 0x00, 0x00,
    0x00, 0x00, 0x00, 0x00, 0x00, 0x00, 0x00, 0x00, 0x00, 0x00, 0x00, 0x00, 0x00, 0x00, 0x00, 0x00,
    0x00, 0x00, 0x00, 0x55, 0x00, 0x00, 0x00, 0x27, 0x00, 0x00, 0x00, 0x00, 0x00, 0x00, 0x00, 0x00,
    0x00, 0x00, 0x00, 0x00, 0xFF, 0xFF, 0xFF, 0x02, 0xE6, 0xE8, 0xEC, 0xF3, 0xE7, 0xE7, 0xEC, 0x60,
    0x00, 0x00, 0x00, 0x00, 0x00, 0x00, 0x00, 0x00, 0x00, 0x00, 0x00, 0x00, 0x00, 0x00, 0x00, 0x00,
    0x00, 0x00, 0x00, 0x00, 0x00, 0x00, 0x00, 0x00, 0x00, 0x00, 0x00, 0x00, 0x00, 0x00, 0x00, 0x00,
    0x00, 0x00, 0x00, 0x00, 0x00, 0x00, 0x00, 0x00, 0x00, 0x00, 0x00, 0x00, 0x00, 0x00, 0x00, 0x56,
    0x00, 0x00, 0x00, 0xFB, 0x00, 0x00, 0x00, 0x2B, 0x00, 0x00, 0x00, 0x00, 0x00, 0x00, 0x00, 0x00,
    0xED, 0xED, 0xED, 0x0E, 0x00, 0x00, 0x00, 0x00, 0xE5, 0xE7, 0xEC, 0x77, 0xE6, 0xE8, 0xEC, 0xE9,
    0xDF, 0xDF, 0xDF, 0x08, 0x00, 0x00, 0x00, 0x00, 0x00, 0x00, 0x00, 0x00, 0x00, 0x00, 0x00, 0x00,
    0x00, 0x00, 0x00, 0x00, 0x00, 0x00, 0x00, 0x00, 0x00, 0x00, 0x00, 0x00, 0x00, 0x00, 0x00, 0x00,
    0x00, 0x00, 0x00, 0x00, 0x00, 0x00, 0x00, 0x00, 0x00, 0x00, 0x00, 0x56, 0x00, 0x00, 0x00, 0xFB,
    0x00, 0x00, 0x00, 0xFF, 0x00, 0x00, 0x00, 0x2B, 0x00, 0x00, 0x00, 0x00, 0xED, 0xED, 0xED, 0x0E,
    0xE6, 0xE8, 0xEC, 0xF9, 0xE6, 0xE6, 0xEB, 0x33, 0xE8, 0xE8, 0xE8, 0x0B, 0xE6, 0xE8, 0xEC, 0xEF,
    0xE6, 0xE8, 0xEB, 0x5A, 0x00, 0x00, 0x00, 0x00, 0x00, 0x00, 0x00, 0x00, 0x00, 0x00, 0x00, 0x00,
    0x00, 0x00, 0x00, 0x00, 0x00, 0x00, 0x00, 0x00, 0x00, 0x00, 0x00, 0x00, 0x00, 0x00, 0x00, 0x72,
    0x00, 0x00, 0x00, 0xAA, 0x00, 0x00, 0x00, 0xAE, 0x00, 0x00, 0x00, 0xFC, 0x00, 0x00, 0x00, 0xFF,
    0x00, 0x00, 0x00, 0xFF, 0x00, 0x00, 0x00, 0x2B, 0x00, 0x00, 0x00, 0x00, 0x00, 0x00, 0x00, 0x00,
    0xE6, 0xE7, 0xEC, 0xAD, 0xE6, 0xE9, 0xEC, 0xAB, 0x00, 0x00, 0x00, 0x00, 0xE6, 0xE9, 0xEC, 0xAB,
    0xE6, 0xE8, 0xEB, 0x9B, 0x00, 0x00, 0x00, 0x00, 0x00, 0x00, 0x00, 0x00, 0x00, 0x00, 0x00, 0x00,
    0x00, 0x00, 0x00, 0x00, 0x00, 0x00, 0x00, 0x00, 0x00, 0x00, 0x00, 0x00, 0x00, 0x00, 0x00, 0xAA,
    0x00, 0x00, 0x00, 0xFF, 0x00, 0x00, 0x00, 0xFF, 0x00, 0x00, 0x00, 0xFF, 0x00, 0x00, 0x00, 0xFF,
    0x00, 0x00, 0x00, 0xFF, 0x00, 0x00, 0x00, 0x2B, 0x00, 0x00, 0x00, 0x00, 0x00, 0x00, 0x00, 0x00,
    0xE7, 0xE7, 0xEC, 0x60, 0xE6, 0xE8, 0xEC, 0xDF, 0x00, 0x00, 0x00, 0x00, 0xE6, 0xE8, 0xEC, 0x85,
    0xE6, 0xE8, 0xEC, 0xBA, 0x00, 0x00, 0x00, 0x00, 0x00, 0x00, 0x00, 0x00, 0x00, 0x00, 0x00, 0x00,
    0x00, 0x00, 0x00, 0x00, 0x00, 0x00, 0x00, 0x00, 0x00, 0x00, 0x00, 0x00, 0x00, 0x00, 0x00, 0xAA,
    0x00, 0x00, 0x00, 0xFF, 0x00, 0x00, 0x00, 0xFF, 0x00, 0x00, 0x00, 0xFF, 0x00, 0x00, 0x00, 0xFF,
    0x00, 0x00, 0x00, 0xFF, 0x00, 0x00, 0x00, 0x2B, 0x00, 0x00, 0x00, 0x00, 0x00, 0x00, 0x00, 0x00,
    0xE7, 0xE7, 0xEC, 0x60, 0xE6, 0xE8, 0xEC, 0xDF, 0x00, 0x00, 0x00, 0x00, 0xE6, 0xE8, 0xEC, 0x86,
    0xE6, 0xE7, 0xEC, 0xB8, 0x00, 0x00, 0x00, 0x00, 0x00, 0x00, 0x00, 0x00, 0x00, 0x00, 0x00, 0x00,
    0x00, 0x00, 0x00, 0x00, 0x00, 0x00, 0x00, 0x00, 0x00, 0x00, 0x00, 0x00, 0x00, 0x00, 0x00, 0x72,
    0x00, 0x00, 0x00, 0xAA, 0x00, 0x00, 0x00, 0xAE, 0x00, 0x00, 0x00, 0xFC, 0x00, 0x00, 0x00, 0xFF,
    0x00, 0x00, 0x00, 0xFF, 0x00, 0x00, 0x00, 0x2B, 0x00, 0x00, 0x00, 0x00, 0x00, 0x00, 0x00, 0x00,
    0xE6, 0xE7, 0xEC, 0xAD, 0xE6, 0xE9, 0xEC, 0xAA, 0x00, 0x00, 0x00, 0x00, 0xE6, 0xE7, 0xEC, 0xAC,
    0xE6, 0xE8, 0xED, 0x9A, 0x00, 0x00, 0x00, 0x00, 0x00, 0x00, 0x00, 0x00, 0x00, 0x00, 0x00, 0x00,
    0x00, 0x00, 0x00, 0x00, 0x00, 0x00, 0x00, 0x00, 0x00, 0x00, 0x00, 0x00, 0x00, 0x00, 0x00, 0x00,
    0x00, 0x00, 0x00, 0x00, 0x00, 0x00, 0x00, 0x00, 0x00, 0x00, 0x00, 0x55, 0x00, 0x00, 0x00, 0xFB,
    0x00, 0x00, 0x00, 0xFF, 0x00, 0x00, 0x00, 0x2B, 0x00, 0x00, 0x00, 0x00, 0xED, 0xED, 0xED, 0x0E,
    0xE6, 0xE8, 0xEC, 0xF9, 0xE6, 0xE6, 0xEB, 0x32, 0xE8, 0xE8, 0xE8, 0x0B, 0xE6, 0xE8, 0xEC, 0xEF,
    0xE5, 0xE8, 0xEB, 0x59, 0x00, 0x00, 0x00, 0x00, 0x00, 0x00, 0x00, 0x00, 0x00, 0x00, 0x00, 0x00,
    0x00, 0x00, 0x00, 0x00, 0x00, 0x00, 0x00, 0x00, 0x00, 0x00, 0x00, 0x00, 0x00, 0x00, 0x00, 0x00,
    0x00, 0x00, 0x00, 0x00, 0x00, 0x00, 0x00, 0x00, 0x00, 0x00, 0x00, 0x00, 0x00, 0x00, 0x00, 0x55,
    0x00, 0x00, 0x00, 0xFB, 0x00, 0x00, 0x00, 0x2B, 0x00, 0x00, 0x00, 0x00, 0x00, 0x00, 0x00, 0x00,
    0xED, 0xED, 0xED, 0x0E, 0x00, 0x00, 0x00, 0x00, 0xE6, 0xE8, 0xEC, 0x78, 0xE6, 0xE8, 0xEC, 0xE9,
    0xDF, 0xDF, 0xDF, 0x08, 0x00, 0x00, 0x00, 0x00, 0x00, 0x00, 0x00, 0x00, 0x00, 0x00, 0x00, 0x00,
    0x00, 0x00, 0x00, 0x00, 0x00, 0x00, 0x00, 0x00, 0x00, 0x00, 0x00, 0x00, 0x00, 0x00, 0x00, 0x00,
    0x00, 0x00, 0x00, 0x00, 0x00, 0x00, 0x00, 0x00, 0x00, 0x00, 0x00, 0x00, 0x00, 0x00, 0x00, 0x00,
    0x00, 0x00, 0x00, 0x58, 0x00, 0x00, 0x00, 0x27, 0x00, 0x00, 0x00, 0x00, 0x00, 0x00, 0x00, 0x00,
    0x00, 0x00, 0x00, 0x00, 0xFF, 0xFF, 0xFF, 0x02, 0xE6, 0xE8, 0xEC, 0xF3, 0xE7, 0xE7, 0xEC, 0x5F,
    0x00, 0x00, 0x00, 0x00, 0x00, 0x00, 0x00, 0x00, 0x00, 0x00, 0x00, 0x00, 0x00, 0x00, 0x00, 0x00,
    0x00, 0x00, 0x00, 0x00, 0x00, 0x00, 0x00, 0x00, 0x00, 0x00, 0x00, 0x00, 0x00, 0x00, 0x00, 0x00,
    0x00, 0x00, 0x00, 0x00, 0x00, 0x00, 0x00, 0x00, 0x00, 0x00, 0x00, 0x00, 0x00, 0x00, 0x00, 0x00,
    0x00, 0x00, 0x00, 0x00, 0x00, 0x00, 0x00, 0x00, 0x00, 0x00, 0x00, 0x00, 0x00, 0x00, 0x00, 0x00,
    0x00, 0x00, 0x00, 0x00, 0x00, 0x00, 0x00, 0x00, 0xE6, 0xE6, 0xEE, 0x1E, 0x00, 0x00, 0x00, 0x00,
    0x00, 0x00, 0x00, 0x00, 0x00, 0x00, 0x00, 0x00, 0x00, 0x00, 0x00, 0x00, 0x00, 0x00, 0x00, 0x00,
    0x00, 0x00, 0x00, 0x00, 0x00, 0x00, 0x00, 0x00, 0x00, 0x00, 0x00, 0x00, 0x00, 0x00, 0x00, 0x00,
    0x00, 0x00, 0x00, 0x00, 0x00, 0x00, 0x00, 0x00, 0x00, 0x00, 0x00, 0x00, 0x00, 0x00, 0x00, 0x00,
    0x00, 0x00, 0x00, 0x00, 0x00, 0x00, 0x00, 0x00, 0x00, 0x00, 0x00, 0x00, 0x00, 0x00, 0x00, 0x00,
    0x00, 0x00, 0x00, 0x00, 0x00, 0x00, 0x00, 0x00, 0x00, 0x00, 0x00, 0x00, 0x00, 0x00, 0x00, 0x00,
    0x00, 0x00, 0x00, 0x00, 0x00, 0x00, 0x00, 0x00, 0x00, 0x00, 0x00, 0x00, 0x00, 0x00, 0x00, 0x00,
    0x00, 0x00, 0x00, 0x00, 0x00, 0x00, 0x00, 0x00, 0x00, 0x00, 0x00, 0x00, 0x00, 0x00, 0x00, 0x00,
    0x00, 0x00, 0x00, 0x00, 0x00, 0x00, 0x00, 0x00, 0x00, 0x00, 0x00, 0x00, 0x00, 0x00, 0x00, 0x00,
    0x00, 0x00, 0x00, 0x00, 0x00, 0x00, 0x00, 0x00, 0x00, 0x00, 0x00, 0x00, 0x00, 0x00, 0x00, 0x00,
    0x00, 0x00, 0x00, 0x00, 0x00, 0x00, 0x00, 0x00, 0x00, 0x00, 0x00, 0x00, 0x00, 0x00, 0x00, 0x00,
    0x00, 0x00, 0x00, 0x00, 0x00, 0x00, 0x00, 0x00, 0x00, 0x00, 0x00, 0x00, 0x00, 0x00, 0x00, 0x00,
    0x00, 0x00, 0x00, 0x00, 0x00, 0x00, 0x00, 0x00, 0x00, 0x00, 0x00, 0x00, 0x00, 0x00, 0x00, 0x00,
    0x00, 0x00, 0x00, 0x00, 0x00, 0x00, 0x00, 0x00, 0x00, 0x00, 0x00, 0x00, 0x00, 0x00, 0x00, 0x00,
    0x00, 0x00, 0x00, 0x00, 0x00, 0x00, 0x00, 0x00, 0x00, 0x00, 0x00, 0x00, 0x00, 0x00, 0x00, 0x00,
    0x00, 0x00, 0x00, 0x00, 0x00, 0x00, 0x00, 0x00, 0x00, 0x00, 0x00, 0x00, 0x00, 0x00, 0x00, 0x00,
    0x00, 0x00, 0x00, 0x00, 0x00, 0x00, 0x00, 0x00, 0x00, 0x00, 0x00, 0x00, 0x00, 0x00, 0x00, 0x00,
    0x00, 0x00, 0x00, 0x00, 0x00, 0x00, 0x00, 0x00, 0x00, 0x00, 0x00, 0x00, 0x00, 0x00, 0x00, 0x00,
    0x00, 0x00, 0x00, 0x00, 0x00, 0x00, 0x00, 0x00, 0x00, 0x00, 0x00, 0x00, 0x00, 0x00, 0x00, 0x00,
    0x00, 0x00, 0x00, 0x00, 0x00, 0x00, 0x00, 0x00, 0x00, 0x00, 0x00, 0x00, 0x00, 0x00, 0x00, 0x00,
    0x00, 0x00, 0x00, 0x00, 0x00, 0x00, 0x00, 0x00, 0x00, 0x00, 0x00, 0x00, 0x00, 0x00, 0x00, 0x00,
    0x00, 0x00, 0x00, 0x00, 0x00, 0x00, 0x00, 0x00, 0x00, 0x00, 0x00, 0x00, 0x00, 0x00, 0x00, 0x00,
}};
inline constexpr std::array<std::uint8_t, 1600> uve_node_icon_bone_attachment_3d_node_rgba{{
    0x00, 0x00, 0x00, 0x00, 0x00, 0x00, 0x00, 0x00, 0x00, 0x00, 0x00, 0x00, 0x00, 0x00, 0x00, 0x00,
    0x00, 0x00, 0x00, 0x00, 0x00, 0x00, 0x00, 0x00, 0x00, 0x00, 0x00, 0x00, 0x00, 0x00, 0x00, 0x00,
    0x00, 0x00, 0x00, 0x00, 0x00, 0x00, 0x00, 0x00, 0x00, 0x00, 0x00, 0x00, 0x00, 0x00, 0x00, 0x00,
    0x00, 0x00, 0x00, 0x00, 0x00, 0x00, 0x00, 0x00, 0x00, 0x00, 0x00, 0x00, 0x00, 0x00, 0x00, 0x00,
    0x00, 0x00, 0x00, 0x00, 0x00, 0x00, 0x00, 0x00, 0x00, 0x00, 0x00, 0x00, 0x00, 0x00, 0x00, 0x00,
    0x00, 0x00, 0x00, 0x00, 0x00, 0x00, 0x00, 0x00, 0x00, 0x00, 0x00, 0x00, 0x00, 0x00, 0x00, 0x00,
    0x00, 0x00, 0x00, 0x00, 0x00, 0x00, 0x00, 0x00, 0x00, 0x00, 0x00, 0x00, 0x00, 0x00, 0x00, 0x00,
    0x00, 0x00, 0x00, 0x00, 0x00, 0x00, 0x00, 0x00, 0x00, 0x00, 0x00, 0x00, 0x00, 0x00, 0x00, 0x00,
    0x00, 0x00, 0x00, 0x00, 0x00, 0x00, 0x00, 0x00, 0x00, 0x00, 0x00, 0x00, 0x00, 0x00, 0x00, 0x00,
    0x00, 0x00, 0x00, 0x00, 0x00, 0x00, 0x00, 0x00, 0x00, 0x00, 0x00, 0x00, 0x00, 0x00, 0x00, 0x00,
    0x00, 0x00, 0x00, 0x00, 0x00, 0x00, 0x00, 0x00, 0x00, 0x00, 0x00, 0x00, 0xE6, 0xE6, 0xE6, 0x0A,
    0xE6, 0xE9, 0xEB, 0x5B, 0xE6, 0xE9, 0xEB, 0x5B, 0xE6, 0xE6, 0xE6, 0x0A, 0x00, 0x00, 0x00, 0x00,
    0x00, 0x00, 0x00, 0x00, 0x00, 0x00, 0x00, 0x00, 0x00, 0x00, 0x00, 0x00, 0x00, 0x00, 0x00, 0x00,
    0x00, 0x00, 0x00, 0x00, 0x00, 0x00, 0x00, 0x00, 0x00, 0x00, 0x00, 0x00, 0x00, 0x00, 0x00, 0x00,
    0x00, 0x00, 0x00, 0x00, 0x00, 0x00, 0x00, 0x00, 0x00, 0x00, 0x00, 0x00, 0x00, 0x00, 0x00, 0x00,
    0x00, 0x00, 0x00, 0x00, 0x00, 0x00, 0x00, 0x00, 0xE8, 0xE8, 0xE8, 0x0B, 0xE6, 0xE8, 0xEC, 0xD4,
    0xE6, 0xE8, 0xEC, 0xE9, 0xE6, 0xE8, 0xEC, 0xE9, 0xE6, 0xE8, 0xEC, 0xD3, 0xE6, 0xE6, 0xE6, 0x0A,
    0x00, 0x00, 0x00, 0x00, 0x00, 0x00, 0x00, 0x00, 0x00, 0x00, 0x00, 0x00, 0x00, 0x00, 0x00, 0x00,
    0x00, 0x00, 0x00, 0x00, 0x00, 0x00, 0x00, 0x00, 0x00, 0x00, 0x00, 0x00, 0x00, 0x00, 0x00, 0x00,
    0x00, 0x00, 0x00, 0x00, 0x00, 0x00, 0x00, 0x00, 0x00, 0x00, 0x00, 0x00, 0x00, 0x00, 0x00, 0x00,
    0x00, 0x00, 0x00, 0x00, 0x00, 0x00, 0x00, 0x00, 0xE6, 0xE9, 0xEB, 0x5B, 0xE6, 0xE8, 0xEC, 0xE9,
    0xEB, 0xEB, 0xEB, 0x0D, 0xEB, 0xEB, 0xEB, 0x0D, 0xE6, 0xE8, 0xEC, 0xEA, 0xE6, 0xE8, 0xEB, 0x5A,
    0x00, 0x00, 0x00, 0x00, 0x00, 0x00, 0x00, 0x00, 0x00, 0x00, 0x00, 0x00, 0x00, 0x00, 0x00, 0x00,
    0x00, 0x00, 0x00, 0x00, 0x00, 0x00, 0x00, 0x00, 0x00, 0x00, 0x00, 0x00, 0x00, 0x00, 0x00, 0x00,
    0x00, 0x00, 0x00, 0x00, 0x00, 0x00, 0x00, 0x00, 0x00, 0x00, 0x00, 0x00, 0x00, 0x00, 0x00, 0x00,
    0x00, 0x00, 0x00, 0x00, 0x00, 0x00, 0x00, 0x00, 0xE6, 0xE9, 0xEB, 0x5B, 0xE6, 0xE8, 0xEC, 0xE9,
    0xEB, 0xEB, 0xEB, 0x0D, 0xF2, 0xF2, 0xF2, 0x13, 0xE6, 0xE9, 0xED, 0xEF, 0xE6, 0xE9, 0xEC, 0x5D,
    0x00, 0x00, 0x00, 0x00, 0x00, 0x00, 0x00, 0x00, 0x00, 0x00, 0x00, 0x00, 0x00, 0x00, 0x00, 0x00,
    0x00, 0x00, 0x00, 0x00, 0x00, 0x00, 0x00, 0x00, 0x00, 0x00, 0x00, 0x00, 0x00, 0x00, 0x00, 0x00,
    0x00, 0x00, 0x00, 0x00, 0x00, 0x00, 0x00, 0x00, 0x00, 0x00, 0x00, 0x00, 0x00, 0x00, 0x00, 0x00,
    0x00, 0x00, 0x00, 0x00, 0x00, 0x00, 0x00, 0x00, 0xE6, 0xE6, 0xE6, 0x0A, 0xE6, 0xE8, 0xEC, 0xD3,
    0xE6, 0xE8, 0xEC, 0xE9, 0xE5, 0xE9, 0xEC, 0xEE, 0xE6, 0xE8, 0xEC, 0xFF, 0xE6, 0xE9, 0xEC, 0xCC,
    0xE9, 0xE9, 0xE9, 0x23, 0x00, 0x00, 0x00, 0x00, 0x00, 0x00, 0x00, 0x00, 0x00, 0x00, 0x00, 0x00,
    0x00, 0x00, 0x00, 0x00, 0x00, 0x00, 0x00, 0x00, 0x00, 0x00, 0x00, 0x00, 0x00, 0x00, 0x00, 0x00,
    0x00, 0x00, 0x00, 0x00, 0x00, 0x00, 0x00, 0x00, 0x00, 0x00, 0x00, 0x00, 0x00, 0x00, 0x00, 0x00,
    0x00, 0x00, 0x00, 0x00, 0x00, 0x00, 0x00, 0x00, 0x00, 0x00, 0x00, 0x00, 0xE6, 0xE6, 0xE6, 0x0A,
    0xE6, 0xE8, 0xEB, 0x5A, 0xE6, 0xE8, 0xEB, 0x5A, 0xE7, 0xE8, 0xEC, 0x92, 0xE6, 0xE8, 0xEC, 0xFF,
    0xE6, 0xE8, 0xEC, 0xF9, 0xE6, 0xE7, 0xEC, 0x96, 0xE5, 0xE5, 0xED, 0x1D, 0x00, 0x00, 0x00, 0x00,
    0x00, 0x00, 0x00, 0x00, 0x00, 0x00, 0x00, 0x00, 0x00, 0x00, 0x00, 0x00, 0x00, 0x00, 0x00, 0x00,
    0x00, 0x00, 0x00, 0x00, 0x00, 0x00, 0x00, 0x00, 0x00, 0x00, 0x00, 0x00, 0x00, 0x00, 0x00, 0x00,
    0x00, 0x00, 0x00, 0x00, 0x00, 0x00, 0x00, 0x00, 0x00, 0x00, 0x00, 0x00, 0x00, 0x00, 0x00, 0x00,
    0x00, 0x00, 0x00, 0x00, 0x00, 0x00, 0x00, 0x00, 0xDB, 0xDB, 0xDB, 0x07, 0xE6, 0xE8, 0xEC, 0xE0,
    0xE6, 0xE8, 0xEC, 0xC5, 0xE6, 0xE7, 0xEC, 0xCE, 0xE6, 0xE8, 0xEC, 0xF8, 0xE7, 0xE9, 0xED, 0x7F,
    0xFF, 0xFF, 0xFF, 0x02, 0x00, 0x00, 0x00, 0x00, 0x00, 0x00, 0x00, 0x00, 0x00, 0x00, 0x00, 0x00,
    0x00, 0x00, 0x00, 0x00, 0x00, 0x00, 0x00, 0x00, 0x00, 0x00, 0x00, 0x00, 0x00, 0x00, 0x00, 0x00,
    0x00, 0x00, 0x00, 0x00, 0x00, 0x00, 0x00, 0x00, 0x00, 0x00, 0x00, 0x00, 0x00, 0x00, 0x00, 0x00,
    0x00, 0x00, 0x00, 0x00, 0x00, 0x00, 0x00, 0x00, 0x00, 0x00, 0x00, 0x00, 0xE7, 0xE9, 0xEC, 0x5E,
    0xE6, 0xE8, 0xEC, 0xF4, 0xE4, 0xE4, 0xED, 0x1C, 0xE7, 0xE7, 0xED, 0x55, 0xE6, 0xE8, 0xEC, 0xED,
    0xE6, 0xE8, 0xEC, 0xF1, 0xE6, 0xE8, 0xEB, 0xD0, 0xE7, 0xE7, 0xEC, 0x5F, 0x00, 0x00, 0x00, 0x00,
    0x00, 0x00, 0x00, 0x00, 0x00, 0x00, 0x00, 0x00, 0x00, 0x00, 0x00, 0x00, 0x00, 0x00, 0x00, 0x00,
    0x00, 0x00, 0x00, 0x00, 0x00, 0x00, 0x00, 0x00, 0x00, 0x00, 0x00, 0x00, 0x00, 0x00, 0x00, 0x00,
    0x00, 0x00, 0x00, 0x00, 0x00, 0x00, 0x00, 0x00, 0x00, 0x00, 0x00, 0x00, 0xFF, 0xFF, 0xFF, 0x02,
    0xE6, 0xE8, 0xEC, 0xCB, 0xE7, 0xE8, 0xEC, 0xB2, 0xFF, 0xFF, 0xFF, 0x04, 0xE7, 0xE7, 0xE7, 0x15,
    0xE6, 0xE9, 0xED, 0x46, 0xE7, 0xE9, 0xED, 0x7F, 0xE6, 0xE8, 0xEC, 0xF8, 0xE7, 0xE7, 0xEB, 0x4B,
    0x00, 0x00, 0x00, 0x00, 0x00, 0x00, 0x00, 0x00, 0x00, 0x00, 0x00, 0x00, 0x00, 0x00, 0x00, 0x00,
    0x00, 0x00, 0x00, 0x00, 0x00, 0x00, 0x00, 0x00, 0x00, 0x00, 0x00, 0x00, 0x00, 0x00, 0x00, 0x00,
    0x00, 0x00, 0x00, 0x00, 0x00, 0x00, 0x00, 0x00, 0x00, 0x00, 0x00, 0x00, 0x00, 0x00, 0x00, 0x00,
    0xE6, 0xE6, 0xEC, 0x28, 0xE6, 0xE8, 0xEC, 0xEA, 0xE6, 0xE8, 0xEB, 0x9C, 0xFF, 0xFF, 0xFF, 0x01,
    0x00, 0x00, 0x00, 0x00, 0xFF, 0xFF, 0xFF, 0x05, 0xE6, 0xE8, 0xED, 0xCF, 0xE6, 0xE8, 0xEC, 0x7A,
    0x00, 0x00, 0x00, 0x00, 0x00, 0x00, 0x00, 0x00, 0x00, 0x00, 0x00, 0x00, 0x00, 0x00, 0x00, 0x00,
    0x00, 0x00, 0x00, 0x00, 0x00, 0x00, 0x00, 0x00, 0x00, 0x00, 0x00, 0x00, 0x00, 0x00, 0x00, 0x00,
    0x00, 0x00, 0x00, 0x00, 0x00, 0x00, 0x00, 0x00, 0x00, 0x00, 0x00, 0x00, 0x00, 0x00, 0x00, 0x00,
    0x00, 0x00, 0x00, 0x00, 0xE6, 0xE6, 0xEB, 0x32, 0xE6, 0xE8, 0xEC, 0xF2, 0xE6, 0xE8, 0xEC, 0xD7,
    0xE6, 0xE9, 0xEC, 0xAB, 0xE6, 0xE8, 0xEC, 0xE0, 0xE6, 0xE8, 0xEC, 0xF0, 0xE6, 0xE8, 0xEA, 0x6E,
    0xE6, 0xE6, 0xE6, 0x0A, 0x00, 0x00, 0x00, 0x00, 0x00, 0x00, 0x00, 0x00, 0x00, 0x00, 0x00, 0x00,
    0x00, 0x00, 0x00, 0x00, 0x00, 0x00, 0x00, 0x00, 0x00, 0x00, 0x00, 0x00, 0x00, 0x00, 0x00, 0x00,
    0x00, 0x00, 0x00, 0x00, 0x00, 0x00, 0x00, 0x00, 0x00, 0x00, 0x00, 0x00, 0x00, 0x00, 0x00, 0x00,
    0x00, 0x00, 0x00, 0x00, 0x00, 0x00, 0x00, 0x00, 0xE4, 0xE4, 0xED, 0x1C, 0xE7, 0xE9, 0xEB, 0x73,
    0xE7, 0xE9, 0xED, 0x8D, 0xE6, 0xE8, 0xEC, 0xE6, 0xE5, 0xE7, 0xED, 0xEB, 0xE6, 0xE8, 0xEC, 0xE9,
    0xE6, 0xE8, 0xEC, 0xD3, 0xE6, 0xE6, 0xE6, 0x0A, 0x00, 0x00, 0x00, 0x00, 0x00, 0x00, 0x00, 0x00,
    0x00, 0x00, 0x00, 0x00, 0x00, 0x00, 0x00, 0x00, 0x00, 0x00, 0x00, 0x00, 0x00, 0x00, 0x00, 0x00,
    0x00, 0x00, 0x00, 0x00, 0x00, 0x00, 0x00, 0x00, 0x00, 0x00, 0x00, 0x00, 0x00, 0x00, 0x00, 0x00,
    0x00, 0x00, 0x00, 0x00, 0x00, 0x00, 0x00, 0x00, 0x00, 0x00, 0x00, 0x00, 0x00, 0x00, 0x00, 0x00,
    0xE6, 0xE9, 0xEB, 0x5B, 0xE6, 0xE8, 0xEC, 0xE9, 0xEB, 0xEB, 0xEB, 0x0D, 0xEB, 0xEB, 0xEB, 0x0D,
    0xE6, 0xE8, 0xEC, 0xEA, 0xE6, 0xE8, 0xEB, 0x5A, 0x00, 0x00, 0x00, 0x00, 0x00, 0x00, 0x00, 0x00,
    0x00, 0x00, 0x00, 0x00, 0x00, 0x00, 0x00, 0x00, 0x00, 0x00, 0x00, 0x00, 0x00, 0x00, 0x00, 0x00,
    0x00, 0x00, 0x00, 0x00, 0x00, 0x00, 0x00, 0x00, 0x00, 0x00, 0x00, 0x00, 0x00, 0x00, 0x00, 0x00,
    0x00, 0x00, 0x00, 0x00, 0x00, 0x00, 0x00, 0x00, 0x00, 0x00, 0x00, 0x00, 0x00, 0x00, 0x00, 0x00,
    0xE6, 0xE9, 0xEB, 0x5B, 0xE6, 0xE8, 0xEC, 0xE9, 0xEB, 0xEB, 0xEB, 0x0D, 0xED, 0xED, 0xED, 0x0E,
    0xE6, 0xE8, 0xEC, 0xEA, 0xE6, 0xE8, 0xEB, 0x5A, 0x00, 0x00, 0x00, 0x00, 0x00, 0x00, 0x00, 0x00,
    0x00, 0x00, 0x00, 0x00, 0x00, 0x00, 0x00, 0x00, 0x00, 0x00, 0x00, 0x00, 0x00, 0x00, 0x00, 0x00,
    0x00, 0x00, 0x00, 0x00, 0x00, 0x00, 0x00, 0x00, 0x00, 0x00, 0x00, 0x00, 0x00, 0x00, 0x00, 0x00,
    0x00, 0x00, 0x00, 0x00, 0x00, 0x00, 0x00, 0x00, 0x00, 0x00, 0x00, 0x00, 0x00, 0x00, 0x00, 0x00,
    0xE6, 0xE6, 0xE6, 0x0A, 0xE6, 0xE8, 0xEC, 0xD3, 0xE6, 0xE8, 0xEC, 0xE9, 0xE6, 0xE8, 0xEC, 0xEA,
    0xE6, 0xE8, 0xEC, 0xD2, 0xE6, 0xE6, 0xE6, 0x0A, 0x00, 0x00, 0x00, 0x00, 0x00, 0x00, 0x00, 0x00,
    0x00, 0x00, 0x00, 0x00, 0x00, 0x00, 0x00, 0x00, 0x00, 0x00, 0x00, 0x00, 0x00, 0x00, 0x00, 0x00,
    0x00, 0x00, 0x00, 0x00, 0x00, 0x00, 0x00, 0x00, 0x00, 0x00, 0x00, 0x00, 0x00, 0x00, 0x00, 0x00,
    0x00, 0x00, 0x00, 0x00, 0x00, 0x00, 0x00, 0x00, 0x00, 0x00, 0x00, 0x00, 0x00, 0x00, 0x00, 0x00,
    0x00, 0x00, 0x00, 0x00, 0xE6, 0xE6, 0xE6, 0x0A, 0xE6, 0xE8, 0xEB, 0x5A, 0xE6, 0xE8, 0xEB, 0x5A,
    0xE6, 0xE6, 0xE6, 0x0A, 0x00, 0x00, 0x00, 0x00, 0x00, 0x00, 0x00, 0x00, 0x00, 0x00, 0x00, 0x00,
    0x00, 0x00, 0x00, 0x00, 0x00, 0x00, 0x00, 0x00, 0x00, 0x00, 0x00, 0x00, 0x00, 0x00, 0x00, 0x00,
    0x00, 0x00, 0x00, 0x00, 0x00, 0x00, 0x00, 0x00, 0x00, 0x00, 0x00, 0x00, 0x00, 0x00, 0x00, 0x00,
    0x00, 0x00, 0x00, 0x00, 0x00, 0x00, 0x00, 0x00, 0x00, 0x00, 0x00, 0x00, 0x00, 0x00, 0x00, 0x00,
    0x00, 0x00, 0x00, 0x00, 0x00, 0x00, 0x00, 0x00, 0x00, 0x00, 0x00, 0x00, 0x00, 0x00, 0x00, 0x00,
    0x00, 0x00, 0x00, 0x00, 0x00, 0x00, 0x00, 0x00, 0x00, 0x00, 0x00, 0x00, 0x00, 0x00, 0x00, 0x00,
    0x00, 0x00, 0x00, 0x00, 0x00, 0x00, 0x00, 0x00, 0x00, 0x00, 0x00, 0x00, 0x00, 0x00, 0x00, 0x00,
    0x00, 0x00, 0x00, 0x00, 0x00, 0x00, 0x00, 0x00, 0x00, 0x00, 0x00, 0x00, 0x00, 0x00, 0x00, 0x00,
    0x00, 0x00, 0x00, 0x00, 0x00, 0x00, 0x00, 0x00, 0x00, 0x00, 0x00, 0x00, 0x00, 0x00, 0x00, 0x00,
    0x00, 0x00, 0x00, 0x00, 0x00, 0x00, 0x00, 0x00, 0x00, 0x00, 0x00, 0x00, 0x00, 0x00, 0x00, 0x00,
    0x00, 0x00, 0x00, 0x00, 0x00, 0x00, 0x00, 0x00, 0x00, 0x00, 0x00, 0x00, 0x00, 0x00, 0x00, 0x00,
}};
inline constexpr std::array<std::uint8_t, 1600> uve_node_icon_box_mesh_3d_node_rgba{{
    0x00, 0x00, 0x00, 0x00, 0x00, 0x00, 0x00, 0x00, 0x00, 0x00, 0x00, 0x00, 0x00, 0x00, 0x00, 0x00,
    0x00, 0x00, 0x00, 0x00, 0x00, 0x00, 0x00, 0x00, 0x00, 0x00, 0x00, 0x00, 0x00, 0x00, 0x00, 0x00,
    0x00, 0x00, 0x00, 0x00, 0x00, 0x00, 0x00, 0x00, 0x00, 0x00, 0x00, 0x00, 0x00, 0x00, 0x00, 0x00,
    0x00, 0x00, 0x00, 0x00, 0x00, 0x00, 0x00, 0x00, 0x00, 0x00, 0x00, 0x00, 0x00, 0x00, 0x00, 0x00,
    0x00, 0x00, 0x00, 0x00, 0x00, 0x00, 0x00, 0x00, 0x00, 0x00, 0x00, 0x00, 0x00, 0x00, 0x00, 0x00,
    0x00, 0x00, 0x00, 0x00, 0x00, 0x00, 0x00, 0x00, 0x00, 0x00, 0x00, 0x00, 0x00, 0x00, 0x00, 0x00,
    0x00, 0x00, 0x00, 0x00, 0x00, 0x00, 0x00, 0x00, 0x00, 0x00, 0x00, 0x00, 0x00, 0x00, 0x00, 0x00,
    0x00, 0x00, 0x00, 0x00, 0xFF, 0xFF, 0xFF, 0x05, 0xFF, 0xFF, 0xFF, 0x05, 0x00, 0x00, 0x00, 0x00,
    0x00, 0x00, 0x00, 0x00, 0x00, 0x00, 0x00, 0x00, 0x00, 0x00, 0x00, 0x00, 0x00, 0x00, 0x00, 0x00,
    0x00, 0x00, 0x00, 0x00, 0x00, 0x00, 0x00, 0x00, 0x00, 0x00, 0x00, 0x00, 0x00, 0x00, 0x00, 0x00,
    0x00, 0x00, 0x00, 0x00, 0x00, 0x00, 0x00, 0x00, 0x00, 0x00, 0x00, 0x00, 0x00, 0x00, 0x00, 0x00,
    0x00, 0x00, 0x00, 0x00, 0x00, 0x00, 0x00, 0x00, 0x00, 0x00, 0x00, 0x00, 0xFF, 0xFF, 0xFF, 0x02,
    0xE7, 0xE7, 0xEC, 0x5F, 0xE6, 0xE8, 0xEC, 0xE4, 0xE6, 0xE8, 0xEC, 0xE4, 0xE7, 0xE7, 0xEC, 0x5F,
    0xFF, 0xFF, 0xFF, 0x02, 0x00, 0x00, 0x00, 0x00, 0x00, 0x00, 0x00, 0x00, 0x00, 0x00, 0x00, 0x00,
    0x00, 0x00, 0x00, 0x00, 0x00, 0x00, 0x00, 0x00, 0x00, 0x00, 0x00, 0x00, 0x00, 0x00, 0x00, 0x00,
    0x00, 0x00, 0x00, 0x00, 0x00, 0x00, 0x00, 0x00, 0x00, 0x00, 0x00, 0x00, 0x00, 0x00, 0x00, 0x00,
    0x00, 0x00, 0x00, 0x00, 0x00, 0x00, 0x00, 0x00, 0xE7, 0xE7, 0xEB, 0x3F, 0xE6, 0xE9, 0xEC, 0xCC,
    0xE6, 0xE8, 0xEC, 0xF4, 0xE7, 0xE9, 0xED, 0x7E, 0xE7, 0xE9, 0xED, 0x7E, 0xE6, 0xE8, 0xEC, 0xF4,
    0xE6, 0xE9, 0xEC, 0xCC, 0xE7, 0xE7, 0xEB, 0x3F, 0x00, 0x00, 0x00, 0x00, 0x00, 0x00, 0x00, 0x00,
    0x00, 0x00, 0x00, 0x00, 0x00, 0x00, 0x00, 0x00, 0x00, 0x00, 0x00, 0x00, 0x00, 0x00, 0x00, 0x00,
    0x00, 0x00, 0x00, 0x00, 0x00, 0x00, 0x00, 0x00, 0x00, 0x00, 0x00, 0x00, 0x00, 0x00, 0x00, 0x00,
    0xE3, 0xEA, 0xEA, 0x25, 0xE6, 0xE9, 0xEC, 0xAA, 0xE6, 0xE8, 0xEC, 0xFD, 0xE6, 0xE9, 0xEC, 0xAA,
    0xE6, 0xE6, 0xEF, 0x1F, 0x00, 0x00, 0x00, 0x00, 0x00, 0x00, 0x00, 0x00, 0xE2, 0xEB, 0xEB, 0x1A,
    0xE6, 0xE8, 0xED, 0x99, 0xE6, 0xE8, 0xEC, 0xFC, 0xE6, 0xE8, 0xEC, 0xBB, 0xE7, 0xE7, 0xED, 0x2B,
    0x00, 0x00, 0x00, 0x00, 0x00, 0x00, 0x00, 0x00, 0x00, 0x00, 0x00, 0x00, 0x00, 0x00, 0x00, 0x00,
    0x00, 0x00, 0x00, 0x00, 0x00, 0x00, 0x00, 0x00, 0xED, 0xED, 0xED, 0x0E, 0xE6, 0xE9, 0xEC, 0xAE,
    0xE6, 0xE8, 0xEC, 0xF9, 0xE6, 0xE8, 0xEC, 0xBE, 0xE5, 0xEA, 0xEA, 0x31, 0x00, 0x00, 0x00, 0x00,
    0x00, 0x00, 0x00, 0x00, 0x00, 0x00, 0x00, 0x00, 0x00, 0x00, 0x00, 0x00, 0x00, 0x00, 0x00, 0x00,
    0x00, 0x00, 0x00, 0x00, 0xE5, 0xEA, 0xEA, 0x31, 0xE6, 0xE8, 0xEC, 0xBE, 0xE6, 0xE8, 0xEC, 0xF9,
    0xE6, 0xE9, 0xEC, 0xAE, 0xED, 0xED, 0xED, 0x0E, 0x00, 0x00, 0x00, 0x00, 0x00, 0x00, 0x00, 0x00,
    0x00, 0x00, 0x00, 0x00, 0x00, 0x00, 0x00, 0x00, 0xE8, 0xE8, 0xED, 0x64, 0xE6, 0xE8, 0xEC, 0xFF,
    0xE6, 0xE8, 0xEB, 0xDC, 0xE7, 0xE7, 0xEB, 0x3F, 0x00, 0x00, 0x00, 0x00, 0x00, 0x00, 0x00, 0x00,
    0x00, 0x00, 0x00, 0x00, 0x00, 0x00, 0x00, 0x00, 0x00, 0x00, 0x00, 0x00, 0x00, 0x00, 0x00, 0x00,
    0x00, 0x00, 0x00, 0x00, 0x00, 0x00, 0x00, 0x00, 0xE7, 0xE7, 0xEB, 0x3F, 0xE6, 0xE8, 0xEB, 0xDC,
    0xE6, 0xE8, 0xEC, 0xFF, 0xE8, 0xE8, 0xED, 0x64, 0x00, 0x00, 0x00, 0x00, 0x00, 0x00, 0x00, 0x00,
    0x00, 0x00, 0x00, 0x00, 0x00, 0x00, 0x00, 0x00, 0xE7, 0xE7, 0xEB, 0x4B, 0xE6, 0xE8, 0xEC, 0xF5,
    0xE6, 0xE8, 0xED, 0x99, 0xE6, 0xE8, 0xEC, 0xFC, 0xE6, 0xE8, 0xEC, 0xBB, 0xE7, 0xE7, 0xED, 0x2A,
    0x00, 0x00, 0x00, 0x00, 0x00, 0x00, 0x00, 0x00, 0x00, 0x00, 0x00, 0x00, 0x00, 0x00, 0x00, 0x00,
    0xE3, 0xEA, 0xEA, 0x24, 0xE6, 0xE9, 0xEC, 0xAA, 0xE6, 0xE8, 0xEC, 0xFD, 0xE6, 0xE9, 0xEC, 0xAA,
    0xE6, 0xE8, 0xED, 0xF5, 0xE7, 0xE7, 0xEB, 0x4B, 0x00, 0x00, 0x00, 0x00, 0x00, 0x00, 0x00, 0x00,
    0x00, 0x00, 0x00, 0x00, 0x00, 0x00, 0x00, 0x00, 0xE7, 0xE7, 0xEB, 0x4B, 0xE6, 0xE8, 0xEC, 0xF4,
    0x00, 0x00, 0x00, 0x00, 0xE7, 0xE7, 0xED, 0x2A, 0xE6, 0xE9, 0xEB, 0xB6, 0xE6, 0xE8, 0xEC, 0xFA,
    0xE6, 0xE8, 0xED, 0x99, 0xE7, 0xE7, 0xE7, 0x15, 0xE1, 0xE1, 0xF0, 0x11, 0xE7, 0xE9, 0xEC, 0x88,
    0xE6, 0xE8, 0xEC, 0xF8, 0xE6, 0xE8, 0xEC, 0xBE, 0xE5, 0xEA, 0xEA, 0x31, 0x00, 0x00, 0x00, 0x00,
    0xE6, 0xE8, 0xEC, 0xF4, 0xE7, 0xE7, 0xEB, 0x4B, 0x00, 0x00, 0x00, 0x00, 0x00, 0x00, 0x00, 0x00,
    0x00, 0x00, 0x00, 0x00, 0x00, 0x00, 0x00, 0x00, 0xE7, 0xE7, 0xEB, 0x4B, 0xE6, 0xE8, 0xEC, 0xF4,
    0x00, 0x00, 0x00, 0x00, 0x00, 0x00, 0x00, 0x00, 0x00, 0x00, 0x00, 0x00, 0xE5, 0xE8, 0xEC, 0x4F,
    0xE6, 0xE7, 0xEC, 0xD9, 0xE6, 0xE8, 0xEC, 0xED, 0xE6, 0xE8, 0xEC, 0xED, 0xE6, 0xE7, 0xEC, 0xD9,
    0xE5, 0xE8, 0xEC, 0x4F, 0x00, 0x00, 0x00, 0x00, 0x00, 0x00, 0x00, 0x00, 0x00, 0x00, 0x00, 0x00,
    0xE6, 0xE8, 0xEC, 0xF4, 0xE7, 0xE7, 0xEB, 0x4B, 0x00, 0x00, 0x00, 0x00, 0x00, 0x00, 0x00, 0x00,
    0x00, 0x00, 0x00, 0x00, 0x00, 0x00, 0x00, 0x00, 0xE7, 0xE7, 0xEB, 0x4B, 0xE6, 0xE8, 0xEC, 0xF4,
    0x00, 0x00, 0x00, 0x00, 0x00, 0x00, 0x00, 0x00, 0x00, 0x00, 0x00, 0x00, 0x00, 0x00, 0x00, 0x00,
    0xFF, 0xFF, 0xFF, 0x05, 0xE6, 0xE7, 0xEC, 0xB8, 0xE6, 0xE7, 0xEC, 0xB8, 0xFF, 0xFF, 0xFF, 0x05,
    0x00, 0x00, 0x00, 0x00, 0x00, 0x00, 0x00, 0x00, 0x00, 0x00, 0x00, 0x00, 0x00, 0x00, 0x00, 0x00,
    0xE6, 0xE8, 0xEC, 0xF4, 0xE7, 0xE7, 0xEB, 0x4B, 0x00, 0x00, 0x00, 0x00, 0x00, 0x00, 0x00, 0x00,
    0x00, 0x00, 0x00, 0x00, 0x00, 0x00, 0x00, 0x00, 0xE7, 0xE7, 0xEB, 0x4B, 0xE6, 0xE8, 0xEC, 0xF4,
    0x00, 0x00, 0x00, 0x00, 0x00, 0x00, 0x00, 0x00, 0x00, 0x00, 0x00, 0x00, 0x00, 0x00, 0x00, 0x00,
    0x00, 0x00, 0x00, 0x00, 0xE5, 0xE9, 0xEC, 0x9F, 0xE5, 0xE9, 0xEC, 0x9F, 0x00, 0x00, 0x00, 0x00,
    0x00, 0x00, 0x00, 0x00, 0x00, 0x00, 0x00, 0x00, 0x00, 0x00, 0x00, 0x00, 0x00, 0x00, 0x00, 0x00,
    0xE6, 0xE8, 0xEC, 0xF4, 0xE7, 0xE7, 0xEB, 0x4B, 0x00, 0x00, 0x00, 0x00, 0x00, 0x00, 0x00, 0x00,
    0x00, 0x00, 0x00, 0x00, 0x00, 0x00, 0x00, 0x00, 0xE7, 0xE7, 0xEB, 0x4B, 0xE6, 0xE8, 0xEC, 0xF4,
    0x00, 0x00, 0x00, 0x00, 0x00, 0x00, 0x00, 0x00, 0x00, 0x00, 0x00, 0x00, 0x00, 0x00, 0x00, 0x00,
    0x00, 0x00, 0x00, 0x00, 0xE5, 0xE9, 0xEC, 0x9F, 0xE5, 0xE9, 0xEC, 0x9F, 0x00, 0x00, 0x00, 0x00,
    0x00, 0x00, 0x00, 0x00, 0x00, 0x00, 0x00, 0x00, 0x00, 0x00, 0x00, 0x00, 0x00, 0x00, 0x00, 0x00,
    0xE6, 0xE8, 0xEC, 0xF4, 0xE7, 0xE7, 0xEB, 0x4B, 0x00, 0x00, 0x00, 0x00, 0x00, 0x00, 0x00, 0x00,
    0x00, 0x00, 0x00, 0x00, 0x00, 0x00, 0x00, 0x00, 0xE6, 0xE9, 0xED, 0x46, 0xE6, 0xE8, 0xEC, 0xFB,
    0xE5, 0xE8, 0xEB, 0x4E, 0x00, 0x00, 0x00, 0x00, 0x00, 0x00, 0x00, 0x00, 0x00, 0x00, 0x00, 0x00,
    0x00, 0x00, 0x00, 0x00, 0xE5, 0xE9, 0xEC, 0x9F, 0xE5, 0xE9, 0xEC, 0x9F, 0x00, 0x00, 0x00, 0x00,
    0x00, 0x00, 0x00, 0x00, 0x00, 0x00, 0x00, 0x00, 0x00, 0x00, 0x00, 0x00, 0xE5, 0xE8, 0xEB, 0x4E,
    0xE6, 0xE8, 0xEC, 0xFB, 0xE6, 0xE9, 0xED, 0x46, 0x00, 0x00, 0x00, 0x00, 0x00, 0x00, 0x00, 0x00,
    0x00, 0x00, 0x00, 0x00, 0x00, 0x00, 0x00, 0x00, 0xFF, 0xFF, 0xFF, 0x05, 0xE6, 0xE8, 0xEB, 0x8E,
    0xE6, 0xE8, 0xEC, 0xF9, 0xE6, 0xE8, 0xEC, 0xBE, 0xE5, 0xEA, 0xEA, 0x31, 0x00, 0x00, 0x00, 0x00,
    0x00, 0x00, 0x00, 0x00, 0xE5, 0xE9, 0xEC, 0x9F, 0xE5, 0xE9, 0xEC, 0x9F, 0x00, 0x00, 0x00, 0x00,
    0x00, 0x00, 0x00, 0x00, 0xE5, 0xEA, 0xEA, 0x31, 0xE6, 0xE8, 0xEC, 0xBE, 0xE6, 0xE8, 0xEC, 0xF9,
    0xE6, 0xE8, 0xEB, 0x8E, 0xFF, 0xFF, 0xFF, 0x05, 0x00, 0x00, 0x00, 0x00, 0x00, 0x00, 0x00, 0x00,
    0x00, 0x00, 0x00, 0x00, 0x00, 0x00, 0x00, 0x00, 0x00, 0x00, 0x00, 0x00, 0x00, 0x00, 0x00, 0x00,
    0xE3, 0xEA, 0xEA, 0x25, 0xE6, 0xE9, 0xEC, 0xAA, 0xE6, 0xE8, 0xEC, 0xFD, 0xE6, 0xE9, 0xEC, 0xAA,
    0xE6, 0xE6, 0xEF, 0x1F, 0xE5, 0xE9, 0xEC, 0x9F, 0xE5, 0xE9, 0xEC, 0x9F, 0xE2, 0xEB, 0xEB, 0x1A,
    0xE6, 0xE8, 0xED, 0x99, 0xE6, 0xE8, 0xEC, 0xFC, 0xE6, 0xE8, 0xEC, 0xBB, 0xE7, 0xE7, 0xED, 0x2B,
    0x00, 0x00, 0x00, 0x00, 0x00, 0x00, 0x00, 0x00, 0x00, 0x00, 0x00, 0x00, 0x00, 0x00, 0x00, 0x00,
    0x00, 0x00, 0x00, 0x00, 0x00, 0x00, 0x00, 0x00, 0x00, 0x00, 0x00, 0x00, 0x00, 0x00, 0x00, 0x00,
    0x00, 0x00, 0x00, 0x00, 0x00, 0x00, 0x00, 0x00, 0xE7, 0xE7, 0xEB, 0x3F, 0xE6, 0xE9, 0xEC, 0xCC,
    0xE6, 0xE8, 0xEC, 0xF4, 0xE6, 0xE9, 0xEC, 0xCE, 0xE6, 0xE9, 0xEC, 0xCE, 0xE6, 0xE8, 0xEC, 0xF4,
    0xE6, 0xE9, 0xEC, 0xCC, 0xE7, 0xE7, 0xEB, 0x3F, 0x00, 0x00, 0x00, 0x00, 0x00, 0x00, 0x00, 0x00,
    0x00, 0x00, 0x00, 0x00, 0x00, 0x00, 0x00, 0x00, 0x00, 0x00, 0x00, 0x00, 0x00, 0x00, 0x00, 0x00,
    0x00, 0x00, 0x00, 0x00, 0x00, 0x00, 0x00, 0x00, 0x00, 0x00, 0x00, 0x00, 0x00, 0x00, 0x00, 0x00,
    0x00, 0x00, 0x00, 0x00, 0x00, 0x00, 0x00, 0x00, 0x00, 0x00, 0x00, 0x00, 0xFF, 0xFF, 0xFF, 0x02,
    0xE7, 0xE7, 0xEC, 0x5F, 0xE5, 0xE8, 0xEC, 0xF4, 0xE5, 0xE8, 0xEC, 0xF4, 0xE7, 0xE7, 0xEC, 0x5F,
    0xFF, 0xFF, 0xFF, 0x02, 0x00, 0x00, 0x00, 0x00, 0x00, 0x00, 0x00, 0x00, 0x00, 0x00, 0x00, 0x00,
    0x00, 0x00, 0x00, 0x00, 0x00, 0x00, 0x00, 0x00, 0x00, 0x00, 0x00, 0x00, 0x00, 0x00, 0x00, 0x00,
    0x00, 0x00, 0x00, 0x00, 0x00, 0x00, 0x00, 0x00, 0x00, 0x00, 0x00, 0x00, 0x00, 0x00, 0x00, 0x00,
    0x00, 0x00, 0x00, 0x00, 0x00, 0x00, 0x00, 0x00, 0x00, 0x00, 0x00, 0x00, 0x00, 0x00, 0x00, 0x00,
    0x00, 0x00, 0x00, 0x00, 0xEA, 0xEA, 0xEA, 0x0C, 0xEA, 0xEA, 0xEA, 0x0C, 0x00, 0x00, 0x00, 0x00,
    0x00, 0x00, 0x00, 0x00, 0x00, 0x00, 0x00, 0x00, 0x00, 0x00, 0x00, 0x00, 0x00, 0x00, 0x00, 0x00,
    0x00, 0x00, 0x00, 0x00, 0x00, 0x00, 0x00, 0x00, 0x00, 0x00, 0x00, 0x00, 0x00, 0x00, 0x00, 0x00,
    0x00, 0x00, 0x00, 0x00, 0x00, 0x00, 0x00, 0x00, 0x00, 0x00, 0x00, 0x00, 0x00, 0x00, 0x00, 0x00,
    0x00, 0x00, 0x00, 0x00, 0x00, 0x00, 0x00, 0x00, 0x00, 0x00, 0x00, 0x00, 0x00, 0x00, 0x00, 0x00,
    0x00, 0x00, 0x00, 0x00, 0x00, 0x00, 0x00, 0x00, 0x00, 0x00, 0x00, 0x00, 0x00, 0x00, 0x00, 0x00,
    0x00, 0x00, 0x00, 0x00, 0x00, 0x00, 0x00, 0x00, 0x00, 0x00, 0x00, 0x00, 0x00, 0x00, 0x00, 0x00,
    0x00, 0x00, 0x00, 0x00, 0x00, 0x00, 0x00, 0x00, 0x00, 0x00, 0x00, 0x00, 0x00, 0x00, 0x00, 0x00,
}};
inline constexpr std::array<std::uint8_t, 1600> uve_node_icon_camera_3d_node_rgba{{
    0x00, 0x00, 0x00, 0x00, 0x00, 0x00, 0x00, 0x00, 0x00, 0x00, 0x00, 0x00, 0x00, 0x00, 0x00, 0x00,
    0x00, 0x00, 0x00, 0x00, 0x00, 0x00, 0x00, 0x00, 0x00, 0x00, 0x00, 0x00, 0x00, 0x00, 0x00, 0x00,
    0x00, 0x00, 0x00, 0x00, 0x00, 0x00, 0x00, 0x00, 0x00, 0x00, 0x00, 0x00, 0x00, 0x00, 0x00, 0x00,
    0x00, 0x00, 0x00, 0x00, 0x00, 0x00, 0x00, 0x00, 0x00, 0x00, 0x00, 0x00, 0x00, 0x00, 0x00, 0x00,
    0x00, 0x00, 0x00, 0x00, 0x00, 0x00, 0x00, 0x00, 0x00, 0x00, 0x00, 0x00, 0x00, 0x00, 0x00, 0x00,
    0x00, 0x00, 0x00, 0x00, 0x00, 0x00, 0x00, 0x00, 0x00, 0x00, 0x00, 0x00, 0x00, 0x00, 0x00, 0x00,
    0x00, 0x00, 0x00, 0x00, 0x00, 0x00, 0x00, 0x00, 0x00, 0x00, 0x00, 0x00, 0x00, 0x00, 0x00, 0x00,
    0x00, 0x00, 0x00, 0x00, 0x00, 0x00, 0x00, 0x00, 0x00, 0x00, 0x00, 0x00, 0x00, 0x00, 0x00, 0x00,
    0x00, 0x00, 0x00, 0x00, 0x00, 0x00, 0x00, 0x00, 0x00, 0x00, 0x00, 0x00, 0x00, 0x00, 0x00, 0x00,
    0x00, 0x00, 0x00, 0x00, 0x00, 0x00, 0x00, 0x00, 0x00, 0x00, 0x00, 0x00, 0x00, 0x00, 0x00, 0x00,
    0x00, 0x00, 0x00, 0x00, 0x00, 0x00, 0x00, 0x00, 0x00, 0x00, 0x00, 0x00, 0x00, 0x00, 0x00, 0x00,
    0x00, 0x00, 0x00, 0x00, 0x00, 0x00, 0x00, 0x00, 0x00, 0x00, 0x00, 0x00, 0x00, 0x00, 0x00, 0x00,
    0x00, 0x00, 0x00, 0x00, 0x00, 0x00, 0x00, 0x00, 0x00, 0x00, 0x00, 0x00, 0x00, 0x00, 0x00, 0x00,
    0x00, 0x00, 0x00, 0x00, 0x00, 0x00, 0x00, 0x00, 0x00, 0x00, 0x00, 0x00, 0x00, 0x00, 0x00, 0x00,
    0x00, 0x00, 0x00, 0x00, 0x00, 0x00, 0x00, 0x00, 0x00, 0x00, 0x00, 0x00, 0x00, 0x00, 0x00, 0x00,
    0x00, 0x00, 0x00, 0x00, 0x00, 0x00, 0x00, 0x00, 0x00, 0x00, 0x00, 0x00, 0x00, 0x00, 0x00, 0x00,
    0x00, 0x00, 0x00, 0x00, 0x00, 0x00, 0x00, 0x00, 0x00, 0x00, 0x00, 0x00, 0x00, 0x00, 0x00, 0x00,
    0x00, 0x00, 0x00, 0x00, 0x00, 0x00, 0x00, 0x00, 0x00, 0x00, 0x00, 0x00, 0x00, 0x00, 0x00, 0x00,
    0x00, 0x00, 0x00, 0x00, 0x00, 0x00, 0x00, 0x00, 0x00, 0x00, 0x00, 0x00, 0x00, 0x00, 0x00, 0x00,
    0x00, 0x00, 0x00, 0x00, 0x00, 0x00, 0x00, 0x00, 0x00, 0x00, 0x00, 0x00, 0x00, 0x00, 0x00, 0x00,
    0x00, 0x00, 0x00, 0x00, 0x00, 0x00, 0x00, 0x00, 0x00, 0x00, 0x00, 0x00, 0x00, 0x00, 0x00, 0x00,
    0x00, 0x00, 0x00, 0x00, 0x00, 0x00, 0x00, 0x00, 0x00, 0x00, 0x00, 0x00, 0x00, 0x00, 0x00, 0x00,
    0x00, 0x00, 0x00, 0x00, 0x00, 0x00, 0x00, 0x00, 0x00, 0x00, 0x00, 0x00, 0xE4, 0xE4, 0xF2, 0x13,
    0xE6, 0xE8, 0xEB, 0x8F, 0xE6, 0xE8, 0xED, 0x99, 0xE6, 0xE8, 0xED, 0x99, 0xE7, 0xE7, 0xEB, 0x4B,
    0x00, 0x00, 0x00, 0x00, 0x00, 0x00, 0x00, 0x00, 0x00, 0x00, 0x00, 0x00, 0x00, 0x00, 0x00, 0x00,
    0x00, 0x00, 0x00, 0x00, 0x00, 0x00, 0x00, 0x00, 0x00, 0x00, 0x00, 0x00, 0x00, 0x00, 0x00, 0x00,
    0x00, 0x00, 0x00, 0x00, 0x00, 0x00, 0x00, 0x00, 0x00, 0x00, 0x00, 0x00, 0x00, 0x00, 0x00, 0x00,
    0x00, 0x00, 0x00, 0x00, 0x00, 0x00, 0x00, 0x00, 0xE4, 0xE4, 0xF2, 0x13, 0xE6, 0xE8, 0xED, 0xCF,
    0xE6, 0xE8, 0xEC, 0xD5, 0xE6, 0xE8, 0xED, 0x99, 0xE6, 0xE7, 0xEC, 0xD9, 0xE5, 0xE9, 0xEC, 0x9F,
    0xE8, 0xE8, 0xEC, 0x42, 0xE6, 0xE8, 0xED, 0xB4, 0xEA, 0xEA, 0xEA, 0x0C, 0x00, 0x00, 0x00, 0x00,
    0x00, 0x00, 0x00, 0x00, 0x00, 0x00, 0x00, 0x00, 0xE6, 0xE6, 0xEB, 0x33, 0xE6, 0xE8, 0xEC, 0xEC,
    0xE6, 0xE9, 0xEC, 0xEE, 0xE6, 0xE9, 0xEC, 0xEE, 0xE6, 0xE9, 0xEC, 0xEE, 0xE6, 0xE9, 0xEC, 0xEE,
    0xE6, 0xE9, 0xEC, 0xEE, 0xE6, 0xE9, 0xEC, 0xEE, 0xE6, 0xE8, 0xEC, 0xF5, 0xE6, 0xE8, 0xED, 0xCF,
    0xE4, 0xE4, 0xF2, 0x13, 0x00, 0x00, 0x00, 0x00, 0xE5, 0xE9, 0xEC, 0x9F, 0xE6, 0xE8, 0xEB, 0xEB,
    0xE6, 0xE8, 0xEC, 0xFE, 0xE6, 0xE8, 0xEC, 0xFF, 0xE7, 0xE7, 0xEF, 0x20, 0x00, 0x00, 0x00, 0x00,
    0x00, 0x00, 0x00, 0x00, 0x00, 0x00, 0x00, 0x00, 0xE7, 0xE7, 0xEB, 0x4B, 0xE6, 0xE8, 0xEC, 0xF7,
    0xE5, 0xE9, 0xEC, 0x44, 0xE5, 0xE9, 0xEC, 0x44, 0xE5, 0xE9, 0xEC, 0x44, 0xE5, 0xE9, 0xEC, 0x44,
    0xE5, 0xE9, 0xEC, 0x44, 0xE5, 0xE9, 0xEC, 0x44, 0xE5, 0xE9, 0xEC, 0x44, 0xEB, 0xEB, 0xEB, 0x0D,
    0x00, 0x00, 0x00, 0x00, 0x00, 0x00, 0x00, 0x00, 0xE5, 0xE9, 0xEC, 0x94, 0xE6, 0xE8, 0xEB, 0xDE,
    0xE5, 0xE7, 0xED, 0x61, 0xE6, 0xE8, 0xEC, 0xFF, 0xE7, 0xE7, 0xEF, 0x20, 0x00, 0x00, 0x00, 0x00,
    0x00, 0x00, 0x00, 0x00, 0x00, 0x00, 0x00, 0x00, 0xE7, 0xE7, 0xEB, 0x4B, 0xE6, 0xE8, 0xEC, 0xF4,
    0x00, 0x00, 0x00, 0x00, 0x00, 0x00, 0x00, 0x00, 0x00, 0x00, 0x00, 0x00, 0x00, 0x00, 0x00, 0x00,
    0x00, 0x00, 0x00, 0x00, 0x00, 0x00, 0x00, 0x00, 0x00, 0x00, 0x00, 0x00, 0x00, 0x00, 0x00, 0x00,
    0x00, 0x00, 0x00, 0x00, 0x00, 0x00, 0x00, 0x00, 0xDB, 0xDB, 0xDB, 0x07, 0xDB, 0xDB, 0xDB, 0x07,
    0xE7, 0xE7, 0xEF, 0x20, 0xE6, 0xE8, 0xEC, 0xFF, 0xE7, 0xE7, 0xEF, 0x20, 0x00, 0x00, 0x00, 0x00,
    0x00, 0x00, 0x00, 0x00, 0x00, 0x00, 0x00, 0x00, 0xE7, 0xE7, 0xEB, 0x4B, 0xE6, 0xE8, 0xEC, 0xF4,
    0x00, 0x00, 0x00, 0x00, 0x00, 0x00, 0x00, 0x00, 0x00, 0x00, 0x00, 0x00, 0x00, 0x00, 0x00, 0x00,
    0x00, 0x00, 0x00, 0x00, 0x00, 0x00, 0x00, 0x00, 0x00, 0x00, 0x00, 0x00, 0x00, 0x00, 0x00, 0x00,
    0x00, 0x00, 0x00, 0x00, 0x00, 0x00, 0x00, 0x00, 0x00, 0x00, 0x00, 0x00, 0x00, 0x00, 0x00, 0x00,
    0xE7, 0xE7, 0xEF, 0x20, 0xE6, 0xE8, 0xEC, 0xFF, 0xE7, 0xE7, 0xEF, 0x20, 0x00, 0x00, 0x00, 0x00,
    0x00, 0x00, 0x00, 0x00, 0x00, 0x00, 0x00, 0x00, 0xE7, 0xE7, 0xEB, 0x4B, 0xE6, 0xE8, 0xEC, 0xF4,
    0x00, 0x00, 0x00, 0x00, 0x00, 0x00, 0x00, 0x00, 0x00, 0x00, 0x00, 0x00, 0x00, 0x00, 0x00, 0x00,
    0x00, 0x00, 0x00, 0x00, 0x00, 0x00, 0x00, 0x00, 0x00, 0x00, 0x00, 0x00, 0x00, 0x00, 0x00, 0x00,
    0x00, 0x00, 0x00, 0x00, 0x00, 0x00, 0x00, 0x00, 0x00, 0x00, 0x00, 0x00, 0x00, 0x00, 0x00, 0x00,
    0xE7, 0xE7, 0xEF, 0x20, 0xE6, 0xE8, 0xEC, 0xFF, 0xE7, 0xE7, 0xEF, 0x20, 0x00, 0x00, 0x00, 0x00,
    0x00, 0x00, 0x00, 0x00, 0x00, 0x00, 0x00, 0x00, 0xE7, 0xE7, 0xEB, 0x4B, 0xE6, 0xE8, 0xEC, 0xF4,
    0x00, 0x00, 0x00, 0x00, 0x00, 0x00, 0x00, 0x00, 0x00, 0x00, 0x00, 0x00, 0x00, 0x00, 0x00, 0x00,
    0x00, 0x00, 0x00, 0x00, 0x00, 0x00, 0x00, 0x00, 0x00, 0x00, 0x00, 0x00, 0x00, 0x00, 0x00, 0x00,
    0x00, 0x00, 0x00, 0x00, 0x00, 0x00, 0x00, 0x00, 0xDB, 0xDB, 0xDB, 0x07, 0xDB, 0xDB, 0xDB, 0x07,
    0xE7, 0xE7, 0xEF, 0x20, 0xE6, 0xE8, 0xEC, 0xFF, 0xE7, 0xE7, 0xEF, 0x20, 0x00, 0x00, 0x00, 0x00,
    0x00, 0x00, 0x00, 0x00, 0x00, 0x00, 0x00, 0x00, 0xE7, 0xE7, 0xEB, 0x4B, 0xE6, 0xE8, 0xEC, 0xF7,
    0xE5, 0xE9, 0xEC, 0x44, 0xE5, 0xE9, 0xEC, 0x44, 0xE5, 0xE9, 0xEC, 0x44, 0xE5, 0xE9, 0xEC, 0x44,
    0xE5, 0xE9, 0xEC, 0x44, 0xE5, 0xE9, 0xEC, 0x44, 0xE5, 0xE9, 0xEC, 0x44, 0xEB, 0xEB, 0xEB, 0x0D,
    0x00, 0x00, 0x00, 0x00, 0x00, 0x00, 0x00, 0x00, 0xE5, 0xE9, 0xEC, 0x94, 0xE6, 0xE8, 0xEB, 0xDE,
    0xE5, 0xE7, 0xED, 0x61, 0xE6, 0xE8, 0xEC, 0xFF, 0xE7, 0xE7, 0xEF, 0x20, 0x00, 0x00, 0x00, 0x00,
    0x00, 0x00, 0x00, 0x00, 0x00, 0x00, 0x00, 0x00, 0xE6, 0xE6, 0xEB, 0x33, 0xE6, 0xE8, 0xEC, 0xEC,
    0xE6, 0xE9, 0xEC, 0xEE, 0xE6, 0xE9, 0xEC, 0xEE, 0xE6, 0xE9, 0xEC, 0xEE, 0xE6, 0xE9, 0xEC, 0xEE,
    0xE6, 0xE9, 0xEC, 0xEE, 0xE6, 0xE9, 0xEC, 0xEE, 0xE6, 0xE8, 0xEC, 0xF5, 0xE6, 0xE8, 0xED, 0xCF,
    0xE4, 0xE4, 0xF2, 0x13, 0x00, 0x00, 0x00, 0x00, 0xE5, 0xE9, 0xEC, 0x9F, 0xE6, 0xE8, 0xEB, 0xEB,
    0xE6, 0xE8, 0xEC, 0xFE, 0xE6, 0xE8, 0xEC, 0xFF, 0xE7, 0xE7, 0xEF, 0x20, 0x00, 0x00, 0x00, 0x00,
    0x00, 0x00, 0x00, 0x00, 0x00, 0x00, 0x00, 0x00, 0x00, 0x00, 0x00, 0x00, 0x00, 0x00, 0x00, 0x00,
    0x00, 0x00, 0x00, 0x00, 0x00, 0x00, 0x00, 0x00, 0x00, 0x00, 0x00, 0x00, 0x00, 0x00, 0x00, 0x00,
    0x00, 0x00, 0x00, 0x00, 0x00, 0x00, 0x00, 0x00, 0xE4, 0xE4, 0xF2, 0x13, 0xE6, 0xE8, 0xED, 0xCF,
    0xE6, 0xE8, 0xEC, 0xD5, 0xE6, 0xE8, 0xED, 0x99, 0xE6, 0xE7, 0xEC, 0xD9, 0xE5, 0xE9, 0xEC, 0x9F,
    0xE8, 0xE8, 0xEC, 0x42, 0xE6, 0xE8, 0xED, 0xB4, 0xEA, 0xEA, 0xEA, 0x0C, 0x00, 0x00, 0x00, 0x00,
    0x00, 0x00, 0x00, 0x00, 0x00, 0x00, 0x00, 0x00, 0x00, 0x00, 0x00, 0x00, 0x00, 0x00, 0x00, 0x00,
    0x00, 0x00, 0x00, 0x00, 0x00, 0x00, 0x00, 0x00, 0x00, 0x00, 0x00, 0x00, 0x00, 0x00, 0x00, 0x00,
    0x00, 0x00, 0x00, 0x00, 0x00, 0x00, 0x00, 0x00, 0x00, 0x00, 0x00, 0x00, 0xE4, 0xE4, 0xF2, 0x13,
    0xE6, 0xE8, 0xEB, 0x8F, 0xE6, 0xE8, 0xED, 0x99, 0xE6, 0xE8, 0xED, 0x99, 0xE7, 0xE7, 0xEB, 0x4B,
    0x00, 0x00, 0x00, 0x00, 0x00, 0x00, 0x00, 0x00, 0x00, 0x00, 0x00, 0x00, 0x00, 0x00, 0x00, 0x00,
    0x00, 0x00, 0x00, 0x00, 0x00, 0x00, 0x00, 0x00, 0x00, 0x00, 0x00, 0x00, 0x00, 0x00, 0x00, 0x00,
    0x00, 0x00, 0x00, 0x00, 0x00, 0x00, 0x00, 0x00, 0x00, 0x00, 0x00, 0x00, 0x00, 0x00, 0x00, 0x00,
    0x00, 0x00, 0x00, 0x00, 0x00, 0x00, 0x00, 0x00, 0x00, 0x00, 0x00, 0x00, 0x00, 0x00, 0x00, 0x00,
    0x00, 0x00, 0x00, 0x00, 0x00, 0x00, 0x00, 0x00, 0x00, 0x00, 0x00, 0x00, 0x00, 0x00, 0x00, 0x00,
    0x00, 0x00, 0x00, 0x00, 0x00, 0x00, 0x00, 0x00, 0x00, 0x00, 0x00, 0x00, 0x00, 0x00, 0x00, 0x00,
    0x00, 0x00, 0x00, 0x00, 0x00, 0x00, 0x00, 0x00, 0x00, 0x00, 0x00, 0x00, 0x00, 0x00, 0x00, 0x00,
    0x00, 0x00, 0x00, 0x00, 0x00, 0x00, 0x00, 0x00, 0x00, 0x00, 0x00, 0x00, 0x00, 0x00, 0x00, 0x00,
    0x00, 0x00, 0x00, 0x00, 0x00, 0x00, 0x00, 0x00, 0x00, 0x00, 0x00, 0x00, 0x00, 0x00, 0x00, 0x00,
    0x00, 0x00, 0x00, 0x00, 0x00, 0x00, 0x00, 0x00, 0x00, 0x00, 0x00, 0x00, 0x00, 0x00, 0x00, 0x00,
    0x00, 0x00, 0x00, 0x00, 0x00, 0x00, 0x00, 0x00, 0x00, 0x00, 0x00, 0x00, 0x00, 0x00, 0x00, 0x00,
    0x00, 0x00, 0x00, 0x00, 0x00, 0x00, 0x00, 0x00, 0x00, 0x00, 0x00, 0x00, 0x00, 0x00, 0x00, 0x00,
    0x00, 0x00, 0x00, 0x00, 0x00, 0x00, 0x00, 0x00, 0x00, 0x00, 0x00, 0x00, 0x00, 0x00, 0x00, 0x00,
    0x00, 0x00, 0x00, 0x00, 0x00, 0x00, 0x00, 0x00, 0x00, 0x00, 0x00, 0x00, 0x00, 0x00, 0x00, 0x00,
    0x00, 0x00, 0x00, 0x00, 0x00, 0x00, 0x00, 0x00, 0x00, 0x00, 0x00, 0x00, 0x00, 0x00, 0x00, 0x00,
    0x00, 0x00, 0x00, 0x00, 0x00, 0x00, 0x00, 0x00, 0x00, 0x00, 0x00, 0x00, 0x00, 0x00, 0x00, 0x00,
    0x00, 0x00, 0x00, 0x00, 0x00, 0x00, 0x00, 0x00, 0x00, 0x00, 0x00, 0x00, 0x00, 0x00, 0x00, 0x00,
    0x00, 0x00, 0x00, 0x00, 0x00, 0x00, 0x00, 0x00, 0x00, 0x00, 0x00, 0x00, 0x00, 0x00, 0x00, 0x00,
    0x00, 0x00, 0x00, 0x00, 0x00, 0x00, 0x00, 0x00, 0x00, 0x00, 0x00, 0x00, 0x00, 0x00, 0x00, 0x00,
    0x00, 0x00, 0x00, 0x00, 0x00, 0x00, 0x00, 0x00, 0x00, 0x00, 0x00, 0x00, 0x00, 0x00, 0x00, 0x00,
    0x00, 0x00, 0x00, 0x00, 0x00, 0x00, 0x00, 0x00, 0x00, 0x00, 0x00, 0x00, 0x00, 0x00, 0x00, 0x00,
}};
inline constexpr std::array<std::uint8_t, 1600> uve_node_icon_character_body_3d_node_rgba{{
    0x00, 0x00, 0x00, 0x00, 0x00, 0x00, 0x00, 0x00, 0x00, 0x00, 0x00, 0x00, 0x00, 0x00, 0x00, 0x00,
    0x00, 0x00, 0x00, 0x00, 0x00, 0x00, 0x00, 0x00, 0x00, 0x00, 0x00, 0x00, 0x00, 0x00, 0x00, 0x00,
    0x00, 0x00, 0x00, 0x00, 0x00, 0x00, 0x00, 0x00, 0x00, 0x00, 0x00, 0x00, 0x00, 0x00, 0x00, 0x00,
    0x00, 0x00, 0x00, 0x00, 0x00, 0x00, 0x00, 0x00, 0x00, 0x00, 0x00, 0x00, 0x00, 0x00, 0x00, 0x00,
    0x00, 0x00, 0x00, 0x00, 0x00, 0x00, 0x00, 0x00, 0x00, 0x00, 0x00, 0x00, 0x00, 0x00, 0x00, 0x00,
    0x00, 0x00, 0x00, 0x00, 0x00, 0x00, 0x00, 0x00, 0x00, 0x00, 0x00, 0x00, 0x00, 0x00, 0x00, 0x00,
    0x00, 0x00, 0x00, 0x00, 0x00, 0x00, 0x00, 0x00, 0x00, 0x00, 0x00, 0x00, 0x00, 0x00, 0x00, 0x00,
    0xFF, 0xFF, 0xFF, 0x05, 0xE6, 0xE9, 0xED, 0x46, 0xE6, 0xE9, 0xED, 0x46, 0xFF, 0xFF, 0xFF, 0x05,
    0x00, 0x00, 0x00, 0x00, 0x00, 0x00, 0x00, 0x00, 0x00, 0x00, 0x00, 0x00, 0x00, 0x00, 0x00, 0x00,
    0x00, 0x00, 0x00, 0x00, 0x00, 0x00, 0x00, 0x00, 0x00, 0x00, 0x00, 0x00, 0x00, 0x00, 0x00, 0x00,
    0x00, 0x00, 0x00, 0x00, 0x00, 0x00, 0x00, 0x00, 0x00, 0x00, 0x00, 0x00, 0x00, 0x00, 0x00, 0x00,
    0x00, 0x00, 0x00, 0x00, 0x00, 0x00, 0x00, 0x00, 0x00, 0x00, 0x00, 0x00, 0xE6, 0xE6, 0xE6, 0x0A,
    0xE6, 0xE8, 0xEC, 0xCB, 0xE6, 0xE8, 0xEC, 0xF5, 0xE6, 0xE8, 0xEC, 0xF5, 0xE6, 0xE8, 0xEC, 0xCB,
    0xE3, 0xE3, 0xE3, 0x09, 0x00, 0x00, 0x00, 0x00, 0x00, 0x00, 0x00, 0x00, 0x00, 0x00, 0x00, 0x00,
    0x00, 0x00, 0x00, 0x00, 0x00, 0x00, 0x00, 0x00, 0x00, 0x00, 0x00, 0x00, 0x00, 0x00, 0x00, 0x00,
    0x00, 0x00, 0x00, 0x00, 0x00, 0x00, 0x00, 0x00, 0x00, 0x00, 0x00, 0x00, 0x00, 0x00, 0x00, 0x00,
    0x00, 0x00, 0x00, 0x00, 0x00, 0x00, 0x00, 0x00, 0x00, 0x00, 0x00, 0x00, 0xE6, 0xE9, 0xEB, 0x66,
    0xE6, 0xE8, 0xEC, 0xE4, 0xE3, 0xE3, 0xF1, 0x12, 0xE4, 0xE4, 0xF2, 0x13, 0xE7, 0xE8, 0xEC, 0xE5,
    0xE6, 0xE9, 0xEB, 0x66, 0x00, 0x00, 0x00, 0x00, 0x00, 0x00, 0x00, 0x00, 0x00, 0x00, 0x00, 0x00,
    0x00, 0x00, 0x00, 0x00, 0x00, 0x00, 0x00, 0x00, 0x00, 0x00, 0x00, 0x00, 0x00, 0x00, 0x00, 0x00,
    0x00, 0x00, 0x00, 0x00, 0x00, 0x00, 0x00, 0x00, 0x00, 0x00, 0x00, 0x00, 0x00, 0x00, 0x00, 0x00,
    0x00, 0x00, 0x00, 0x00, 0x00, 0x00, 0x00, 0x00, 0x00, 0x00, 0x00, 0x00, 0xE6, 0xE8, 0xEC, 0x78,
    0xE6, 0xE9, 0xEC, 0xCD, 0x00, 0x00, 0x00, 0x00, 0x00, 0x00, 0x00, 0x00, 0xE6, 0xE9, 0xEC, 0xCD,
    0xE5, 0xE7, 0xEC, 0x77, 0x00, 0x00, 0x00, 0x00, 0x00, 0x00, 0x00, 0x00, 0x00, 0x00, 0x00, 0x00,
    0x00, 0x00, 0x00, 0x00, 0x00, 0x00, 0x00, 0x00, 0x00, 0x00, 0x00, 0x00, 0x00, 0x00, 0x00, 0x00,
    0x00, 0x00, 0x00, 0x00, 0x00, 0x00, 0x00, 0x00, 0x00, 0x00, 0x00, 0x00, 0x00, 0x00, 0x00, 0x00,
    0x00, 0x00, 0x00, 0x00, 0x00, 0x00, 0x00, 0x00, 0x00, 0x00, 0x00, 0x00, 0xE3, 0xEA, 0xEA, 0x25,
    0xE6, 0xE8, 0xEC, 0xF5, 0xE5, 0xE8, 0xEC, 0xB3, 0xE6, 0xE8, 0xED, 0xB4, 0xE6, 0xE8, 0xEC, 0xF5,
    0xE9, 0xE9, 0xE9, 0x23, 0x00, 0x00, 0x00, 0x00, 0x00, 0x00, 0x00, 0x00, 0x00, 0x00, 0x00, 0x00,
    0x00, 0x00, 0x00, 0x00, 0x00, 0x00, 0x00, 0x00, 0x00, 0x00, 0x00, 0x00, 0x00, 0x00, 0x00, 0x00,
    0x00, 0x00, 0x00, 0x00, 0x00, 0x00, 0x00, 0x00, 0x00, 0x00, 0x00, 0x00, 0x00, 0x00, 0x00, 0x00,
    0x00, 0x00, 0x00, 0x00, 0x00, 0x00, 0x00, 0x00, 0x00, 0x00, 0x00, 0x00, 0x00, 0x00, 0x00, 0x00,
    0xE4, 0xE9, 0xE9, 0x2F, 0xE7, 0xE8, 0xEC, 0x9E, 0xE7, 0xE8, 0xEC, 0x9E, 0xE3, 0xE9, 0xEE, 0x2E,
    0x00, 0x00, 0x00, 0x00, 0x00, 0x00, 0x00, 0x00, 0x00, 0x00, 0x00, 0x00, 0x00, 0x00, 0x00, 0x00,
    0x00, 0x00, 0x00, 0x00, 0x00, 0x00, 0x00, 0x00, 0x00, 0x00, 0x00, 0x00, 0x00, 0x00, 0x00, 0x00,
    0x00, 0x00, 0x00, 0x00, 0x00, 0x00, 0x00, 0x00, 0x00, 0x00, 0x00, 0x00, 0x00, 0x00, 0x00, 0x00,
    0x00, 0x00, 0x00, 0x00, 0x00, 0x00, 0x00, 0x00, 0x00, 0x00, 0x00, 0x00, 0xE5, 0xEA, 0xEA, 0x31,
    0xE7, 0xE8, 0xEC, 0xC6, 0xE6, 0xE8, 0xEC, 0xFB, 0xE6, 0xE8, 0xEC, 0xFB, 0xE6, 0xE8, 0xEC, 0xC5,
    0xE4, 0xEA, 0xEA, 0x30, 0x00, 0x00, 0x00, 0x00, 0x00, 0x00, 0x00, 0x00, 0x00, 0x00, 0x00, 0x00,
    0x00, 0x00, 0x00, 0x00, 0x00, 0x00, 0x00, 0x00, 0x00, 0x00, 0x00, 0x00, 0x00, 0x00, 0x00, 0x00,
    0x00, 0x00, 0x00, 0x00, 0x00, 0x00, 0x00, 0x00, 0x00, 0x00, 0x00, 0x00, 0x00, 0x00, 0x00, 0x00,
    0x00, 0x00, 0x00, 0x00, 0x00, 0x00, 0x00, 0x00, 0xE5, 0xE5, 0xEB, 0x27, 0xE6, 0xE8, 0xEC, 0xF6,
    0xE6, 0xE7, 0xEC, 0xA2, 0xE4, 0xE9, 0xED, 0x39, 0xE4, 0xE9, 0xED, 0x39, 0xE6, 0xE8, 0xEC, 0xA3,
    0xE6, 0xE8, 0xEC, 0xF5, 0xE4, 0xEB, 0xEB, 0x26, 0x00, 0x00, 0x00, 0x00, 0x00, 0x00, 0x00, 0x00,
    0x00, 0x00, 0x00, 0x00, 0x00, 0x00, 0x00, 0x00, 0x00, 0x00, 0x00, 0x00, 0x00, 0x00, 0x00, 0x00,
    0x00, 0x00, 0x00, 0x00, 0x00, 0x00, 0x00, 0x00, 0x00, 0x00, 0x00, 0x00, 0x00, 0x00, 0x00, 0x00,
    0x00, 0x00, 0x00, 0x00, 0x00, 0x00, 0x00, 0x00, 0xE6, 0xE9, 0xEC, 0xAB, 0xE7, 0xE8, 0xEC, 0xB2,
    0x00, 0x00, 0x00, 0x00, 0x00, 0x00, 0x00, 0x00, 0x00, 0x00, 0x00, 0x00, 0x00, 0x00, 0x00, 0x00,
    0xE6, 0xE8, 0xED, 0xB4, 0xE6, 0xE9, 0xEC, 0xAA, 0x00, 0x00, 0x00, 0x00, 0x00, 0x00, 0x00, 0x00,
    0x00, 0x00, 0x00, 0x00, 0x00, 0x00, 0x00, 0x00, 0x00, 0x00, 0x00, 0x00, 0x00, 0x00, 0x00, 0x00,
    0x00, 0x00, 0x00, 0x00, 0x00, 0x00, 0x00, 0x00, 0x00, 0x00, 0x00, 0x00, 0x00, 0x00, 0x00, 0x00,
    0x00, 0x00, 0x00, 0x00, 0x00, 0x00, 0x00, 0x00, 0xE6, 0xE8, 0xEC, 0xE2, 0xE6, 0xE9, 0xEC, 0x5D,
    0x00, 0x00, 0x00, 0x00, 0x00, 0x00, 0x00, 0x00, 0x00, 0x00, 0x00, 0x00, 0x00, 0x00, 0x00, 0x00,
    0xE6, 0xE9, 0xEC, 0x5D, 0xE6, 0xE8, 0xEC, 0xE1, 0x00, 0x00, 0x00, 0x00, 0x00, 0x00, 0x00, 0x00,
    0x00, 0x00, 0x00, 0x00, 0x00, 0x00, 0x00, 0x00, 0x00, 0x00, 0x00, 0x00, 0x00, 0x00, 0x00, 0x00,
    0x00, 0x00, 0x00, 0x00, 0x00, 0x00, 0x00, 0x00, 0x00, 0x00, 0x00, 0x00, 0x00, 0x00, 0x00, 0x00,
    0x00, 0x00, 0x00, 0x00, 0x00, 0x00, 0x00, 0x00, 0xE6, 0xE8, 0xEC, 0xD2, 0xE5, 0xE8, 0xEC, 0x6D,
    0x00, 0x00, 0x00, 0x00, 0x00, 0x00, 0x00, 0x00, 0x00, 0x00, 0x00, 0x00, 0x00, 0x00, 0x00, 0x00,
    0xE6, 0xE8, 0xEC, 0x6E, 0xE7, 0xE8, 0xEB, 0xD1, 0x00, 0x00, 0x00, 0x00, 0x00, 0x00, 0x00, 0x00,
    0x00, 0x00, 0x00, 0x00, 0x00, 0x00, 0x00, 0x00, 0x00, 0x00, 0x00, 0x00, 0x00, 0x00, 0x00, 0x00,
    0x00, 0x00, 0x00, 0x00, 0x00, 0x00, 0x00, 0x00, 0x00, 0x00, 0x00, 0x00, 0x00, 0x00, 0x00, 0x00,
    0x00, 0x00, 0x00, 0x00, 0x00, 0x00, 0x00, 0x00, 0xE6, 0xE8, 0xEC, 0x87, 0xE6, 0xE8, 0xED, 0xDD,
    0xE4, 0xE4, 0xF2, 0x13, 0x00, 0x00, 0x00, 0x00, 0x00, 0x00, 0x00, 0x00, 0xE4, 0xE4, 0xF2, 0x13,
    0xE6, 0xE8, 0xEC, 0xDF, 0xE6, 0xE8, 0xEC, 0x85, 0x00, 0x00, 0x00, 0x00, 0x00, 0x00, 0x00, 0x00,
    0x00, 0x00, 0x00, 0x00, 0x00, 0x00, 0x00, 0x00, 0x00, 0x00, 0x00, 0x00, 0x00, 0x00, 0x00, 0x00,
    0x00, 0x00, 0x00, 0x00, 0x00, 0x00, 0x00, 0x00, 0x00, 0x00, 0x00, 0x00, 0x00, 0x00, 0x00, 0x00,
    0x00, 0x00, 0x00, 0x00, 0x00, 0x00, 0x00, 0x00, 0xE6, 0xE6, 0xE6, 0x0A, 0xE6, 0xE8, 0xEC, 0xCB,
    0xE6, 0xE8, 0xEC, 0xE6, 0xE6, 0xE8, 0xEB, 0x8F, 0xE6, 0xE8, 0xEB, 0x8F, 0xE6, 0xE8, 0xEC, 0xE7,
    0xE6, 0xE8, 0xEC, 0xC9, 0xE3, 0xE3, 0xE3, 0x09, 0x00, 0x00, 0x00, 0x00, 0x00, 0x00, 0x00, 0x00,
    0x00, 0x00, 0x00, 0x00, 0x00, 0x00, 0x00, 0x00, 0x00, 0x00, 0x00, 0x00, 0x00, 0x00, 0x00, 0x00,
    0x00, 0x00, 0x00, 0x00, 0x00, 0x00, 0x00, 0x00, 0x00, 0x00, 0x00, 0x00, 0x00, 0x00, 0x00, 0x00,
    0x00, 0x00, 0x00, 0x00, 0x00, 0x00, 0x00, 0x00, 0x00, 0x00, 0x00, 0x00, 0xFF, 0xFF, 0xFF, 0x05,
    0xE6, 0xE8, 0xED, 0x6F, 0xE6, 0xE8, 0xEC, 0xB0, 0xE6, 0xE8, 0xEC, 0xB0, 0xE6, 0xE8, 0xED, 0x6F,
    0xFF, 0xFF, 0xFF, 0x05, 0x00, 0x00, 0x00, 0x00, 0x00, 0x00, 0x00, 0x00, 0x00, 0x00, 0x00, 0x00,
    0x00, 0x00, 0x00, 0x00, 0x00, 0x00, 0x00, 0x00, 0x00, 0x00, 0x00, 0x00, 0x00, 0x00, 0x00, 0x00,
    0x00, 0x00, 0x00, 0x00, 0x00, 0x00, 0x00, 0x00, 0x00, 0x00, 0x00, 0x00, 0x00, 0x00, 0x00, 0x00,
    0x00, 0x00, 0x00, 0x00, 0x00, 0x00, 0x00, 0x00, 0x00, 0x00, 0x00, 0x00, 0x00, 0x00, 0x00, 0x00,
    0x00, 0x00, 0x00, 0x00, 0x00, 0x00, 0x00, 0x00, 0x00, 0x00, 0x00, 0x00, 0x00, 0x00, 0x00, 0x00,
    0x00, 0x00, 0x00, 0x00, 0x00, 0x00, 0x00, 0x00, 0x00, 0x00, 0x00, 0x00, 0x00, 0x00, 0x00, 0x00,
    0x00, 0x00, 0x00, 0x00, 0x00, 0x00, 0x00, 0x00, 0x00, 0x00, 0x00, 0x00, 0x00, 0x00, 0x00, 0x00,
    0x00, 0x00, 0x00, 0x00, 0x00, 0x00, 0x00, 0x00, 0x00, 0x00, 0x00, 0x00, 0x00, 0x00, 0x00, 0x00,
    0x00, 0x00, 0x00, 0x00, 0x00, 0x00, 0x00, 0x00, 0xE3, 0xE3, 0xF1, 0x12, 0xE9, 0xE9, 0xE9, 0x22,
    0xE9, 0xE9, 0xE9, 0x22, 0xE9, 0xE9, 0xE9, 0x22, 0xE9, 0xE9, 0xE9, 0x22, 0xE9, 0xE9, 0xE9, 0x22,
    0xE9, 0xE9, 0xE9, 0x22, 0xE3, 0xE3, 0xF1, 0x12, 0x00, 0x00, 0x00, 0x00, 0x00, 0x00, 0x00, 0x00,
    0x00, 0x00, 0x00, 0x00, 0x00, 0x00, 0x00, 0x00, 0x00, 0x00, 0x00, 0x00, 0x00, 0x00, 0x00, 0x00,
    0x00, 0x00, 0x00, 0x00, 0x00, 0x00, 0x00, 0x00, 0x00, 0x00, 0x00, 0x00, 0x00, 0x00, 0x00, 0x00,
    0x00, 0x00, 0x00, 0x00, 0x00, 0x00, 0x00, 0x00, 0xE6, 0xE8, 0xED, 0xDD, 0xE6, 0xE8, 0xEC, 0xFF,
    0xE6, 0xE8, 0xEC, 0xFF, 0xE6, 0xE8, 0xEC, 0xFF, 0xE6, 0xE8, 0xEC, 0xFF, 0xE6, 0xE8, 0xEC, 0xFF,
    0xE6, 0xE8, 0xEC, 0xFF, 0xE6, 0xE8, 0xED, 0xDD, 0x00, 0x00, 0x00, 0x00, 0x00, 0x00, 0x00, 0x00,
    0x00, 0x00, 0x00, 0x00, 0x00, 0x00, 0x00, 0x00, 0x00, 0x00, 0x00, 0x00, 0x00, 0x00, 0x00, 0x00,
    0x00, 0x00, 0x00, 0x00, 0x00, 0x00, 0x00, 0x00, 0x00, 0x00, 0x00, 0x00, 0x00, 0x00, 0x00, 0x00,
    0x00, 0x00, 0x00, 0x00, 0x00, 0x00, 0x00, 0x00, 0xE3, 0xE3, 0xF1, 0x12, 0xE9, 0xE9, 0xE9, 0x22,
    0xE9, 0xE9, 0xE9, 0x22, 0xE9, 0xE9, 0xE9, 0x22, 0xE9, 0xE9, 0xE9, 0x22, 0xE9, 0xE9, 0xE9, 0x22,
    0xE9, 0xE9, 0xE9, 0x22, 0xE3, 0xE3, 0xF1, 0x12, 0x00, 0x00, 0x00, 0x00, 0x00, 0x00, 0x00, 0x00,
    0x00, 0x00, 0x00, 0x00, 0x00, 0x00, 0x00, 0x00, 0x00, 0x00, 0x00, 0x00, 0x00, 0x00, 0x00, 0x00,
    0x00, 0x00, 0x00, 0x00, 0x00, 0x00, 0x00, 0x00, 0x00, 0x00, 0x00, 0x00, 0x00, 0x00, 0x00, 0x00,
    0x00, 0x00, 0x00, 0x00, 0x00, 0x00, 0x00, 0x00, 0x00, 0x00, 0x00, 0x00, 0x00, 0x00, 0x00, 0x00,
    0x00, 0x00, 0x00, 0x00, 0x00, 0x00, 0x00, 0x00, 0x00, 0x00, 0x00, 0x00, 0x00, 0x00, 0x00, 0x00,
    0x00, 0x00, 0x00, 0x00, 0x00, 0x00, 0x00, 0x00, 0x00, 0x00, 0x00, 0x00, 0x00, 0x00, 0x00, 0x00,
    0x00, 0x00, 0x00, 0x00, 0x00, 0x00, 0x00, 0x00, 0x00, 0x00, 0x00, 0x00, 0x00, 0x00, 0x00, 0x00,
}};
inline constexpr std::array<std::uint8_t, 1600> uve_node_icon_collision_shape_3d_node_rgba{{
    0x00, 0x00, 0x00, 0x00, 0x00, 0x00, 0x00, 0x00, 0x00, 0x00, 0x00, 0x00, 0x00, 0x00, 0x00, 0x00,
    0x00, 0x00, 0x00, 0x00, 0x00, 0x00, 0x00, 0x00, 0x00, 0x00, 0x00, 0x00, 0x00, 0x00, 0x00, 0x00,
    0x00, 0x00, 0x00, 0x00, 0x00, 0x00, 0x00, 0x00, 0x00, 0x00, 0x00, 0x00, 0x00, 0x00, 0x00, 0x00,
    0x00, 0x00, 0x00, 0x00, 0x00, 0x00, 0x00, 0x00, 0x00, 0x00, 0x00, 0x00, 0x00, 0x00, 0x00, 0x00,
    0x00, 0x00, 0x00, 0x00, 0x00, 0x00, 0x00, 0x00, 0x00, 0x00, 0x00, 0x00, 0x00, 0x00, 0x00, 0x00,
    0x00, 0x00, 0x00, 0x00, 0x00, 0x00, 0x00, 0x00, 0x00, 0x00, 0x00, 0x00, 0x00, 0x00, 0x00, 0x00,
    0x00, 0x00, 0x00, 0x00, 0x00, 0x00, 0x00, 0x00, 0x00, 0x00, 0x00, 0x00, 0x00, 0x00, 0x00, 0x00,
    0x00, 0x00, 0x00, 0x00, 0xDB, 0xDB, 0xDB, 0x07, 0xDB, 0xDB, 0xDB, 0x07, 0x00, 0x00, 0x00, 0x00,
    0x00, 0x00, 0x00, 0x00, 0x00, 0x00, 0x00, 0x00, 0x00, 0x00, 0x00, 0x00, 0x00, 0x00, 0x00, 0x00,
    0x00, 0x00, 0x00, 0x00, 0x00, 0x00, 0x00, 0x00, 0x00, 0x00, 0x00, 0x00, 0x00, 0x00, 0x00, 0x00,
    0x00, 0x00, 0x00, 0x00, 0x00, 0x00, 0x00, 0x00, 0x00, 0x00, 0x00, 0x00, 0x00, 0x00, 0x00, 0x00,
    0x00, 0x00, 0x00, 0x00, 0x00, 0x00, 0x00, 0x00, 0x00, 0x00, 0x00, 0x00, 0xFF, 0xFF, 0xFF, 0x02,
    0xE5, 0xE8, 0xEC, 0x4F, 0xE6, 0xE8, 0xEB, 0x9B, 0xE6, 0xE8, 0xEC, 0xE4, 0xE7, 0xE9, 0xEC, 0x5E,
    0xFF, 0xFF, 0xFF, 0x02, 0x00, 0x00, 0x00, 0x00, 0x00, 0x00, 0x00, 0x00, 0x00, 0x00, 0x00, 0x00,
    0x00, 0x00, 0x00, 0x00, 0x00, 0x00, 0x00, 0x00, 0x00, 0x00, 0x00, 0x00, 0x00, 0x00, 0x00, 0x00,
    0x00, 0x00, 0x00, 0x00, 0x00, 0x00, 0x00, 0x00, 0x00, 0x00, 0x00, 0x00, 0x00, 0x00, 0x00, 0x00,
    0x00, 0x00, 0x00, 0x00, 0x00, 0x00, 0x00, 0x00, 0xE6, 0xE6, 0xEA, 0x3E, 0xE6, 0xE9, 0xEC, 0xCC,
    0xE6, 0xE8, 0xEC, 0xF4, 0xE7, 0xE7, 0xEB, 0x41, 0xE7, 0xE9, 0xED, 0x7E, 0xE6, 0xE8, 0xEC, 0xF4,
    0xE6, 0xE8, 0xEC, 0xA5, 0xD5, 0xD5, 0xFF, 0x06, 0x00, 0x00, 0x00, 0x00, 0x00, 0x00, 0x00, 0x00,
    0x00, 0x00, 0x00, 0x00, 0x00, 0x00, 0x00, 0x00, 0x00, 0x00, 0x00, 0x00, 0x00, 0x00, 0x00, 0x00,
    0x00, 0x00, 0x00, 0x00, 0x00, 0x00, 0x00, 0x00, 0x00, 0x00, 0x00, 0x00, 0x00, 0x00, 0x00, 0x00,
    0xE3, 0xEA, 0xEA, 0x24, 0xE6, 0xE6, 0xEB, 0x33, 0xE6, 0xE8, 0xEC, 0xF0, 0xE7, 0xE8, 0xEC, 0x9E,
    0xE2, 0xEB, 0xEB, 0x1A, 0x00, 0x00, 0x00, 0x00, 0x00, 0x00, 0x00, 0x00, 0xEB, 0xEB, 0xEB, 0x19,
    0xE5, 0xEA, 0xEA, 0x31, 0xE7, 0xE8, 0xEC, 0xE5, 0xE6, 0xE8, 0xEC, 0xAE, 0xE3, 0xEA, 0xEA, 0x25,
    0x00, 0x00, 0x00, 0x00, 0x00, 0x00, 0x00, 0x00, 0x00, 0x00, 0x00, 0x00, 0x00, 0x00, 0x00, 0x00,
    0x00, 0x00, 0x00, 0x00, 0x00, 0x00, 0x00, 0x00, 0xE3, 0xE3, 0xE3, 0x09, 0xE6, 0xE8, 0xEB, 0x8E,
    0xE6, 0xE8, 0xEC, 0xF9, 0xE6, 0xE8, 0xEC, 0x91, 0xFF, 0xFF, 0xFF, 0x03, 0x00, 0x00, 0x00, 0x00,
    0x00, 0x00, 0x00, 0x00, 0x00, 0x00, 0x00, 0x00, 0x00, 0x00, 0x00, 0x00, 0x00, 0x00, 0x00, 0x00,
    0x00, 0x00, 0x00, 0x00, 0xE4, 0xEA, 0xEA, 0x30, 0xE6, 0xE8, 0xEC, 0xBE, 0xE6, 0xE8, 0xEC, 0xF9,
    0xE6, 0xE9, 0xED, 0x46, 0x00, 0x00, 0x00, 0x00, 0x00, 0x00, 0x00, 0x00, 0x00, 0x00, 0x00, 0x00,
    0x00, 0x00, 0x00, 0x00, 0x00, 0x00, 0x00, 0x00, 0xE6, 0xE9, 0xED, 0x46, 0xE6, 0xE8, 0xEC, 0xF8,
    0xE5, 0xE8, 0xEB, 0x4E, 0x00, 0x00, 0x00, 0x00, 0x00, 0x00, 0x00, 0x00, 0x00, 0x00, 0x00, 0x00,
    0x00, 0x00, 0x00, 0x00, 0x00, 0x00, 0x00, 0x00, 0x00, 0x00, 0x00, 0x00, 0x00, 0x00, 0x00, 0x00,
    0x00, 0x00, 0x00, 0x00, 0x00, 0x00, 0x00, 0x00, 0x00, 0x00, 0x00, 0x00, 0xE4, 0xE8, 0xEC, 0x43,
    0xE6, 0xE7, 0xEC, 0xA2, 0xE6, 0xE6, 0xEF, 0x1F, 0x00, 0x00, 0x00, 0x00, 0x00, 0x00, 0x00, 0x00,
    0x00, 0x00, 0x00, 0x00, 0x00, 0x00, 0x00, 0x00, 0xE3, 0xE3, 0xE3, 0x09, 0xE7, 0xE9, 0xEC, 0x5E,
    0x00, 0x00, 0x00, 0x00, 0x00, 0x00, 0x00, 0x00, 0x00, 0x00, 0x00, 0x00, 0x00, 0x00, 0x00, 0x00,
    0x00, 0x00, 0x00, 0x00, 0x00, 0x00, 0x00, 0x00, 0x00, 0x00, 0x00, 0x00, 0x00, 0x00, 0x00, 0x00,
    0x00, 0x00, 0x00, 0x00, 0x00, 0x00, 0x00, 0x00, 0x00, 0x00, 0x00, 0x00, 0x00, 0x00, 0x00, 0x00,
    0xE6, 0xE8, 0xEC, 0xF4, 0xE7, 0xE7, 0xEB, 0x4B, 0x00, 0x00, 0x00, 0x00, 0x00, 0x00, 0x00, 0x00,
    0x00, 0x00, 0x00, 0x00, 0x00, 0x00, 0x00, 0x00, 0xE6, 0xE9, 0xED, 0x46, 0xE6, 0xE8, 0xEC, 0xEF,
    0x00, 0x00, 0x00, 0x00, 0x00, 0x00, 0x00, 0x00, 0x00, 0x00, 0x00, 0x00, 0x00, 0x00, 0x00, 0x00,
    0x00, 0x00, 0x00, 0x00, 0x00, 0x00, 0x00, 0x00, 0x00, 0x00, 0x00, 0x00, 0x00, 0x00, 0x00, 0x00,
    0x00, 0x00, 0x00, 0x00, 0x00, 0x00, 0x00, 0x00, 0x00, 0x00, 0x00, 0x00, 0x00, 0x00, 0x00, 0x00,
    0xE6, 0xE8, 0xEC, 0xF4, 0xE7, 0xE7, 0xEB, 0x4B, 0x00, 0x00, 0x00, 0x00, 0x00, 0x00, 0x00, 0x00,
    0x00, 0x00, 0x00, 0x00, 0x00, 0x00, 0x00, 0x00, 0xE7, 0xE7, 0xEB, 0x4B, 0xE6, 0xE8, 0xEC, 0xF4,
    0x00, 0x00, 0x00, 0x00, 0x00, 0x00, 0x00, 0x00, 0x00, 0x00, 0x00, 0x00, 0x00, 0x00, 0x00, 0x00,
    0x00, 0x00, 0x00, 0x00, 0x00, 0x00, 0x00, 0x00, 0x00, 0x00, 0x00, 0x00, 0x00, 0x00, 0x00, 0x00,
    0x00, 0x00, 0x00, 0x00, 0x00, 0x00, 0x00, 0x00, 0x00, 0x00, 0x00, 0x00, 0x00, 0x00, 0x00, 0x00,
    0xE6, 0xE9, 0xEC, 0xE3, 0xE5, 0xE9, 0xED, 0x3A, 0x00, 0x00, 0x00, 0x00, 0x00, 0x00, 0x00, 0x00,
    0x00, 0x00, 0x00, 0x00, 0x00, 0x00, 0x00, 0x00, 0xE7, 0xE7, 0xEA, 0x4A, 0xE6, 0xE8, 0xEC, 0xF3,
    0x00, 0x00, 0x00, 0x00, 0x00, 0x00, 0x00, 0x00, 0x00, 0x00, 0x00, 0x00, 0x00, 0x00, 0x00, 0x00,
    0x00, 0x00, 0x00, 0x00, 0x00, 0x00, 0x00, 0x00, 0x00, 0x00, 0x00, 0x00, 0x00, 0x00, 0x00, 0x00,
    0x00, 0x00, 0x00, 0x00, 0x00, 0x00, 0x00, 0x00, 0x00, 0x00, 0x00, 0x00, 0x00, 0x00, 0x00, 0x00,
    0xE6, 0xE9, 0xEB, 0x67, 0xE3, 0xE3, 0xF1, 0x12, 0x00, 0x00, 0x00, 0x00, 0x00, 0x00, 0x00, 0x00,
    0x00, 0x00, 0x00, 0x00, 0x00, 0x00, 0x00, 0x00, 0xDF, 0xEF, 0xEF, 0x10, 0xE5, 0xE8, 0xED, 0x63,
    0x00, 0x00, 0x00, 0x00, 0x00, 0x00, 0x00, 0x00, 0x00, 0x00, 0x00, 0x00, 0x00, 0x00, 0x00, 0x00,
    0x00, 0x00, 0x00, 0x00, 0x00, 0x00, 0x00, 0x00, 0x00, 0x00, 0x00, 0x00, 0x00, 0x00, 0x00, 0x00,
    0x00, 0x00, 0x00, 0x00, 0x00, 0x00, 0x00, 0x00, 0x00, 0x00, 0x00, 0x00, 0x00, 0x00, 0x00, 0x00,
    0xE6, 0xE8, 0xEC, 0xF4, 0xE7, 0xE7, 0xEA, 0x4A, 0x00, 0x00, 0x00, 0x00, 0x00, 0x00, 0x00, 0x00,
    0x00, 0x00, 0x00, 0x00, 0x00, 0x00, 0x00, 0x00, 0xE6, 0xE6, 0xEA, 0x3D, 0xE6, 0xE8, 0xEC, 0xE6,
    0x00, 0x00, 0x00, 0x00, 0x00, 0x00, 0x00, 0x00, 0x00, 0x00, 0x00, 0x00, 0x00, 0x00, 0x00, 0x00,
    0x00, 0x00, 0x00, 0x00, 0x00, 0x00, 0x00, 0x00, 0x00, 0x00, 0x00, 0x00, 0x00, 0x00, 0x00, 0x00,
    0x00, 0x00, 0x00, 0x00, 0x00, 0x00, 0x00, 0x00, 0x00, 0x00, 0x00, 0x00, 0x00, 0x00, 0x00, 0x00,
    0xE6, 0xE8, 0xEC, 0xF4, 0xE7, 0xE7, 0xEB, 0x4B, 0x00, 0x00, 0x00, 0x00, 0x00, 0x00, 0x00, 0x00,
    0x00, 0x00, 0x00, 0x00, 0x00, 0x00, 0x00, 0x00, 0xE7, 0xE7, 0xEE, 0x49, 0xE6, 0xE8, 0xEC, 0xFB,
    0xE8, 0xE8, 0xEB, 0x4C, 0x00, 0x00, 0x00, 0x00, 0x00, 0x00, 0x00, 0x00, 0x00, 0x00, 0x00, 0x00,
    0x00, 0x00, 0x00, 0x00, 0x00, 0x00, 0x00, 0x00, 0x00, 0x00, 0x00, 0x00, 0x00, 0x00, 0x00, 0x00,
    0x00, 0x00, 0x00, 0x00, 0x00, 0x00, 0x00, 0x00, 0x00, 0x00, 0x00, 0x00, 0xEE, 0xEE, 0xEE, 0x0F,
    0xE6, 0xE9, 0xEC, 0xEE, 0xE5, 0xE9, 0xED, 0x45, 0x00, 0x00, 0x00, 0x00, 0x00, 0x00, 0x00, 0x00,
    0x00, 0x00, 0x00, 0x00, 0x00, 0x00, 0x00, 0x00, 0xE3, 0xE3, 0xE3, 0x09, 0xE6, 0xE8, 0xEB, 0x8E,
    0xE6, 0xE8, 0xEC, 0xE8, 0xE6, 0xEA, 0xEE, 0x3C, 0xE4, 0xE9, 0xE9, 0x2F, 0x00, 0x00, 0x00, 0x00,
    0x00, 0x00, 0x00, 0x00, 0x00, 0x00, 0x00, 0x00, 0x00, 0x00, 0x00, 0x00, 0x00, 0x00, 0x00, 0x00,
    0x00, 0x00, 0x00, 0x00, 0xE5, 0xEA, 0xEA, 0x31, 0xE6, 0xE8, 0xEC, 0xBE, 0xE6, 0xE8, 0xEC, 0xE1,
    0xE7, 0xE7, 0xEF, 0x20, 0xFF, 0xFF, 0xFF, 0x02, 0x00, 0x00, 0x00, 0x00, 0x00, 0x00, 0x00, 0x00,
    0x00, 0x00, 0x00, 0x00, 0x00, 0x00, 0x00, 0x00, 0x00, 0x00, 0x00, 0x00, 0x00, 0x00, 0x00, 0x00,
    0x00, 0x00, 0x00, 0x00, 0xE6, 0xE8, 0xEC, 0x83, 0xE6, 0xE8, 0xEC, 0xFD, 0xE7, 0xE8, 0xEC, 0x9E,
    0xEB, 0xEB, 0xEB, 0x19, 0x00, 0x00, 0x00, 0x00, 0x00, 0x00, 0x00, 0x00, 0xDB, 0xDB, 0xDB, 0x07,
    0xE6, 0xE9, 0xEC, 0x50, 0xE6, 0xE8, 0xEC, 0xFD, 0xE6, 0xE8, 0xEC, 0xAE, 0xE3, 0xEA, 0xEA, 0x25,
    0x00, 0x00, 0x00, 0x00, 0x00, 0x00, 0x00, 0x00, 0x00, 0x00, 0x00, 0x00, 0x00, 0x00, 0x00, 0x00,
    0x00, 0x00, 0x00, 0x00, 0x00, 0x00, 0x00, 0x00, 0x00, 0x00, 0x00, 0x00, 0x00, 0x00, 0x00, 0x00,
    0x00, 0x00, 0x00, 0x00, 0x00, 0x00, 0x00, 0x00, 0xE7, 0xE7, 0xEB, 0x3F, 0xE6, 0xE9, 0xEC, 0xCC,
    0xE6, 0xE8, 0xEB, 0x9C, 0xE8, 0xE8, 0xEB, 0x4C, 0xE7, 0xE9, 0xED, 0x7E, 0xE6, 0xE8, 0xEC, 0xF4,
    0xE6, 0xE9, 0xEC, 0x52, 0xE7, 0xE7, 0xEC, 0x35, 0x00, 0x00, 0x00, 0x00, 0x00, 0x00, 0x00, 0x00,
    0x00, 0x00, 0x00, 0x00, 0x00, 0x00, 0x00, 0x00, 0x00, 0x00, 0x00, 0x00, 0x00, 0x00, 0x00, 0x00,
    0x00, 0x00, 0x00, 0x00, 0x00, 0x00, 0x00, 0x00, 0x00, 0x00, 0x00, 0x00, 0x00, 0x00, 0x00, 0x00,
    0x00, 0x00, 0x00, 0x00, 0x00, 0x00, 0x00, 0x00, 0x00, 0x00, 0x00, 0x00, 0x00, 0x00, 0x00, 0x00,
    0xE3, 0xE3, 0xE3, 0x09, 0xE6, 0xE8, 0xEC, 0xE1, 0xE6, 0xE8, 0xEC, 0xE4, 0xE7, 0xE9, 0xEC, 0x5E,
    0xFF, 0xFF, 0xFF, 0x01, 0x00, 0x00, 0x00, 0x00, 0x00, 0x00, 0x00, 0x00, 0x00, 0x00, 0x00, 0x00,
    0x00, 0x00, 0x00, 0x00, 0x00, 0x00, 0x00, 0x00, 0x00, 0x00, 0x00, 0x00, 0x00, 0x00, 0x00, 0x00,
    0x00, 0x00, 0x00, 0x00, 0x00, 0x00, 0x00, 0x00, 0x00, 0x00, 0x00, 0x00, 0x00, 0x00, 0x00, 0x00,
    0x00, 0x00, 0x00, 0x00, 0x00, 0x00, 0x00, 0x00, 0x00, 0x00, 0x00, 0x00, 0x00, 0x00, 0x00, 0x00,
    0x00, 0x00, 0x00, 0x00, 0xDB, 0xDB, 0xDB, 0x07, 0xDB, 0xDB, 0xDB, 0x07, 0x00, 0x00, 0x00, 0x00,
    0x00, 0x00, 0x00, 0x00, 0x00, 0x00, 0x00, 0x00, 0x00, 0x00, 0x00, 0x00, 0x00, 0x00, 0x00, 0x00,
    0x00, 0x00, 0x00, 0x00, 0x00, 0x00, 0x00, 0x00, 0x00, 0x00, 0x00, 0x00, 0x00, 0x00, 0x00, 0x00,
    0x00, 0x00, 0x00, 0x00, 0x00, 0x00, 0x00, 0x00, 0x00, 0x00, 0x00, 0x00, 0x00, 0x00, 0x00, 0x00,
    0x00, 0x00, 0x00, 0x00, 0x00, 0x00, 0x00, 0x00, 0x00, 0x00, 0x00, 0x00, 0x00, 0x00, 0x00, 0x00,
    0x00, 0x00, 0x00, 0x00, 0x00, 0x00, 0x00, 0x00, 0x00, 0x00, 0x00, 0x00, 0x00, 0x00, 0x00, 0x00,
    0x00, 0x00, 0x00, 0x00, 0x00, 0x00, 0x00, 0x00, 0x00, 0x00, 0x00, 0x00, 0x00, 0x00, 0x00, 0x00,
    0x00, 0x00, 0x00, 0x00, 0x00, 0x00, 0x00, 0x00, 0x00, 0x00, 0x00, 0x00, 0x00, 0x00, 0x00, 0x00,
}};
inline constexpr std::array<std::uint8_t, 1600> uve_node_icon_decal_node_rgba{{
    0x00, 0x00, 0x00, 0x00, 0x00, 0x00, 0x00, 0x00, 0x00, 0x00, 0x00, 0x00, 0x00, 0x00, 0x00, 0x00,
    0x00, 0x00, 0x00, 0x00, 0x00, 0x00, 0x00, 0x00, 0x00, 0x00, 0x00, 0x00, 0x00, 0x00, 0x00, 0x00,
    0x00, 0x00, 0x00, 0x00, 0x00, 0x00, 0x00, 0x00, 0x00, 0x00, 0x00, 0x00, 0x00, 0x00, 0x00, 0x00,
    0x00, 0x00, 0x00, 0x00, 0x00, 0x00, 0x00, 0x00, 0x00, 0x00, 0x00, 0x00, 0x00, 0x00, 0x00, 0x00,
    0x00, 0x00, 0x00, 0x00, 0x00, 0x00, 0x00, 0x00, 0x00, 0x00, 0x00, 0x00, 0x00, 0x00, 0x00, 0x00,
    0x00, 0x00, 0x00, 0x00, 0x00, 0x00, 0x00, 0x00, 0x00, 0x00, 0x00, 0x00, 0x00, 0x00, 0x00, 0x00,
    0xDB, 0xDB, 0xDB, 0x07, 0xE9, 0xE9, 0xE9, 0x22, 0xE9, 0xE9, 0xE9, 0x22, 0xE9, 0xE9, 0xE9, 0x22,
    0xE9, 0xE9, 0xE9, 0x22, 0xE9, 0xE9, 0xE9, 0x22, 0xE9, 0xE9, 0xE9, 0x22, 0xE9, 0xE9, 0xE9, 0x22,
    0xE9, 0xE9, 0xE9, 0x23, 0x00, 0x00, 0x00, 0x00, 0x00, 0x00, 0x00, 0x00, 0x00, 0x00, 0x00, 0x00,
    0x00, 0x00, 0x00, 0x00, 0x00, 0x00, 0x00, 0x00, 0x00, 0x00, 0x00, 0x00, 0x00, 0x00, 0x00, 0x00,
    0x00, 0x00, 0x00, 0x00, 0x00, 0x00, 0x00, 0x00, 0x00, 0x00, 0x00, 0x00, 0x00, 0x00, 0x00, 0x00,
    0xE5, 0xE9, 0xEC, 0x94, 0xE6, 0xE8, 0xEC, 0xFF, 0xE6, 0xE8, 0xEC, 0xFF, 0xE6, 0xE8, 0xEC, 0xFF,
    0xE6, 0xE8, 0xEC, 0xFF, 0xE6, 0xE8, 0xEC, 0xFF, 0xE6, 0xE8, 0xEC, 0xFF, 0xE6, 0xE8, 0xEC, 0xFF,
    0xE5, 0xE8, 0xEC, 0xFF, 0xE6, 0xE8, 0xED, 0x71, 0x00, 0x00, 0x00, 0x00, 0x00, 0x00, 0x00, 0x00,
    0x00, 0x00, 0x00, 0x00, 0x00, 0x00, 0x00, 0x00, 0x00, 0x00, 0x00, 0x00, 0x00, 0x00, 0x00, 0x00,
    0x00, 0x00, 0x00, 0x00, 0x00, 0x00, 0x00, 0x00, 0x00, 0x00, 0x00, 0x00, 0x00, 0x00, 0x00, 0x00,
    0xE5, 0xE9, 0xEC, 0x9F, 0xE6, 0xE7, 0xEC, 0xAC, 0xE9, 0xE9, 0xE9, 0x22, 0xE9, 0xE9, 0xE9, 0x22,
    0xE9, 0xE9, 0xE9, 0x22, 0xE9, 0xE9, 0xE9, 0x22, 0xE9, 0xE9, 0xE9, 0x22, 0xE6, 0xE6, 0xEA, 0x3E,
    0xE6, 0xE8, 0xEC, 0xFF, 0xE7, 0xE8, 0xED, 0xFC, 0xE5, 0xE8, 0xED, 0x63, 0x00, 0x00, 0x00, 0x00,
    0x00, 0x00, 0x00, 0x00, 0x00, 0x00, 0x00, 0x00, 0x00, 0x00, 0x00, 0x00, 0x00, 0x00, 0x00, 0x00,
    0x00, 0x00, 0x00, 0x00, 0x00, 0x00, 0x00, 0x00, 0x00, 0x00, 0x00, 0x00, 0x00, 0x00, 0x00, 0x00,
    0xE5, 0xE9, 0xEC, 0x9F, 0xE5, 0xE9, 0xEC, 0x9F, 0x00, 0x00, 0x00, 0x00, 0x00, 0x00, 0x00, 0x00,
    0x00, 0x00, 0x00, 0x00, 0x00, 0x00, 0x00, 0x00, 0x00, 0x00, 0x00, 0x00, 0xE7, 0xE7, 0xEF, 0x20,
    0xE6, 0xE8, 0xEC, 0xFF, 0xE5, 0xE7, 0xEE, 0x76, 0xE6, 0xE8, 0xEC, 0xFC, 0xE7, 0xE9, 0xEC, 0x69,
    0x00, 0x00, 0x00, 0x00, 0x00, 0x00, 0x00, 0x00, 0x00, 0x00, 0x00, 0x00, 0x00, 0x00, 0x00, 0x00,
    0x00, 0x00, 0x00, 0x00, 0x00, 0x00, 0x00, 0x00, 0x00, 0x00, 0x00, 0x00, 0x00, 0x00, 0x00, 0x00,
    0xE5, 0xE9, 0xEC, 0x9F, 0xE5, 0xE9, 0xEC, 0x9F, 0x00, 0x00, 0x00, 0x00, 0x00, 0x00, 0x00, 0x00,
    0x00, 0x00, 0x00, 0x00, 0x00, 0x00, 0x00, 0x00, 0x00, 0x00, 0x00, 0x00, 0xE7, 0xE7, 0xEF, 0x20,
    0xE6, 0xE8, 0xEC, 0xFF, 0xE7, 0xE7, 0xEF, 0x20, 0xE5, 0xE8, 0xED, 0x62, 0xE6, 0xE8, 0xEC, 0xFC,
    0xE7, 0xE9, 0xEC, 0x69, 0x00, 0x00, 0x00, 0x00, 0x00, 0x00, 0x00, 0x00, 0x00, 0x00, 0x00, 0x00,
    0x00, 0x00, 0x00, 0x00, 0x00, 0x00, 0x00, 0x00, 0x00, 0x00, 0x00, 0x00, 0x00, 0x00, 0x00, 0x00,
    0xE5, 0xE9, 0xEC, 0x9F, 0xE5, 0xE9, 0xEC, 0x9F, 0x00, 0x00, 0x00, 0x00, 0x00, 0x00, 0x00, 0x00,
    0x00, 0x00, 0x00, 0x00, 0x00, 0x00, 0x00, 0x00, 0x00, 0x00, 0x00, 0x00, 0xE7, 0xE7, 0xEF, 0x20,
    0xE6, 0xE8, 0xEC, 0xFF, 0xE6, 0xE6, 0xEA, 0x3E, 0xE9, 0xE9, 0xE9, 0x22, 0xE5, 0xE7, 0xEC, 0x77,
    0xE7, 0xE8, 0xEC, 0xFC, 0xE7, 0xEA, 0xEC, 0x77, 0x00, 0x00, 0x00, 0x00, 0x00, 0x00, 0x00, 0x00,
    0x00, 0x00, 0x00, 0x00, 0x00, 0x00, 0x00, 0x00, 0x00, 0x00, 0x00, 0x00, 0x00, 0x00, 0x00, 0x00,
    0xE5, 0xE9, 0xEC, 0x9F, 0xE5, 0xE9, 0xEC, 0x9F, 0x00, 0x00, 0x00, 0x00, 0x00, 0x00, 0x00, 0x00,
    0x00, 0x00, 0x00, 0x00, 0x00, 0x00, 0x00, 0x00, 0x00, 0x00, 0x00, 0x00, 0xE9, 0xE9, 0xE9, 0x17,
    0xE6, 0xE8, 0xEC, 0xFC, 0xE6, 0xE8, 0xEC, 0xFF, 0xE6, 0xE8, 0xEC, 0xFF, 0xE6, 0xE8, 0xEC, 0xFF,
    0xE6, 0xE8, 0xEC, 0xFF, 0xE5, 0xE8, 0xEC, 0xFF, 0xE9, 0xE9, 0xE9, 0x22, 0x00, 0x00, 0x00, 0x00,
    0x00, 0x00, 0x00, 0x00, 0x00, 0x00, 0x00, 0x00, 0x00, 0x00, 0x00, 0x00, 0x00, 0x00, 0x00, 0x00,
    0xE5, 0xE9, 0xEC, 0x9F, 0xE5, 0xE9, 0xEC, 0x9F, 0x00, 0x00, 0x00, 0x00, 0x00, 0x00, 0x00, 0x00,
    0x00, 0x00, 0x00, 0x00, 0x00, 0x00, 0x00, 0x00, 0x00, 0x00, 0x00, 0x00, 0x00, 0x00, 0x00, 0x00,
    0xEA, 0xEA, 0xEA, 0x18, 0xE9, 0xE9, 0xE9, 0x22, 0xE9, 0xE9, 0xE9, 0x22, 0xE9, 0xE9, 0xE9, 0x22,
    0xE6, 0xE6, 0xEA, 0x3E, 0xE6, 0xE8, 0xEC, 0xFF, 0xE7, 0xE7, 0xEF, 0x20, 0x00, 0x00, 0x00, 0x00,
    0x00, 0x00, 0x00, 0x00, 0x00, 0x00, 0x00, 0x00, 0x00, 0x00, 0x00, 0x00, 0x00, 0x00, 0x00, 0x00,
    0xE5, 0xE9, 0xEC, 0x9F, 0xE5, 0xE9, 0xEC, 0x9F, 0x00, 0x00, 0x00, 0x00, 0xE6, 0xE6, 0xEC, 0x28,
    0xE6, 0xE8, 0xEC, 0xA5, 0xE6, 0xE8, 0xEC, 0xB9, 0xE7, 0xE7, 0xED, 0x56, 0x00, 0x00, 0x00, 0x00,
    0x00, 0x00, 0x00, 0x00, 0x00, 0x00, 0x00, 0x00, 0x00, 0x00, 0x00, 0x00, 0x00, 0x00, 0x00, 0x00,
    0xE7, 0xE7, 0xEF, 0x20, 0xE6, 0xE8, 0xEC, 0xFF, 0xE7, 0xE7, 0xEF, 0x20, 0x00, 0x00, 0x00, 0x00,
    0x00, 0x00, 0x00, 0x00, 0x00, 0x00, 0x00, 0x00, 0x00, 0x00, 0x00, 0x00, 0x00, 0x00, 0x00, 0x00,
    0xE5, 0xE9, 0xEC, 0x9F, 0xE5, 0xE9, 0xEC, 0x9F, 0xEA, 0xEA, 0xEA, 0x0C, 0xE7, 0xE8, 0xEC, 0xE5,
    0xE6, 0xE7, 0xEB, 0xB7, 0xE6, 0xE8, 0xEB, 0x8E, 0xE6, 0xE8, 0xEC, 0xFA, 0xE5, 0xE9, 0xED, 0x45,
    0x00, 0x00, 0x00, 0x00, 0x00, 0x00, 0x00, 0x00, 0x00, 0x00, 0x00, 0x00, 0x00, 0x00, 0x00, 0x00,
    0xE7, 0xE7, 0xEF, 0x20, 0xE6, 0xE8, 0xEC, 0xFF, 0xE7, 0xE7, 0xEF, 0x20, 0x00, 0x00, 0x00, 0x00,
    0x00, 0x00, 0x00, 0x00, 0x00, 0x00, 0x00, 0x00, 0x00, 0x00, 0x00, 0x00, 0x00, 0x00, 0x00, 0x00,
    0xE5, 0xE9, 0xEC, 0x9F, 0xE5, 0xE9, 0xEC, 0x9F, 0xE6, 0xE6, 0xEA, 0x3D, 0xE6, 0xE8, 0xEC, 0xFD,
    0xDB, 0xDB, 0xDB, 0x07, 0x00, 0x00, 0x00, 0x00, 0xE6, 0xE8, 0xEC, 0xB0, 0xE6, 0xE8, 0xEC, 0x91,
    0x00, 0x00, 0x00, 0x00, 0x00, 0x00, 0x00, 0x00, 0x00, 0x00, 0x00, 0x00, 0x00, 0x00, 0x00, 0x00,
    0xE7, 0xE7, 0xEF, 0x20, 0xE6, 0xE8, 0xEC, 0xFF, 0xE7, 0xE7, 0xEF, 0x20, 0x00, 0x00, 0x00, 0x00,
    0x00, 0x00, 0x00, 0x00, 0x00, 0x00, 0x00, 0x00, 0x00, 0x00, 0x00, 0x00, 0x00, 0x00, 0x00, 0x00,
    0xE5, 0xE9, 0xEC, 0x9F, 0xE5, 0xE9, 0xEC, 0x9F, 0xE4, 0xE4, 0xED, 0x1C, 0xE6, 0xE8, 0xEC, 0xFB,
    0xE7, 0xE7, 0xEC, 0x6A, 0xE5, 0xE9, 0xEE, 0x3B, 0xE6, 0xE8, 0xEC, 0xE6, 0xE7, 0xE7, 0xEC, 0x6B,
    0x00, 0x00, 0x00, 0x00, 0x00, 0x00, 0x00, 0x00, 0x00, 0x00, 0x00, 0x00, 0x00, 0x00, 0x00, 0x00,
    0xE7, 0xE7, 0xEF, 0x20, 0xE6, 0xE8, 0xEC, 0xFF, 0xE7, 0xE7, 0xEF, 0x20, 0x00, 0x00, 0x00, 0x00,
    0x00, 0x00, 0x00, 0x00, 0x00, 0x00, 0x00, 0x00, 0x00, 0x00, 0x00, 0x00, 0x00, 0x00, 0x00, 0x00,
    0xE5, 0xE9, 0xEC, 0x9F, 0xE5, 0xE9, 0xEC, 0x9F, 0x00, 0x00, 0x00, 0x00, 0xE6, 0xE8, 0xEB, 0x65,
    0xE6, 0xE8, 0xEC, 0xF4, 0xE6, 0xE8, 0xEC, 0xFE, 0xE5, 0xE8, 0xEB, 0xA9, 0xD5, 0xD5, 0xFF, 0x06,
    0x00, 0x00, 0x00, 0x00, 0x00, 0x00, 0x00, 0x00, 0x00, 0x00, 0x00, 0x00, 0x00, 0x00, 0x00, 0x00,
    0xE7, 0xE7, 0xEF, 0x20, 0xE6, 0xE8, 0xEC, 0xFF, 0xE7, 0xE7, 0xEF, 0x20, 0x00, 0x00, 0x00, 0x00,
    0x00, 0x00, 0x00, 0x00, 0x00, 0x00, 0x00, 0x00, 0x00, 0x00, 0x00, 0x00, 0x00, 0x00, 0x00, 0x00,
    0xE5, 0xE9, 0xEC, 0x9F, 0xE5, 0xE9, 0xEC, 0x9F, 0x00, 0x00, 0x00, 0x00, 0x00, 0x00, 0x00, 0x00,
    0xFF, 0xFF, 0xFF, 0x05, 0xED, 0xED, 0xED, 0x0E, 0x00, 0x00, 0x00, 0x00, 0x00, 0x00, 0x00, 0x00,
    0x00, 0x00, 0x00, 0x00, 0x00, 0x00, 0x00, 0x00, 0x00, 0x00, 0x00, 0x00, 0x00, 0x00, 0x00, 0x00,
    0xE7, 0xE7, 0xEF, 0x20, 0xE6, 0xE8, 0xEC, 0xFF, 0xE7, 0xE7, 0xEF, 0x20, 0x00, 0x00, 0x00, 0x00,
    0x00, 0x00, 0x00, 0x00, 0x00, 0x00, 0x00, 0x00, 0x00, 0x00, 0x00, 0x00, 0x00, 0x00, 0x00, 0x00,
    0xE5, 0xE9, 0xEC, 0x9F, 0xE5, 0xE9, 0xEC, 0x9F, 0x00, 0x00, 0x00, 0x00, 0x00, 0x00, 0x00, 0x00,
    0x00, 0x00, 0x00, 0x00, 0x00, 0x00, 0x00, 0x00, 0x00, 0x00, 0x00, 0x00, 0x00, 0x00, 0x00, 0x00,
    0x00, 0x00, 0x00, 0x00, 0x00, 0x00, 0x00, 0x00, 0x00, 0x00, 0x00, 0x00, 0x00, 0x00, 0x00, 0x00,
    0xE7, 0xE7, 0xEF, 0x20, 0xE6, 0xE8, 0xEC, 0xFF, 0xE7, 0xE7, 0xEF, 0x20, 0x00, 0x00, 0x00, 0x00,
    0x00, 0x00, 0x00, 0x00, 0x00, 0x00, 0x00, 0x00, 0x00, 0x00, 0x00, 0x00, 0x00, 0x00, 0x00, 0x00,
    0xE5, 0xE9, 0xEC, 0x9F, 0xE6, 0xE7, 0xEC, 0xAC, 0xE9, 0xE9, 0xE9, 0x22, 0xE9, 0xE9, 0xE9, 0x22,
    0xE9, 0xE9, 0xE9, 0x22, 0xE9, 0xE9, 0xE9, 0x22, 0xE9, 0xE9, 0xE9, 0x22, 0xE9, 0xE9, 0xE9, 0x22,
    0xE9, 0xE9, 0xE9, 0x22, 0xE9, 0xE9, 0xE9, 0x22, 0xE9, 0xE9, 0xE9, 0x22, 0xE9, 0xE9, 0xE9, 0x22,
    0xE6, 0xE6, 0xEA, 0x3E, 0xE6, 0xE8, 0xEC, 0xFF, 0xE7, 0xE7, 0xEF, 0x20, 0x00, 0x00, 0x00, 0x00,
    0x00, 0x00, 0x00, 0x00, 0x00, 0x00, 0x00, 0x00, 0x00, 0x00, 0x00, 0x00, 0x00, 0x00, 0x00, 0x00,
    0xE5, 0xE9, 0xEC, 0x94, 0xE6, 0xE8, 0xEC, 0xFF, 0xE6, 0xE8, 0xEC, 0xFF, 0xE6, 0xE8, 0xEC, 0xFF,
    0xE6, 0xE8, 0xEC, 0xFF, 0xE6, 0xE8, 0xEC, 0xFF, 0xE6, 0xE8, 0xEC, 0xFF, 0xE6, 0xE8, 0xEC, 0xFF,
    0xE6, 0xE8, 0xEC, 0xFF, 0xE6, 0xE8, 0xEC, 0xFF, 0xE6, 0xE8, 0xEC, 0xFF, 0xE6, 0xE8, 0xEC, 0xFF,
    0xE6, 0xE8, 0xEC, 0xFF, 0xE6, 0xE8, 0xEC, 0xFC, 0xE9, 0xE9, 0xE9, 0x17, 0x00, 0x00, 0x00, 0x00,
    0x00, 0x00, 0x00, 0x00, 0x00, 0x00, 0x00, 0x00, 0x00, 0x00, 0x00, 0x00, 0x00, 0x00, 0x00, 0x00,
    0xDB, 0xDB, 0xDB, 0x07, 0xE9, 0xE9, 0xE9, 0x22, 0xE9, 0xE9, 0xE9, 0x22, 0xE9, 0xE9, 0xE9, 0x22,
    0xE9, 0xE9, 0xE9, 0x22, 0xE9, 0xE9, 0xE9, 0x22, 0xE9, 0xE9, 0xE9, 0x22, 0xE9, 0xE9, 0xE9, 0x22,
    0xE9, 0xE9, 0xE9, 0x22, 0xE9, 0xE9, 0xE9, 0x22, 0xE9, 0xE9, 0xE9, 0x22, 0xE9, 0xE9, 0xE9, 0x22,
    0xE9, 0xE9, 0xE9, 0x22, 0xEA, 0xEA, 0xEA, 0x18, 0x00, 0x00, 0x00, 0x00, 0x00, 0x00, 0x00, 0x00,
    0x00, 0x00, 0x00, 0x00, 0x00, 0x00, 0x00, 0x00, 0x00, 0x00, 0x00, 0x00, 0x00, 0x00, 0x00, 0x00,
    0x00, 0x00, 0x00, 0x00, 0x00, 0x00, 0x00, 0x00, 0x00, 0x00, 0x00, 0x00, 0x00, 0x00, 0x00, 0x00,
    0x00, 0x00, 0x00, 0x00, 0x00, 0x00, 0x00, 0x00, 0x00, 0x00, 0x00, 0x00, 0x00, 0x00, 0x00, 0x00,
    0x00, 0x00, 0x00, 0x00, 0x00, 0x00, 0x00, 0x00, 0x00, 0x00, 0x00, 0x00, 0x00, 0x00, 0x00, 0x00,
    0x00, 0x00, 0x00, 0x00, 0x00, 0x00, 0x00, 0x00, 0x00, 0x00, 0x00, 0x00, 0x00, 0x00, 0x00, 0x00,
}};
inline constexpr std::array<std::uint8_t, 1600> uve_node_icon_empty_node_rgba{{
    0x00, 0x00, 0x00, 0x00, 0x00, 0x00, 0x00, 0x00, 0x00, 0x00, 0x00, 0x00, 0x00, 0x00, 0x00, 0x00,
    0x00, 0x00, 0x00, 0x00, 0x00, 0x00, 0x00, 0x00, 0x00, 0x00, 0x00, 0x00, 0x00, 0x00, 0x00, 0x00,
    0x00, 0x00, 0x00, 0x00, 0x00, 0x00, 0x00, 0x00, 0x00, 0x00, 0x00, 0x00, 0x00, 0x00, 0x00, 0x00,
    0x00, 0x00, 0x00, 0x00, 0x00, 0x00, 0x00, 0x00, 0x00, 0x00, 0x00, 0x00, 0x00, 0x00, 0x00, 0x00,
    0x00, 0x00, 0x00, 0x00, 0x00, 0x00, 0x00, 0x00, 0x00, 0x00, 0x00, 0x00, 0x00, 0x00, 0x00, 0x00,
    0x00, 0x00, 0x00, 0x00, 0x00, 0x00, 0x00, 0x00, 0x00, 0x00, 0x00, 0x00, 0x00, 0x00, 0x00, 0x00,
    0x00, 0x00, 0x00, 0x00, 0x00, 0x00, 0x00, 0x00, 0x00, 0x00, 0x00, 0x00, 0x00, 0x00, 0x00, 0x00,
    0x00, 0x00, 0x00, 0x00, 0xDB, 0xDB, 0xDB, 0x07, 0xDB, 0xDB, 0xDB, 0x07, 0x00, 0x00, 0x00, 0x00,
    0x00, 0x00, 0x00, 0x00, 0x00, 0x00, 0x00, 0x00, 0x00, 0x00, 0x00, 0x00, 0x00, 0x00, 0x00, 0x00,
    0x00, 0x00, 0x00, 0x00, 0x00, 0x00, 0x00, 0x00, 0x00, 0x00, 0x00, 0x00, 0x00, 0x00, 0x00, 0x00,
    0x00, 0x00, 0x00, 0x00, 0x00, 0x00, 0x00, 0x00, 0x00, 0x00, 0x00, 0x00, 0x00, 0x00, 0x00, 0x00,
    0x00, 0x00, 0x00, 0x00, 0x00, 0x00, 0x00, 0x00, 0x00, 0x00, 0x00, 0x00, 0x00, 0x00, 0x00, 0x00,
    0x00, 0x00, 0x00, 0x00, 0xE5, 0xE9, 0xEC, 0x94, 0xE5, 0xE9, 0xEC, 0x94, 0x00, 0x00, 0x00, 0x00,
    0x00, 0x00, 0x00, 0x00, 0x00, 0x00, 0x00, 0x00, 0x00, 0x00, 0x00, 0x00, 0x00, 0x00, 0x00, 0x00,
    0x00, 0x00, 0x00, 0x00, 0x00, 0x00, 0x00, 0x00, 0x00, 0x00, 0x00, 0x00, 0x00, 0x00, 0x00, 0x00,
    0x00, 0x00, 0x00, 0x00, 0x00, 0x00, 0x00, 0x00, 0x00, 0x00, 0x00, 0x00, 0x00, 0x00, 0x00, 0x00,
    0x00, 0x00, 0x00, 0x00, 0x00, 0x00, 0x00, 0x00, 0x00, 0x00, 0x00, 0x00, 0x00, 0x00, 0x00, 0x00,
    0x00, 0x00, 0x00, 0x00, 0xE5, 0xE9, 0xEC, 0x9F, 0xE5, 0xE9, 0xEC, 0x9F, 0x00, 0x00, 0x00, 0x00,
    0x00, 0x00, 0x00, 0x00, 0x00, 0x00, 0x00, 0x00, 0x00, 0x00, 0x00, 0x00, 0x00, 0x00, 0x00, 0x00,
    0x00, 0x00, 0x00, 0x00, 0x00, 0x00, 0x00, 0x00, 0x00, 0x00, 0x00, 0x00, 0x00, 0x00, 0x00, 0x00,
    0x00, 0x00, 0x00, 0x00, 0x00, 0x00, 0x00, 0x00, 0x00, 0x00, 0x00, 0x00, 0x00, 0x00, 0x00, 0x00,
    0x00, 0x00, 0x00, 0x00, 0x00, 0x00, 0x00, 0x00, 0x00, 0x00, 0x00, 0x00, 0x00, 0x00, 0x00, 0x00,
    0x00, 0x00, 0x00, 0x00, 0xE5, 0xE9, 0xEC, 0x9F, 0xE5, 0xE9, 0xEC, 0x9F, 0x00, 0x00, 0x00, 0x00,
    0x00, 0x00, 0x00, 0x00, 0x00, 0x00, 0x00, 0x00, 0x00, 0x00, 0x00, 0x00, 0x00, 0x00, 0x00, 0x00,
    0x00, 0x00, 0x00, 0x00, 0x00, 0x00, 0x00, 0x00, 0x00, 0x00, 0x00, 0x00, 0x00, 0x00, 0x00, 0x00,
    0x00, 0x00, 0x00, 0x00, 0x00, 0x00, 0x00, 0x00, 0x00, 0x00, 0x00, 0x00, 0x00, 0x00, 0x00, 0x00,
    0x00, 0x00, 0x00, 0x00, 0x00, 0x00, 0x00, 0x00, 0x00, 0x00, 0x00, 0x00, 0x00, 0x00, 0x00, 0x00,
    0x00, 0x00, 0x00, 0x00, 0xE5, 0xE9, 0xEC, 0x9F, 0xE5, 0xE9, 0xEC, 0x9F, 0x00, 0x00, 0x00, 0x00,
    0x00, 0x00, 0x00, 0x00, 0x00, 0x00, 0x00, 0x00, 0x00, 0x00, 0x00, 0x00, 0x00, 0x00, 0x00, 0x00,
    0x00, 0x00, 0x00, 0x00, 0x00, 0x00, 0x00, 0x00, 0x00, 0x00, 0x00, 0x00, 0x00, 0x00, 0x00, 0x00,
    0x00, 0x00, 0x00, 0x00, 0x00, 0x00, 0x00, 0x00, 0x00, 0x00, 0x00, 0x00, 0x00, 0x00, 0x00, 0x00,
    0x00, 0x00, 0x00, 0x00, 0x00, 0x00, 0x00, 0x00, 0x00, 0x00, 0x00, 0x00, 0x00, 0x00, 0x00, 0x00,
    0x00, 0x00, 0x00, 0x00, 0xE5, 0xE9, 0xEC, 0x9F, 0xE5, 0xE9, 0xEC, 0x9F, 0x00, 0x00, 0x00, 0x00,
    0x00, 0x00, 0x00, 0x00, 0x00, 0x00, 0x00, 0x00, 0x00, 0x00, 0x00, 0x00, 0x00, 0x00, 0x00, 0x00,
    0x00, 0x00, 0x00, 0x00, 0x00, 0x00, 0x00, 0x00, 0x00, 0x00, 0x00, 0x00, 0x00, 0x00, 0x00, 0x00,
    0x00, 0x00, 0x00, 0x00, 0x00, 0x00, 0x00, 0x00, 0x00, 0x00, 0x00, 0x00, 0x00, 0x00, 0x00, 0x00,
    0x00, 0x00, 0x00, 0x00, 0x00, 0x00, 0x00, 0x00, 0x00, 0x00, 0x00, 0x00, 0x00, 0x00, 0x00, 0x00,
    0x00, 0x00, 0x00, 0x00, 0xE5, 0xE9, 0xEC, 0x94, 0xE5, 0xE9, 0xEC, 0x94, 0x00, 0x00, 0x00, 0x00,
    0x00, 0x00, 0x00, 0x00, 0x00, 0x00, 0x00, 0x00, 0x00, 0x00, 0x00, 0x00, 0x00, 0x00, 0x00, 0x00,
    0x00, 0x00, 0x00, 0x00, 0x00, 0x00, 0x00, 0x00, 0x00, 0x00, 0x00, 0x00, 0x00, 0x00, 0x00, 0x00,
    0x00, 0x00, 0x00, 0x00, 0x00, 0x00, 0x00, 0x00, 0x00, 0x00, 0x00, 0x00, 0x00, 0x00, 0x00, 0x00,
    0x00, 0x00, 0x00, 0x00, 0x00, 0x00, 0x00, 0x00, 0x00, 0x00, 0x00, 0x00, 0x00, 0x00, 0x00, 0x00,
    0x00, 0x00, 0x00, 0x00, 0x18, 0x18, 0x18, 0x36, 0x18, 0x18, 0x18, 0x35, 0x00, 0x00, 0x00, 0x00,
    0x00, 0x00, 0x00, 0x00, 0x00, 0x00, 0x00, 0x00, 0x00, 0x00, 0x00, 0x00, 0x00, 0x00, 0x00, 0x00,
    0x00, 0x00, 0x00, 0x00, 0x00, 0x00, 0x00, 0x00, 0x00, 0x00, 0x00, 0x00, 0x00, 0x00, 0x00, 0x00,
    0x00, 0x00, 0x00, 0x00, 0xDB, 0xDB, 0xDB, 0x07, 0xE6, 0xE8, 0xEC, 0x90, 0xE6, 0xE8, 0xED, 0x99,
    0xE6, 0xE8, 0xED, 0x99, 0xE6, 0xE8, 0xED, 0x99, 0xE6, 0xE8, 0xED, 0x99, 0xE6, 0xE8, 0xEC, 0x90,
    0x18, 0x18, 0x18, 0x35, 0x00, 0x00, 0x00, 0xFD, 0x00, 0x00, 0x00, 0xFD, 0x18, 0x18, 0x18, 0x35,
    0xE6, 0xE8, 0xEC, 0x90, 0xE6, 0xE8, 0xED, 0x99, 0xE6, 0xE8, 0xED, 0x99, 0xE6, 0xE8, 0xED, 0x99,
    0xE6, 0xE8, 0xED, 0x99, 0xE6, 0xE8, 0xEC, 0x90, 0xDB, 0xDB, 0xDB, 0x07, 0x00, 0x00, 0x00, 0x00,
    0x00, 0x00, 0x00, 0x00, 0xDB, 0xDB, 0xDB, 0x07, 0xE6, 0xE8, 0xEC, 0x90, 0xE6, 0xE8, 0xED, 0x99,
    0xE6, 0xE8, 0xED, 0x99, 0xE6, 0xE8, 0xED, 0x99, 0xE6, 0xE8, 0xED, 0x99, 0xE6, 0xE8, 0xEC, 0x90,
    0x18, 0x18, 0x18, 0x35, 0x00, 0x00, 0x00, 0xFD, 0x00, 0x00, 0x00, 0xFD, 0x19, 0x19, 0x19, 0x34,
    0xE6, 0xE8, 0xEC, 0x90, 0xE6, 0xE8, 0xED, 0x99, 0xE6, 0xE8, 0xED, 0x99, 0xE6, 0xE8, 0xED, 0x99,
    0xE6, 0xE8, 0xED, 0x99, 0xE6, 0xE8, 0xEC, 0x90, 0xDB, 0xDB, 0xDB, 0x07, 0x00, 0x00, 0x00, 0x00,
    0x00, 0x00, 0x00, 0x00, 0x00, 0x00, 0x00, 0x00, 0x00, 0x00, 0x00, 0x00, 0x00, 0x00, 0x00, 0x00,
    0x00, 0x00, 0x00, 0x00, 0x00, 0x00, 0x00, 0x00, 0x00, 0x00, 0x00, 0x00, 0x00, 0x00, 0x00, 0x00,
    0x00, 0x00, 0x00, 0x00, 0x18, 0x18, 0x18, 0x35, 0x18, 0x18, 0x18, 0x35, 0x00, 0x00, 0x00, 0x00,
    0x00, 0x00, 0x00, 0x00, 0x00, 0x00, 0x00, 0x00, 0x00, 0x00, 0x00, 0x00, 0x00, 0x00, 0x00, 0x00,
    0x00, 0x00, 0x00, 0x00, 0x00, 0x00, 0x00, 0x00, 0x00, 0x00, 0x00, 0x00, 0x00, 0x00, 0x00, 0x00,
    0x00, 0x00, 0x00, 0x00, 0x00, 0x00, 0x00, 0x00, 0x00, 0x00, 0x00, 0x00, 0x00, 0x00, 0x00, 0x00,
    0x00, 0x00, 0x00, 0x00, 0x00, 0x00, 0x00, 0x00, 0x00, 0x00, 0x00, 0x00, 0x00, 0x00, 0x00, 0x00,
    0x00, 0x00, 0x00, 0x00, 0xE5, 0xE9, 0xEC, 0x94, 0xE5, 0xE9, 0xEC, 0x94, 0x00, 0x00, 0x00, 0x00,
    0x00, 0x00, 0x00, 0x00, 0x00, 0x00, 0x00, 0x00, 0x00, 0x00, 0x00, 0x00, 0x00, 0x00, 0x00, 0x00,
    0x00, 0x00, 0x00, 0x00, 0x00, 0x00, 0x00, 0x00, 0x00, 0x00, 0x00, 0x00, 0x00, 0x00, 0x00, 0x00,
    0x00, 0x00, 0x00, 0x00, 0x00, 0x00, 0x00, 0x00, 0x00, 0x00, 0x00, 0x00, 0x00, 0x00, 0x00, 0x00,
    0x00, 0x00, 0x00, 0x00, 0x00, 0x00, 0x00, 0x00, 0x00, 0x00, 0x00, 0x00, 0x00, 0x00, 0x00, 0x00,
    0x00, 0x00, 0x00, 0x00, 0xE5, 0xE9, 0xEC, 0x9F, 0xE5, 0xE9, 0xEC, 0x9F, 0x00, 0x00, 0x00, 0x00,
    0x00, 0x00, 0x00, 0x00, 0x00, 0x00, 0x00, 0x00, 0x00, 0x00, 0x00, 0x00, 0x00, 0x00, 0x00, 0x00,
    0x00, 0x00, 0x00, 0x00, 0x00, 0x00, 0x00, 0x00, 0x00, 0x00, 0x00, 0x00, 0x00, 0x00, 0x00, 0x00,
    0x00, 0x00, 0x00, 0x00, 0x00, 0x00, 0x00, 0x00, 0x00, 0x00, 0x00, 0x00, 0x00, 0x00, 0x00, 0x00,
    0x00, 0x00, 0x00, 0x00, 0x00, 0x00, 0x00, 0x00, 0x00, 0x00, 0x00, 0x00, 0x00, 0x00, 0x00, 0x00,
    0x00, 0x00, 0x00, 0x00, 0xE5, 0xE9, 0xEC, 0x9F, 0xE5, 0xE9, 0xEC, 0x9F, 0x00, 0x00, 0x00, 0x00,
    0x00, 0x00, 0x00, 0x00, 0x00, 0x00, 0x00, 0x00, 0x00, 0x00, 0x00, 0x00, 0x00, 0x00, 0x00, 0x00,
    0x00, 0x00, 0x00, 0x00, 0x00, 0x00, 0x00, 0x00, 0x00, 0x00, 0x00, 0x00, 0x00, 0x00, 0x00, 0x00,
    0x00, 0x00, 0x00, 0x00, 0x00, 0x00, 0x00, 0x00, 0x00, 0x00, 0x00, 0x00, 0x00, 0x00, 0x00, 0x00,
    0x00, 0x00, 0x00, 0x00, 0x00, 0x00, 0x00, 0x00, 0x00, 0x00, 0x00, 0x00, 0x00, 0x00, 0x00, 0x00,
    0x00, 0x00, 0x00, 0x00, 0xE5, 0xE9, 0xEC, 0x9F, 0xE5, 0xE9, 0xEC, 0x9F, 0x00, 0x00, 0x00, 0x00,
    0x00, 0x00, 0x00, 0x00, 0x00, 0x00, 0x00, 0x00, 0x00, 0x00, 0x00, 0x00, 0x00, 0x00, 0x00, 0x00,
    0x00, 0x00, 0x00, 0x00, 0x00, 0x00, 0x00, 0x00, 0x00, 0x00, 0x00, 0x00, 0x00, 0x00, 0x00, 0x00,
    0x00, 0x00, 0x00, 0x00, 0x00, 0x00, 0x00, 0x00, 0x00, 0x00, 0x00, 0x00, 0x00, 0x00, 0x00, 0x00,
    0x00, 0x00, 0x00, 0x00, 0x00, 0x00, 0x00, 0x00, 0x00, 0x00, 0x00, 0x00, 0x00, 0x00, 0x00, 0x00,
    0x00, 0x00, 0x00, 0x00, 0xE5, 0xE9, 0xEC, 0x9F, 0xE5, 0xE9, 0xEC, 0x9F, 0x00, 0x00, 0x00, 0x00,
    0x00, 0x00, 0x00, 0x00, 0x00, 0x00, 0x00, 0x00, 0x00, 0x00, 0x00, 0x00, 0x00, 0x00, 0x00, 0x00,
    0x00, 0x00, 0x00, 0x00, 0x00, 0x00, 0x00, 0x00, 0x00, 0x00, 0x00, 0x00, 0x00, 0x00, 0x00, 0x00,
    0x00, 0x00, 0x00, 0x00, 0x00, 0x00, 0x00, 0x00, 0x00, 0x00, 0x00, 0x00, 0x00, 0x00, 0x00, 0x00,
    0x00, 0x00, 0x00, 0x00, 0x00, 0x00, 0x00, 0x00, 0x00, 0x00, 0x00, 0x00, 0x00, 0x00, 0x00, 0x00,
    0x00, 0x00, 0x00, 0x00, 0xE5, 0xE9, 0xEC, 0x94, 0xE5, 0xE9, 0xEC, 0x94, 0x00, 0x00, 0x00, 0x00,
    0x00, 0x00, 0x00, 0x00, 0x00, 0x00, 0x00, 0x00, 0x00, 0x00, 0x00, 0x00, 0x00, 0x00, 0x00, 0x00,
    0x00, 0x00, 0x00, 0x00, 0x00, 0x00, 0x00, 0x00, 0x00, 0x00, 0x00, 0x00, 0x00, 0x00, 0x00, 0x00,
    0x00, 0x00, 0x00, 0x00, 0x00, 0x00, 0x00, 0x00, 0x00, 0x00, 0x00, 0x00, 0x00, 0x00, 0x00, 0x00,
    0x00, 0x00, 0x00, 0x00, 0x00, 0x00, 0x00, 0x00, 0x00, 0x00, 0x00, 0x00, 0x00, 0x00, 0x00, 0x00,
    0x00, 0x00, 0x00, 0x00, 0xDB, 0xDB, 0xDB, 0x07, 0xDB, 0xDB, 0xDB, 0x07, 0x00, 0x00, 0x00, 0x00,
    0x00, 0x00, 0x00, 0x00, 0x00, 0x00, 0x00, 0x00, 0x00, 0x00, 0x00, 0x00, 0x00, 0x00, 0x00, 0x00,
    0x00, 0x00, 0x00, 0x00, 0x00, 0x00, 0x00, 0x00, 0x00, 0x00, 0x00, 0x00, 0x00, 0x00, 0x00, 0x00,
    0x00, 0x00, 0x00, 0x00, 0x00, 0x00, 0x00, 0x00, 0x00, 0x00, 0x00, 0x00, 0x00, 0x00, 0x00, 0x00,
    0x00, 0x00, 0x00, 0x00, 0x00, 0x00, 0x00, 0x00, 0x00, 0x00, 0x00, 0x00, 0x00, 0x00, 0x00, 0x00,
    0x00, 0x00, 0x00, 0x00, 0x00, 0x00, 0x00, 0x00, 0x00, 0x00, 0x00, 0x00, 0x00, 0x00, 0x00, 0x00,
    0x00, 0x00, 0x00, 0x00, 0x00, 0x00, 0x00, 0x00, 0x00, 0x00, 0x00, 0x00, 0x00, 0x00, 0x00, 0x00,
    0x00, 0x00, 0x00, 0x00, 0x00, 0x00, 0x00, 0x00, 0x00, 0x00, 0x00, 0x00, 0x00, 0x00, 0x00, 0x00,
}};
inline constexpr std::array<std::uint8_t, 1600> uve_node_icon_hitbox_3d_node_rgba{{
    0x00, 0x00, 0x00, 0x00, 0x00, 0x00, 0x00, 0x00, 0x00, 0x00, 0x00, 0x00, 0x00, 0x00, 0x00, 0x00,
    0x00, 0x00, 0x00, 0x00, 0x00, 0x00, 0x00, 0x00, 0x00, 0x00, 0x00, 0x00, 0x00, 0x00, 0x00, 0x00,
    0x00, 0x00, 0x00, 0x00, 0x00, 0x00, 0x00, 0x00, 0x00, 0x00, 0x00, 0x00, 0x00, 0x00, 0x00, 0x00,
    0x00, 0x00, 0x00, 0x00, 0x00, 0x00, 0x00, 0x00, 0x00, 0x00, 0x00, 0x00, 0x00, 0x00, 0x00, 0x00,
    0x00, 0x00, 0x00, 0x00, 0x00, 0x00, 0x00, 0x00, 0x00, 0x00, 0x00, 0x00, 0x00, 0x00, 0x00, 0x00,
    0x00, 0x00, 0x00, 0x00, 0x00, 0x00, 0x00, 0x00, 0x00, 0x00, 0x00, 0x00, 0x00, 0x00, 0x00, 0x00,
    0x00, 0x00, 0x00, 0x00, 0x00, 0x00, 0x00, 0x00, 0x00, 0x00, 0x00, 0x00, 0x00, 0x00, 0x00, 0x00,
    0x00, 0x00, 0x00, 0x00, 0x00, 0x00, 0x00, 0x00, 0x00, 0x00, 0x00, 0x00, 0x00, 0x00, 0x00, 0x00,
    0x00, 0x00, 0x00, 0x00, 0x00, 0x00, 0x00, 0x00, 0x00, 0x00, 0x00, 0x00, 0x00, 0x00, 0x00, 0x00,
    0x00, 0x00, 0x00, 0x00, 0x00, 0x00, 0x00, 0x00, 0x00, 0x00, 0x00, 0x00, 0x00, 0x00, 0x00, 0x00,
    0x00, 0x00, 0x00, 0x00, 0x00, 0x00, 0x00, 0x00, 0xFF, 0xFF, 0xFF, 0x05, 0xE8, 0xE8, 0xEC, 0x42,
    0xE5, 0xE9, 0xEC, 0x44, 0xE5, 0xE9, 0xEC, 0x44, 0xE5, 0xE9, 0xEC, 0x44, 0xE5, 0xE9, 0xEC, 0x44,
    0xE5, 0xE9, 0xEC, 0x44, 0xE7, 0xEB, 0xEE, 0x4B, 0xE7, 0xEB, 0xEE, 0x4B, 0xE5, 0xE9, 0xEC, 0x44,
    0xE5, 0xE9, 0xEC, 0x44, 0xE5, 0xE9, 0xEC, 0x44, 0xE5, 0xE9, 0xEC, 0x44, 0xE5, 0xE9, 0xEC, 0x44,
    0xE8, 0xE8, 0xEC, 0x42, 0xFF, 0xFF, 0xFF, 0x05, 0x00, 0x00, 0x00, 0x00, 0x00, 0x00, 0x00, 0x00,
    0x00, 0x00, 0x00, 0x00, 0x00, 0x00, 0x00, 0x00, 0xE6, 0xE9, 0xED, 0x47, 0xE6, 0xE8, 0xEC, 0xFE,
    0xE6, 0xE9, 0xEC, 0xEE, 0xE6, 0xE9, 0xEC, 0xEE, 0xE6, 0xE9, 0xEC, 0xEE, 0xE6, 0xE9, 0xEC, 0xEE,
    0xE6, 0xE9, 0xEC, 0xEE, 0xE7, 0xE9, 0xED, 0xF2, 0xE7, 0xE9, 0xED, 0xF2, 0xE6, 0xE9, 0xEC, 0xEE,
    0xE6, 0xE9, 0xEC, 0xEE, 0xE6, 0xE9, 0xEC, 0xEE, 0xE6, 0xE9, 0xEC, 0xEE, 0xE6, 0xE9, 0xEC, 0xEE,
    0xE6, 0xE8, 0xEC, 0xFE, 0xE6, 0xE9, 0xED, 0x47, 0x00, 0x00, 0x00, 0x00, 0x00, 0x00, 0x00, 0x00,
    0x00, 0x00, 0x00, 0x00, 0x00, 0x00, 0x00, 0x00, 0xE7, 0xE7, 0xEB, 0x4B, 0xE6, 0xE8, 0xEC, 0xF4,
    0x00, 0x00, 0x00, 0x00, 0x00, 0x00, 0x00, 0x00, 0x00, 0x00, 0x00, 0x00, 0x00, 0x00, 0x00, 0x00,
    0x00, 0x00, 0x00, 0x00, 0xE3, 0xE7, 0xEB, 0x40, 0xE3, 0xE7, 0xEB, 0x40, 0x00, 0x00, 0x00, 0x00,
    0x00, 0x00, 0x00, 0x00, 0x00, 0x00, 0x00, 0x00, 0x00, 0x00, 0x00, 0x00, 0x00, 0x00, 0x00, 0x00,
    0xE6, 0xE8, 0xEC, 0xF4, 0xE7, 0xE7, 0xEB, 0x4B, 0x00, 0x00, 0x00, 0x00, 0x00, 0x00, 0x00, 0x00,
    0x00, 0x00, 0x00, 0x00, 0x00, 0x00, 0x00, 0x00, 0xE7, 0xE7, 0xEB, 0x4B, 0xE6, 0xE8, 0xEC, 0xF4,
    0x00, 0x00, 0x00, 0x00, 0x00, 0x00, 0x00, 0x00, 0x00, 0x00, 0x00, 0x00, 0x00, 0x00, 0x00, 0x00,
    0x00, 0x00, 0x00, 0x00, 0xE3, 0xE7, 0xEB, 0x40, 0xE3, 0xE7, 0xEB, 0x40, 0x00, 0x00, 0x00, 0x00,
    0x00, 0x00, 0x00, 0x00, 0x00, 0x00, 0x00, 0x00, 0x00, 0x00, 0x00, 0x00, 0x00, 0x00, 0x00, 0x00,
    0xE6, 0xE8, 0xEC, 0xF4, 0xE7, 0xE7, 0xEB, 0x4B, 0x00, 0x00, 0x00, 0x00, 0x00, 0x00, 0x00, 0x00,
    0x00, 0x00, 0x00, 0x00, 0x00, 0x00, 0x00, 0x00, 0xE7, 0xE7, 0xEB, 0x4B, 0xE6, 0xE8, 0xEC, 0xF4,
    0x00, 0x00, 0x00, 0x00, 0x00, 0x00, 0x00, 0x00, 0x00, 0x00, 0x00, 0x00, 0x00, 0x00, 0x00, 0x00,
    0x00, 0x00, 0x00, 0x00, 0xE3, 0xE7, 0xEB, 0x40, 0xE3, 0xE7, 0xEB, 0x40, 0x00, 0x00, 0x00, 0x00,
    0x00, 0x00, 0x00, 0x00, 0x00, 0x00, 0x00, 0x00, 0x00, 0x00, 0x00, 0x00, 0x00, 0x00, 0x00, 0x00,
    0xE6, 0xE8, 0xEC, 0xF4, 0xE7, 0xE7, 0xEB, 0x4B, 0x00, 0x00, 0x00, 0x00, 0x00, 0x00, 0x00, 0x00,
    0x00, 0x00, 0x00, 0x00, 0x00, 0x00, 0x00, 0x00, 0xE7, 0xE7, 0xEB, 0x4B, 0xE6, 0xE8, 0xEC, 0xF4,
    0x00, 0x00, 0x00, 0x00, 0x00, 0x00, 0x00, 0x00, 0x00, 0x00, 0x00, 0x00, 0x00, 0x00, 0x00, 0x00,
    0x00, 0x00, 0x00, 0x00, 0xE3, 0xE7, 0xEB, 0x40, 0xE3, 0xE7, 0xEB, 0x40, 0x00, 0x00, 0x00, 0x00,
    0x00, 0x00, 0x00, 0x00, 0x00, 0x00, 0x00, 0x00, 0x00, 0x00, 0x00, 0x00, 0x00, 0x00, 0x00, 0x00,
    0xE6, 0xE8, 0xEC, 0xF4, 0xE7, 0xE7, 0xEB, 0x4B, 0x00, 0x00, 0x00, 0x00, 0x00, 0x00, 0x00, 0x00,
    0x00, 0x00, 0x00, 0x00, 0x00, 0x00, 0x00, 0x00, 0xE7, 0xE7, 0xEB, 0x4B, 0xE6, 0xE8, 0xEC, 0xF4,
    0x00, 0x00, 0x00, 0x00, 0x00, 0x00, 0x00, 0x00, 0x00, 0x00, 0x00, 0x00, 0x00, 0x00, 0x00, 0x00,
    0x00, 0x00, 0x00, 0x0E, 0x27, 0x27, 0x29, 0xA8, 0x28, 0x29, 0x29, 0xA7, 0x00, 0x00, 0x00, 0x0E,
    0x00, 0x00, 0x00, 0x00, 0x00, 0x00, 0x00, 0x00, 0x00, 0x00, 0x00, 0x00, 0x00, 0x00, 0x00, 0x00,
    0xE6, 0xE8, 0xEC, 0xF4, 0xE7, 0xE7, 0xEB, 0x4B, 0x00, 0x00, 0x00, 0x00, 0x00, 0x00, 0x00, 0x00,
    0x00, 0x00, 0x00, 0x00, 0x00, 0x00, 0x00, 0x00, 0xE6, 0xE9, 0xEC, 0x52, 0xE5, 0xE8, 0xEC, 0xF7,
    0xE6, 0xEA, 0xEE, 0x3D, 0xE6, 0xEA, 0xEE, 0x3D, 0xE6, 0xEA, 0xEE, 0x3D, 0xE6, 0xEA, 0xEE, 0x3D,
    0x26, 0x28, 0x28, 0xA6, 0x00, 0x00, 0x00, 0xFF, 0x00, 0x00, 0x00, 0xFF, 0x27, 0x28, 0x28, 0xA5,
    0xE6, 0xEA, 0xEE, 0x3D, 0xE6, 0xEA, 0xEE, 0x3D, 0xE6, 0xEA, 0xEE, 0x3D, 0xE6, 0xEA, 0xEE, 0x3D,
    0xE5, 0xE8, 0xEC, 0xF7, 0xE6, 0xE9, 0xEC, 0x52, 0x00, 0x00, 0x00, 0x00, 0x00, 0x00, 0x00, 0x00,
    0x00, 0x00, 0x00, 0x00, 0x00, 0x00, 0x00, 0x00, 0xE6, 0xE9, 0xEC, 0x52, 0xE5, 0xE8, 0xEC, 0xF7,
    0xE6, 0xEA, 0xEE, 0x3D, 0xE6, 0xEA, 0xEE, 0x3D, 0xE6, 0xEA, 0xEE, 0x3D, 0xE6, 0xEA, 0xEE, 0x3D,
    0x26, 0x28, 0x28, 0xA6, 0x00, 0x00, 0x00, 0xFF, 0x00, 0x00, 0x00, 0xFF, 0x27, 0x28, 0x28, 0xA5,
    0xE6, 0xEA, 0xEE, 0x3D, 0xE6, 0xEA, 0xEE, 0x3D, 0xE6, 0xEA, 0xEE, 0x3D, 0xE6, 0xEA, 0xEE, 0x3D,
    0xE5, 0xE8, 0xEC, 0xF7, 0xE6, 0xE9, 0xEC, 0x52, 0x00, 0x00, 0x00, 0x00, 0x00, 0x00, 0x00, 0x00,
    0x00, 0x00, 0x00, 0x00, 0x00, 0x00, 0x00, 0x00, 0xE7, 0xE7, 0xEB, 0x4B, 0xE6, 0xE8, 0xEC, 0xF4,
    0x00, 0x00, 0x00, 0x00, 0x00, 0x00, 0x00, 0x00, 0x00, 0x00, 0x00, 0x00, 0x00, 0x00, 0x00, 0x00,
    0x00, 0x00, 0x00, 0x0E, 0x28, 0x29, 0x29, 0xA7, 0x28, 0x29, 0x29, 0xA7, 0x00, 0x00, 0x00, 0x0D,
    0x00, 0x00, 0x00, 0x00, 0x00, 0x00, 0x00, 0x00, 0x00, 0x00, 0x00, 0x00, 0x00, 0x00, 0x00, 0x00,
    0xE6, 0xE8, 0xEC, 0xF4, 0xE7, 0xE7, 0xEB, 0x4B, 0x00, 0x00, 0x00, 0x00, 0x00, 0x00, 0x00, 0x00,
    0x00, 0x00, 0x00, 0x00, 0x00, 0x00, 0x00, 0x00, 0xE7, 0xE7, 0xEB, 0x4B, 0xE6, 0xE8, 0xEC, 0xF4,
    0x00, 0x00, 0x00, 0x00, 0x00, 0x00, 0x00, 0x00, 0x00, 0x00, 0x00, 0x00, 0x00, 0x00, 0x00, 0x00,
    0x00, 0x00, 0x00, 0x00, 0xE3, 0xE7, 0xEB, 0x40, 0xE3, 0xE7, 0xEB, 0x40, 0x00, 0x00, 0x00, 0x00,
    0x00, 0x00, 0x00, 0x00, 0x00, 0x00, 0x00, 0x00, 0x00, 0x00, 0x00, 0x00, 0x00, 0x00, 0x00, 0x00,
    0xE6, 0xE8, 0xEC, 0xF4, 0xE7, 0xE7, 0xEB, 0x4B, 0x00, 0x00, 0x00, 0x00, 0x00, 0x00, 0x00, 0x00,
    0x00, 0x00, 0x00, 0x00, 0x00, 0x00, 0x00, 0x00, 0xE7, 0xE7, 0xEB, 0x4B, 0xE6, 0xE8, 0xEC, 0xF4,
    0x00, 0x00, 0x00, 0x00, 0x00, 0x00, 0x00, 0x00, 0x00, 0x00, 0x00, 0x00, 0x00, 0x00, 0x00, 0x00,
    0x00, 0x00, 0x00, 0x00, 0xE3, 0xE7, 0xEB, 0x40, 0xE3, 0xE7, 0xEB, 0x40, 0x00, 0x00, 0x00, 0x00,
    0x00, 0x00, 0x00, 0x00, 0x00, 0x00, 0x00, 0x00, 0x00, 0x00, 0x00, 0x00, 0x00, 0x00, 0x00, 0x00,
    0xE6, 0xE8, 0xEC, 0xF4, 0xE7, 0xE7, 0xEB, 0x4B, 0x00, 0x00, 0x00, 0x00, 0x00, 0x00, 0x00, 0x00,
    0x00, 0x00, 0x00, 0x00, 0x00, 0x00, 0x00, 0x00, 0xE7, 0xE7, 0xEB, 0x4B, 0xE6, 0xE8, 0xEC, 0xF4,
    0x00, 0x00, 0x00, 0x00, 0x00, 0x00, 0x00, 0x00, 0x00, 0x00, 0x00, 0x00, 0x00, 0x00, 0x00, 0x00,
    0x00, 0x00, 0x00, 0x00, 0xE3, 0xE7, 0xEB, 0x40, 0xE3, 0xE7, 0xEB, 0x40, 0x00, 0x00, 0x00, 0x00,
    0x00, 0x00, 0x00, 0x00, 0x00, 0x00, 0x00, 0x00, 0x00, 0x00, 0x00, 0x00, 0x00, 0x00, 0x00, 0x00,
    0xE6, 0xE8, 0xEC, 0xF4, 0xE7, 0xE7, 0xEB, 0x4B, 0x00, 0x00, 0x00, 0x00, 0x00, 0x00, 0x00, 0x00,
    0x00, 0x00, 0x00, 0x00, 0x00, 0x00, 0x00, 0x00, 0xE7, 0xE7, 0xEB, 0x4B, 0xE6, 0xE8, 0xEC, 0xF4,
    0x00, 0x00, 0x00, 0x00, 0x00, 0x00, 0x00, 0x00, 0x00, 0x00, 0x00, 0x00, 0x00, 0x00, 0x00, 0x00,
    0x00, 0x00, 0x00, 0x00, 0xE3, 0xE7, 0xEB, 0x40, 0xE3, 0xE7, 0xEB, 0x40, 0x00, 0x00, 0x00, 0x00,
    0x00, 0x00, 0x00, 0x00, 0x00, 0x00, 0x00, 0x00, 0x00, 0x00, 0x00, 0x00, 0x00, 0x00, 0x00, 0x00,
    0xE6, 0xE8, 0xEC, 0xF4, 0xE7, 0xE7, 0xEB, 0x4B, 0x00, 0x00, 0x00, 0x00, 0x00, 0x00, 0x00, 0x00,
    0x00, 0x00, 0x00, 0x00, 0x00, 0x00, 0x00, 0x00, 0xE6, 0xE9, 0xED, 0x47, 0xE6, 0xE8, 0xEC, 0xFE,
    0xE6, 0xE9, 0xEC, 0xEE, 0xE6, 0xE9, 0xEC, 0xEE, 0xE6, 0xE9, 0xEC, 0xEE, 0xE6, 0xE9, 0xEC, 0xEE,
    0xE6, 0xE9, 0xEC, 0xEE, 0xE7, 0xE9, 0xED, 0xF2, 0xE7, 0xE9, 0xED, 0xF2, 0xE6, 0xE9, 0xEC, 0xEE,
    0xE6, 0xE9, 0xEC, 0xEE, 0xE6, 0xE9, 0xEC, 0xEE, 0xE6, 0xE9, 0xEC, 0xEE, 0xE6, 0xE9, 0xEC, 0xEE,
    0xE6, 0xE8, 0xEC, 0xFE, 0xE6, 0xE9, 0xED, 0x47, 0x00, 0x00, 0x00, 0x00, 0x00, 0x00, 0x00, 0x00,
    0x00, 0x00, 0x00, 0x00, 0x00, 0x00, 0x00, 0x00, 0xFF, 0xFF, 0xFF, 0x05, 0xE8, 0xE8, 0xEC, 0x42,
    0xE5, 0xE9, 0xEC, 0x44, 0xE5, 0xE9, 0xEC, 0x44, 0xE5, 0xE9, 0xEC, 0x44, 0xE5, 0xE9, 0xEC, 0x44,
    0xE5, 0xE9, 0xEC, 0x44, 0xE7, 0xEB, 0xEE, 0x4B, 0xE7, 0xEB, 0xEE, 0x4B, 0xE5, 0xE9, 0xEC, 0x44,
    0xE5, 0xE9, 0xEC, 0x44, 0xE5, 0xE9, 0xEC, 0x44, 0xE5, 0xE9, 0xEC, 0x44, 0xE5, 0xE9, 0xEC, 0x44,
    0xE8, 0xE8, 0xEC, 0x42, 0xFF, 0xFF, 0xFF, 0x05, 0x00, 0x00, 0x00, 0x00, 0x00, 0x00, 0x00, 0x00,
    0x00, 0x00, 0x00, 0x00, 0x00, 0x00, 0x00, 0x00, 0x00, 0x00, 0x00, 0x00, 0x00, 0x00, 0x00, 0x00,
    0x00, 0x00, 0x00, 0x00, 0x00, 0x00, 0x00, 0x00, 0x00, 0x00, 0x00, 0x00, 0x00, 0x00, 0x00, 0x00,
    0x00, 0x00, 0x00, 0x00, 0x00, 0x00, 0x00, 0x00, 0x00, 0x00, 0x00, 0x00, 0x00, 0x00, 0x00, 0x00,
    0x00, 0x00, 0x00, 0x00, 0x00, 0x00, 0x00, 0x00, 0x00, 0x00, 0x00, 0x00, 0x00, 0x00, 0x00, 0x00,
    0x00, 0x00, 0x00, 0x00, 0x00, 0x00, 0x00, 0x00, 0x00, 0x00, 0x00, 0x00, 0x00, 0x00, 0x00, 0x00,
    0x00, 0x00, 0x00, 0x00, 0x00, 0x00, 0x00, 0x00, 0x00, 0x00, 0x00, 0x00, 0x00, 0x00, 0x00, 0x00,
    0x00, 0x00, 0x00, 0x00, 0x00, 0x00, 0x00, 0x00, 0x00, 0x00, 0x00, 0x00, 0x00, 0x00, 0x00, 0x00,
    0x00, 0x00, 0x00, 0x00, 0x00, 0x00, 0x00, 0x00, 0x00, 0x00, 0x00, 0x00, 0x00, 0x00, 0x00, 0x00,
    0x00, 0x00, 0x00, 0x00, 0x00, 0x00, 0x00, 0x00, 0x00, 0x00, 0x00, 0x00, 0x00, 0x00, 0x00, 0x00,
    0x00, 0x00, 0x00, 0x00, 0x00, 0x00, 0x00, 0x00, 0x00, 0x00, 0x00, 0x00, 0x00, 0x00, 0x00, 0x00,
}};
inline constexpr std::array<std::uint8_t, 1600> uve_node_icon_hurtbox_3d_node_rgba{{
    0x00, 0x00, 0x00, 0x00, 0x00, 0x00, 0x00, 0x00, 0x00, 0x00, 0x00, 0x00, 0x00, 0x00, 0x00, 0x00,
    0x00, 0x00, 0x00, 0x00, 0x00, 0x00, 0x00, 0x00, 0x00, 0x00, 0x00, 0x00, 0x00, 0x00, 0x00, 0x00,
    0x00, 0x00, 0x00, 0x00, 0x00, 0x00, 0x00, 0x00, 0x00, 0x00, 0x00, 0x00, 0x00, 0x00, 0x00, 0x00,
    0x00, 0x00, 0x00, 0x00, 0x00, 0x00, 0x00, 0x00, 0x00, 0x00, 0x00, 0x00, 0x00, 0x00, 0x00, 0x00,
    0x00, 0x00, 0x00, 0x00, 0x00, 0x00, 0x00, 0x00, 0x00, 0x00, 0x00, 0x00, 0x00, 0x00, 0x00, 0x00,
    0x00, 0x00, 0x00, 0x00, 0x00, 0x00, 0x00, 0x00, 0x00, 0x00, 0x00, 0x00, 0x00, 0x00, 0x00, 0x00,
    0x00, 0x00, 0x00, 0x00, 0x00, 0x00, 0x00, 0x00, 0x00, 0x00, 0x00, 0x00, 0x00, 0x00, 0x00, 0x00,
    0x00, 0x00, 0x00, 0x00, 0x00, 0x00, 0x00, 0x00, 0x00, 0x00, 0x00, 0x00, 0x00, 0x00, 0x00, 0x00,
    0x00, 0x00, 0x00, 0x00, 0x00, 0x00, 0x00, 0x00, 0x00, 0x00, 0x00, 0x00, 0x00, 0x00, 0x00, 0x00,
    0x00, 0x00, 0x00, 0x00, 0x00, 0x00, 0x00, 0x00, 0x00, 0x00, 0x00, 0x00, 0x00, 0x00, 0x00, 0x00,
    0x00, 0x00, 0x00, 0x00, 0x00, 0x00, 0x00, 0x00, 0xFF, 0xFF, 0xFF, 0x05, 0xE8, 0xE8, 0xEC, 0x42,
    0xE5, 0xE9, 0xEC, 0x44, 0xE5, 0xE9, 0xEC, 0x44, 0xE5, 0xE9, 0xEC, 0x44, 0xE5, 0xE9, 0xEC, 0x44,
    0xE5, 0xE9, 0xEC, 0x44, 0xE5, 0xE9, 0xEC, 0x44, 0xE5, 0xE9, 0xEC, 0x44, 0xE5, 0xE9, 0xEC, 0x44,
    0xE5, 0xE9, 0xEC, 0x44, 0xE5, 0xE9, 0xEC, 0x44, 0xE5, 0xE9, 0xEC, 0x44, 0xE5, 0xE9, 0xEC, 0x44,
    0xE8, 0xE8, 0xEC, 0x42, 0xFF, 0xFF, 0xFF, 0x05, 0x00, 0x00, 0x00, 0x00, 0x00, 0x00, 0x00, 0x00,
    0x00, 0x00, 0x00, 0x00, 0x00, 0x00, 0x00, 0x00, 0xE6, 0xE9, 0xED, 0x47, 0xE6, 0xE8, 0xEC, 0xFE,
    0xE6, 0xE9, 0xEC, 0xEE, 0xE6, 0xE9, 0xEC, 0xEE, 0xE6, 0xE9, 0xEC, 0xEE, 0xE6, 0xE9, 0xEC, 0xEE,
    0xE6, 0xE9, 0xEC, 0xEE, 0xE6, 0xE9, 0xEC, 0xEE, 0xE6, 0xE9, 0xEC, 0xEE, 0xE6, 0xE9, 0xEC, 0xEE,
    0xE6, 0xE9, 0xEC, 0xEE, 0xE6, 0xE9, 0xEC, 0xEE, 0xE6, 0xE9, 0xEC, 0xEE, 0xE6, 0xE9, 0xEC, 0xEE,
    0xE6, 0xE8, 0xEC, 0xFE, 0xE6, 0xE9, 0xED, 0x47, 0x00, 0x00, 0x00, 0x00, 0x00, 0x00, 0x00, 0x00,
    0x00, 0x00, 0x00, 0x00, 0x00, 0x00, 0x00, 0x00, 0xE7, 0xE7, 0xEB, 0x4B, 0xE6, 0xE8, 0xEC, 0xF4,
    0x00, 0x00, 0x00, 0x00, 0x00, 0x00, 0x00, 0x00, 0x00, 0x00, 0x00, 0x00, 0x00, 0x00, 0x00, 0x00,
    0x00, 0x00, 0x00, 0x00, 0x00, 0x00, 0x00, 0x00, 0x00, 0x00, 0x00, 0x00, 0x00, 0x00, 0x00, 0x00,
    0x00, 0x00, 0x00, 0x00, 0x00, 0x00, 0x00, 0x00, 0x00, 0x00, 0x00, 0x00, 0x00, 0x00, 0x00, 0x00,
    0xE6, 0xE8, 0xEC, 0xF4, 0xE7, 0xE7, 0xEB, 0x4B, 0x00, 0x00, 0x00, 0x00, 0x00, 0x00, 0x00, 0x00,
    0x00, 0x00, 0x00, 0x00, 0x00, 0x00, 0x00, 0x00, 0xE7, 0xE7, 0xEB, 0x4B, 0xE6, 0xE8, 0xEC, 0xF4,
    0x00, 0x00, 0x00, 0x00, 0x00, 0x00, 0x00, 0x00, 0x00, 0x00, 0x00, 0x00, 0x00, 0x00, 0x00, 0x00,
    0x00, 0x00, 0x00, 0x00, 0x00, 0x00, 0x00, 0x00, 0x00, 0x00, 0x00, 0x00, 0x00, 0x00, 0x00, 0x00,
    0x00, 0x00, 0x00, 0x00, 0x00, 0x00, 0x00, 0x00, 0x00, 0x00, 0x00, 0x00, 0x00, 0x00, 0x00, 0x00,
    0xE6, 0xE8, 0xEC, 0xF4, 0xE7, 0xE7, 0xEB, 0x4B, 0x00, 0x00, 0x00, 0x00, 0x00, 0x00, 0x00, 0x00,
    0x00, 0x00, 0x00, 0x00, 0x00, 0x00, 0x00, 0x00, 0xE7, 0xE7, 0xEB, 0x4B, 0xE6, 0xE8, 0xEC, 0xF4,
    0x00, 0x00, 0x00, 0x00, 0x00, 0x00, 0x00, 0x00, 0x00, 0x00, 0x00, 0x00, 0xED, 0xED, 0xED, 0x0E,
    0x00, 0x00, 0x00, 0x00, 0x00, 0x00, 0x00, 0x00, 0x00, 0x00, 0x00, 0x00, 0x00, 0x00, 0x00, 0x00,
    0xED, 0xED, 0xED, 0x0E, 0x00, 0x00, 0x00, 0x00, 0x00, 0x00, 0x00, 0x00, 0x00, 0x00, 0x00, 0x00,
    0xE6, 0xE8, 0xEC, 0xF4, 0xE7, 0xE7, 0xEB, 0x4B, 0x00, 0x00, 0x00, 0x00, 0x00, 0x00, 0x00, 0x00,
    0x00, 0x00, 0x00, 0x00, 0x00, 0x00, 0x00, 0x00, 0xE7, 0xE7, 0xEB, 0x4B, 0xE6, 0xE8, 0xEC, 0xF4,
    0x00, 0x00, 0x00, 0x00, 0x00, 0x00, 0x00, 0x00, 0xED, 0xED, 0xED, 0x0E, 0xE6, 0xE8, 0xEC, 0xF9,
    0xE5, 0xE8, 0xED, 0x63, 0x00, 0x00, 0x00, 0x00, 0x00, 0x00, 0x00, 0x00, 0xE5, 0xE8, 0xED, 0x63,
    0xE6, 0xE8, 0xEC, 0xF8, 0xED, 0xED, 0xED, 0x0E, 0x00, 0x00, 0x00, 0x00, 0x00, 0x00, 0x00, 0x00,
    0xE6, 0xE8, 0xEC, 0xF4, 0xE7, 0xE7, 0xEB, 0x4B, 0x00, 0x00, 0x00, 0x00, 0x00, 0x00, 0x00, 0x00,
    0x00, 0x00, 0x00, 0x00, 0x00, 0x00, 0x00, 0x00, 0xE7, 0xE7, 0xEB, 0x4B, 0xE6, 0xE8, 0xEC, 0xF4,
    0x00, 0x00, 0x00, 0x00, 0x00, 0x00, 0x00, 0x00, 0x00, 0x00, 0x00, 0x00, 0xE5, 0xE8, 0xED, 0x63,
    0xE6, 0xE8, 0xEC, 0xFC, 0xE5, 0xE8, 0xED, 0x63, 0xE5, 0xE8, 0xED, 0x63, 0xE6, 0xE8, 0xEC, 0xFC,
    0xE5, 0xE8, 0xED, 0x63, 0x00, 0x00, 0x00, 0x00, 0x00, 0x00, 0x00, 0x00, 0x00, 0x00, 0x00, 0x00,
    0xE6, 0xE8, 0xEC, 0xF4, 0xE7, 0xE7, 0xEB, 0x4B, 0x00, 0x00, 0x00, 0x00, 0x00, 0x00, 0x00, 0x00,
    0x00, 0x00, 0x00, 0x00, 0x00, 0x00, 0x00, 0x00, 0xE7, 0xE7, 0xEB, 0x4B, 0xE6, 0xE8, 0xEC, 0xF4,
    0x00, 0x00, 0x00, 0x00, 0x00, 0x00, 0x00, 0x00, 0x00, 0x00, 0x00, 0x00, 0x00, 0x00, 0x00, 0x00,
    0xE5, 0xE8, 0xED, 0x63, 0xE6, 0xE8, 0xEC, 0xFC, 0xE6, 0xE8, 0xEC, 0xFC, 0xE5, 0xE8, 0xED, 0x63,
    0x00, 0x00, 0x00, 0x00, 0x00, 0x00, 0x00, 0x00, 0x00, 0x00, 0x00, 0x00, 0x00, 0x00, 0x00, 0x00,
    0xE6, 0xE8, 0xEC, 0xF4, 0xE7, 0xE7, 0xEB, 0x4B, 0x00, 0x00, 0x00, 0x00, 0x00, 0x00, 0x00, 0x00,
    0x00, 0x00, 0x00, 0x00, 0x00, 0x00, 0x00, 0x00, 0xE7, 0xE7, 0xEB, 0x4B, 0xE6, 0xE8, 0xEC, 0xF4,
    0x00, 0x00, 0x00, 0x00, 0x00, 0x00, 0x00, 0x00, 0x00, 0x00, 0x00, 0x00, 0x00, 0x00, 0x00, 0x00,
    0xE5, 0xE8, 0xED, 0x63, 0xE6, 0xE8, 0xEC, 0xFC, 0xE6, 0xE8, 0xEC, 0xFC, 0xE5, 0xE8, 0xED, 0x63,
    0x00, 0x00, 0x00, 0x00, 0x00, 0x00, 0x00, 0x00, 0x00, 0x00, 0x00, 0x00, 0x00, 0x00, 0x00, 0x00,
    0xE6, 0xE8, 0xEC, 0xF4, 0xE7, 0xE7, 0xEB, 0x4B, 0x00, 0x00, 0x00, 0x00, 0x00, 0x00, 0x00, 0x00,
    0x00, 0x00, 0x00, 0x00, 0x00, 0x00, 0x00, 0x00, 0xE7, 0xE7, 0xEB, 0x4B, 0xE6, 0xE8, 0xEC, 0xF4,
    0x00, 0x00, 0x00, 0x00, 0x00, 0x00, 0x00, 0x00, 0x00, 0x00, 0x00, 0x00, 0xE5, 0xE8, 0xED, 0x63,
    0xE6, 0xE8, 0xEC, 0xFC, 0xE5, 0xE8, 0xED, 0x63, 0xE5, 0xE8, 0xED, 0x63, 0xE6, 0xE8, 0xEC, 0xFC,
    0xE5, 0xE8, 0xED, 0x63, 0x00, 0x00, 0x00, 0x00, 0x00, 0x00, 0x00, 0x00, 0x00, 0x00, 0x00, 0x00,
    0xE6, 0xE8, 0xEC, 0xF4, 0xE7, 0xE7, 0xEB, 0x4B, 0x00, 0x00, 0x00, 0x00, 0x00, 0x00, 0x00, 0x00,
    0x00, 0x00, 0x00, 0x00, 0x00, 0x00, 0x00, 0x00, 0xE7, 0xE7, 0xEB, 0x4B, 0xE6, 0xE8, 0xEC, 0xF4,
    0x00, 0x00, 0x00, 0x00, 0x00, 0x00, 0x00, 0x00, 0xED, 0xED, 0xED, 0x0E, 0xE6, 0xE8, 0xEC, 0xF9,
    0xE5, 0xE8, 0xED, 0x63, 0x00, 0x00, 0x00, 0x00, 0x00, 0x00, 0x00, 0x00, 0xE5, 0xE8, 0xED, 0x63,
    0xE6, 0xE8, 0xEC, 0xF8, 0xED, 0xED, 0xED, 0x0E, 0x00, 0x00, 0x00, 0x00, 0x00, 0x00, 0x00, 0x00,
    0xE6, 0xE8, 0xEC, 0xF4, 0xE7, 0xE7, 0xEB, 0x4B, 0x00, 0x00, 0x00, 0x00, 0x00, 0x00, 0x00, 0x00,
    0x00, 0x00, 0x00, 0x00, 0x00, 0x00, 0x00, 0x00, 0xE7, 0xE7, 0xEB, 0x4B, 0xE6, 0xE8, 0xEC, 0xF4,
    0x00, 0x00, 0x00, 0x00, 0x00, 0x00, 0x00, 0x00, 0x00, 0x00, 0x00, 0x00, 0xED, 0xED, 0xED, 0x0E,
    0x00, 0x00, 0x00, 0x00, 0x00, 0x00, 0x00, 0x00, 0x00, 0x00, 0x00, 0x00, 0x00, 0x00, 0x00, 0x00,
    0xED, 0xED, 0xED, 0x0E, 0x00, 0x00, 0x00, 0x00, 0x00, 0x00, 0x00, 0x00, 0x00, 0x00, 0x00, 0x00,
    0xE6, 0xE8, 0xEC, 0xF4, 0xE7, 0xE7, 0xEB, 0x4B, 0x00, 0x00, 0x00, 0x00, 0x00, 0x00, 0x00, 0x00,
    0x00, 0x00, 0x00, 0x00, 0x00, 0x00, 0x00, 0x00, 0xE7, 0xE7, 0xEB, 0x4B, 0xE6, 0xE8, 0xEC, 0xF4,
    0x00, 0x00, 0x00, 0x00, 0x00, 0x00, 0x00, 0x00, 0x00, 0x00, 0x00, 0x00, 0x00, 0x00, 0x00, 0x00,
    0x00, 0x00, 0x00, 0x00, 0x00, 0x00, 0x00, 0x00, 0x00, 0x00, 0x00, 0x00, 0x00, 0x00, 0x00, 0x00,
    0x00, 0x00, 0x00, 0x00, 0x00, 0x00, 0x00, 0x00, 0x00, 0x00, 0x00, 0x00, 0x00, 0x00, 0x00, 0x00,
    0xE6, 0xE8, 0xEC, 0xF4, 0xE7, 0xE7, 0xEB, 0x4B, 0x00, 0x00, 0x00, 0x00, 0x00, 0x00, 0x00, 0x00,
    0x00, 0x00, 0x00, 0x00, 0x00, 0x00, 0x00, 0x00, 0xE7, 0xE7, 0xEB, 0x4B, 0xE6, 0xE8, 0xEC, 0xF4,
    0x00, 0x00, 0x00, 0x00, 0x00, 0x00, 0x00, 0x00, 0x00, 0x00, 0x00, 0x00, 0x00, 0x00, 0x00, 0x00,
    0x00, 0x00, 0x00, 0x00, 0x00, 0x00, 0x00, 0x00, 0x00, 0x00, 0x00, 0x00, 0x00, 0x00, 0x00, 0x00,
    0x00, 0x00, 0x00, 0x00, 0x00, 0x00, 0x00, 0x00, 0x00, 0x00, 0x00, 0x00, 0x00, 0x00, 0x00, 0x00,
    0xE6, 0xE8, 0xEC, 0xF4, 0xE7, 0xE7, 0xEB, 0x4B, 0x00, 0x00, 0x00, 0x00, 0x00, 0x00, 0x00, 0x00,
    0x00, 0x00, 0x00, 0x00, 0x00, 0x00, 0x00, 0x00, 0xE6, 0xE9, 0xED, 0x47, 0xE6, 0xE8, 0xEC, 0xFE,
    0xE6, 0xE9, 0xEC, 0xEE, 0xE6, 0xE9, 0xEC, 0xEE, 0xE6, 0xE9, 0xEC, 0xEE, 0xE6, 0xE9, 0xEC, 0xEE,
    0xE6, 0xE9, 0xEC, 0xEE, 0xE6, 0xE9, 0xEC, 0xEE, 0xE6, 0xE9, 0xEC, 0xEE, 0xE6, 0xE9, 0xEC, 0xEE,
    0xE6, 0xE9, 0xEC, 0xEE, 0xE6, 0xE9, 0xEC, 0xEE, 0xE6, 0xE9, 0xEC, 0xEE, 0xE6, 0xE9, 0xEC, 0xEE,
    0xE6, 0xE8, 0xEC, 0xFE, 0xE6, 0xE9, 0xED, 0x47, 0x00, 0x00, 0x00, 0x00, 0x00, 0x00, 0x00, 0x00,
    0x00, 0x00, 0x00, 0x00, 0x00, 0x00, 0x00, 0x00, 0xFF, 0xFF, 0xFF, 0x05, 0xE8, 0xE8, 0xEC, 0x42,
    0xE5, 0xE9, 0xEC, 0x44, 0xE5, 0xE9, 0xEC, 0x44, 0xE5, 0xE9, 0xEC, 0x44, 0xE5, 0xE9, 0xEC, 0x44,
    0xE5, 0xE9, 0xEC, 0x44, 0xE5, 0xE9, 0xEC, 0x44, 0xE5, 0xE9, 0xEC, 0x44, 0xE5, 0xE9, 0xEC, 0x44,
    0xE5, 0xE9, 0xEC, 0x44, 0xE5, 0xE9, 0xEC, 0x44, 0xE5, 0xE9, 0xEC, 0x44, 0xE5, 0xE9, 0xEC, 0x44,
    0xE8, 0xE8, 0xEC, 0x42, 0xFF, 0xFF, 0xFF, 0x05, 0x00, 0x00, 0x00, 0x00, 0x00, 0x00, 0x00, 0x00,
    0x00, 0x00, 0x00, 0x00, 0x00, 0x00, 0x00, 0x00, 0x00, 0x00, 0x00, 0x00, 0x00, 0x00, 0x00, 0x00,
    0x00, 0x00, 0x00, 0x00, 0x00, 0x00, 0x00, 0x00, 0x00, 0x00, 0x00, 0x00, 0x00, 0x00, 0x00, 0x00,
    0x00, 0x00, 0x00, 0x00, 0x00, 0x00, 0x00, 0x00, 0x00, 0x00, 0x00, 0x00, 0x00, 0x00, 0x00, 0x00,
    0x00, 0x00, 0x00, 0x00, 0x00, 0x00, 0x00, 0x00, 0x00, 0x00, 0x00, 0x00, 0x00, 0x00, 0x00, 0x00,
    0x00, 0x00, 0x00, 0x00, 0x00, 0x00, 0x00, 0x00, 0x00, 0x00, 0x00, 0x00, 0x00, 0x00, 0x00, 0x00,
    0x00, 0x00, 0x00, 0x00, 0x00, 0x00, 0x00, 0x00, 0x00, 0x00, 0x00, 0x00, 0x00, 0x00, 0x00, 0x00,
    0x00, 0x00, 0x00, 0x00, 0x00, 0x00, 0x00, 0x00, 0x00, 0x00, 0x00, 0x00, 0x00, 0x00, 0x00, 0x00,
    0x00, 0x00, 0x00, 0x00, 0x00, 0x00, 0x00, 0x00, 0x00, 0x00, 0x00, 0x00, 0x00, 0x00, 0x00, 0x00,
    0x00, 0x00, 0x00, 0x00, 0x00, 0x00, 0x00, 0x00, 0x00, 0x00, 0x00, 0x00, 0x00, 0x00, 0x00, 0x00,
    0x00, 0x00, 0x00, 0x00, 0x00, 0x00, 0x00, 0x00, 0x00, 0x00, 0x00, 0x00, 0x00, 0x00, 0x00, 0x00,
}};
inline constexpr std::array<std::uint8_t, 1600> uve_node_icon_interaction_area_3d_node_rgba{{
    0x00, 0x00, 0x00, 0x00, 0x00, 0x00, 0x00, 0x00, 0x00, 0x00, 0x00, 0x00, 0x00, 0x00, 0x00, 0x00,
    0x00, 0x00, 0x00, 0x00, 0x00, 0x00, 0x00, 0x00, 0x00, 0x00, 0x00, 0x00, 0x00, 0x00, 0x00, 0x00,
    0x00, 0x00, 0x00, 0x00, 0x00, 0x00, 0x00, 0x00, 0x00, 0x00, 0x00, 0x00, 0x00, 0x00, 0x00, 0x00,
    0x00, 0x00, 0x00, 0x00, 0x00, 0x00, 0x00, 0x00, 0x00, 0x00, 0x00, 0x00, 0x00, 0x00, 0x00, 0x00,
    0x00, 0x00, 0x00, 0x00, 0x00, 0x00, 0x00, 0x00, 0x00, 0x00, 0x00, 0x00, 0x00, 0x00, 0x00, 0x00,
    0x00, 0x00, 0x00, 0x00, 0x00, 0x00, 0x00, 0x00, 0x00, 0x00, 0x00, 0x00, 0x00, 0x00, 0x00, 0x00,
    0x00, 0x00, 0x00, 0x00, 0x00, 0x00, 0x00, 0x00, 0x00, 0x00, 0x00, 0x00, 0x00, 0x00, 0x00, 0x00,
    0x00, 0x00, 0x00, 0x00, 0x00, 0x00, 0x00, 0x00, 0xE7, 0xE7, 0xED, 0x54, 0xE6, 0xE8, 0xEC, 0x7B,
    0xE3, 0xEC, 0xEC, 0x1B, 0x00, 0x00, 0x00, 0x00, 0x00, 0x00, 0x00, 0x00, 0x00, 0x00, 0x00, 0x00,
    0x00, 0x00, 0x00, 0x00, 0x00, 0x00, 0x00, 0x00, 0x00, 0x00, 0x00, 0x00, 0x00, 0x00, 0x00, 0x00,
    0x00, 0x00, 0x00, 0x00, 0x00, 0x00, 0x00, 0x00, 0x00, 0x00, 0x00, 0x00, 0x00, 0x00, 0x00, 0x00,
    0x00, 0x00, 0x00, 0x00, 0x00, 0x00, 0x00, 0x00, 0x00, 0x00, 0x00, 0x00, 0xE8, 0xE8, 0xEC, 0x37,
    0xE6, 0xE8, 0xEC, 0xA5, 0xE6, 0xE7, 0xEC, 0xAD, 0xE6, 0xE8, 0xEC, 0xF5, 0xE6, 0xE8, 0xEC, 0xD3,
    0xE6, 0xE8, 0xEC, 0xDC, 0xFF, 0xFF, 0xFF, 0x02, 0x00, 0x00, 0x00, 0x00, 0x00, 0x00, 0x00, 0x00,
    0x00, 0x00, 0x00, 0x00, 0x00, 0x00, 0x00, 0x00, 0x00, 0x00, 0x00, 0x00, 0x00, 0x00, 0x00, 0x00,
    0x00, 0x00, 0x00, 0x00, 0x00, 0x00, 0x00, 0x00, 0x00, 0x00, 0x00, 0x00, 0x00, 0x00, 0x00, 0x00,
    0x00, 0x00, 0x00, 0x00, 0x00, 0x00, 0x00, 0x00, 0xFF, 0xFF, 0xFF, 0x05, 0xE6, 0xE8, 0xEC, 0xEC,
    0xE6, 0xE8, 0xEC, 0xB0, 0xE6, 0xE8, 0xEC, 0xE8, 0xE6, 0xE7, 0xEC, 0xA2, 0xE9, 0xE9, 0xE9, 0x23,
    0xE6, 0xE8, 0xEC, 0xFF, 0xE6, 0xE8, 0xEC, 0xD6, 0xE7, 0xE8, 0xEB, 0xA8, 0xDF, 0xEF, 0xEF, 0x10,
    0x00, 0x00, 0x00, 0x00, 0x00, 0x00, 0x00, 0x00, 0x00, 0x00, 0x00, 0x00, 0x00, 0x00, 0x00, 0x00,
    0x00, 0x00, 0x00, 0x00, 0x00, 0x00, 0x00, 0x00, 0x00, 0x00, 0x00, 0x00, 0x00, 0x00, 0x00, 0x00,
    0x00, 0x00, 0x00, 0x00, 0x00, 0x00, 0x00, 0x00, 0xE6, 0xE6, 0xEF, 0x1F, 0xE6, 0xE8, 0xEC, 0xFF,
    0xE7, 0xE7, 0xEF, 0x20, 0xE6, 0xE9, 0xEC, 0xA0, 0xE5, 0xE9, 0xEC, 0x9F, 0xE7, 0xE7, 0xEF, 0x20,
    0xE6, 0xE8, 0xEC, 0xFF, 0xE5, 0xE7, 0xED, 0x8B, 0xE6, 0xE7, 0xEC, 0xD9, 0xE5, 0xE7, 0xEB, 0x81,
    0x00, 0x00, 0x00, 0x00, 0x00, 0x00, 0x00, 0x00, 0x00, 0x00, 0x00, 0x00, 0x00, 0x00, 0x00, 0x00,
    0x00, 0x00, 0x00, 0x00, 0x00, 0x00, 0x00, 0x00, 0x00, 0x00, 0x00, 0x00, 0x00, 0x00, 0x00, 0x00,
    0x00, 0x00, 0x00, 0x00, 0x00, 0x00, 0x00, 0x00, 0xE7, 0xE7, 0xEF, 0x20, 0xE6, 0xE8, 0xEC, 0xFF,
    0xE7, 0xE7, 0xEF, 0x20, 0xE5, 0xE9, 0xEC, 0x9F, 0xE5, 0xE9, 0xEC, 0x9F, 0xE7, 0xE7, 0xEF, 0x20,
    0xE6, 0xE8, 0xEC, 0xFF, 0xE7, 0xE7, 0xEF, 0x20, 0xE5, 0xE9, 0xEC, 0x9F, 0xE5, 0xE9, 0xEC, 0x9F,
    0x00, 0x00, 0x00, 0x00, 0x00, 0x00, 0x00, 0x00, 0x00, 0x00, 0x00, 0x00, 0x00, 0x00, 0x00, 0x00,
    0x00, 0x00, 0x00, 0x00, 0x00, 0x00, 0x00, 0x00, 0x00, 0x00, 0x00, 0x00, 0x00, 0x00, 0x00, 0x00,
    0x00, 0x00, 0x00, 0x00, 0x00, 0x00, 0x00, 0x00, 0xE7, 0xE7, 0xEF, 0x20, 0xE6, 0xE8, 0xEC, 0xFF,
    0xE7, 0xE7, 0xEF, 0x20, 0xE5, 0xE9, 0xEC, 0x9F, 0xE5, 0xE9, 0xEC, 0x9F, 0xE7, 0xE7, 0xEF, 0x20,
    0xE6, 0xE8, 0xEC, 0xFF, 0xE7, 0xE7, 0xEF, 0x20, 0xE5, 0xE9, 0xEC, 0x9F, 0xE5, 0xE9, 0xEC, 0x9F,
    0x00, 0x00, 0x00, 0x00, 0x00, 0x00, 0x00, 0x00, 0x00, 0x00, 0x00, 0x00, 0x00, 0x00, 0x00, 0x00,
    0x00, 0x00, 0x00, 0x00, 0x00, 0x00, 0x00, 0x00, 0xE6, 0xE6, 0xEC, 0x28, 0xE6, 0xE8, 0xEB, 0x65,
    0xE7, 0xE7, 0xEF, 0x20, 0x00, 0x00, 0x00, 0x00, 0xE7, 0xE7, 0xEF, 0x20, 0xE6, 0xE8, 0xEC, 0xFF,
    0xE7, 0xE7, 0xEF, 0x20, 0xE5, 0xE9, 0xEC, 0x9F, 0xE5, 0xE9, 0xEC, 0x9F, 0xE7, 0xE7, 0xEF, 0x20,
    0xE6, 0xE8, 0xEC, 0xFF, 0xE7, 0xE7, 0xEF, 0x20, 0xE5, 0xE9, 0xEC, 0x9F, 0xE5, 0xE9, 0xEC, 0x9F,
    0x00, 0x00, 0x00, 0x00, 0x00, 0x00, 0x00, 0x00, 0x00, 0x00, 0x00, 0x00, 0x00, 0x00, 0x00, 0x00,
    0x00, 0x00, 0x00, 0x00, 0xE6, 0xE6, 0xEE, 0x1E, 0xE6, 0xE8, 0xEC, 0xF3, 0xE6, 0xE8, 0xEC, 0xE1,
    0xE6, 0xE8, 0xEC, 0xEC, 0xE4, 0xEB, 0xEB, 0x26, 0xE7, 0xE7, 0xEF, 0x20, 0xE6, 0xE8, 0xEC, 0xFF,
    0xE7, 0xE7, 0xEF, 0x20, 0xE5, 0xE9, 0xEC, 0x9F, 0xE5, 0xE9, 0xEC, 0x9F, 0xE7, 0xE7, 0xEF, 0x20,
    0xE6, 0xE8, 0xEC, 0xFF, 0xE7, 0xE7, 0xEF, 0x20, 0xE5, 0xE9, 0xEC, 0x9F, 0xE5, 0xE9, 0xEC, 0x9F,
    0x00, 0x00, 0x00, 0x00, 0x00, 0x00, 0x00, 0x00, 0x00, 0x00, 0x00, 0x00, 0x00, 0x00, 0x00, 0x00,
    0x00, 0x00, 0x00, 0x00, 0xE6, 0xEA, 0xED, 0x48, 0xE6, 0xE8, 0xEC, 0xF7, 0xEA, 0xEA, 0xEA, 0x0C,
    0xE6, 0xE8, 0xED, 0xB4, 0xE6, 0xE8, 0xEC, 0xD5, 0xE8, 0xE8, 0xEE, 0x2D, 0xE6, 0xE8, 0xEC, 0xFF,
    0xE7, 0xE7, 0xEF, 0x20, 0xE6, 0xE9, 0xEB, 0x66, 0xE6, 0xE9, 0xEB, 0x66, 0xE7, 0xE7, 0xEF, 0x20,
    0xE6, 0xE8, 0xEC, 0xFF, 0xE7, 0xE7, 0xEF, 0x20, 0xE5, 0xE9, 0xEC, 0x9F, 0xE5, 0xE9, 0xEC, 0x9F,
    0x00, 0x00, 0x00, 0x00, 0x00, 0x00, 0x00, 0x00, 0x00, 0x00, 0x00, 0x00, 0x00, 0x00, 0x00, 0x00,
    0x00, 0x00, 0x00, 0x00, 0xE3, 0xE3, 0xE3, 0x09, 0xE6, 0xE8, 0xEC, 0xE8, 0xE7, 0xE9, 0xEB, 0x73,
    0xDF, 0xEF, 0xEF, 0x10, 0xE6, 0xE7, 0xEC, 0xD9, 0xE6, 0xE9, 0xEB, 0xB6, 0xE7, 0xE9, 0xEC, 0x89,
    0xDB, 0xDB, 0xDB, 0x07, 0x00, 0x00, 0x00, 0x00, 0x00, 0x00, 0x00, 0x00, 0xDB, 0xDB, 0xDB, 0x07,
    0xE7, 0xE9, 0xEC, 0x88, 0xDB, 0xDB, 0xDB, 0x07, 0xE5, 0xE9, 0xEC, 0x9F, 0xE5, 0xE9, 0xEC, 0x9F,
    0x00, 0x00, 0x00, 0x00, 0x00, 0x00, 0x00, 0x00, 0x00, 0x00, 0x00, 0x00, 0x00, 0x00, 0x00, 0x00,
    0x00, 0x00, 0x00, 0x00, 0x00, 0x00, 0x00, 0x00, 0xE6, 0xE9, 0xED, 0x72, 0xE6, 0xE8, 0xEC, 0xE8,
    0xE6, 0xE6, 0xE6, 0x0A, 0xE6, 0xE6, 0xEC, 0x29, 0xE6, 0xE8, 0xEC, 0xF1, 0xE7, 0xE9, 0xED, 0x7F,
    0x00, 0x00, 0x00, 0x00, 0x00, 0x00, 0x00, 0x00, 0x00, 0x00, 0x00, 0x00, 0x00, 0x00, 0x00, 0x00,
    0x00, 0x00, 0x00, 0x00, 0x00, 0x00, 0x00, 0x00, 0xE6, 0xE9, 0xEC, 0xA0, 0xE7, 0xE8, 0xEC, 0x9E,
    0x00, 0x00, 0x00, 0x00, 0x00, 0x00, 0x00, 0x00, 0x00, 0x00, 0x00, 0x00, 0x00, 0x00, 0x00, 0x00,
    0x00, 0x00, 0x00, 0x00, 0x00, 0x00, 0x00, 0x00, 0xE6, 0xE6, 0xE6, 0x0A, 0xE6, 0xE8, 0xEC, 0xE8,
    0xE7, 0xE9, 0xEB, 0x73, 0x00, 0x00, 0x00, 0x00, 0xE5, 0xE8, 0xEC, 0x4F, 0xE6, 0xE8, 0xEC, 0xF8,
    0xED, 0xED, 0xED, 0x0E, 0x00, 0x00, 0x00, 0x00, 0x00, 0x00, 0x00, 0x00, 0x00, 0x00, 0x00, 0x00,
    0x00, 0x00, 0x00, 0x00, 0x00, 0x00, 0x00, 0x00, 0xE6, 0xE8, 0xEC, 0xAF, 0xE6, 0xE8, 0xEC, 0x91,
    0x00, 0x00, 0x00, 0x00, 0x00, 0x00, 0x00, 0x00, 0x00, 0x00, 0x00, 0x00, 0x00, 0x00, 0x00, 0x00,
    0x00, 0x00, 0x00, 0x00, 0x00, 0x00, 0x00, 0x00, 0x00, 0x00, 0x00, 0x00, 0xE6, 0xE8, 0xED, 0x71,
    0xE6, 0xE8, 0xEC, 0xE8, 0xE8, 0xE8, 0xE8, 0x0B, 0x00, 0x00, 0x00, 0x00, 0xED, 0xED, 0xED, 0x0E,
    0x00, 0x00, 0x00, 0x00, 0x00, 0x00, 0x00, 0x00, 0x00, 0x00, 0x00, 0x00, 0x00, 0x00, 0x00, 0x00,
    0x00, 0x00, 0x00, 0x00, 0x00, 0x00, 0x00, 0x00, 0xE6, 0xE8, 0xEC, 0xDA, 0xE5, 0xE7, 0xEC, 0x6C,
    0x00, 0x00, 0x00, 0x00, 0x00, 0x00, 0x00, 0x00, 0x00, 0x00, 0x00, 0x00, 0x00, 0x00, 0x00, 0x00,
    0x00, 0x00, 0x00, 0x00, 0x00, 0x00, 0x00, 0x00, 0x00, 0x00, 0x00, 0x00, 0xE3, 0xE3, 0xE3, 0x09,
    0xE6, 0xE8, 0xEC, 0xE4, 0xE6, 0xE8, 0xEC, 0x83, 0x00, 0x00, 0x00, 0x00, 0x00, 0x00, 0x00, 0x00,
    0x00, 0x00, 0x00, 0x00, 0x00, 0x00, 0x00, 0x00, 0x00, 0x00, 0x00, 0x00, 0x00, 0x00, 0x00, 0x00,
    0x00, 0x00, 0x00, 0x00, 0xE6, 0xE6, 0xEB, 0x33, 0xE6, 0xE8, 0xEC, 0xFE, 0xE4, 0xEB, 0xEB, 0x26,
    0x00, 0x00, 0x00, 0x00, 0x00, 0x00, 0x00, 0x00, 0x00, 0x00, 0x00, 0x00, 0x00, 0x00, 0x00, 0x00,
    0x00, 0x00, 0x00, 0x00, 0x00, 0x00, 0x00, 0x00, 0x00, 0x00, 0x00, 0x00, 0x00, 0x00, 0x00, 0x00,
    0xE5, 0xE8, 0xEB, 0x4E, 0xE6, 0xE8, 0xEC, 0xFB, 0xE5, 0xE7, 0xED, 0x61, 0x00, 0x00, 0x00, 0x00,
    0x00, 0x00, 0x00, 0x00, 0x00, 0x00, 0x00, 0x00, 0x00, 0x00, 0x00, 0x00, 0x00, 0x00, 0x00, 0x00,
    0xEA, 0xEA, 0xEA, 0x0C, 0xE6, 0xE8, 0xEC, 0xCA, 0xE6, 0xE8, 0xEC, 0xAF, 0x00, 0x00, 0x00, 0x00,
    0x00, 0x00, 0x00, 0x00, 0x00, 0x00, 0x00, 0x00, 0x00, 0x00, 0x00, 0x00, 0x00, 0x00, 0x00, 0x00,
    0x00, 0x00, 0x00, 0x00, 0x00, 0x00, 0x00, 0x00, 0x00, 0x00, 0x00, 0x00, 0x00, 0x00, 0x00, 0x00,
    0x00, 0x00, 0x00, 0x00, 0xE6, 0xE8, 0xEB, 0x65, 0xE6, 0xE8, 0xEC, 0xFB, 0xE7, 0xE8, 0xEC, 0xB1,
    0xE6, 0xE9, 0xED, 0x53, 0xE7, 0xE7, 0xED, 0x2B, 0xE8, 0xE8, 0xEE, 0x2C, 0xE7, 0xE7, 0xEC, 0x60,
    0xE6, 0xE8, 0xEC, 0xD7, 0xE6, 0xE9, 0xEC, 0xD8, 0xEA, 0xEA, 0xEA, 0x18, 0x00, 0x00, 0x00, 0x00,
    0x00, 0x00, 0x00, 0x00, 0x00, 0x00, 0x00, 0x00, 0x00, 0x00, 0x00, 0x00, 0x00, 0x00, 0x00, 0x00,
    0x00, 0x00, 0x00, 0x00, 0x00, 0x00, 0x00, 0x00, 0x00, 0x00, 0x00, 0x00, 0x00, 0x00, 0x00, 0x00,
    0x00, 0x00, 0x00, 0x00, 0x00, 0x00, 0x00, 0x00, 0xE6, 0xE6, 0xEB, 0x32, 0xE6, 0xE9, 0xEC, 0xAA,
    0xE6, 0xE8, 0xEC, 0xF2, 0xE6, 0xE8, 0xEC, 0xFF, 0xE6, 0xE8, 0xEC, 0xFF, 0xE6, 0xE8, 0xEC, 0xEA,
    0xE6, 0xE8, 0xEB, 0x8E, 0xDF, 0xEF, 0xEF, 0x10, 0x00, 0x00, 0x00, 0x00, 0x00, 0x00, 0x00, 0x00,
    0x00, 0x00, 0x00, 0x00, 0x00, 0x00, 0x00, 0x00, 0x00, 0x00, 0x00, 0x00, 0x00, 0x00, 0x00, 0x00,
    0x00, 0x00, 0x00, 0x00, 0x00, 0x00, 0x00, 0x00, 0x00, 0x00, 0x00, 0x00, 0x00, 0x00, 0x00, 0x00,
    0x00, 0x00, 0x00, 0x00, 0x00, 0x00, 0x00, 0x00, 0x00, 0x00, 0x00, 0x00, 0x00, 0x00, 0x00, 0x00,
    0xFF, 0xFF, 0xFF, 0x02, 0xE8, 0xE8, 0xE8, 0x16, 0xE4, 0xE4, 0xF2, 0x13, 0x00, 0x00, 0x00, 0x00,
    0x00, 0x00, 0x00, 0x00, 0x00, 0x00, 0x00, 0x00, 0x00, 0x00, 0x00, 0x00, 0x00, 0x00, 0x00, 0x00,
    0x00, 0x00, 0x00, 0x00, 0x00, 0x00, 0x00, 0x00, 0x00, 0x00, 0x00, 0x00, 0x00, 0x00, 0x00, 0x00,
    0x00, 0x00, 0x00, 0x00, 0x00, 0x00, 0x00, 0x00, 0x00, 0x00, 0x00, 0x00, 0x00, 0x00, 0x00, 0x00,
    0x00, 0x00, 0x00, 0x00, 0x00, 0x00, 0x00, 0x00, 0x00, 0x00, 0x00, 0x00, 0x00, 0x00, 0x00, 0x00,
    0x00, 0x00, 0x00, 0x00, 0x00, 0x00, 0x00, 0x00, 0x00, 0x00, 0x00, 0x00, 0x00, 0x00, 0x00, 0x00,
    0x00, 0x00, 0x00, 0x00, 0x00, 0x00, 0x00, 0x00, 0x00, 0x00, 0x00, 0x00, 0x00, 0x00, 0x00, 0x00,
    0x00, 0x00, 0x00, 0x00, 0x00, 0x00, 0x00, 0x00, 0x00, 0x00, 0x00, 0x00, 0x00, 0x00, 0x00, 0x00,
}};
inline constexpr std::array<std::uint8_t, 1600> uve_node_icon_level_streamer_node_rgba{{
    0x00, 0x00, 0x00, 0x00, 0x00, 0x00, 0x00, 0x00, 0x00, 0x00, 0x00, 0x00, 0x00, 0x00, 0x00, 0x00,
    0x00, 0x00, 0x00, 0x00, 0x00, 0x00, 0x00, 0x00, 0x00, 0x00, 0x00, 0x00, 0x00, 0x00, 0x00, 0x00,
    0x00, 0x00, 0x00, 0x00, 0x00, 0x00, 0x00, 0x00, 0x00, 0x00, 0x00, 0x00, 0x00, 0x00, 0x00, 0x00,
    0x00, 0x00, 0x00, 0x00, 0x00, 0x00, 0x00, 0x00, 0x00, 0x00, 0x00, 0x00, 0x00, 0x00, 0x00, 0x00,
    0x00, 0x00, 0x00, 0x00, 0x00, 0x00, 0x00, 0x00, 0x00, 0x00, 0x00, 0x00, 0x00, 0x00, 0x00, 0x00,
    0x00, 0x00, 0x00, 0x00, 0x00, 0x00, 0x00, 0x00, 0x00, 0x00, 0x00, 0x00, 0x00, 0x00, 0x00, 0x00,
    0x00, 0x00, 0x00, 0x00, 0x00, 0x00, 0x00, 0x00, 0x00, 0x00, 0x00, 0x00, 0x00, 0x00, 0x00, 0x00,
    0x00, 0x00, 0x00, 0x00, 0x00, 0x00, 0x00, 0x00, 0x00, 0x00, 0x00, 0x00, 0x00, 0x00, 0x00, 0x00,
    0x00, 0x00, 0x00, 0x00, 0x00, 0x00, 0x00, 0x00, 0x00, 0x00, 0x00, 0x00, 0x00, 0x00, 0x00, 0x00,
    0x00, 0x00, 0x00, 0x00, 0x00, 0x00, 0x00, 0x00, 0x00, 0x00, 0x00, 0x00, 0x00, 0x00, 0x00, 0x00,
    0x00, 0x00, 0x00, 0x00, 0x00, 0x00, 0x00, 0x00, 0xFF, 0xFF, 0xFF, 0x05, 0xE8, 0xE8, 0xEC, 0x42,
    0xE5, 0xE9, 0xEC, 0x44, 0xE5, 0xE9, 0xEC, 0x44, 0xE5, 0xE9, 0xEC, 0x44, 0xE5, 0xE9, 0xEC, 0x44,
    0xE5, 0xE9, 0xEC, 0x44, 0xE3, 0xEA, 0xEA, 0x25, 0xE3, 0xEA, 0xEA, 0x25, 0xE5, 0xE9, 0xEC, 0x44,
    0xE5, 0xE9, 0xEC, 0x44, 0xE5, 0xE9, 0xEC, 0x44, 0xE5, 0xE9, 0xEC, 0x44, 0xE5, 0xE9, 0xEC, 0x44,
    0xE8, 0xE8, 0xEC, 0x42, 0xFF, 0xFF, 0xFF, 0x05, 0x00, 0x00, 0x00, 0x00, 0x00, 0x00, 0x00, 0x00,
    0x00, 0x00, 0x00, 0x00, 0x00, 0x00, 0x00, 0x00, 0xE6, 0xE9, 0xED, 0x47, 0xE6, 0xE8, 0xEC, 0xFE,
    0xE6, 0xE9, 0xEC, 0xEE, 0xE6, 0xE9, 0xEC, 0xEE, 0xE6, 0xE9, 0xEC, 0xEE, 0xE6, 0xE9, 0xEC, 0xEE,
    0xE6, 0xE8, 0xEC, 0xF6, 0xE7, 0xE8, 0xEC, 0xC6, 0xE7, 0xE8, 0xEC, 0xC6, 0xE6, 0xE8, 0xEC, 0xF6,
    0xE6, 0xE9, 0xEC, 0xEE, 0xE6, 0xE9, 0xEC, 0xEE, 0xE6, 0xE9, 0xEC, 0xEE, 0xE6, 0xE9, 0xEC, 0xEE,
    0xE6, 0xE8, 0xEC, 0xFE, 0xE6, 0xE9, 0xED, 0x47, 0x00, 0x00, 0x00, 0x00, 0x00, 0x00, 0x00, 0x00,
    0x00, 0x00, 0x00, 0x00, 0x00, 0x00, 0x00, 0x00, 0xE7, 0xE7, 0xEB, 0x4B, 0xE6, 0xE8, 0xEC, 0xF4,
    0x00, 0x00, 0x00, 0x00, 0x00, 0x00, 0x00, 0x00, 0x00, 0x00, 0x00, 0x00, 0x00, 0x00, 0x00, 0x00,
    0xE7, 0xE7, 0xEB, 0x75, 0xE6, 0xE8, 0xEC, 0xCA, 0xE6, 0xE8, 0xEC, 0xCA, 0xE7, 0xE7, 0xEB, 0x75,
    0x00, 0x00, 0x00, 0x00, 0x00, 0x00, 0x00, 0x00, 0x00, 0x00, 0x00, 0x00, 0x00, 0x00, 0x00, 0x00,
    0xE6, 0xE8, 0xEC, 0xF4, 0xE7, 0xE7, 0xEB, 0x4B, 0x00, 0x00, 0x00, 0x00, 0x00, 0x00, 0x00, 0x00,
    0x00, 0x00, 0x00, 0x00, 0x00, 0x00, 0x00, 0x00, 0xE7, 0xE7, 0xEB, 0x4B, 0xE6, 0xE8, 0xEC, 0xF4,
    0x00, 0x00, 0x00, 0x00, 0x00, 0x00, 0x00, 0x00, 0x00, 0x00, 0x00, 0x00, 0x00, 0x00, 0x00, 0x00,
    0xE7, 0xE7, 0xEB, 0x75, 0xE6, 0xE8, 0xEC, 0xCA, 0xE6, 0xE8, 0xEC, 0xCA, 0xE7, 0xE7, 0xEB, 0x75,
    0x00, 0x00, 0x00, 0x00, 0x00, 0x00, 0x00, 0x00, 0x00, 0x00, 0x00, 0x00, 0x00, 0x00, 0x00, 0x00,
    0xE6, 0xE8, 0xEC, 0xF4, 0xE7, 0xE7, 0xEB, 0x4B, 0x00, 0x00, 0x00, 0x00, 0x00, 0x00, 0x00, 0x00,
    0x00, 0x00, 0x00, 0x00, 0x00, 0x00, 0x00, 0x00, 0xE7, 0xE7, 0xEB, 0x4B, 0xE6, 0xE8, 0xEC, 0xF4,
    0x00, 0x00, 0x00, 0x00, 0x00, 0x00, 0x00, 0x00, 0x00, 0x00, 0x00, 0x00, 0x00, 0x00, 0x00, 0x00,
    0xE7, 0xE7, 0xEB, 0x75, 0xE6, 0xE8, 0xEC, 0xCA, 0xE6, 0xE8, 0xEC, 0xCA, 0xE7, 0xE7, 0xEB, 0x75,
    0x00, 0x00, 0x00, 0x00, 0x00, 0x00, 0x00, 0x00, 0x00, 0x00, 0x00, 0x00, 0x00, 0x00, 0x00, 0x00,
    0xE6, 0xE8, 0xEC, 0xF4, 0xE7, 0xE7, 0xEB, 0x4B, 0x00, 0x00, 0x00, 0x00, 0x00, 0x00, 0x00, 0x00,
    0x00, 0x00, 0x00, 0x00, 0x00, 0x00, 0x00, 0x00, 0xE7, 0xE7, 0xEB, 0x4B, 0xE6, 0xE8, 0xEC, 0xF4,
    0x00, 0x00, 0x00, 0x00, 0x00, 0x00, 0x00, 0x00, 0x00, 0x00, 0x00, 0x00, 0x00, 0x00, 0x00, 0x00,
    0xE7, 0xE7, 0xEB, 0x75, 0xE6, 0xE8, 0xEC, 0xCA, 0xE6, 0xE8, 0xEC, 0xCA, 0xE7, 0xE7, 0xEB, 0x75,
    0x00, 0x00, 0x00, 0x00, 0x00, 0x00, 0x00, 0x00, 0x00, 0x00, 0x00, 0x00, 0x00, 0x00, 0x00, 0x00,
    0xE6, 0xE8, 0xEC, 0xF4, 0xE7, 0xE7, 0xEB, 0x4B, 0x00, 0x00, 0x00, 0x00, 0x00, 0x00, 0x00, 0x00,
    0x00, 0x00, 0x00, 0x00, 0x00, 0x00, 0x00, 0x00, 0xE7, 0xE7, 0xEB, 0x4B, 0xE6, 0xE8, 0xEC, 0xF9,
    0xE5, 0xE7, 0xEC, 0x77, 0xE5, 0xE7, 0xEC, 0x77, 0xE5, 0xE7, 0xEC, 0x77, 0xE5, 0xE7, 0xEC, 0x77,
    0xE6, 0xE8, 0xED, 0xB5, 0xE6, 0xE8, 0xEC, 0xCA, 0xE6, 0xE8, 0xEC, 0xCA, 0xE6, 0xE8, 0xED, 0xB5,
    0xE5, 0xE7, 0xEC, 0x77, 0xE5, 0xE7, 0xEC, 0x77, 0xE5, 0xE7, 0xEC, 0x77, 0xE5, 0xE7, 0xEC, 0x77,
    0xE6, 0xE8, 0xEC, 0xF9, 0xE7, 0xE7, 0xEB, 0x4B, 0x00, 0x00, 0x00, 0x00, 0x00, 0x00, 0x00, 0x00,
    0x00, 0x00, 0x00, 0x00, 0x00, 0x00, 0x00, 0x00, 0xE4, 0xEB, 0xEB, 0x26, 0xE6, 0xE8, 0xEC, 0xC8,
    0xE6, 0xE9, 0xEC, 0xCC, 0xE6, 0xE9, 0xEC, 0xCC, 0xE6, 0xE9, 0xEC, 0xCC, 0xE6, 0xE9, 0xEC, 0xCC,
    0xE6, 0xE9, 0xEC, 0xCC, 0xE7, 0xE9, 0xEC, 0x88, 0xE7, 0xE9, 0xEC, 0x88, 0xE6, 0xE9, 0xEC, 0xCC,
    0xE6, 0xE9, 0xEC, 0xCC, 0xE6, 0xE9, 0xEC, 0xCC, 0xE6, 0xE9, 0xEC, 0xCC, 0xE6, 0xE9, 0xEC, 0xCC,
    0xE6, 0xE8, 0xEC, 0xC8, 0xE4, 0xEB, 0xEB, 0x26, 0x00, 0x00, 0x00, 0x00, 0x00, 0x00, 0x00, 0x00,
    0x00, 0x00, 0x00, 0x00, 0x00, 0x00, 0x00, 0x00, 0xE4, 0xEB, 0xEB, 0x26, 0xE6, 0xE8, 0xEC, 0xC8,
    0xE6, 0xE9, 0xEC, 0xCC, 0xE6, 0xE9, 0xEC, 0xCC, 0xE6, 0xE9, 0xEC, 0xCC, 0xE6, 0xE9, 0xEC, 0xCC,
    0xE6, 0xE9, 0xEC, 0xCC, 0xE7, 0xE9, 0xEC, 0x88, 0x00, 0x00, 0x00, 0x00, 0x00, 0x00, 0x00, 0x00,
    0x00, 0x00, 0x00, 0x00, 0x00, 0x00, 0x00, 0x00, 0x00, 0x00, 0x00, 0x00, 0x00, 0x00, 0x00, 0x00,
    0x00, 0x00, 0x00, 0x00, 0x00, 0x00, 0x00, 0x00, 0x00, 0x00, 0x00, 0x00, 0x00, 0x00, 0x00, 0x00,
    0x00, 0x00, 0x00, 0x00, 0x00, 0x00, 0x00, 0x00, 0xE7, 0xE7, 0xEB, 0x4B, 0xE6, 0xE8, 0xEC, 0xF9,
    0xE5, 0xE7, 0xEC, 0x77, 0xE5, 0xE7, 0xEC, 0x77, 0xE5, 0xE7, 0xEC, 0x77, 0xE5, 0xE7, 0xEC, 0x77,
    0xE6, 0xE8, 0xED, 0xB5, 0xE6, 0xE8, 0xEC, 0xCA, 0x00, 0x00, 0x00, 0x00, 0x00, 0x00, 0x00, 0x00,
    0xED, 0xED, 0xED, 0x0E, 0x00, 0x00, 0x00, 0x00, 0x00, 0x00, 0x00, 0x00, 0xE8, 0xE8, 0xE8, 0x0B,
    0xFF, 0xFF, 0xFF, 0x03, 0x00, 0x00, 0x00, 0x00, 0x00, 0x00, 0x00, 0x00, 0x00, 0x00, 0x00, 0x00,
    0x00, 0x00, 0x00, 0x00, 0x00, 0x00, 0x00, 0x00, 0xE7, 0xE7, 0xEB, 0x4B, 0xE6, 0xE8, 0xEC, 0xF4,
    0x00, 0x00, 0x00, 0x00, 0x00, 0x00, 0x00, 0x00, 0x00, 0x00, 0x00, 0x00, 0x00, 0x00, 0x00, 0x00,
    0xE7, 0xE7, 0xEB, 0x75, 0xE6, 0xE8, 0xEC, 0xCA, 0x00, 0x00, 0x00, 0x00, 0xED, 0xED, 0xED, 0x0E,
    0xE6, 0xE8, 0xEC, 0xF9, 0xE5, 0xE8, 0xED, 0x63, 0x00, 0x00, 0x00, 0x00, 0xE6, 0xE8, 0xEC, 0xBF,
    0xE7, 0xE9, 0xEC, 0x69, 0x00, 0x00, 0x00, 0x00, 0x00, 0x00, 0x00, 0x00, 0x00, 0x00, 0x00, 0x00,
    0x00, 0x00, 0x00, 0x00, 0x00, 0x00, 0x00, 0x00, 0xE7, 0xE7, 0xEB, 0x4B, 0xE6, 0xE8, 0xEC, 0xF4,
    0x00, 0x00, 0x00, 0x00, 0x00, 0x00, 0x00, 0x00, 0x00, 0x00, 0x00, 0x00, 0x00, 0x00, 0x00, 0x00,
    0xE7, 0xE7, 0xEB, 0x75, 0xE6, 0xE8, 0xEC, 0xCA, 0x00, 0x00, 0x00, 0x00, 0x00, 0x00, 0x00, 0x00,
    0xE5, 0xE8, 0xED, 0x62, 0xE6, 0xE8, 0xEC, 0xFC, 0xE7, 0xE9, 0xEC, 0x69, 0xE6, 0xE8, 0xEC, 0xCA,
    0xE7, 0xE7, 0xEB, 0x75, 0x00, 0x00, 0x00, 0x00, 0x00, 0x00, 0x00, 0x00, 0x00, 0x00, 0x00, 0x00,
    0x00, 0x00, 0x00, 0x00, 0x00, 0x00, 0x00, 0x00, 0xE7, 0xE7, 0xEB, 0x4B, 0xE6, 0xE8, 0xEC, 0xF4,
    0x00, 0x00, 0x00, 0x00, 0x00, 0x00, 0x00, 0x00, 0x00, 0x00, 0x00, 0x00, 0x00, 0x00, 0x00, 0x00,
    0xE7, 0xE7, 0xEB, 0x75, 0xE6, 0xE8, 0xEC, 0xCA, 0x00, 0x00, 0x00, 0x00, 0x00, 0x00, 0x00, 0x00,
    0x00, 0x00, 0x00, 0x00, 0xE5, 0xE8, 0xED, 0x63, 0xE6, 0xE8, 0xEC, 0xFC, 0xE6, 0xE8, 0xEC, 0xF3,
    0xE7, 0xE7, 0xEB, 0x75, 0x00, 0x00, 0x00, 0x00, 0x00, 0x00, 0x00, 0x00, 0x00, 0x00, 0x00, 0x00,
    0x00, 0x00, 0x00, 0x00, 0x00, 0x00, 0x00, 0x00, 0xE7, 0xE7, 0xEB, 0x4B, 0xE6, 0xE8, 0xEC, 0xF4,
    0x00, 0x00, 0x00, 0x00, 0x00, 0x00, 0x00, 0x00, 0x00, 0x00, 0x00, 0x00, 0x00, 0x00, 0x00, 0x00,
    0xE7, 0xE7, 0xEB, 0x75, 0xE6, 0xE8, 0xEC, 0xCA, 0x00, 0x00, 0x00, 0x00, 0xE8, 0xE8, 0xE8, 0x0B,
    0xE6, 0xE8, 0xEC, 0xC0, 0xE6, 0xE9, 0xEC, 0xCC, 0xE6, 0xE8, 0xEC, 0xF4, 0xE6, 0xE8, 0xEC, 0xFF,
    0xE7, 0xE9, 0xEB, 0x74, 0x00, 0x00, 0x00, 0x00, 0x00, 0x00, 0x00, 0x00, 0x00, 0x00, 0x00, 0x00,
    0x00, 0x00, 0x00, 0x00, 0x00, 0x00, 0x00, 0x00, 0xE6, 0xE9, 0xED, 0x47, 0xE6, 0xE8, 0xEC, 0xFE,
    0xE6, 0xE9, 0xEC, 0xEE, 0xE6, 0xE9, 0xEC, 0xEE, 0xE6, 0xE9, 0xEC, 0xEE, 0xE6, 0xE9, 0xEC, 0xEE,
    0xE6, 0xE8, 0xEC, 0xF6, 0xE7, 0xE8, 0xEC, 0xC6, 0x00, 0x00, 0x00, 0x00, 0xFF, 0xFF, 0xFF, 0x02,
    0xE7, 0xE7, 0xEC, 0x6A, 0xE5, 0xE7, 0xEC, 0x77, 0xE5, 0xE7, 0xEC, 0x77, 0xE5, 0xE7, 0xEC, 0x76,
    0xE6, 0xE6, 0xEF, 0x1F, 0x00, 0x00, 0x00, 0x00, 0x00, 0x00, 0x00, 0x00, 0x00, 0x00, 0x00, 0x00,
    0x00, 0x00, 0x00, 0x00, 0x00, 0x00, 0x00, 0x00, 0xFF, 0xFF, 0xFF, 0x05, 0xE8, 0xE8, 0xEC, 0x42,
    0xE5, 0xE9, 0xEC, 0x44, 0xE5, 0xE9, 0xEC, 0x44, 0xE5, 0xE9, 0xEC, 0x44, 0xE5, 0xE9, 0xEC, 0x44,
    0xE5, 0xE9, 0xEC, 0x44, 0xE3, 0xEA, 0xEA, 0x25, 0x00, 0x00, 0x00, 0x00, 0x00, 0x00, 0x00, 0x00,
    0x00, 0x00, 0x00, 0x00, 0x00, 0x00, 0x00, 0x00, 0x00, 0x00, 0x00, 0x00, 0x00, 0x00, 0x00, 0x00,
    0x00, 0x00, 0x00, 0x00, 0x00, 0x00, 0x00, 0x00, 0x00, 0x00, 0x00, 0x00, 0x00, 0x00, 0x00, 0x00,
    0x00, 0x00, 0x00, 0x00, 0x00, 0x00, 0x00, 0x00, 0x00, 0x00, 0x00, 0x00, 0x00, 0x00, 0x00, 0x00,
    0x00, 0x00, 0x00, 0x00, 0x00, 0x00, 0x00, 0x00, 0x00, 0x00, 0x00, 0x00, 0x00, 0x00, 0x00, 0x00,
    0x00, 0x00, 0x00, 0x00, 0x00, 0x00, 0x00, 0x00, 0x00, 0x00, 0x00, 0x00, 0x00, 0x00, 0x00, 0x00,
    0x00, 0x00, 0x00, 0x00, 0x00, 0x00, 0x00, 0x00, 0x00, 0x00, 0x00, 0x00, 0x00, 0x00, 0x00, 0x00,
    0x00, 0x00, 0x00, 0x00, 0x00, 0x00, 0x00, 0x00, 0x00, 0x00, 0x00, 0x00, 0x00, 0x00, 0x00, 0x00,
    0x00, 0x00, 0x00, 0x00, 0x00, 0x00, 0x00, 0x00, 0x00, 0x00, 0x00, 0x00, 0x00, 0x00, 0x00, 0x00,
    0x00, 0x00, 0x00, 0x00, 0x00, 0x00, 0x00, 0x00, 0x00, 0x00, 0x00, 0x00, 0x00, 0x00, 0x00, 0x00,
    0x00, 0x00, 0x00, 0x00, 0x00, 0x00, 0x00, 0x00, 0x00, 0x00, 0x00, 0x00, 0x00, 0x00, 0x00, 0x00,
    0x00, 0x00, 0x00, 0x00, 0x00, 0x00, 0x00, 0x00, 0x00, 0x00, 0x00, 0x00, 0x00, 0x00, 0x00, 0x00,
    0x00, 0x00, 0x00, 0x00, 0x00, 0x00, 0x00, 0x00, 0x00, 0x00, 0x00, 0x00, 0x00, 0x00, 0x00, 0x00,
}};
inline constexpr std::array<std::uint8_t, 1600> uve_node_icon_light_3d_node_rgba{{
    0x00, 0x00, 0x00, 0x00, 0x00, 0x00, 0x00, 0x00, 0x00, 0x00, 0x00, 0x00, 0x00, 0x00, 0x00, 0x00,
    0x00, 0x00, 0x00, 0x00, 0x00, 0x00, 0x00, 0x00, 0x00, 0x00, 0x00, 0x00, 0x00, 0x00, 0x00, 0x00,
    0x00, 0x00, 0x00, 0x00, 0x00, 0x00, 0x00, 0x00, 0x00, 0x00, 0x00, 0x00, 0x00, 0x00, 0x00, 0x00,
    0x00, 0x00, 0x00, 0x00, 0x00, 0x00, 0x00, 0x00, 0x00, 0x00, 0x00, 0x00, 0x00, 0x00, 0x00, 0x00,
    0x00, 0x00, 0x00, 0x00, 0x00, 0x00, 0x00, 0x00, 0x00, 0x00, 0x00, 0x00, 0x00, 0x00, 0x00, 0x00,
    0x00, 0x00, 0x00, 0x00, 0x00, 0x00, 0x00, 0x00, 0x00, 0x00, 0x00, 0x00, 0x00, 0x00, 0x00, 0x00,
    0x00, 0x00, 0x00, 0x00, 0x00, 0x00, 0x00, 0x00, 0x00, 0x00, 0x00, 0x00, 0x00, 0x00, 0x00, 0x00,
    0x00, 0x00, 0x00, 0x00, 0xEA, 0xEA, 0xEA, 0x0C, 0xEA, 0xEA, 0xEA, 0x0C, 0x00, 0x00, 0x00, 0x00,
    0x00, 0x00, 0x00, 0x00, 0x00, 0x00, 0x00, 0x00, 0x00, 0x00, 0x00, 0x00, 0x00, 0x00, 0x00, 0x00,
    0x00, 0x00, 0x00, 0x00, 0x00, 0x00, 0x00, 0x00, 0x00, 0x00, 0x00, 0x00, 0x00, 0x00, 0x00, 0x00,
    0x00, 0x00, 0x00, 0x00, 0x00, 0x00, 0x00, 0x00, 0x00, 0x00, 0x00, 0x00, 0x00, 0x00, 0x00, 0x00,
    0x00, 0x00, 0x00, 0x00, 0x00, 0x00, 0x00, 0x00, 0xE8, 0xE8, 0xE8, 0x0B, 0xE5, 0xE7, 0xEC, 0x77,
    0xE6, 0xE8, 0xEC, 0xDF, 0xE6, 0xE8, 0xEC, 0xFF, 0xE6, 0xE8, 0xEC, 0xFF, 0xE6, 0xE8, 0xEC, 0xDF,
    0xE5, 0xE7, 0xEC, 0x77, 0xE8, 0xE8, 0xE8, 0x0B, 0x00, 0x00, 0x00, 0x00, 0x00, 0x00, 0x00, 0x00,
    0x00, 0x00, 0x00, 0x00, 0x00, 0x00, 0x00, 0x00, 0x00, 0x00, 0x00, 0x00, 0x00, 0x00, 0x00, 0x00,
    0x00, 0x00, 0x00, 0x00, 0x00, 0x00, 0x00, 0x00, 0x00, 0x00, 0x00, 0x00, 0x00, 0x00, 0x00, 0x00,
    0x00, 0x00, 0x00, 0x00, 0xE1, 0xE1, 0xF0, 0x11, 0xE6, 0xE8, 0xEC, 0xCB, 0xE6, 0xE9, 0xEC, 0xE3,
    0xE6, 0xE8, 0xEC, 0x6E, 0xE6, 0xE6, 0xEB, 0x34, 0xE6, 0xE6, 0xEB, 0x34, 0xE6, 0xE8, 0xED, 0x6F,
    0xE6, 0xE9, 0xEC, 0xE3, 0xE6, 0xE8, 0xEC, 0xCB, 0xE1, 0xE1, 0xF0, 0x11, 0x00, 0x00, 0x00, 0x00,
    0x00, 0x00, 0x00, 0x00, 0x00, 0x00, 0x00, 0x00, 0x00, 0x00, 0x00, 0x00, 0x00, 0x00, 0x00, 0x00,
    0x00, 0x00, 0x00, 0x00, 0x00, 0x00, 0x00, 0x00, 0x00, 0x00, 0x00, 0x00, 0x00, 0x00, 0x00, 0x00,
    0x00, 0x00, 0x00, 0x00, 0xE5, 0xE8, 0xEC, 0xB3, 0xE6, 0xE9, 0xEC, 0xCD, 0xE4, 0xE4, 0xF2, 0x13,
    0x00, 0x00, 0x00, 0x00, 0x00, 0x00, 0x00, 0x00, 0x00, 0x00, 0x00, 0x00, 0x00, 0x00, 0x00, 0x00,
    0xE4, 0xE4, 0xF2, 0x13, 0xE6, 0xE8, 0xED, 0xCF, 0xE7, 0xE8, 0xEC, 0xB1, 0x00, 0x00, 0x00, 0x00,
    0x00, 0x00, 0x00, 0x00, 0x00, 0x00, 0x00, 0x00, 0x00, 0x00, 0x00, 0x00, 0x00, 0x00, 0x00, 0x00,
    0x00, 0x00, 0x00, 0x00, 0x00, 0x00, 0x00, 0x00, 0x00, 0x00, 0x00, 0x00, 0x00, 0x00, 0x00, 0x00,
    0xE7, 0xE7, 0xEC, 0x36, 0xE6, 0xE8, 0xEC, 0xFD, 0xE8, 0xE8, 0xEE, 0x2C, 0x00, 0x00, 0x00, 0x00,
    0x00, 0x00, 0x00, 0x00, 0x00, 0x00, 0x00, 0x00, 0x00, 0x00, 0x00, 0x00, 0x00, 0x00, 0x00, 0x00,
    0x00, 0x00, 0x00, 0x00, 0xE8, 0xE8, 0xEE, 0x2D, 0xE6, 0xE8, 0xEC, 0xFD, 0xE7, 0xE7, 0xEC, 0x35,
    0x00, 0x00, 0x00, 0x00, 0x00, 0x00, 0x00, 0x00, 0x00, 0x00, 0x00, 0x00, 0x00, 0x00, 0x00, 0x00,
    0x00, 0x00, 0x00, 0x00, 0x00, 0x00, 0x00, 0x00, 0x00, 0x00, 0x00, 0x00, 0x00, 0x00, 0x00, 0x00,
    0xE5, 0xE7, 0xEC, 0x77, 0xE6, 0xE8, 0xEC, 0xC9, 0x00, 0x00, 0x00, 0x00, 0x00, 0x00, 0x00, 0x00,
    0x00, 0x00, 0x00, 0x00, 0x00, 0x00, 0x00, 0x00, 0x00, 0x00, 0x00, 0x00, 0x00, 0x00, 0x00, 0x00,
    0x00, 0x00, 0x00, 0x00, 0x00, 0x00, 0x00, 0x00, 0xE6, 0xE8, 0xEC, 0xCA, 0xE5, 0xE7, 0xEC, 0x76,
    0x00, 0x00, 0x00, 0x00, 0x00, 0x00, 0x00, 0x00, 0x00, 0x00, 0x00, 0x00, 0x00, 0x00, 0x00, 0x00,
    0x00, 0x00, 0x00, 0x00, 0x00, 0x00, 0x00, 0x00, 0x00, 0x00, 0x00, 0x00, 0x00, 0x00, 0x00, 0x00,
    0xE6, 0xE7, 0xEC, 0x96, 0xE7, 0xE8, 0xEB, 0xA8, 0x00, 0x00, 0x00, 0x00, 0x00, 0x00, 0x00, 0x00,
    0x00, 0x00, 0x00, 0x00, 0x00, 0x00, 0x00, 0x00, 0x00, 0x00, 0x00, 0x00, 0x00, 0x00, 0x00, 0x00,
    0x00, 0x00, 0x00, 0x00, 0x00, 0x00, 0x00, 0x00, 0xE6, 0xE9, 0xEC, 0xAA, 0xE5, 0xE9, 0xEC, 0x94,
    0x00, 0x00, 0x00, 0x00, 0x00, 0x00, 0x00, 0x00, 0x00, 0x00, 0x00, 0x00, 0x00, 0x00, 0x00, 0x00,
    0x00, 0x00, 0x00, 0x00, 0x00, 0x00, 0x00, 0x00, 0x00, 0x00, 0x00, 0x00, 0x00, 0x00, 0x00, 0x00,
    0xE6, 0xE8, 0xEC, 0x79, 0xE6, 0xE8, 0xEC, 0xC8, 0x00, 0x00, 0x00, 0x00, 0x00, 0x00, 0x00, 0x00,
    0x00, 0x00, 0x00, 0x00, 0x00, 0x00, 0x00, 0x00, 0x00, 0x00, 0x00, 0x00, 0x00, 0x00, 0x00, 0x00,
    0x00, 0x00, 0x00, 0x00, 0x00, 0x00, 0x00, 0x00, 0xE6, 0xE8, 0xEC, 0xCA, 0xE5, 0xE7, 0xEC, 0x77,
    0x00, 0x00, 0x00, 0x00, 0x00, 0x00, 0x00, 0x00, 0x00, 0x00, 0x00, 0x00, 0x00, 0x00, 0x00, 0x00,
    0x00, 0x00, 0x00, 0x00, 0x00, 0x00, 0x00, 0x00, 0x00, 0x00, 0x00, 0x00, 0x00, 0x00, 0x00, 0x00,
    0xE7, 0xE7, 0xEC, 0x36, 0xE6, 0xE8, 0xEC, 0xFD, 0xE7, 0xE7, 0xED, 0x2B, 0x00, 0x00, 0x00, 0x00,
    0x00, 0x00, 0x00, 0x00, 0x00, 0x00, 0x00, 0x00, 0x00, 0x00, 0x00, 0x00, 0x00, 0x00, 0x00, 0x00,
    0x00, 0x00, 0x00, 0x00, 0xE3, 0xE9, 0xEE, 0x2E, 0xE6, 0xE8, 0xEC, 0xFD, 0xE6, 0xE6, 0xEB, 0x33,
    0x00, 0x00, 0x00, 0x00, 0x00, 0x00, 0x00, 0x00, 0x00, 0x00, 0x00, 0x00, 0x00, 0x00, 0x00, 0x00,
    0x00, 0x00, 0x00, 0x00, 0x00, 0x00, 0x00, 0x00, 0x00, 0x00, 0x00, 0x00, 0x00, 0x00, 0x00, 0x00,
    0x00, 0x00, 0x00, 0x00, 0xE6, 0xE8, 0xED, 0xB4, 0xE7, 0xE8, 0xEB, 0xD1, 0xE4, 0xE4, 0xF2, 0x13,
    0x00, 0x00, 0x00, 0x00, 0x00, 0x00, 0x00, 0x00, 0x00, 0x00, 0x00, 0x00, 0x00, 0x00, 0x00, 0x00,
    0xE4, 0xE4, 0xF2, 0x13, 0xE6, 0xE8, 0xEC, 0xD2, 0xE7, 0xE8, 0xEC, 0xB1, 0x00, 0x00, 0x00, 0x00,
    0x00, 0x00, 0x00, 0x00, 0x00, 0x00, 0x00, 0x00, 0x00, 0x00, 0x00, 0x00, 0x00, 0x00, 0x00, 0x00,
    0x00, 0x00, 0x00, 0x00, 0x00, 0x00, 0x00, 0x00, 0x00, 0x00, 0x00, 0x00, 0x00, 0x00, 0x00, 0x00,
    0x00, 0x00, 0x00, 0x00, 0xDF, 0xEF, 0xEF, 0x10, 0xE6, 0xE9, 0xEC, 0xCC, 0xE6, 0xE8, 0xEC, 0xBE,
    0xFF, 0xFF, 0xFF, 0x03, 0x00, 0x00, 0x00, 0x00, 0x00, 0x00, 0x00, 0x00, 0xFF, 0xFF, 0xFF, 0x03,
    0xE6, 0xE8, 0xEC, 0xBE, 0xE6, 0xE8, 0xEC, 0xCB, 0xEE, 0xEE, 0xEE, 0x0F, 0x00, 0x00, 0x00, 0x00,
    0x00, 0x00, 0x00, 0x00, 0x00, 0x00, 0x00, 0x00, 0x00, 0x00, 0x00, 0x00, 0x00, 0x00, 0x00, 0x00,
    0x00, 0x00, 0x00, 0x00, 0x00, 0x00, 0x00, 0x00, 0x00, 0x00, 0x00, 0x00, 0x00, 0x00, 0x00, 0x00,
    0x00, 0x00, 0x00, 0x00, 0x00, 0x00, 0x00, 0x00, 0xE2, 0xEB, 0xEB, 0x1A, 0xE6, 0xE8, 0xEC, 0xFB,
    0xE7, 0xE7, 0xEC, 0x6A, 0xE5, 0xE9, 0xEC, 0x44, 0xE5, 0xE9, 0xEC, 0x44, 0xE7, 0xE7, 0xEC, 0x6A,
    0xE6, 0xE8, 0xEC, 0xFB, 0xE2, 0xEB, 0xEB, 0x1A, 0x00, 0x00, 0x00, 0x00, 0x00, 0x00, 0x00, 0x00,
    0x00, 0x00, 0x00, 0x00, 0x00, 0x00, 0x00, 0x00, 0x00, 0x00, 0x00, 0x00, 0x00, 0x00, 0x00, 0x00,
    0x00, 0x00, 0x00, 0x00, 0x00, 0x00, 0x00, 0x00, 0x00, 0x00, 0x00, 0x00, 0x00, 0x00, 0x00, 0x00,
    0x00, 0x00, 0x00, 0x00, 0x00, 0x00, 0x00, 0x00, 0x00, 0x00, 0x00, 0x00, 0xE6, 0xE8, 0xEC, 0xBE,
    0xE6, 0xE9, 0xEC, 0xEE, 0xE6, 0xE9, 0xEC, 0xEE, 0xE6, 0xE9, 0xEC, 0xEE, 0xE6, 0xE9, 0xEC, 0xEE,
    0xE6, 0xE8, 0xEC, 0xBE, 0x00, 0x00, 0x00, 0x00, 0x00, 0x00, 0x00, 0x00, 0x00, 0x00, 0x00, 0x00,
    0x00, 0x00, 0x00, 0x00, 0x00, 0x00, 0x00, 0x00, 0x00, 0x00, 0x00, 0x00, 0x00, 0x00, 0x00, 0x00,
    0x00, 0x00, 0x00, 0x00, 0x00, 0x00, 0x00, 0x00, 0x00, 0x00, 0x00, 0x00, 0x00, 0x00, 0x00, 0x00,
    0x00, 0x00, 0x00, 0x00, 0x00, 0x00, 0x00, 0x00, 0xDB, 0xDB, 0xDB, 0x07, 0xE6, 0xE8, 0xEC, 0x90,
    0xE6, 0xE8, 0xED, 0x99, 0xE6, 0xE8, 0xED, 0x99, 0xE6, 0xE8, 0xED, 0x99, 0xE6, 0xE8, 0xED, 0x99,
    0xE6, 0xE8, 0xEC, 0x90, 0xDB, 0xDB, 0xDB, 0x07, 0x00, 0x00, 0x00, 0x00, 0x00, 0x00, 0x00, 0x00,
    0x00, 0x00, 0x00, 0x00, 0x00, 0x00, 0x00, 0x00, 0x00, 0x00, 0x00, 0x00, 0x00, 0x00, 0x00, 0x00,
    0x00, 0x00, 0x00, 0x00, 0x00, 0x00, 0x00, 0x00, 0x00, 0x00, 0x00, 0x00, 0x00, 0x00, 0x00, 0x00,
    0x00, 0x00, 0x00, 0x00, 0x00, 0x00, 0x00, 0x00, 0xDB, 0xDB, 0xDB, 0x07, 0xE6, 0xE8, 0xEC, 0x90,
    0xE6, 0xE8, 0xED, 0x99, 0xE6, 0xE8, 0xED, 0x99, 0xE6, 0xE8, 0xED, 0x99, 0xE6, 0xE8, 0xED, 0x99,
    0xE6, 0xE8, 0xEC, 0x90, 0xDB, 0xDB, 0xDB, 0x07, 0x00, 0x00, 0x00, 0x00, 0x00, 0x00, 0x00, 0x00,
    0x00, 0x00, 0x00, 0x00, 0x00, 0x00, 0x00, 0x00, 0x00, 0x00, 0x00, 0x00, 0x00, 0x00, 0x00, 0x00,
    0x00, 0x00, 0x00, 0x00, 0x00, 0x00, 0x00, 0x00, 0x00, 0x00, 0x00, 0x00, 0x00, 0x00, 0x00, 0x00,
    0x00, 0x00, 0x00, 0x00, 0x00, 0x00, 0x00, 0x00, 0x00, 0x00, 0x00, 0x00, 0x00, 0x00, 0x00, 0x00,
    0xE6, 0xE6, 0xEE, 0x1E, 0xE9, 0xE9, 0xE9, 0x22, 0xE9, 0xE9, 0xE9, 0x22, 0xE6, 0xE6, 0xEE, 0x1E,
    0x00, 0x00, 0x00, 0x00, 0x00, 0x00, 0x00, 0x00, 0x00, 0x00, 0x00, 0x00, 0x00, 0x00, 0x00, 0x00,
    0x00, 0x00, 0x00, 0x00, 0x00, 0x00, 0x00, 0x00, 0x00, 0x00, 0x00, 0x00, 0x00, 0x00, 0x00, 0x00,
    0x00, 0x00, 0x00, 0x00, 0x00, 0x00, 0x00, 0x00, 0x00, 0x00, 0x00, 0x00, 0x00, 0x00, 0x00, 0x00,
    0x00, 0x00, 0x00, 0x00, 0x00, 0x00, 0x00, 0x00, 0x00, 0x00, 0x00, 0x00, 0xE6, 0xE6, 0xEB, 0x34,
    0xE6, 0xE8, 0xEC, 0xFF, 0xE6, 0xE8, 0xEC, 0xFF, 0xE6, 0xE8, 0xEC, 0xFF, 0xE6, 0xE8, 0xEC, 0xFF,
    0xE6, 0xE6, 0xEB, 0x34, 0x00, 0x00, 0x00, 0x00, 0x00, 0x00, 0x00, 0x00, 0x00, 0x00, 0x00, 0x00,
    0x00, 0x00, 0x00, 0x00, 0x00, 0x00, 0x00, 0x00, 0x00, 0x00, 0x00, 0x00, 0x00, 0x00, 0x00, 0x00,
    0x00, 0x00, 0x00, 0x00, 0x00, 0x00, 0x00, 0x00, 0x00, 0x00, 0x00, 0x00, 0x00, 0x00, 0x00, 0x00,
    0x00, 0x00, 0x00, 0x00, 0x00, 0x00, 0x00, 0x00, 0x00, 0x00, 0x00, 0x00, 0x00, 0x00, 0x00, 0x00,
    0xE6, 0xE6, 0xEE, 0x1E, 0xE9, 0xE9, 0xE9, 0x22, 0xE9, 0xE9, 0xE9, 0x22, 0xE6, 0xE6, 0xEE, 0x1E,
    0x00, 0x00, 0x00, 0x00, 0x00, 0x00, 0x00, 0x00, 0x00, 0x00, 0x00, 0x00, 0x00, 0x00, 0x00, 0x00,
    0x00, 0x00, 0x00, 0x00, 0x00, 0x00, 0x00, 0x00, 0x00, 0x00, 0x00, 0x00, 0x00, 0x00, 0x00, 0x00,
    0x00, 0x00, 0x00, 0x00, 0x00, 0x00, 0x00, 0x00, 0x00, 0x00, 0x00, 0x00, 0x00, 0x00, 0x00, 0x00,
    0x00, 0x00, 0x00, 0x00, 0x00, 0x00, 0x00, 0x00, 0x00, 0x00, 0x00, 0x00, 0x00, 0x00, 0x00, 0x00,
    0x00, 0x00, 0x00, 0x00, 0x00, 0x00, 0x00, 0x00, 0x00, 0x00, 0x00, 0x00, 0x00, 0x00, 0x00, 0x00,
    0x00, 0x00, 0x00, 0x00, 0x00, 0x00, 0x00, 0x00, 0x00, 0x00, 0x00, 0x00, 0x00, 0x00, 0x00, 0x00,
    0x00, 0x00, 0x00, 0x00, 0x00, 0x00, 0x00, 0x00, 0x00, 0x00, 0x00, 0x00, 0x00, 0x00, 0x00, 0x00,
}};
inline constexpr std::array<std::uint8_t, 1600> uve_node_icon_lod_group_node_rgba{{
    0x00, 0x00, 0x00, 0x00, 0x00, 0x00, 0x00, 0x00, 0x00, 0x00, 0x00, 0x00, 0x00, 0x00, 0x00, 0x00,
    0x00, 0x00, 0x00, 0x00, 0x00, 0x00, 0x00, 0x00, 0x00, 0x00, 0x00, 0x00, 0x00, 0x00, 0x00, 0x00,
    0x00, 0x00, 0x00, 0x00, 0x00, 0x00, 0x00, 0x00, 0x00, 0x00, 0x00, 0x00, 0x00, 0x00, 0x00, 0x00,
    0x00, 0x00, 0x00, 0x00, 0x00, 0x00, 0x00, 0x00, 0x00, 0x00, 0x00, 0x00, 0x00, 0x00, 0x00, 0x00,
    0x00, 0x00, 0x00, 0x00, 0x00, 0x00, 0x00, 0x00, 0x00, 0x00, 0x00, 0x00, 0x00, 0x00, 0x00, 0x00,
    0x00, 0x00, 0x00, 0x00, 0x00, 0x00, 0x00, 0x00, 0x00, 0x00, 0x00, 0x00, 0x00, 0x00, 0x00, 0x00,
    0x00, 0x00, 0x00, 0x00, 0x00, 0x00, 0x00, 0x00, 0x00, 0x00, 0x00, 0x00, 0x00, 0x00, 0x00, 0x00,
    0x00, 0x00, 0x00, 0x00, 0x00, 0x00, 0x00, 0x00, 0x00, 0x00, 0x00, 0x00, 0x00, 0x00, 0x00, 0x00,
    0x00, 0x00, 0x00, 0x00, 0x00, 0x00, 0x00, 0x00, 0x00, 0x00, 0x00, 0x00, 0x00, 0x00, 0x00, 0x00,
    0x00, 0x00, 0x00, 0x00, 0x00, 0x00, 0x00, 0x00, 0x00, 0x00, 0x00, 0x00, 0x00, 0x00, 0x00, 0x00,
    0x00, 0x00, 0x00, 0x00, 0x00, 0x00, 0x00, 0x00, 0x00, 0x00, 0x00, 0x00, 0x00, 0x00, 0x00, 0x00,
    0x00, 0x00, 0x00, 0x00, 0x00, 0x00, 0x00, 0x00, 0x00, 0x00, 0x00, 0x00, 0x00, 0x00, 0x00, 0x00,
    0x00, 0x00, 0x00, 0x00, 0x00, 0x00, 0x00, 0x00, 0x00, 0x00, 0x00, 0x00, 0x00, 0x00, 0x00, 0x00,
    0xFF, 0xFF, 0xFF, 0x05, 0xE8, 0xE8, 0xEC, 0x42, 0xE5, 0xE9, 0xEC, 0x44, 0xE5, 0xE9, 0xEC, 0x44,
    0xE8, 0xE8, 0xEC, 0x42, 0xFF, 0xFF, 0xFF, 0x05, 0x00, 0x00, 0x00, 0x00, 0x00, 0x00, 0x00, 0x00,
    0x00, 0x00, 0x00, 0x00, 0x00, 0x00, 0x00, 0x00, 0x00, 0x00, 0x00, 0x00, 0x00, 0x00, 0x00, 0x00,
    0x00, 0x00, 0x00, 0x00, 0x00, 0x00, 0x00, 0x00, 0x00, 0x00, 0x00, 0x00, 0x00, 0x00, 0x00, 0x00,
    0x00, 0x00, 0x00, 0x00, 0x00, 0x00, 0x00, 0x00, 0x00, 0x00, 0x00, 0x00, 0x00, 0x00, 0x00, 0x00,
    0xE6, 0xE9, 0xED, 0x47, 0xE6, 0xE8, 0xEC, 0xFE, 0xE6, 0xE9, 0xEC, 0xEE, 0xE6, 0xE9, 0xEC, 0xEE,
    0xE6, 0xE8, 0xEC, 0xFE, 0xE6, 0xE9, 0xED, 0x47, 0x00, 0x00, 0x00, 0x00, 0x00, 0x00, 0x00, 0x00,
    0x00, 0x00, 0x00, 0x00, 0x00, 0x00, 0x00, 0x00, 0x00, 0x00, 0x00, 0x00, 0x00, 0x00, 0x00, 0x00,
    0x00, 0x00, 0x00, 0x00, 0x00, 0x00, 0x00, 0x00, 0x00, 0x00, 0x00, 0x00, 0x00, 0x00, 0x00, 0x00,
    0x00, 0x00, 0x00, 0x00, 0x00, 0x00, 0x00, 0x00, 0x00, 0x00, 0x00, 0x00, 0x00, 0x00, 0x00, 0x00,
    0xE7, 0xE7, 0xEB, 0x4B, 0xE6, 0xE8, 0xEC, 0xF4, 0x00, 0x00, 0x00, 0x00, 0x00, 0x00, 0x00, 0x00,
    0xE6, 0xE8, 0xEC, 0xF4, 0xE7, 0xE7, 0xEB, 0x4B, 0x00, 0x00, 0x00, 0x00, 0x00, 0x00, 0x00, 0x00,
    0x00, 0x00, 0x00, 0x00, 0x00, 0x00, 0x00, 0x00, 0x00, 0x00, 0x00, 0x00, 0x00, 0x00, 0x00, 0x00,
    0x00, 0x00, 0x00, 0x00, 0x00, 0x00, 0x00, 0x00, 0x00, 0x00, 0x00, 0x00, 0x00, 0x00, 0x00, 0x00,
    0x00, 0x00, 0x00, 0x00, 0x00, 0x00, 0x00, 0x00, 0x00, 0x00, 0x00, 0x00, 0x00, 0x00, 0x00, 0x00,
    0xE7, 0xE7, 0xEB, 0x4B, 0xE6, 0xE8, 0xEC, 0xF4, 0x00, 0x00, 0x00, 0x00, 0x00, 0x00, 0x00, 0x00,
    0xE6, 0xE8, 0xEC, 0xF4, 0xE7, 0xE7, 0xEB, 0x4B, 0x00, 0x00, 0x00, 0x00, 0x00, 0x00, 0x00, 0x00,
    0x00, 0x00, 0x00, 0x00, 0x00, 0x00, 0x00, 0x00, 0x00, 0x00, 0x00, 0x00, 0x00, 0x00, 0x00, 0x00,
    0x00, 0x00, 0x00, 0x00, 0x00, 0x00, 0x00, 0x00, 0x00, 0x00, 0x00, 0x00, 0x00, 0x00, 0x00, 0x00,
    0x00, 0x00, 0x00, 0x00, 0x00, 0x00, 0x00, 0x00, 0x00, 0x00, 0x00, 0x00, 0x00, 0x00, 0x00, 0x00,
    0xE7, 0xE7, 0xEB, 0x4B, 0xE6, 0xE8, 0xEC, 0xF4, 0x00, 0x00, 0x00, 0x00, 0x00, 0x00, 0x00, 0x00,
    0xE6, 0xE8, 0xEC, 0xF4, 0xE7, 0xE7, 0xEB, 0x4B, 0x00, 0x00, 0x00, 0x00, 0x00, 0x00, 0x00, 0x00,
    0x00, 0x00, 0x00, 0x00, 0x00, 0x00, 0x00, 0x00, 0x00, 0x00, 0x00, 0x00, 0x00, 0x00, 0x00, 0x00,
    0x00, 0x00, 0x00, 0x00, 0x00, 0x00, 0x00, 0x00, 0x00, 0x00, 0x00, 0x00, 0xFF, 0xFF, 0xFF, 0x05,
    0xE8, 0xE8, 0xEC, 0x42, 0xE5, 0xE9, 0xEC, 0x44, 0xE5, 0xE9, 0xEC, 0x44, 0xE8, 0xE8, 0xEC, 0x42,
    0xE8, 0xE8, 0xEC, 0x4F, 0xE6, 0xE8, 0xEC, 0xF4, 0x00, 0x00, 0x00, 0x00, 0x00, 0x00, 0x00, 0x00,
    0xE6, 0xE8, 0xEC, 0xF4, 0xE7, 0xE7, 0xEB, 0x4B, 0x00, 0x00, 0x00, 0x00, 0x00, 0x00, 0x00, 0x00,
    0x00, 0x00, 0x00, 0x00, 0x00, 0x00, 0x00, 0x00, 0x00, 0x00, 0x00, 0x00, 0x00, 0x00, 0x00, 0x00,
    0x00, 0x00, 0x00, 0x00, 0x00, 0x00, 0x00, 0x00, 0x00, 0x00, 0x00, 0x00, 0xE6, 0xE9, 0xED, 0x47,
    0xE6, 0xE8, 0xEC, 0xFE, 0xE6, 0xE9, 0xEC, 0xEE, 0xE6, 0xE9, 0xEC, 0xEE, 0xE6, 0xE8, 0xEC, 0xFE,
    0xE7, 0xE9, 0xED, 0x7D, 0xE6, 0xE8, 0xEC, 0xF4, 0x00, 0x00, 0x00, 0x00, 0x00, 0x00, 0x00, 0x00,
    0xE6, 0xE8, 0xEC, 0xF4, 0xE7, 0xE7, 0xEB, 0x4B, 0x00, 0x00, 0x00, 0x00, 0x00, 0x00, 0x00, 0x00,
    0x00, 0x00, 0x00, 0x00, 0x00, 0x00, 0x00, 0x00, 0x00, 0x00, 0x00, 0x00, 0x00, 0x00, 0x00, 0x00,
    0x00, 0x00, 0x00, 0x00, 0x00, 0x00, 0x00, 0x00, 0x00, 0x00, 0x00, 0x00, 0xE7, 0xE7, 0xEB, 0x4B,
    0xE6, 0xE8, 0xEC, 0xF4, 0x00, 0x00, 0x00, 0x00, 0x00, 0x00, 0x00, 0x00, 0xE6, 0xE8, 0xEC, 0xF4,
    0xE7, 0xE7, 0xEB, 0x80, 0xE6, 0xE8, 0xEC, 0xF4, 0x00, 0x00, 0x00, 0x00, 0x00, 0x00, 0x00, 0x00,
    0xE6, 0xE8, 0xEC, 0xF4, 0xE7, 0xE7, 0xEB, 0x4B, 0x00, 0x00, 0x00, 0x00, 0x00, 0x00, 0x00, 0x00,
    0x00, 0x00, 0x00, 0x00, 0x00, 0x00, 0x00, 0x00, 0x00, 0x00, 0x00, 0x00, 0x00, 0x00, 0x00, 0x00,
    0x00, 0x00, 0x00, 0x00, 0x00, 0x00, 0x00, 0x00, 0x00, 0x00, 0x00, 0x00, 0xE7, 0xE7, 0xEB, 0x4B,
    0xE6, 0xE8, 0xEC, 0xF4, 0x00, 0x00, 0x00, 0x00, 0x00, 0x00, 0x00, 0x00, 0xE6, 0xE8, 0xEC, 0xF4,
    0xE7, 0xE7, 0xEB, 0x80, 0xE6, 0xE8, 0xEC, 0xF4, 0x00, 0x00, 0x00, 0x00, 0x00, 0x00, 0x00, 0x00,
    0xE6, 0xE8, 0xEC, 0xF4, 0xE7, 0xE7, 0xEB, 0x4B, 0x00, 0x00, 0x00, 0x00, 0x00, 0x00, 0x00, 0x00,
    0x00, 0x00, 0x00, 0x00, 0x00, 0x00, 0x00, 0x00, 0x00, 0x00, 0x00, 0x00, 0xE6, 0xE6, 0xEE, 0x1E,
    0xE9, 0xE9, 0xE9, 0x22, 0xE9, 0xE9, 0xE9, 0x22, 0xE6, 0xE6, 0xEE, 0x1E, 0xE7, 0xE7, 0xEB, 0x4B,
    0xE6, 0xE8, 0xEC, 0xF4, 0x00, 0x00, 0x00, 0x00, 0x00, 0x00, 0x00, 0x00, 0xE6, 0xE8, 0xEC, 0xF4,
    0xE7, 0xE7, 0xEB, 0x80, 0xE6, 0xE8, 0xEC, 0xF4, 0x00, 0x00, 0x00, 0x00, 0x00, 0x00, 0x00, 0x00,
    0xE6, 0xE8, 0xEC, 0xF4, 0xE7, 0xE7, 0xEB, 0x4B, 0x00, 0x00, 0x00, 0x00, 0x00, 0x00, 0x00, 0x00,
    0x00, 0x00, 0x00, 0x00, 0x00, 0x00, 0x00, 0x00, 0xE7, 0xE7, 0xEB, 0x3F, 0xE6, 0xE8, 0xEC, 0xFF,
    0xE6, 0xE8, 0xEC, 0xFF, 0xE6, 0xE8, 0xEC, 0xFF, 0xE6, 0xE8, 0xEC, 0xFF, 0xE7, 0xE7, 0xEC, 0x77,
    0xE6, 0xE8, 0xEC, 0xF4, 0x00, 0x00, 0x00, 0x00, 0x00, 0x00, 0x00, 0x00, 0xE6, 0xE8, 0xEC, 0xF4,
    0xE7, 0xE7, 0xEB, 0x80, 0xE6, 0xE8, 0xEC, 0xF4, 0x00, 0x00, 0x00, 0x00, 0x00, 0x00, 0x00, 0x00,
    0xE6, 0xE8, 0xEC, 0xF4, 0xE7, 0xE7, 0xEB, 0x4B, 0x00, 0x00, 0x00, 0x00, 0x00, 0x00, 0x00, 0x00,
    0x00, 0x00, 0x00, 0x00, 0x00, 0x00, 0x00, 0x00, 0xE7, 0xE7, 0xEB, 0x4B, 0xE6, 0xE8, 0xEC, 0xF6,
    0xE9, 0xE9, 0xE9, 0x22, 0xE9, 0xE9, 0xE9, 0x22, 0xE6, 0xE8, 0xEC, 0xF6, 0xE7, 0xE7, 0xEB, 0x80,
    0xE6, 0xE8, 0xEC, 0xF4, 0x00, 0x00, 0x00, 0x00, 0x00, 0x00, 0x00, 0x00, 0xE6, 0xE8, 0xEC, 0xF4,
    0xE7, 0xE7, 0xEB, 0x80, 0xE6, 0xE8, 0xEC, 0xF4, 0x00, 0x00, 0x00, 0x00, 0x00, 0x00, 0x00, 0x00,
    0xE6, 0xE8, 0xEC, 0xF4, 0xE7, 0xE7, 0xEB, 0x4B, 0x00, 0x00, 0x00, 0x00, 0x00, 0x00, 0x00, 0x00,
    0x00, 0x00, 0x00, 0x00, 0x00, 0x00, 0x00, 0x00, 0xE7, 0xE7, 0xEB, 0x4B, 0xE6, 0xE8, 0xEC, 0xF4,
    0x00, 0x00, 0x00, 0x00, 0x00, 0x00, 0x00, 0x00, 0xE6, 0xE8, 0xEC, 0xF4, 0xE7, 0xE7, 0xEB, 0x80,
    0xE6, 0xE8, 0xEC, 0xF4, 0x00, 0x00, 0x00, 0x00, 0x00, 0x00, 0x00, 0x00, 0xE6, 0xE8, 0xEC, 0xF4,
    0xE7, 0xE7, 0xEB, 0x80, 0xE6, 0xE8, 0xEC, 0xF4, 0x00, 0x00, 0x00, 0x00, 0x00, 0x00, 0x00, 0x00,
    0xE6, 0xE8, 0xEC, 0xF4, 0xE7, 0xE7, 0xEB, 0x4B, 0x00, 0x00, 0x00, 0x00, 0x00, 0x00, 0x00, 0x00,
    0x00, 0x00, 0x00, 0x00, 0x00, 0x00, 0x00, 0x00, 0xE7, 0xE7, 0xEB, 0x4B, 0xE6, 0xE8, 0xEC, 0xF4,
    0x00, 0x00, 0x00, 0x00, 0x00, 0x00, 0x00, 0x00, 0xE6, 0xE8, 0xEC, 0xF4, 0xE7, 0xE7, 0xEB, 0x80,
    0xE6, 0xE8, 0xEC, 0xF4, 0x00, 0x00, 0x00, 0x00, 0x00, 0x00, 0x00, 0x00, 0xE6, 0xE8, 0xEC, 0xF4,
    0xE7, 0xE7, 0xEB, 0x80, 0xE6, 0xE8, 0xEC, 0xF4, 0x00, 0x00, 0x00, 0x00, 0x00, 0x00, 0x00, 0x00,
    0xE6, 0xE8, 0xEC, 0xF4, 0xE7, 0xE7, 0xEB, 0x4B, 0x00, 0x00, 0x00, 0x00, 0x00, 0x00, 0x00, 0x00,
    0x00, 0x00, 0x00, 0x00, 0x00, 0x00, 0x00, 0x00, 0xE6, 0xE9, 0xED, 0x47, 0xE6, 0xE8, 0xEC, 0xFE,
    0xE6, 0xE9, 0xEC, 0xEE, 0xE6, 0xE9, 0xEC, 0xEE, 0xE6, 0xE8, 0xEC, 0xFE, 0xE6, 0xEA, 0xEE, 0x7A,
    0xE6, 0xE8, 0xEC, 0xFE, 0xE6, 0xE9, 0xEC, 0xEE, 0xE6, 0xE9, 0xEC, 0xEE, 0xE6, 0xE8, 0xEC, 0xFE,
    0xE6, 0xEA, 0xEE, 0x7A, 0xE6, 0xE8, 0xEC, 0xFE, 0xE6, 0xE9, 0xEC, 0xEE, 0xE6, 0xE9, 0xEC, 0xEE,
    0xE6, 0xE8, 0xEC, 0xFE, 0xE6, 0xE9, 0xED, 0x47, 0x00, 0x00, 0x00, 0x00, 0x00, 0x00, 0x00, 0x00,
    0x00, 0x00, 0x00, 0x00, 0x00, 0x00, 0x00, 0x00, 0xFF, 0xFF, 0xFF, 0x05, 0xE8, 0xE8, 0xEC, 0x42,
    0xE5, 0xE9, 0xEC, 0x44, 0xE5, 0xE9, 0xEC, 0x44, 0xE8, 0xE8, 0xEC, 0x42, 0xFF, 0xFF, 0xFF, 0x0A,
    0xE8, 0xE8, 0xEC, 0x42, 0xE5, 0xE9, 0xEC, 0x44, 0xE5, 0xE9, 0xEC, 0x44, 0xE8, 0xE8, 0xEC, 0x42,
    0xFF, 0xFF, 0xFF, 0x0A, 0xE8, 0xE8, 0xEC, 0x42, 0xE5, 0xE9, 0xEC, 0x44, 0xE5, 0xE9, 0xEC, 0x44,
    0xE8, 0xE8, 0xEC, 0x42, 0xFF, 0xFF, 0xFF, 0x05, 0x00, 0x00, 0x00, 0x00, 0x00, 0x00, 0x00, 0x00,
    0x00, 0x00, 0x00, 0x00, 0x00, 0x00, 0x00, 0x00, 0x00, 0x00, 0x00, 0x00, 0x00, 0x00, 0x00, 0x00,
    0x00, 0x00, 0x00, 0x00, 0x00, 0x00, 0x00, 0x00, 0x00, 0x00, 0x00, 0x00, 0x00, 0x00, 0x00, 0x00,
    0x00, 0x00, 0x00, 0x00, 0x00, 0x00, 0x00, 0x00, 0x00, 0x00, 0x00, 0x00, 0x00, 0x00, 0x00, 0x00,
    0x00, 0x00, 0x00, 0x00, 0x00, 0x00, 0x00, 0x00, 0x00, 0x00, 0x00, 0x00, 0x00, 0x00, 0x00, 0x00,
    0x00, 0x00, 0x00, 0x00, 0x00, 0x00, 0x00, 0x00, 0x00, 0x00, 0x00, 0x00, 0x00, 0x00, 0x00, 0x00,
    0x00, 0x00, 0x00, 0x00, 0x00, 0x00, 0x00, 0x00, 0x00, 0x00, 0x00, 0x00, 0x00, 0x00, 0x00, 0x00,
    0x00, 0x00, 0x00, 0x00, 0x00, 0x00, 0x00, 0x00, 0x00, 0x00, 0x00, 0x00, 0x00, 0x00, 0x00, 0x00,
    0x00, 0x00, 0x00, 0x00, 0x00, 0x00, 0x00, 0x00, 0x00, 0x00, 0x00, 0x00, 0x00, 0x00, 0x00, 0x00,
    0x00, 0x00, 0x00, 0x00, 0x00, 0x00, 0x00, 0x00, 0x00, 0x00, 0x00, 0x00, 0x00, 0x00, 0x00, 0x00,
    0x00, 0x00, 0x00, 0x00, 0x00, 0x00, 0x00, 0x00, 0x00, 0x00, 0x00, 0x00, 0x00, 0x00, 0x00, 0x00,
}};
inline constexpr std::array<std::uint8_t, 1600> uve_node_icon_marker_3d_node_rgba{{
    0x00, 0x00, 0x00, 0x00, 0x00, 0x00, 0x00, 0x00, 0x00, 0x00, 0x00, 0x00, 0x00, 0x00, 0x00, 0x00,
    0x00, 0x00, 0x00, 0x00, 0x00, 0x00, 0x00, 0x00, 0x00, 0x00, 0x00, 0x00, 0x00, 0x00, 0x00, 0x00,
    0x00, 0x00, 0x00, 0x00, 0x00, 0x00, 0x00, 0x00, 0x00, 0x00, 0x00, 0x00, 0x00, 0x00, 0x00, 0x00,
    0x00, 0x00, 0x00, 0x00, 0x00, 0x00, 0x00, 0x00, 0x00, 0x00, 0x00, 0x00, 0x00, 0x00, 0x00, 0x00,
    0x00, 0x00, 0x00, 0x00, 0x00, 0x00, 0x00, 0x00, 0x00, 0x00, 0x00, 0x00, 0x00, 0x00, 0x00, 0x00,
    0x00, 0x00, 0x00, 0x00, 0x00, 0x00, 0x00, 0x00, 0x00, 0x00, 0x00, 0x00, 0x00, 0x00, 0x00, 0x00,
    0x00, 0x00, 0x00, 0x00, 0x00, 0x00, 0x00, 0x00, 0x00, 0x00, 0x00, 0x00, 0xE1, 0xE1, 0xF0, 0x11,
    0xE5, 0xE8, 0xEB, 0x59, 0xE7, 0xE9, 0xED, 0x7F, 0xE7, 0xE9, 0xED, 0x7F, 0xE5, 0xE8, 0xEB, 0x58,
    0xDF, 0xEF, 0xEF, 0x10, 0x00, 0x00, 0x00, 0x00, 0x00, 0x00, 0x00, 0x00, 0x00, 0x00, 0x00, 0x00,
    0x00, 0x00, 0x00, 0x00, 0x00, 0x00, 0x00, 0x00, 0x00, 0x00, 0x00, 0x00, 0x00, 0x00, 0x00, 0x00,
    0x00, 0x00, 0x00, 0x00, 0x00, 0x00, 0x00, 0x00, 0x00, 0x00, 0x00, 0x00, 0x00, 0x00, 0x00, 0x00,
    0x00, 0x00, 0x00, 0x00, 0xFF, 0xFF, 0xFF, 0x02, 0xE6, 0xE8, 0xEC, 0x7C, 0xE6, 0xE8, 0xEC, 0xF4,
    0xE6, 0xE8, 0xEC, 0xED, 0xE6, 0xE9, 0xED, 0xC1, 0xE6, 0xE7, 0xED, 0xC2, 0xE6, 0xE8, 0xEC, 0xED,
    0xE6, 0xE8, 0xEC, 0xF3, 0xE6, 0xE8, 0xEC, 0x7A, 0xFF, 0xFF, 0xFF, 0x02, 0x00, 0x00, 0x00, 0x00,
    0x00, 0x00, 0x00, 0x00, 0x00, 0x00, 0x00, 0x00, 0x00, 0x00, 0x00, 0x00, 0x00, 0x00, 0x00, 0x00,
    0x00, 0x00, 0x00, 0x00, 0x00, 0x00, 0x00, 0x00, 0x00, 0x00, 0x00, 0x00, 0x00, 0x00, 0x00, 0x00,
    0xFF, 0xFF, 0xFF, 0x02, 0xE5, 0xE8, 0xEB, 0xA9, 0xE6, 0xE8, 0xEC, 0xED, 0xE7, 0xE9, 0xEC, 0x5E,
    0xFF, 0xFF, 0xFF, 0x04, 0x00, 0x00, 0x00, 0x00, 0x00, 0x00, 0x00, 0x00, 0xFF, 0xFF, 0xFF, 0x04,
    0xE7, 0xE7, 0xEC, 0x5F, 0xE6, 0xE9, 0xEC, 0xEE, 0xE7, 0xE8, 0xEB, 0xA8, 0xFF, 0xFF, 0xFF, 0x02,
    0x00, 0x00, 0x00, 0x00, 0x00, 0x00, 0x00, 0x00, 0x00, 0x00, 0x00, 0x00, 0x00, 0x00, 0x00, 0x00,
    0x00, 0x00, 0x00, 0x00, 0x00, 0x00, 0x00, 0x00, 0x00, 0x00, 0x00, 0x00, 0x00, 0x00, 0x00, 0x00,
    0xE7, 0xE9, 0xEB, 0x74, 0xE6, 0xE8, 0xEC, 0xEF, 0xE7, 0xE7, 0xED, 0x2A, 0x00, 0x00, 0x00, 0x00,
    0x00, 0x00, 0x00, 0x00, 0x00, 0x00, 0x00, 0x00, 0x00, 0x00, 0x00, 0x00, 0x00, 0x00, 0x00, 0x00,
    0x00, 0x00, 0x00, 0x00, 0xE7, 0xE7, 0xED, 0x2B, 0xE6, 0xE8, 0xEC, 0xF0, 0xE6, 0xE8, 0xED, 0x71,
    0x00, 0x00, 0x00, 0x00, 0x00, 0x00, 0x00, 0x00, 0x00, 0x00, 0x00, 0x00, 0x00, 0x00, 0x00, 0x00,
    0x00, 0x00, 0x00, 0x00, 0x00, 0x00, 0x00, 0x00, 0x00, 0x00, 0x00, 0x00, 0xDF, 0xDF, 0xDF, 0x08,
    0xE6, 0xE8, 0xEC, 0xEF, 0xE6, 0xE9, 0xEB, 0x68, 0x00, 0x00, 0x00, 0x00, 0x00, 0x00, 0x00, 0x00,
    0xE9, 0xE9, 0xE9, 0x22, 0xE6, 0xE8, 0xEC, 0x86, 0xE6, 0xE8, 0xEC, 0x85, 0xE8, 0xE8, 0xF0, 0x21,
    0x00, 0x00, 0x00, 0x00, 0x00, 0x00, 0x00, 0x00, 0xE7, 0xE7, 0xEC, 0x6A, 0xE6, 0xE8, 0xEC, 0xED,
    0xDB, 0xDB, 0xDB, 0x07, 0x00, 0x00, 0x00, 0x00, 0x00, 0x00, 0x00, 0x00, 0x00, 0x00, 0x00, 0x00,
    0x00, 0x00, 0x00, 0x00, 0x00, 0x00, 0x00, 0x00, 0x00, 0x00, 0x00, 0x00, 0xE6, 0xE9, 0xED, 0x47,
    0xE6, 0xE8, 0xEC, 0xF6, 0xE6, 0xE6, 0xE6, 0x0A, 0x00, 0x00, 0x00, 0x00, 0xE5, 0xE5, 0xED, 0x1D,
    0xE6, 0xE8, 0xEC, 0xEF, 0xE5, 0xE8, 0xEC, 0xC7, 0xE5, 0xE8, 0xEC, 0xC7, 0xE6, 0xE8, 0xEC, 0xEF,
    0xE4, 0xE4, 0xED, 0x1C, 0x00, 0x00, 0x00, 0x00, 0xEA, 0xEA, 0xEA, 0x0C, 0xE6, 0xE8, 0xEC, 0xF7,
    0xE6, 0xE9, 0xED, 0x46, 0x00, 0x00, 0x00, 0x00, 0x00, 0x00, 0x00, 0x00, 0x00, 0x00, 0x00, 0x00,
    0x00, 0x00, 0x00, 0x00, 0x00, 0x00, 0x00, 0x00, 0x00, 0x00, 0x00, 0x00, 0xE7, 0xE7, 0xEC, 0x6A,
    0xE6, 0xE8, 0xEC, 0xD5, 0x00, 0x00, 0x00, 0x00, 0x00, 0x00, 0x00, 0x00, 0xE7, 0xE7, 0xEB, 0x75,
    0xE6, 0xE8, 0xEC, 0xD2, 0xFF, 0xFF, 0xFF, 0x01, 0xFF, 0xFF, 0xFF, 0x01, 0xE6, 0xE8, 0xEC, 0xD3,
    0xE7, 0xE9, 0xEB, 0x74, 0x00, 0x00, 0x00, 0x00, 0x00, 0x00, 0x00, 0x00, 0xE6, 0xE8, 0xEC, 0xD5,
    0xE7, 0xE7, 0xEC, 0x6A, 0x00, 0x00, 0x00, 0x00, 0x00, 0x00, 0x00, 0x00, 0x00, 0x00, 0x00, 0x00,
    0x00, 0x00, 0x00, 0x00, 0x00, 0x00, 0x00, 0x00, 0x00, 0x00, 0x00, 0x00, 0xE7, 0xE7, 0xEC, 0x5F,
    0xE6, 0xE8, 0xEC, 0xE1, 0x00, 0x00, 0x00, 0x00, 0x00, 0x00, 0x00, 0x00, 0xE5, 0xE7, 0xEC, 0x6C,
    0xE6, 0xE8, 0xEC, 0xDF, 0xE6, 0xE6, 0xE6, 0x0A, 0xE8, 0xE8, 0xE8, 0x0B, 0xE6, 0xE8, 0xEC, 0xDF,
    0xE7, 0xE7, 0xEC, 0x6B, 0x00, 0x00, 0x00, 0x00, 0x00, 0x00, 0x00, 0x00, 0xE6, 0xE8, 0xEC, 0xE2,
    0xE6, 0xE9, 0xEC, 0x5D, 0x00, 0x00, 0x00, 0x00, 0x00, 0x00, 0x00, 0x00, 0x00, 0x00, 0x00, 0x00,
    0x00, 0x00, 0x00, 0x00, 0x00, 0x00, 0x00, 0x00, 0x00, 0x00, 0x00, 0x00, 0xE7, 0xE7, 0xEC, 0x36,
    0xE6, 0xE8, 0xEC, 0xFE, 0xE9, 0xE9, 0xE9, 0x17, 0x00, 0x00, 0x00, 0x00, 0xEE, 0xEE, 0xEE, 0x0F,
    0xE6, 0xE7, 0xEC, 0xD9, 0xE6, 0xE8, 0xEC, 0xE8, 0xE6, 0xE8, 0xEC, 0xE9, 0xE6, 0xE9, 0xEC, 0xD8,
    0xED, 0xED, 0xED, 0x0E, 0x00, 0x00, 0x00, 0x00, 0xEA, 0xEA, 0xEA, 0x18, 0xE6, 0xE8, 0xEC, 0xFE,
    0xE6, 0xE6, 0xEB, 0x34, 0x00, 0x00, 0x00, 0x00, 0x00, 0x00, 0x00, 0x00, 0x00, 0x00, 0x00, 0x00,
    0x00, 0x00, 0x00, 0x00, 0x00, 0x00, 0x00, 0x00, 0x00, 0x00, 0x00, 0x00, 0xFF, 0xFF, 0xFF, 0x02,
    0xE6, 0xE8, 0xEB, 0xDE, 0xE5, 0xE7, 0xEC, 0x77, 0x00, 0x00, 0x00, 0x00, 0x00, 0x00, 0x00, 0x00,
    0xEA, 0xEA, 0xEA, 0x0C, 0xE6, 0xE9, 0xEB, 0x5B, 0xE6, 0xE8, 0xEB, 0x5A, 0xE8, 0xE8, 0xE8, 0x0B,
    0x00, 0x00, 0x00, 0x00, 0x00, 0x00, 0x00, 0x00, 0xE6, 0xE8, 0xEC, 0x79, 0xE6, 0xE8, 0xEC, 0xDC,
    0xFF, 0xFF, 0xFF, 0x01, 0x00, 0x00, 0x00, 0x00, 0x00, 0x00, 0x00, 0x00, 0x00, 0x00, 0x00, 0x00,
    0x00, 0x00, 0x00, 0x00, 0x00, 0x00, 0x00, 0x00, 0x00, 0x00, 0x00, 0x00, 0x00, 0x00, 0x00, 0x00,
    0xE7, 0xE9, 0xEB, 0x74, 0xE6, 0xE8, 0xEC, 0xE8, 0xEE, 0xEE, 0xEE, 0x0F, 0x00, 0x00, 0x00, 0x00,
    0x00, 0x00, 0x00, 0x00, 0x00, 0x00, 0x00, 0x00, 0x00, 0x00, 0x00, 0x00, 0x00, 0x00, 0x00, 0x00,
    0x00, 0x00, 0x00, 0x00, 0xDF, 0xEF, 0xEF, 0x10, 0xE6, 0xE8, 0xEC, 0xE9, 0xE6, 0xE9, 0xED, 0x72,
    0x00, 0x00, 0x00, 0x00, 0x00, 0x00, 0x00, 0x00, 0x00, 0x00, 0x00, 0x00, 0x00, 0x00, 0x00, 0x00,
    0x00, 0x00, 0x00, 0x00, 0x00, 0x00, 0x00, 0x00, 0x00, 0x00, 0x00, 0x00, 0x00, 0x00, 0x00, 0x00,
    0xDF, 0xDF, 0xDF, 0x08, 0xE6, 0xE8, 0xED, 0xDD, 0xE6, 0xE8, 0xEC, 0x91, 0x00, 0x00, 0x00, 0x00,
    0x00, 0x00, 0x00, 0x00, 0x00, 0x00, 0x00, 0x00, 0x00, 0x00, 0x00, 0x00, 0x00, 0x00, 0x00, 0x00,
    0x00, 0x00, 0x00, 0x00, 0xE7, 0xE8, 0xEC, 0x93, 0xE6, 0xE8, 0xEC, 0xDA, 0xDB, 0xDB, 0xDB, 0x07,
    0x00, 0x00, 0x00, 0x00, 0x00, 0x00, 0x00, 0x00, 0x00, 0x00, 0x00, 0x00, 0x00, 0x00, 0x00, 0x00,
    0x00, 0x00, 0x00, 0x00, 0x00, 0x00, 0x00, 0x00, 0x00, 0x00, 0x00, 0x00, 0x00, 0x00, 0x00, 0x00,
    0x00, 0x00, 0x00, 0x00, 0xE6, 0xE9, 0xED, 0x46, 0xE6, 0xE8, 0xEC, 0xFC, 0xE6, 0xEA, 0xED, 0x48,
    0x00, 0x00, 0x00, 0x00, 0x00, 0x00, 0x00, 0x00, 0x00, 0x00, 0x00, 0x00, 0x00, 0x00, 0x00, 0x00,
    0xE6, 0xEA, 0xED, 0x48, 0xE6, 0xE8, 0xEC, 0xFC, 0xE8, 0xE8, 0xEC, 0x42, 0x00, 0x00, 0x00, 0x00,
    0x00, 0x00, 0x00, 0x00, 0x00, 0x00, 0x00, 0x00, 0x00, 0x00, 0x00, 0x00, 0x00, 0x00, 0x00, 0x00,
    0x00, 0x00, 0x00, 0x00, 0x00, 0x00, 0x00, 0x00, 0x00, 0x00, 0x00, 0x00, 0x00, 0x00, 0x00, 0x00,
    0x00, 0x00, 0x00, 0x00, 0x00, 0x00, 0x00, 0x00, 0xE7, 0xE9, 0xEC, 0x89, 0xE6, 0xE8, 0xEC, 0xED,
    0xE6, 0xE6, 0xEC, 0x28, 0x00, 0x00, 0x00, 0x00, 0x00, 0x00, 0x00, 0x00, 0xE6, 0xE6, 0xEC, 0x28,
    0xE6, 0xE8, 0xEC, 0xED, 0xE6, 0xE8, 0xEC, 0x87, 0x00, 0x00, 0x00, 0x00, 0x00, 0x00, 0x00, 0x00,
    0x00, 0x00, 0x00, 0x00, 0x00, 0x00, 0x00, 0x00, 0x00, 0x00, 0x00, 0x00, 0x00, 0x00, 0x00, 0x00,
    0x00, 0x00, 0x00, 0x00, 0x00, 0x00, 0x00, 0x00, 0x00, 0x00, 0x00, 0x00, 0x00, 0x00, 0x00, 0x00,
    0x00, 0x00, 0x00, 0x00, 0x00, 0x00, 0x00, 0x00, 0xFF, 0xFF, 0xFF, 0x02, 0xE6, 0xE8, 0xEC, 0xAE,
    0xE6, 0xE8, 0xEB, 0xDE, 0xE9, 0xE9, 0xE9, 0x17, 0xE7, 0xE7, 0xE7, 0x15, 0xE7, 0xE8, 0xEC, 0xDB,
    0xE5, 0xE8, 0xEC, 0xB3, 0xFF, 0xFF, 0xFF, 0x03, 0x00, 0x00, 0x00, 0x00, 0x00, 0x00, 0x00, 0x00,
    0x00, 0x00, 0x00, 0x00, 0x00, 0x00, 0x00, 0x00, 0x00, 0x00, 0x00, 0x00, 0x00, 0x00, 0x00, 0x00,
    0x00, 0x00, 0x00, 0x00, 0x00, 0x00, 0x00, 0x00, 0x00, 0x00, 0x00, 0x00, 0x00, 0x00, 0x00, 0x00,
    0x00, 0x00, 0x00, 0x00, 0x00, 0x00, 0x00, 0x00, 0x00, 0x00, 0x00, 0x00, 0xE6, 0xE6, 0xE6, 0x0A,
    0xE6, 0xE8, 0xEC, 0xC9, 0xE6, 0xE9, 0xEC, 0xCD, 0xE6, 0xE7, 0xEC, 0xCE, 0xE5, 0xE8, 0xEC, 0xC7,
    0xE3, 0xE3, 0xE3, 0x09, 0x00, 0x00, 0x00, 0x00, 0x00, 0x00, 0x00, 0x00, 0x00, 0x00, 0x00, 0x00,
    0x00, 0x00, 0x00, 0x00, 0x00, 0x00, 0x00, 0x00, 0x00, 0x00, 0x00, 0x00, 0x00, 0x00, 0x00, 0x00,
    0x00, 0x00, 0x00, 0x00, 0x00, 0x00, 0x00, 0x00, 0x00, 0x00, 0x00, 0x00, 0x00, 0x00, 0x00, 0x00,
    0x00, 0x00, 0x00, 0x00, 0x00, 0x00, 0x00, 0x00, 0x00, 0x00, 0x00, 0x00, 0x00, 0x00, 0x00, 0x00,
    0xE6, 0xE6, 0xF2, 0x14, 0xE6, 0xE8, 0xED, 0xCF, 0xE6, 0xE8, 0xED, 0xCF, 0xE4, 0xE4, 0xF2, 0x13,
    0x00, 0x00, 0x00, 0x00, 0x00, 0x00, 0x00, 0x00, 0x00, 0x00, 0x00, 0x00, 0x00, 0x00, 0x00, 0x00,
    0x00, 0x00, 0x00, 0x00, 0x00, 0x00, 0x00, 0x00, 0x00, 0x00, 0x00, 0x00, 0x00, 0x00, 0x00, 0x00,
    0x00, 0x00, 0x00, 0x00, 0x00, 0x00, 0x00, 0x00, 0x00, 0x00, 0x00, 0x00, 0x00, 0x00, 0x00, 0x00,
    0x00, 0x00, 0x00, 0x00, 0x00, 0x00, 0x00, 0x00, 0x00, 0x00, 0x00, 0x00, 0x00, 0x00, 0x00, 0x00,
    0x00, 0x00, 0x00, 0x00, 0xDB, 0xDB, 0xDB, 0x07, 0xDB, 0xDB, 0xDB, 0x07, 0x00, 0x00, 0x00, 0x00,
    0x00, 0x00, 0x00, 0x00, 0x00, 0x00, 0x00, 0x00, 0x00, 0x00, 0x00, 0x00, 0x00, 0x00, 0x00, 0x00,
    0x00, 0x00, 0x00, 0x00, 0x00, 0x00, 0x00, 0x00, 0x00, 0x00, 0x00, 0x00, 0x00, 0x00, 0x00, 0x00,
    0x00, 0x00, 0x00, 0x00, 0x00, 0x00, 0x00, 0x00, 0x00, 0x00, 0x00, 0x00, 0x00, 0x00, 0x00, 0x00,
    0x00, 0x00, 0x00, 0x00, 0x00, 0x00, 0x00, 0x00, 0x00, 0x00, 0x00, 0x00, 0x00, 0x00, 0x00, 0x00,
    0x00, 0x00, 0x00, 0x00, 0x00, 0x00, 0x00, 0x00, 0x00, 0x00, 0x00, 0x00, 0x00, 0x00, 0x00, 0x00,
    0x00, 0x00, 0x00, 0x00, 0x00, 0x00, 0x00, 0x00, 0x00, 0x00, 0x00, 0x00, 0x00, 0x00, 0x00, 0x00,
    0x00, 0x00, 0x00, 0x00, 0x00, 0x00, 0x00, 0x00, 0x00, 0x00, 0x00, 0x00, 0x00, 0x00, 0x00, 0x00,
}};
inline constexpr std::array<std::uint8_t, 1600> uve_node_icon_mesh_instance_3d_node_rgba{{
    0x00, 0x00, 0x00, 0x00, 0x00, 0x00, 0x00, 0x00, 0x00, 0x00, 0x00, 0x00, 0x00, 0x00, 0x00, 0x00,
    0x00, 0x00, 0x00, 0x00, 0x00, 0x00, 0x00, 0x00, 0x00, 0x00, 0x00, 0x00, 0x00, 0x00, 0x00, 0x00,
    0x00, 0x00, 0x00, 0x00, 0x00, 0x00, 0x00, 0x00, 0x00, 0x00, 0x00, 0x00, 0x00, 0x00, 0x00, 0x00,
    0x00, 0x00, 0x00, 0x00, 0x00, 0x00, 0x00, 0x00, 0x00, 0x00, 0x00, 0x00, 0x00, 0x00, 0x00, 0x00,
    0x00, 0x00, 0x00, 0x00, 0x00, 0x00, 0x00, 0x00, 0x00, 0x00, 0x00, 0x00, 0x00, 0x00, 0x00, 0x00,
    0x00, 0x00, 0x00, 0x00, 0x00, 0x00, 0x00, 0x00, 0x00, 0x00, 0x00, 0x00, 0x00, 0x00, 0x00, 0x00,
    0x00, 0x00, 0x00, 0x00, 0x00, 0x00, 0x00, 0x00, 0x00, 0x00, 0x00, 0x00, 0x00, 0x00, 0x00, 0x00,
    0x00, 0x00, 0x00, 0x00, 0xFF, 0xFF, 0xFF, 0x05, 0xFF, 0xFF, 0xFF, 0x05, 0x00, 0x00, 0x00, 0x00,
    0x00, 0x00, 0x00, 0x00, 0x00, 0x00, 0x00, 0x00, 0x00, 0x00, 0x00, 0x00, 0x00, 0x00, 0x00, 0x00,
    0x00, 0x00, 0x00, 0x00, 0x00, 0x00, 0x00, 0x00, 0x00, 0x00, 0x00, 0x00, 0x00, 0x00, 0x00, 0x00,
    0x00, 0x00, 0x00, 0x00, 0x00, 0x00, 0x00, 0x00, 0x00, 0x00, 0x00, 0x00, 0x00, 0x00, 0x00, 0x00,
    0x00, 0x00, 0x00, 0x00, 0x00, 0x00, 0x00, 0x00, 0x00, 0x00, 0x00, 0x00, 0xFF, 0xFF, 0xFF, 0x02,
    0xE7, 0xE7, 0xEC, 0x5F, 0xE6, 0xE8, 0xEC, 0xE4, 0xE6, 0xE8, 0xEC, 0xE4, 0xE7, 0xE7, 0xEC, 0x5F,
    0xFF, 0xFF, 0xFF, 0x02, 0x00, 0x00, 0x00, 0x00, 0x00, 0x00, 0x00, 0x00, 0x00, 0x00, 0x00, 0x00,
    0x00, 0x00, 0x00, 0x00, 0x00, 0x00, 0x00, 0x00, 0x00, 0x00, 0x00, 0x00, 0x00, 0x00, 0x00, 0x00,
    0x00, 0x00, 0x00, 0x00, 0x00, 0x00, 0x00, 0x00, 0x00, 0x00, 0x00, 0x00, 0x00, 0x00, 0x00, 0x00,
    0x00, 0x00, 0x00, 0x00, 0x00, 0x00, 0x00, 0x00, 0xE7, 0xE7, 0xEB, 0x3F, 0xE6, 0xE9, 0xEC, 0xCC,
    0xE6, 0xE8, 0xEC, 0xF4, 0xE7, 0xE9, 0xED, 0x7E, 0xE7, 0xE9, 0xED, 0x7E, 0xE6, 0xE8, 0xEC, 0xF4,
    0xE6, 0xE9, 0xEC, 0xCC, 0xE7, 0xE7, 0xEB, 0x3F, 0x00, 0x00, 0x00, 0x00, 0x00, 0x00, 0x00, 0x00,
    0x00, 0x00, 0x00, 0x00, 0x00, 0x00, 0x00, 0x00, 0x00, 0x00, 0x00, 0x00, 0x00, 0x00, 0x00, 0x00,
    0x00, 0x00, 0x00, 0x00, 0x00, 0x00, 0x00, 0x00, 0x00, 0x00, 0x00, 0x00, 0x00, 0x00, 0x00, 0x00,
    0xE3, 0xEA, 0xEA, 0x25, 0xE6, 0xE9, 0xEC, 0xAA, 0xE6, 0xE8, 0xEC, 0xFD, 0xE6, 0xE9, 0xEC, 0xAA,
    0xE6, 0xE6, 0xEF, 0x1F, 0x00, 0x00, 0x00, 0x00, 0x00, 0x00, 0x00, 0x00, 0xE2, 0xEB, 0xEB, 0x1A,
    0xE6, 0xE8, 0xED, 0x99, 0xE6, 0xE8, 0xEC, 0xFC, 0xE6, 0xE8, 0xEC, 0xBB, 0xE7, 0xE7, 0xED, 0x2B,
    0x00, 0x00, 0x00, 0x00, 0x00, 0x00, 0x00, 0x00, 0x00, 0x00, 0x00, 0x00, 0x00, 0x00, 0x00, 0x00,
    0x00, 0x00, 0x00, 0x00, 0x00, 0x00, 0x00, 0x00, 0xE6, 0xE6, 0xE6, 0x0A, 0xE7, 0xE8, 0xED, 0x9E,
    0xE6, 0xE8, 0xEC, 0xF9, 0xE6, 0xE8, 0xEC, 0xBE, 0xE5, 0xEA, 0xEA, 0x31, 0x00, 0x00, 0x00, 0x00,
    0x00, 0x00, 0x00, 0x00, 0x00, 0x00, 0x00, 0x00, 0x00, 0x00, 0x00, 0x00, 0x00, 0x00, 0x00, 0x00,
    0x00, 0x00, 0x00, 0x00, 0xE5, 0xEA, 0xEA, 0x31, 0xE6, 0xE8, 0xEC, 0xBE, 0xE6, 0xE8, 0xEC, 0xF9,
    0xE7, 0xE8, 0xED, 0x9E, 0xE6, 0xE6, 0xE6, 0x0A, 0x00, 0x00, 0x00, 0x00, 0x00, 0x00, 0x00, 0x00,
    0x00, 0x00, 0x00, 0x00, 0x00, 0x00, 0x00, 0x00, 0xE7, 0xEA, 0xF0, 0x55, 0xE6, 0xE8, 0xEC, 0xFD,
    0xE5, 0xE9, 0xEC, 0x95, 0xE7, 0xE7, 0xE7, 0x20, 0x00, 0x00, 0x00, 0x00, 0x00, 0x00, 0x00, 0x00,
    0x00, 0x00, 0x00, 0x00, 0x00, 0x00, 0x00, 0x00, 0x00, 0x00, 0x00, 0x00, 0x00, 0x00, 0x00, 0x00,
    0x00, 0x00, 0x00, 0x00, 0x00, 0x00, 0x00, 0x00, 0xE7, 0xE7, 0xE7, 0x20, 0xE5, 0xE9, 0xEC, 0x95,
    0xE6, 0xE8, 0xEC, 0xFD, 0xE7, 0xEA, 0xF0, 0x55, 0x00, 0x00, 0x00, 0x00, 0x00, 0x00, 0x00, 0x00,
    0x00, 0x00, 0x00, 0x00, 0x00, 0x00, 0x00, 0x00, 0xE7, 0xE7, 0xEB, 0x4B, 0xE6, 0xE8, 0xEB, 0xF5,
    0xE5, 0xE8, 0xEB, 0x4D, 0xE7, 0xE9, 0xED, 0x7E, 0xE7, 0xE7, 0xEC, 0x5E, 0xE7, 0xE7, 0xF3, 0x15,
    0x00, 0x00, 0x00, 0x00, 0x00, 0x00, 0x00, 0x00, 0x00, 0x00, 0x00, 0x00, 0x00, 0x00, 0x00, 0x00,
    0xE3, 0xF1, 0xF1, 0x12, 0xE7, 0xEA, 0xED, 0x55, 0xE5, 0xE7, 0xEB, 0x7F, 0xE7, 0xEA, 0xED, 0x55,
    0xE5, 0xE7, 0xEC, 0xF5, 0xE7, 0xE7, 0xEB, 0x4B, 0x00, 0x00, 0x00, 0x00, 0x00, 0x00, 0x00, 0x00,
    0x00, 0x00, 0x00, 0x00, 0x00, 0x00, 0x00, 0x00, 0xE7, 0xE7, 0xEB, 0x4B, 0xE6, 0xE8, 0xEC, 0xF4,
    0x00, 0x00, 0x00, 0x00, 0xE0, 0xEB, 0xEB, 0x19, 0xE7, 0xEA, 0xEC, 0x5F, 0xE7, 0xE9, 0xEB, 0x7D,
    0xE6, 0xE9, 0xED, 0x47, 0xE3, 0xE3, 0xFF, 0x09, 0xE3, 0xE3, 0xFF, 0x09, 0xE6, 0xE9, 0xED, 0x47,
    0xE7, 0xE9, 0xEB, 0x7D, 0xE7, 0xEA, 0xEC, 0x5F, 0xE0, 0xEB, 0xEB, 0x19, 0x00, 0x00, 0x00, 0x00,
    0xE6, 0xE8, 0xEC, 0xF4, 0xE7, 0xE7, 0xEB, 0x4B, 0x00, 0x00, 0x00, 0x00, 0x00, 0x00, 0x00, 0x00,
    0x00, 0x00, 0x00, 0x00, 0x00, 0x00, 0x00, 0x00, 0xE7, 0xE7, 0xEB, 0x4B, 0xE6, 0xE8, 0xEC, 0xF4,
    0x00, 0x00, 0x00, 0x00, 0x00, 0x00, 0x00, 0x00, 0x00, 0x00, 0x00, 0x00, 0xE6, 0xE6, 0xEC, 0x28,
    0xE5, 0xE7, 0xEC, 0x77, 0xE7, 0xE9, 0xED, 0x7E, 0xE7, 0xE9, 0xED, 0x7E, 0xE5, 0xE7, 0xEC, 0x77,
    0xE6, 0xE6, 0xEC, 0x28, 0x00, 0x00, 0x00, 0x00, 0x00, 0x00, 0x00, 0x00, 0x00, 0x00, 0x00, 0x00,
    0xE6, 0xE8, 0xEC, 0xF4, 0xE7, 0xE7, 0xEB, 0x4B, 0x00, 0x00, 0x00, 0x00, 0x00, 0x00, 0x00, 0x00,
    0x00, 0x00, 0x00, 0x00, 0x00, 0x00, 0x00, 0x00, 0xE7, 0xE7, 0xEB, 0x4B, 0xE6, 0xE8, 0xEC, 0xF4,
    0x00, 0x00, 0x00, 0x00, 0x00, 0x00, 0x00, 0x00, 0xE9, 0xE9, 0xE9, 0x17, 0xE6, 0xE6, 0xEC, 0x5D,
    0xE7, 0xE9, 0xED, 0x7D, 0xE5, 0xE7, 0xEB, 0x74, 0xE5, 0xE7, 0xEB, 0x74, 0xE7, 0xE9, 0xED, 0x7D,
    0xE6, 0xE6, 0xEC, 0x5D, 0xE9, 0xE9, 0xE9, 0x17, 0x00, 0x00, 0x00, 0x00, 0x00, 0x00, 0x00, 0x00,
    0xE6, 0xE8, 0xEC, 0xF4, 0xE7, 0xE7, 0xEB, 0x4B, 0x00, 0x00, 0x00, 0x00, 0x00, 0x00, 0x00, 0x00,
    0x00, 0x00, 0x00, 0x00, 0x00, 0x00, 0x00, 0x00, 0xE7, 0xE7, 0xEB, 0x4B, 0xE6, 0xE8, 0xEC, 0xF4,
    0xE6, 0xE6, 0xE6, 0x0A, 0xE7, 0xE7, 0xEA, 0x49, 0xE5, 0xE7, 0xEB, 0x7E, 0xE7, 0xE7, 0xEC, 0x5E,
    0xE8, 0xE8, 0xF3, 0x16, 0xE6, 0xE9, 0xEC, 0x50, 0xE6, 0xE9, 0xEC, 0x50, 0xE4, 0xF2, 0xF2, 0x13,
    0xE7, 0xEA, 0xED, 0x55, 0xE5, 0xE7, 0xEB, 0x7F, 0xE6, 0xE9, 0xEC, 0x51, 0xEA, 0xEA, 0xEA, 0x0C,
    0xE6, 0xE8, 0xEC, 0xF4, 0xE7, 0xE7, 0xEB, 0x4B, 0x00, 0x00, 0x00, 0x00, 0x00, 0x00, 0x00, 0x00,
    0x00, 0x00, 0x00, 0x00, 0x00, 0x00, 0x00, 0x00, 0xE8, 0xE8, 0xEB, 0x4D, 0xE5, 0xE7, 0xEB, 0xF7,
    0xE6, 0xE8, 0xEC, 0x79, 0xE6, 0xE9, 0xEB, 0x68, 0xE9, 0xE9, 0xF0, 0x22, 0x00, 0x00, 0x00, 0x00,
    0x00, 0x00, 0x00, 0x00, 0xE6, 0xE9, 0xEC, 0x50, 0xE6, 0xE9, 0xEC, 0x50, 0x00, 0x00, 0x00, 0x00,
    0x00, 0x00, 0x00, 0x00, 0xE9, 0xE9, 0xF0, 0x22, 0xE6, 0xE9, 0xEB, 0x68, 0xE6, 0xE8, 0xEC, 0x79,
    0xE5, 0xE7, 0xEB, 0xF7, 0xE8, 0xE8, 0xEB, 0x4D, 0x00, 0x00, 0x00, 0x00, 0x00, 0x00, 0x00, 0x00,
    0x00, 0x00, 0x00, 0x00, 0x00, 0x00, 0x00, 0x00, 0xE5, 0xEA, 0xED, 0x57, 0xE6, 0xE8, 0xEC, 0xFD,
    0xE4, 0xE6, 0xEB, 0x71, 0xFF, 0xFF, 0xFF, 0x02, 0x00, 0x00, 0x00, 0x00, 0x00, 0x00, 0x00, 0x00,
    0x00, 0x00, 0x00, 0x00, 0xE6, 0xE9, 0xEC, 0x50, 0xE6, 0xE9, 0xEC, 0x50, 0x00, 0x00, 0x00, 0x00,
    0x00, 0x00, 0x00, 0x00, 0x00, 0x00, 0x00, 0x00, 0xFF, 0xFF, 0xFF, 0x02, 0xE4, 0xE6, 0xEB, 0x71,
    0xE6, 0xE8, 0xEC, 0xFD, 0xE5, 0xEA, 0xED, 0x57, 0x00, 0x00, 0x00, 0x00, 0x00, 0x00, 0x00, 0x00,
    0x00, 0x00, 0x00, 0x00, 0x00, 0x00, 0x00, 0x00, 0xFF, 0xFF, 0xFF, 0x05, 0xE6, 0xE8, 0xEB, 0x8E,
    0xE6, 0xE8, 0xEC, 0xF9, 0xE6, 0xE8, 0xEC, 0xBE, 0xE5, 0xEA, 0xEA, 0x31, 0x00, 0x00, 0x00, 0x00,
    0x00, 0x00, 0x00, 0x00, 0xE6, 0xE9, 0xEC, 0x50, 0xE6, 0xE9, 0xEC, 0x50, 0x00, 0x00, 0x00, 0x00,
    0x00, 0x00, 0x00, 0x00, 0xE5, 0xEA, 0xEA, 0x31, 0xE6, 0xE8, 0xEC, 0xBE, 0xE6, 0xE8, 0xEC, 0xF9,
    0xE6, 0xE8, 0xEB, 0x8E, 0xFF, 0xFF, 0xFF, 0x05, 0x00, 0x00, 0x00, 0x00, 0x00, 0x00, 0x00, 0x00,
    0x00, 0x00, 0x00, 0x00, 0x00, 0x00, 0x00, 0x00, 0x00, 0x00, 0x00, 0x00, 0x00, 0x00, 0x00, 0x00,
    0xE3, 0xEA, 0xEA, 0x25, 0xE6, 0xE9, 0xEC, 0xAA, 0xE6, 0xE8, 0xEC, 0xFD, 0xE6, 0xE9, 0xEC, 0xAA,
    0xE6, 0xE6, 0xEF, 0x1F, 0xE6, 0xE9, 0xEC, 0x50, 0xE6, 0xE9, 0xEC, 0x50, 0xE2, 0xEB, 0xEB, 0x1A,
    0xE6, 0xE8, 0xED, 0x99, 0xE6, 0xE8, 0xEC, 0xFC, 0xE6, 0xE8, 0xEC, 0xBB, 0xE7, 0xE7, 0xED, 0x2B,
    0x00, 0x00, 0x00, 0x00, 0x00, 0x00, 0x00, 0x00, 0x00, 0x00, 0x00, 0x00, 0x00, 0x00, 0x00, 0x00,
    0x00, 0x00, 0x00, 0x00, 0x00, 0x00, 0x00, 0x00, 0x00, 0x00, 0x00, 0x00, 0x00, 0x00, 0x00, 0x00,
    0x00, 0x00, 0x00, 0x00, 0x00, 0x00, 0x00, 0x00, 0xE7, 0xE7, 0xEB, 0x3F, 0xE6, 0xE9, 0xEC, 0xCC,
    0xE6, 0xE8, 0xEC, 0xF4, 0xE6, 0xE9, 0xED, 0xA6, 0xE6, 0xE9, 0xED, 0xA6, 0xE6, 0xE8, 0xEC, 0xF4,
    0xE6, 0xE9, 0xEC, 0xCC, 0xE7, 0xE7, 0xEB, 0x3F, 0x00, 0x00, 0x00, 0x00, 0x00, 0x00, 0x00, 0x00,
    0x00, 0x00, 0x00, 0x00, 0x00, 0x00, 0x00, 0x00, 0x00, 0x00, 0x00, 0x00, 0x00, 0x00, 0x00, 0x00,
    0x00, 0x00, 0x00, 0x00, 0x00, 0x00, 0x00, 0x00, 0x00, 0x00, 0x00, 0x00, 0x00, 0x00, 0x00, 0x00,
    0x00, 0x00, 0x00, 0x00, 0x00, 0x00, 0x00, 0x00, 0x00, 0x00, 0x00, 0x00, 0xFF, 0xFF, 0xFF, 0x02,
    0xE7, 0xE7, 0xEC, 0x5F, 0xE6, 0xE8, 0xED, 0xEC, 0xE6, 0xE8, 0xED, 0xEC, 0xE7, 0xE7, 0xEC, 0x5F,
    0xFF, 0xFF, 0xFF, 0x02, 0x00, 0x00, 0x00, 0x00, 0x00, 0x00, 0x00, 0x00, 0x00, 0x00, 0x00, 0x00,
    0x00, 0x00, 0x00, 0x00, 0x00, 0x00, 0x00, 0x00, 0x00, 0x00, 0x00, 0x00, 0x00, 0x00, 0x00, 0x00,
    0x00, 0x00, 0x00, 0x00, 0x00, 0x00, 0x00, 0x00, 0x00, 0x00, 0x00, 0x00, 0x00, 0x00, 0x00, 0x00,
    0x00, 0x00, 0x00, 0x00, 0x00, 0x00, 0x00, 0x00, 0x00, 0x00, 0x00, 0x00, 0x00, 0x00, 0x00, 0x00,
    0x00, 0x00, 0x00, 0x00, 0xE3, 0xE3, 0xE3, 0x09, 0xE3, 0xE3, 0xE3, 0x09, 0x00, 0x00, 0x00, 0x00,
    0x00, 0x00, 0x00, 0x00, 0x00, 0x00, 0x00, 0x00, 0x00, 0x00, 0x00, 0x00, 0x00, 0x00, 0x00, 0x00,
    0x00, 0x00, 0x00, 0x00, 0x00, 0x00, 0x00, 0x00, 0x00, 0x00, 0x00, 0x00, 0x00, 0x00, 0x00, 0x00,
    0x00, 0x00, 0x00, 0x00, 0x00, 0x00, 0x00, 0x00, 0x00, 0x00, 0x00, 0x00, 0x00, 0x00, 0x00, 0x00,
    0x00, 0x00, 0x00, 0x00, 0x00, 0x00, 0x00, 0x00, 0x00, 0x00, 0x00, 0x00, 0x00, 0x00, 0x00, 0x00,
    0x00, 0x00, 0x00, 0x00, 0x00, 0x00, 0x00, 0x00, 0x00, 0x00, 0x00, 0x00, 0x00, 0x00, 0x00, 0x00,
    0x00, 0x00, 0x00, 0x00, 0x00, 0x00, 0x00, 0x00, 0x00, 0x00, 0x00, 0x00, 0x00, 0x00, 0x00, 0x00,
    0x00, 0x00, 0x00, 0x00, 0x00, 0x00, 0x00, 0x00, 0x00, 0x00, 0x00, 0x00, 0x00, 0x00, 0x00, 0x00,
}};
inline constexpr std::array<std::uint8_t, 1600> uve_node_icon_navigation_agent_3d_node_rgba{{
    0x00, 0x00, 0x00, 0x00, 0x00, 0x00, 0x00, 0x00, 0x00, 0x00, 0x00, 0x00, 0x00, 0x00, 0x00, 0x00,
    0x00, 0x00, 0x00, 0x00, 0x00, 0x00, 0x00, 0x00, 0x00, 0x00, 0x00, 0x00, 0x00, 0x00, 0x00, 0x00,
    0x00, 0x00, 0x00, 0x00, 0x00, 0x00, 0x00, 0x00, 0x00, 0x00, 0x00, 0x00, 0x00, 0x00, 0x00, 0x00,
    0x00, 0x00, 0x00, 0x00, 0x00, 0x00, 0x00, 0x00, 0x00, 0x00, 0x00, 0x00, 0x00, 0x00, 0x00, 0x00,
    0x00, 0x00, 0x00, 0x00, 0x00, 0x00, 0x00, 0x00, 0x00, 0x00, 0x00, 0x00, 0x00, 0x00, 0x00, 0x00,
    0x00, 0x00, 0x00, 0x00, 0x00, 0x00, 0x00, 0x00, 0x00, 0x00, 0x00, 0x00, 0x00, 0x00, 0x00, 0x00,
    0x00, 0x00, 0x00, 0x00, 0x00, 0x00, 0x00, 0x00, 0x00, 0x00, 0x00, 0x00, 0x00, 0x00, 0x00, 0x00,
    0x00, 0x00, 0x00, 0x00, 0x00, 0x00, 0x00, 0x00, 0xE6, 0xE9, 0xEB, 0x66, 0xE5, 0xEA, 0xEA, 0x31,
    0x00, 0x00, 0x00, 0x00, 0x00, 0x00, 0x00, 0x00, 0x00, 0x00, 0x00, 0x00, 0x00, 0x00, 0x00, 0x00,
    0x00, 0x00, 0x00, 0x00, 0x00, 0x00, 0x00, 0x00, 0x00, 0x00, 0x00, 0x00, 0x00, 0x00, 0x00, 0x00,
    0x00, 0x00, 0x00, 0x00, 0x00, 0x00, 0x00, 0x00, 0x00, 0x00, 0x00, 0x00, 0x00, 0x00, 0x00, 0x00,
    0x00, 0x00, 0x00, 0x00, 0x00, 0x00, 0x00, 0x00, 0x00, 0x00, 0x00, 0x00, 0xE6, 0xE9, 0xEB, 0x66,
    0xE7, 0xE9, 0xEB, 0x73, 0xE7, 0xE7, 0xE7, 0x15, 0xE6, 0xE8, 0xEC, 0xF6, 0xE5, 0xE8, 0xEB, 0x4D,
    0x00, 0x00, 0x00, 0x00, 0x00, 0x00, 0x00, 0x00, 0x00, 0x00, 0x00, 0x00, 0x00, 0x00, 0x00, 0x00,
    0x00, 0x00, 0x00, 0x00, 0x00, 0x00, 0x00, 0x00, 0x00, 0x00, 0x00, 0x00, 0x00, 0x00, 0x00, 0x00,
    0x00, 0x00, 0x00, 0x00, 0x00, 0x00, 0x00, 0x00, 0x00, 0x00, 0x00, 0x00, 0x00, 0x00, 0x00, 0x00,
    0x00, 0x00, 0x00, 0x00, 0x00, 0x00, 0x00, 0x00, 0x00, 0x00, 0x00, 0x00, 0xE6, 0xE9, 0xEC, 0x50,
    0xE6, 0xE8, 0xEB, 0xEB, 0xE7, 0xE8, 0xEC, 0xF2, 0xE5, 0xE7, 0xEC, 0xEC, 0xFF, 0xFF, 0xFF, 0x04,
    0x00, 0x00, 0x00, 0x00, 0x00, 0x00, 0x00, 0x00, 0x00, 0x00, 0x00, 0x00, 0x00, 0x00, 0x00, 0x00,
    0x00, 0x00, 0x00, 0x00, 0x00, 0x00, 0x00, 0x00, 0x00, 0x00, 0x00, 0x00, 0x00, 0x00, 0x00, 0x00,
    0x00, 0x00, 0x00, 0x00, 0x00, 0x00, 0x00, 0x00, 0x00, 0x00, 0x00, 0x00, 0x00, 0x00, 0x00, 0x00,
    0x00, 0x00, 0x00, 0x00, 0x00, 0x00, 0x00, 0x00, 0x00, 0x00, 0x00, 0x00, 0x00, 0x00, 0x00, 0x00,
    0xE3, 0xE3, 0xF1, 0x12, 0xE5, 0xE7, 0xEC, 0xD8, 0xE7, 0xE7, 0xEC, 0xC6, 0x00, 0x00, 0x00, 0x00,
    0x00, 0x00, 0x00, 0x00, 0x00, 0x00, 0x00, 0x00, 0x00, 0x00, 0x00, 0x00, 0x00, 0x00, 0x00, 0x00,
    0x00, 0x00, 0x00, 0x00, 0x00, 0x00, 0x00, 0x00, 0x00, 0x00, 0x00, 0x00, 0x00, 0x00, 0x00, 0x00,
    0x00, 0x00, 0x00, 0x00, 0x00, 0x00, 0x00, 0x00, 0x00, 0x00, 0x00, 0x00, 0x00, 0x00, 0x00, 0x00,
    0x00, 0x00, 0x00, 0x00, 0x00, 0x00, 0x00, 0x00, 0x00, 0x00, 0x00, 0x00, 0x00, 0x00, 0x00, 0x00,
    0x00, 0x00, 0x00, 0x00, 0xE5, 0xE8, 0xEB, 0xA9, 0xE6, 0xE7, 0xEC, 0x96, 0x00, 0x00, 0x00, 0x00,
    0x00, 0x00, 0x00, 0x00, 0x00, 0x00, 0x00, 0x00, 0x00, 0x00, 0x00, 0x00, 0x00, 0x00, 0x00, 0x00,
    0x00, 0x00, 0x00, 0x00, 0x00, 0x00, 0x00, 0x00, 0x00, 0x00, 0x00, 0x00, 0x00, 0x00, 0x00, 0x00,
    0x00, 0x00, 0x00, 0x00, 0x00, 0x00, 0x00, 0x00, 0x00, 0x00, 0x00, 0x00, 0x00, 0x00, 0x00, 0x00,
    0x00, 0x00, 0x00, 0x00, 0x00, 0x00, 0x00, 0x00, 0x00, 0x00, 0x00, 0x00, 0x00, 0x00, 0x00, 0x00,
    0x00, 0x00, 0x00, 0x00, 0xE5, 0xE7, 0xEB, 0x80, 0xE6, 0xE9, 0xEB, 0x66, 0x00, 0x00, 0x00, 0x00,
    0x00, 0x00, 0x00, 0x00, 0x00, 0x00, 0x00, 0x00, 0x00, 0x00, 0x00, 0x00, 0x00, 0x00, 0x00, 0x00,
    0x00, 0x00, 0x00, 0x00, 0x00, 0x00, 0x00, 0x00, 0x00, 0x00, 0x00, 0x00, 0x00, 0x00, 0x00, 0x00,
    0x00, 0x00, 0x00, 0x00, 0x00, 0x00, 0x00, 0x00, 0x00, 0x00, 0x00, 0x00, 0x00, 0x00, 0x00, 0x00,
    0x00, 0x00, 0x00, 0x00, 0x00, 0x00, 0x00, 0x00, 0x00, 0x00, 0x00, 0x00, 0x00, 0x00, 0x00, 0x00,
    0x00, 0x00, 0x00, 0x00, 0xE8, 0xE8, 0xEC, 0x37, 0xFF, 0xFF, 0xFF, 0x03, 0x00, 0x00, 0x00, 0x00,
    0x00, 0x00, 0x00, 0x00, 0x00, 0x00, 0x00, 0x00, 0x00, 0x00, 0x00, 0x00, 0x00, 0x00, 0x00, 0x00,
    0x00, 0x00, 0x00, 0x00, 0x00, 0x00, 0x00, 0x00, 0x00, 0x00, 0x00, 0x00, 0x00, 0x00, 0x00, 0x00,
    0x00, 0x00, 0x00, 0x00, 0x00, 0x00, 0x00, 0x00, 0x00, 0x00, 0x00, 0x00, 0x00, 0x00, 0x00, 0x00,
    0x00, 0x00, 0x00, 0x00, 0x00, 0x00, 0x00, 0x00, 0x00, 0x00, 0x00, 0x00, 0x00, 0x00, 0x00, 0x00,
    0xE9, 0xE9, 0xE9, 0x17, 0xE6, 0xE8, 0xEC, 0xFD, 0xE7, 0xE7, 0xED, 0x2B, 0x00, 0x00, 0x00, 0x00,
    0x00, 0x00, 0x00, 0x00, 0x00, 0x00, 0x00, 0x00, 0x00, 0x00, 0x00, 0x00, 0x00, 0x00, 0x00, 0x00,
    0x00, 0x00, 0x00, 0x00, 0x00, 0x00, 0x00, 0x00, 0x00, 0x00, 0x00, 0x00, 0x00, 0x00, 0x00, 0x00,
    0x00, 0x00, 0x00, 0x00, 0x00, 0x00, 0x00, 0x00, 0x00, 0x00, 0x00, 0x00, 0x00, 0x00, 0x00, 0x00,
    0x00, 0x00, 0x00, 0x00, 0x00, 0x00, 0x00, 0x00, 0x00, 0x00, 0x00, 0x00, 0x00, 0x00, 0x00, 0x00,
    0xE5, 0xE7, 0xEC, 0x6C, 0xE6, 0xE8, 0xEC, 0xE6, 0xFF, 0xFF, 0xFF, 0x02, 0x00, 0x00, 0x00, 0x00,
    0x00, 0x00, 0x00, 0x00, 0x00, 0x00, 0x00, 0x00, 0x00, 0x00, 0x00, 0x00, 0x00, 0x00, 0x00, 0x00,
    0x00, 0x00, 0x00, 0x00, 0x00, 0x00, 0x00, 0x00, 0x00, 0x00, 0x00, 0x00, 0x00, 0x00, 0x00, 0x00,
    0x00, 0x00, 0x00, 0x00, 0x00, 0x00, 0x00, 0x00, 0x00, 0x00, 0x00, 0x00, 0x00, 0x00, 0x00, 0x00,
    0x00, 0x00, 0x00, 0x00, 0x00, 0x00, 0x00, 0x00, 0x00, 0x00, 0x00, 0x00, 0x00, 0x00, 0x00, 0x00,
    0xE6, 0xE8, 0xEC, 0x83, 0xE6, 0xE8, 0xED, 0x70, 0x00, 0x00, 0x00, 0x00, 0x00, 0x00, 0x00, 0x00,
    0x00, 0x00, 0x00, 0x00, 0x00, 0x00, 0x00, 0x00, 0x00, 0x00, 0x00, 0x00, 0x00, 0x00, 0x00, 0x00,
    0x00, 0x00, 0x00, 0x00, 0x00, 0x00, 0x00, 0x00, 0x00, 0x00, 0x00, 0x00, 0x00, 0x00, 0x00, 0x00,
    0x00, 0x00, 0x00, 0x00, 0x00, 0x00, 0x00, 0x00, 0x00, 0x00, 0x00, 0x00, 0x00, 0x00, 0x00, 0x00,
    0x00, 0x00, 0x00, 0x00, 0x00, 0x00, 0x00, 0x00, 0x00, 0x00, 0x00, 0x00, 0xE7, 0xE7, 0xEE, 0x49,
    0xE6, 0xE6, 0xEB, 0x32, 0x00, 0x00, 0x00, 0x00, 0x00, 0x00, 0x00, 0x00, 0x00, 0x00, 0x00, 0x00,
    0x00, 0x00, 0x00, 0x00, 0x00, 0x00, 0x00, 0x00, 0x00, 0x00, 0x00, 0x00, 0x00, 0x00, 0x00, 0x00,
    0x00, 0x00, 0x00, 0x00, 0x00, 0x00, 0x00, 0x00, 0x00, 0x00, 0x00, 0x00, 0x00, 0x00, 0x00, 0x00,
    0x00, 0x00, 0x00, 0x00, 0x00, 0x00, 0x00, 0x00, 0x00, 0x00, 0x00, 0x00, 0x00, 0x00, 0x00, 0x00,
    0xE5, 0xEA, 0xEA, 0x31, 0xE5, 0xEA, 0xEA, 0x31, 0xE4, 0xE9, 0xE9, 0x2F, 0xE6, 0xE8, 0xEC, 0xF5,
    0xE7, 0xE7, 0xEC, 0x5F, 0x00, 0x00, 0x00, 0x00, 0x00, 0x00, 0x00, 0x00, 0x00, 0x00, 0x00, 0x00,
    0x00, 0x00, 0x00, 0x00, 0x00, 0x00, 0x00, 0x00, 0x00, 0x00, 0x00, 0x00, 0x00, 0x00, 0x00, 0x00,
    0x00, 0x00, 0x00, 0x00, 0x00, 0x00, 0x00, 0x00, 0x00, 0x00, 0x00, 0x00, 0x00, 0x00, 0x00, 0x00,
    0x00, 0x00, 0x00, 0x00, 0x00, 0x00, 0x00, 0x00, 0x00, 0x00, 0x00, 0x00, 0xE6, 0xE8, 0xED, 0xA6,
    0xE6, 0xE8, 0xEC, 0xFE, 0xE6, 0xE8, 0xEC, 0xFE, 0xE6, 0xE8, 0xEB, 0xEF, 0xE7, 0xE8, 0xEB, 0xA8,
    0x00, 0x00, 0x00, 0x00, 0x00, 0x00, 0x00, 0x00, 0x00, 0x00, 0x00, 0x00, 0x00, 0x00, 0x00, 0x00,
    0x00, 0x00, 0x00, 0x00, 0x00, 0x00, 0x00, 0x00, 0x00, 0x00, 0x00, 0x00, 0x00, 0x00, 0x00, 0x00,
    0x00, 0x00, 0x00, 0x00, 0x00, 0x00, 0x00, 0x00, 0x00, 0x00, 0x00, 0x00, 0x00, 0x00, 0x00, 0x00,
    0x00, 0x00, 0x00, 0x00, 0x00, 0x00, 0x00, 0x00, 0xE5, 0xEA, 0xEA, 0x31, 0xE6, 0xE8, 0xEC, 0xFE,
    0xE7, 0xE7, 0xED, 0x2B, 0xE8, 0xE8, 0xEE, 0x2C, 0xE7, 0xE8, 0xEC, 0xFE, 0xE4, 0xE8, 0xE8, 0x38,
    0x00, 0x00, 0x00, 0x00, 0x00, 0x00, 0x00, 0x00, 0x00, 0x00, 0x00, 0x00, 0x00, 0x00, 0x00, 0x00,
    0x00, 0x00, 0x00, 0x00, 0x00, 0x00, 0x00, 0x00, 0x00, 0x00, 0x00, 0x00, 0x00, 0x00, 0x00, 0x00,
    0x00, 0x00, 0x00, 0x00, 0x00, 0x00, 0x00, 0x00, 0x00, 0x00, 0x00, 0x00, 0x00, 0x00, 0x00, 0x00,
    0x00, 0x00, 0x00, 0x00, 0x00, 0x00, 0x00, 0x00, 0xE5, 0xEA, 0xEA, 0x31, 0xE6, 0xE8, 0xEC, 0xFE,
    0xE8, 0xE8, 0xEE, 0x2C, 0xE8, 0xE8, 0xEE, 0x2D, 0xE6, 0xE8, 0xEC, 0xFE, 0xE4, 0xEA, 0xEA, 0x30,
    0x00, 0x00, 0x00, 0x00, 0x00, 0x00, 0x00, 0x00, 0x00, 0x00, 0x00, 0x00, 0x00, 0x00, 0x00, 0x00,
    0x00, 0x00, 0x00, 0x00, 0x00, 0x00, 0x00, 0x00, 0x00, 0x00, 0x00, 0x00, 0x00, 0x00, 0x00, 0x00,
    0x00, 0x00, 0x00, 0x00, 0x00, 0x00, 0x00, 0x00, 0x00, 0x00, 0x00, 0x00, 0x00, 0x00, 0x00, 0x00,
    0x00, 0x00, 0x00, 0x00, 0x00, 0x00, 0x00, 0x00, 0x00, 0x00, 0x00, 0x00, 0xE6, 0xE8, 0xEC, 0xA4,
    0xE6, 0xE8, 0xEC, 0xFE, 0xE6, 0xE8, 0xEC, 0xFE, 0xE6, 0xE7, 0xEC, 0xA2, 0x00, 0x00, 0x00, 0x00,
    0x00, 0x00, 0x00, 0x00, 0x00, 0x00, 0x00, 0x00, 0x00, 0x00, 0x00, 0x00, 0x00, 0x00, 0x00, 0x00,
    0x00, 0x00, 0x00, 0x00, 0x00, 0x00, 0x00, 0x00, 0x00, 0x00, 0x00, 0x00, 0x00, 0x00, 0x00, 0x00,
    0x00, 0x00, 0x00, 0x00, 0x00, 0x00, 0x00, 0x00, 0x00, 0x00, 0x00, 0x00, 0x00, 0x00, 0x00, 0x00,
    0x00, 0x00, 0x00, 0x00, 0x00, 0x00, 0x00, 0x00, 0x00, 0x00, 0x00, 0x00, 0x00, 0x00, 0x00, 0x00,
    0xE4, 0xEA, 0xEA, 0x30, 0xE4, 0xE9, 0xE9, 0x2F, 0x00, 0x00, 0x00, 0x00, 0x00, 0x00, 0x00, 0x00,
    0x00, 0x00, 0x00, 0x00, 0x00, 0x00, 0x00, 0x00, 0x00, 0x00, 0x00, 0x00, 0x00, 0x00, 0x00, 0x00,
    0x00, 0x00, 0x00, 0x00, 0x00, 0x00, 0x00, 0x00, 0x00, 0x00, 0x00, 0x00, 0x00, 0x00, 0x00, 0x00,
    0x00, 0x00, 0x00, 0x00, 0x00, 0x00, 0x00, 0x00, 0x00, 0x00, 0x00, 0x00, 0x00, 0x00, 0x00, 0x00,
    0x00, 0x00, 0x00, 0x00, 0x00, 0x00, 0x00, 0x00, 0x00, 0x00, 0x00, 0x00, 0x00, 0x00, 0x00, 0x00,
    0x00, 0x00, 0x00, 0x00, 0x00, 0x00, 0x00, 0x00, 0x00, 0x00, 0x00, 0x00, 0x00, 0x00, 0x00, 0x00,
    0x00, 0x00, 0x00, 0x00, 0x00, 0x00, 0x00, 0x00, 0x00, 0x00, 0x00, 0x00, 0x00, 0x00, 0x00, 0x00,
    0x00, 0x00, 0x00, 0x00, 0x00, 0x00, 0x00, 0x00, 0x00, 0x00, 0x00, 0x00, 0x00, 0x00, 0x00, 0x00,
    0x00, 0x00, 0x00, 0x00, 0x00, 0x00, 0x00, 0x00, 0x00, 0x00, 0x00, 0x00, 0x00, 0x00, 0x00, 0x00,
    0x00, 0x00, 0x00, 0x00, 0x00, 0x00, 0x00, 0x00, 0x00, 0x00, 0x00, 0x00, 0x00, 0x00, 0x00, 0x00,
    0x00, 0x00, 0x00, 0x00, 0x00, 0x00, 0x00, 0x00, 0x00, 0x00, 0x00, 0x00, 0x00, 0x00, 0x00, 0x00,
    0x00, 0x00, 0x00, 0x00, 0x00, 0x00, 0x00, 0x00, 0x00, 0x00, 0x00, 0x00, 0x00, 0x00, 0x00, 0x00,
    0x00, 0x00, 0x00, 0x00, 0x00, 0x00, 0x00, 0x00, 0x00, 0x00, 0x00, 0x00, 0x00, 0x00, 0x00, 0x00,
    0x00, 0x00, 0x00, 0x00, 0x00, 0x00, 0x00, 0x00, 0x00, 0x00, 0x00, 0x00, 0x00, 0x00, 0x00, 0x00,
}};
inline constexpr std::array<std::uint8_t, 1600> uve_node_icon_navigation_region_3d_node_rgba{{
    0x00, 0x00, 0x00, 0x00, 0x00, 0x00, 0x00, 0x00, 0x00, 0x00, 0x00, 0x00, 0x00, 0x00, 0x00, 0x00,
    0x00, 0x00, 0x00, 0x00, 0x00, 0x00, 0x00, 0x00, 0x00, 0x00, 0x00, 0x00, 0x00, 0x00, 0x00, 0x00,
    0x00, 0x00, 0x00, 0x00, 0x00, 0x00, 0x00, 0x00, 0x00, 0x00, 0x00, 0x00, 0x00, 0x00, 0x00, 0x00,
    0x00, 0x00, 0x00, 0x00, 0x00, 0x00, 0x00, 0x00, 0x00, 0x00, 0x00, 0x00, 0x00, 0x00, 0x00, 0x00,
    0x00, 0x00, 0x00, 0x00, 0x00, 0x00, 0x00, 0x00, 0x00, 0x00, 0x00, 0x00, 0x00, 0x00, 0x00, 0x00,
    0x00, 0x00, 0x00, 0x00, 0x00, 0x00, 0x00, 0x00, 0x00, 0x00, 0x00, 0x00, 0x00, 0x00, 0x00, 0x00,
    0x00, 0x00, 0x00, 0x00, 0x00, 0x00, 0x00, 0x00, 0x00, 0x00, 0x00, 0x00, 0x00, 0x00, 0x00, 0x00,
    0x00, 0x00, 0x00, 0x00, 0x00, 0x00, 0x00, 0x00, 0x00, 0x00, 0x00, 0x00, 0x00, 0x00, 0x00, 0x00,
    0x00, 0x00, 0x00, 0x00, 0xED, 0xED, 0xED, 0x0E, 0x00, 0x00, 0x00, 0x00, 0x00, 0x00, 0x00, 0x00,
    0x00, 0x00, 0x00, 0x00, 0x00, 0x00, 0x00, 0x00, 0x00, 0x00, 0x00, 0x00, 0x00, 0x00, 0x00, 0x00,
    0x00, 0x00, 0x00, 0x00, 0x00, 0x00, 0x00, 0x00, 0x00, 0x00, 0x00, 0x00, 0x00, 0x00, 0x00, 0x00,
    0x00, 0x00, 0x00, 0x00, 0x00, 0x00, 0x00, 0x00, 0x00, 0x00, 0x00, 0x00, 0x00, 0x00, 0x00, 0x00,
    0x00, 0x00, 0x00, 0x00, 0x00, 0x00, 0x00, 0x00, 0x00, 0x00, 0x00, 0x00, 0x00, 0x00, 0x00, 0x00,
    0xE5, 0xE7, 0xED, 0x61, 0xE6, 0xE8, 0xEC, 0xED, 0xDB, 0xDB, 0xDB, 0x07, 0x00, 0x00, 0x00, 0x00,
    0x00, 0x00, 0x00, 0x00, 0x00, 0x00, 0x00, 0x00, 0x00, 0x00, 0x00, 0x00, 0x00, 0x00, 0x00, 0x00,
    0x00, 0x00, 0x00, 0x00, 0x00, 0x00, 0x00, 0x00, 0x00, 0x00, 0x00, 0x00, 0x00, 0x00, 0x00, 0x00,
    0x00, 0x00, 0x00, 0x00, 0x00, 0x00, 0x00, 0x00, 0x00, 0x00, 0x00, 0x00, 0x00, 0x00, 0x00, 0x00,
    0x00, 0x00, 0x00, 0x00, 0x00, 0x00, 0x00, 0x00, 0x00, 0x00, 0x00, 0x00, 0xEB, 0xEB, 0xEB, 0x0D,
    0xE6, 0xE8, 0xEC, 0xE6, 0xE6, 0xE8, 0xEC, 0xFF, 0xE5, 0xE9, 0xEC, 0x44, 0x00, 0x00, 0x00, 0x00,
    0x00, 0x00, 0x00, 0x00, 0x00, 0x00, 0x00, 0x00, 0x00, 0x00, 0x00, 0x00, 0x00, 0x00, 0x00, 0x00,
    0x00, 0x00, 0x00, 0x00, 0x00, 0x00, 0x00, 0x00, 0x00, 0x00, 0x00, 0x00, 0x00, 0x00, 0x00, 0x00,
    0x00, 0x00, 0x00, 0x00, 0x00, 0x00, 0x00, 0x00, 0xE6, 0xE8, 0xEC, 0x7C, 0xE4, 0xEB, 0xEB, 0x26,
    0x00, 0x00, 0x00, 0x00, 0x00, 0x00, 0x00, 0x00, 0x00, 0x00, 0x00, 0x00, 0xE6, 0xE8, 0xEC, 0x87,
    0xE6, 0xE8, 0xEC, 0xDF, 0xE7, 0xE8, 0xEC, 0xC6, 0xE6, 0xE7, 0xEB, 0x8D, 0x00, 0x00, 0x00, 0x00,
    0x00, 0x00, 0x00, 0x00, 0x00, 0x00, 0x00, 0x00, 0x00, 0x00, 0x00, 0x00, 0x00, 0x00, 0x00, 0x00,
    0x00, 0x00, 0x00, 0x00, 0x00, 0x00, 0x00, 0x00, 0x00, 0x00, 0x00, 0x00, 0x00, 0x00, 0x00, 0x00,
    0x00, 0x00, 0x00, 0x00, 0xE8, 0xE8, 0xEE, 0x2D, 0xE6, 0xE8, 0xEC, 0xFF, 0xE7, 0xE8, 0xEC, 0xE5,
    0xE5, 0xE5, 0xEB, 0x27, 0x00, 0x00, 0x00, 0x00, 0xE8, 0xE8, 0xF0, 0x21, 0xE6, 0xE8, 0xEC, 0xF7,
    0xE7, 0xE7, 0xED, 0x56, 0xE5, 0xE7, 0xEC, 0x76, 0xE6, 0xE8, 0xEC, 0xD6, 0x00, 0x00, 0x00, 0x00,
    0x00, 0x00, 0x00, 0x00, 0x00, 0x00, 0x00, 0x00, 0x00, 0x00, 0x00, 0x00, 0x00, 0x00, 0x00, 0x00,
    0x00, 0x00, 0x00, 0x00, 0x00, 0x00, 0x00, 0x00, 0x00, 0x00, 0x00, 0x00, 0x00, 0x00, 0x00, 0x00,
    0x00, 0x00, 0x00, 0x00, 0xE5, 0xE9, 0xED, 0x8A, 0xE6, 0xE8, 0xEC, 0xCB, 0xE7, 0xE8, 0xEC, 0xB1,
    0xE7, 0xE8, 0xEC, 0xE5, 0xE5, 0xE5, 0xEB, 0x27, 0xE6, 0xE9, 0xEC, 0xAB, 0xE6, 0xE7, 0xEB, 0xC3,
    0xFF, 0xFF, 0xFF, 0x01, 0xE8, 0xE8, 0xEE, 0x2D, 0xE6, 0xE8, 0xEC, 0xFF, 0xE7, 0xE7, 0xEF, 0x20,
    0x00, 0x00, 0x00, 0x00, 0x00, 0x00, 0x00, 0x00, 0x00, 0x00, 0x00, 0x00, 0x00, 0x00, 0x00, 0x00,
    0x00, 0x00, 0x00, 0x00, 0x00, 0x00, 0x00, 0x00, 0x00, 0x00, 0x00, 0x00, 0x00, 0x00, 0x00, 0x00,
    0xFF, 0xFF, 0xFF, 0x03, 0xE6, 0xE8, 0xEC, 0xE4, 0xE5, 0xE7, 0xEC, 0x6C, 0xD5, 0xD5, 0xFF, 0x06,
    0xE7, 0xE8, 0xEC, 0xB1, 0xE6, 0xE8, 0xEC, 0xEC, 0xE6, 0xE8, 0xEC, 0xFD, 0xE6, 0xE6, 0xEB, 0x33,
    0x00, 0x00, 0x00, 0x00, 0x00, 0x00, 0x00, 0x00, 0xE6, 0xE8, 0xEC, 0xE2, 0xE7, 0xE9, 0xEC, 0x69,
    0x00, 0x00, 0x00, 0x00, 0x00, 0x00, 0x00, 0x00, 0x00, 0x00, 0x00, 0x00, 0x00, 0x00, 0x00, 0x00,
    0x00, 0x00, 0x00, 0x00, 0x00, 0x00, 0x00, 0x00, 0x00, 0x00, 0x00, 0x00, 0x00, 0x00, 0x00, 0x00,
    0xE5, 0xE9, 0xED, 0x45, 0xE6, 0xE8, 0xEC, 0xFA, 0xE6, 0xE6, 0xF2, 0x14, 0x00, 0x00, 0x00, 0x00,
    0xD5, 0xD5, 0xFF, 0x06, 0xE6, 0xE9, 0xEC, 0xAA, 0xE7, 0xE8, 0xEC, 0x93, 0x00, 0x00, 0x00, 0x00,
    0x00, 0x00, 0x00, 0x00, 0x00, 0x00, 0x00, 0x00, 0xE6, 0xE8, 0xED, 0x9A, 0xE7, 0xE8, 0xEC, 0xB2,
    0x00, 0x00, 0x00, 0x00, 0x00, 0x00, 0x00, 0x00, 0x00, 0x00, 0x00, 0x00, 0x00, 0x00, 0x00, 0x00,
    0x00, 0x00, 0x00, 0x00, 0x00, 0x00, 0x00, 0x00, 0x00, 0x00, 0x00, 0x00, 0x00, 0x00, 0x00, 0x00,
    0xE6, 0xE7, 0xEC, 0xA2, 0xE7, 0xE8, 0xEC, 0xB1, 0x00, 0x00, 0x00, 0x00, 0x00, 0x00, 0x00, 0x00,
    0x00, 0x00, 0x00, 0x00, 0x00, 0x00, 0x00, 0x00, 0x00, 0x00, 0x00, 0x00, 0x00, 0x00, 0x00, 0x00,
    0x00, 0x00, 0x00, 0x00, 0x00, 0x00, 0x00, 0x00, 0xE6, 0xE9, 0xEC, 0x51, 0xE6, 0xE8, 0xEC, 0xF4,
    0xDB, 0xDB, 0xDB, 0x07, 0x00, 0x00, 0x00, 0x00, 0x00, 0x00, 0x00, 0x00, 0x00, 0x00, 0x00, 0x00,
    0x00, 0x00, 0x00, 0x00, 0x00, 0x00, 0x00, 0x00, 0x00, 0x00, 0x00, 0x00, 0xE8, 0xE8, 0xE8, 0x0B,
    0xE6, 0xE8, 0xEC, 0xF3, 0xE7, 0xE7, 0xED, 0x54, 0x00, 0x00, 0x00, 0x00, 0x00, 0x00, 0x00, 0x00,
    0x00, 0x00, 0x00, 0x00, 0x00, 0x00, 0x00, 0x00, 0x00, 0x00, 0x00, 0x00, 0x00, 0x00, 0x00, 0x00,
    0x00, 0x00, 0x00, 0x00, 0x00, 0x00, 0x00, 0x00, 0xEB, 0xEB, 0xEB, 0x0D, 0xE6, 0xE8, 0xEC, 0xF9,
    0xE5, 0xE9, 0xEC, 0x44, 0x00, 0x00, 0x00, 0x00, 0x00, 0x00, 0x00, 0x00, 0x00, 0x00, 0x00, 0x00,
    0x00, 0x00, 0x00, 0x00, 0x00, 0x00, 0x00, 0x00, 0x00, 0x00, 0x00, 0x00, 0xE6, 0xE9, 0xEC, 0x5D,
    0xE6, 0xE8, 0xEC, 0xF0, 0xE3, 0xE3, 0xE3, 0x09, 0x00, 0x00, 0x00, 0x00, 0x00, 0x00, 0x00, 0x00,
    0x00, 0x00, 0x00, 0x00, 0x00, 0x00, 0x00, 0x00, 0x00, 0x00, 0x00, 0x00, 0x00, 0x00, 0x00, 0x00,
    0x00, 0x00, 0x00, 0x00, 0x00, 0x00, 0x00, 0x00, 0x00, 0x00, 0x00, 0x00, 0xE6, 0xE8, 0xEC, 0xBF,
    0xE6, 0xE7, 0xEB, 0x8D, 0x00, 0x00, 0x00, 0x00, 0x00, 0x00, 0x00, 0x00, 0x00, 0x00, 0x00, 0x00,
    0x00, 0x00, 0x00, 0x00, 0x00, 0x00, 0x00, 0x00, 0x00, 0x00, 0x00, 0x00, 0xE6, 0xE8, 0xEC, 0xBA,
    0xE6, 0xE8, 0xED, 0x99, 0x00, 0x00, 0x00, 0x00, 0x00, 0x00, 0x00, 0x00, 0x00, 0x00, 0x00, 0x00,
    0x00, 0x00, 0x00, 0x00, 0x00, 0x00, 0x00, 0x00, 0x00, 0x00, 0x00, 0x00, 0x00, 0x00, 0x00, 0x00,
    0x00, 0x00, 0x00, 0x00, 0x00, 0x00, 0x00, 0x00, 0x00, 0x00, 0x00, 0x00, 0xE5, 0xE7, 0xEC, 0x76,
    0xE6, 0xE8, 0xEC, 0xD6, 0x00, 0x00, 0x00, 0x00, 0x00, 0x00, 0x00, 0x00, 0x00, 0x00, 0x00, 0x00,
    0x00, 0x00, 0x00, 0x00, 0x00, 0x00, 0x00, 0x00, 0xE5, 0xEB, 0xEB, 0x27, 0xE7, 0xE9, 0xEC, 0xFD,
    0xE5, 0xE7, 0xEC, 0xCE, 0xE5, 0xE8, 0xEC, 0x91, 0xE6, 0xE8, 0xED, 0xA6, 0xE6, 0xE9, 0xED, 0xB6,
    0xE6, 0xE8, 0xED, 0xA6, 0xE5, 0xE8, 0xEC, 0x91, 0xE6, 0xE9, 0xED, 0xB6, 0xE7, 0xE8, 0xEB, 0xB4,
    0xE4, 0xE6, 0xEC, 0x86, 0xE7, 0xE8, 0xEB, 0xB4, 0xE6, 0xE9, 0xED, 0xB6, 0xE6, 0xE7, 0xEC, 0xAC,
    0xE6, 0xE8, 0xEC, 0xFF, 0xE8, 0xE8, 0xEE, 0x2D, 0x00, 0x00, 0x00, 0x00, 0x00, 0x00, 0x00, 0x00,
    0x00, 0x00, 0x00, 0x00, 0x00, 0x00, 0x00, 0x00, 0xE5, 0xED, 0xED, 0x45, 0xE6, 0xE8, 0xEC, 0xF3,
    0xE6, 0xE8, 0xEC, 0xF5, 0xE6, 0xE8, 0xEC, 0xE0, 0xE5, 0xE9, 0xEC, 0xEE, 0xE6, 0xE8, 0xEC, 0xF5,
    0xE5, 0xE9, 0xEC, 0xEE, 0xE6, 0xE8, 0xEC, 0xE0, 0xE6, 0xE8, 0xEC, 0xF5, 0xE6, 0xE8, 0xEC, 0xF4,
    0xE7, 0xE8, 0xEB, 0xDB, 0xE6, 0xE8, 0xEC, 0xF4, 0xE6, 0xE8, 0xEC, 0xF5, 0xE6, 0xE8, 0xEC, 0xE0,
    0xE6, 0xE8, 0xED, 0xEC, 0xE5, 0xED, 0xED, 0x45, 0x00, 0x00, 0x00, 0x00, 0x00, 0x00, 0x00, 0x00,
    0x00, 0x00, 0x00, 0x00, 0x00, 0x00, 0x00, 0x00, 0x00, 0x00, 0x00, 0x00, 0x00, 0x00, 0x00, 0x00,
    0x00, 0x00, 0x00, 0x00, 0x00, 0x00, 0x00, 0x00, 0x00, 0x00, 0x00, 0x00, 0x00, 0x00, 0x00, 0x00,
    0x00, 0x00, 0x00, 0x00, 0x00, 0x00, 0x00, 0x00, 0x00, 0x00, 0x00, 0x00, 0x00, 0x00, 0x00, 0x00,
    0x00, 0x00, 0x00, 0x00, 0x00, 0x00, 0x00, 0x00, 0x00, 0x00, 0x00, 0x00, 0x00, 0x00, 0x00, 0x00,
    0x00, 0x00, 0x00, 0x00, 0x00, 0x00, 0x00, 0x00, 0x00, 0x00, 0x00, 0x00, 0x00, 0x00, 0x00, 0x00,
    0x00, 0x00, 0x00, 0x00, 0x00, 0x00, 0x00, 0x00, 0x00, 0x00, 0x00, 0x00, 0x00, 0x00, 0x00, 0x00,
    0x00, 0x00, 0x00, 0x00, 0x00, 0x00, 0x00, 0x00, 0x00, 0x00, 0x00, 0x00, 0x00, 0x00, 0x00, 0x00,
    0x00, 0x00, 0x00, 0x00, 0x00, 0x00, 0x00, 0x00, 0x00, 0x00, 0x00, 0x00, 0x00, 0x00, 0x00, 0x00,
    0x00, 0x00, 0x00, 0x00, 0x00, 0x00, 0x00, 0x00, 0x00, 0x00, 0x00, 0x00, 0x00, 0x00, 0x00, 0x00,
    0x00, 0x00, 0x00, 0x00, 0x00, 0x00, 0x00, 0x00, 0x00, 0x00, 0x00, 0x00, 0x00, 0x00, 0x00, 0x00,
    0x00, 0x00, 0x00, 0x00, 0x00, 0x00, 0x00, 0x00, 0x00, 0x00, 0x00, 0x00, 0x00, 0x00, 0x00, 0x00,
    0x00, 0x00, 0x00, 0x00, 0x00, 0x00, 0x00, 0x00, 0x00, 0x00, 0x00, 0x00, 0x00, 0x00, 0x00, 0x00,
    0x00, 0x00, 0x00, 0x00, 0x00, 0x00, 0x00, 0x00, 0x00, 0x00, 0x00, 0x00, 0x00, 0x00, 0x00, 0x00,
    0x00, 0x00, 0x00, 0x00, 0x00, 0x00, 0x00, 0x00, 0x00, 0x00, 0x00, 0x00, 0x00, 0x00, 0x00, 0x00,
    0x00, 0x00, 0x00, 0x00, 0x00, 0x00, 0x00, 0x00, 0x00, 0x00, 0x00, 0x00, 0x00, 0x00, 0x00, 0x00,
    0x00, 0x00, 0x00, 0x00, 0x00, 0x00, 0x00, 0x00, 0x00, 0x00, 0x00, 0x00, 0x00, 0x00, 0x00, 0x00,
    0x00, 0x00, 0x00, 0x00, 0x00, 0x00, 0x00, 0x00, 0x00, 0x00, 0x00, 0x00, 0x00, 0x00, 0x00, 0x00,
    0x00, 0x00, 0x00, 0x00, 0x00, 0x00, 0x00, 0x00, 0x00, 0x00, 0x00, 0x00, 0x00, 0x00, 0x00, 0x00,
    0x00, 0x00, 0x00, 0x00, 0x00, 0x00, 0x00, 0x00, 0x00, 0x00, 0x00, 0x00, 0x00, 0x00, 0x00, 0x00,
    0x00, 0x00, 0x00, 0x00, 0x00, 0x00, 0x00, 0x00, 0x00, 0x00, 0x00, 0x00, 0x00, 0x00, 0x00, 0x00,
    0x00, 0x00, 0x00, 0x00, 0x00, 0x00, 0x00, 0x00, 0x00, 0x00, 0x00, 0x00, 0x00, 0x00, 0x00, 0x00,
    0x00, 0x00, 0x00, 0x00, 0x00, 0x00, 0x00, 0x00, 0x00, 0x00, 0x00, 0x00, 0x00, 0x00, 0x00, 0x00,
    0x00, 0x00, 0x00, 0x00, 0x00, 0x00, 0x00, 0x00, 0x00, 0x00, 0x00, 0x00, 0x00, 0x00, 0x00, 0x00,
    0x00, 0x00, 0x00, 0x00, 0x00, 0x00, 0x00, 0x00, 0x00, 0x00, 0x00, 0x00, 0x00, 0x00, 0x00, 0x00,
    0x00, 0x00, 0x00, 0x00, 0x00, 0x00, 0x00, 0x00, 0x00, 0x00, 0x00, 0x00, 0x00, 0x00, 0x00, 0x00,
}};
inline constexpr std::array<std::uint8_t, 1600> uve_node_icon_occluder_3d_node_rgba{{
    0x00, 0x00, 0x00, 0x00, 0x00, 0x00, 0x00, 0x00, 0x00, 0x00, 0x00, 0x00, 0x00, 0x00, 0x00, 0x00,
    0x00, 0x00, 0x00, 0x00, 0x00, 0x00, 0x00, 0x00, 0x00, 0x00, 0x00, 0x00, 0x00, 0x00, 0x00, 0x00,
    0x00, 0x00, 0x00, 0x00, 0x00, 0x00, 0x00, 0x00, 0x00, 0x00, 0x00, 0x00, 0x00, 0x00, 0x00, 0x00,
    0x00, 0x00, 0x00, 0x00, 0x00, 0x00, 0x00, 0x00, 0x00, 0x00, 0x00, 0x00, 0x00, 0x00, 0x00, 0x00,
    0x00, 0x00, 0x00, 0x00, 0x00, 0x00, 0x00, 0x00, 0x00, 0x00, 0x00, 0x00, 0x00, 0x00, 0x00, 0x00,
    0x00, 0x00, 0x00, 0x00, 0x00, 0x00, 0x00, 0x00, 0x00, 0x00, 0x00, 0x00, 0x00, 0x00, 0x00, 0x00,
    0x00, 0x00, 0x00, 0x00, 0x00, 0x00, 0x00, 0x00, 0x00, 0x00, 0x00, 0x00, 0x00, 0x00, 0x00, 0x00,
    0x00, 0x00, 0x00, 0x00, 0x00, 0x00, 0x00, 0x00, 0x00, 0x00, 0x00, 0x00, 0x00, 0x00, 0x00, 0x00,
    0x00, 0x00, 0x00, 0x00, 0x00, 0x00, 0x00, 0x00, 0x00, 0x00, 0x00, 0x00, 0x00, 0x00, 0x00, 0x00,
    0x00, 0x00, 0x00, 0x00, 0x00, 0x00, 0x00, 0x00, 0x00, 0x00, 0x00, 0x00, 0x00, 0x00, 0x00, 0x00,
    0x00, 0x00, 0x00, 0x00, 0x00, 0x00, 0x00, 0x00, 0xFF, 0xFF, 0xFF, 0x05, 0xE4, 0xE9, 0xE9, 0x2F,
    0x00, 0x00, 0x00, 0x00, 0x00, 0x00, 0x00, 0x00, 0x00, 0x00, 0x00, 0x00, 0x00, 0x00, 0x00, 0x00,
    0x00, 0x00, 0x00, 0x00, 0x00, 0x00, 0x00, 0x00, 0x00, 0x00, 0x00, 0x00, 0x00, 0x00, 0x00, 0x00,
    0x00, 0x00, 0x00, 0x00, 0x00, 0x00, 0x00, 0x00, 0x00, 0x00, 0x00, 0x00, 0x00, 0x00, 0x00, 0x00,
    0x00, 0x00, 0x00, 0x00, 0x00, 0x00, 0x00, 0x00, 0x00, 0x00, 0x00, 0x00, 0x00, 0x00, 0x00, 0x00,
    0x00, 0x00, 0x00, 0x00, 0x00, 0x00, 0x00, 0x00, 0xE4, 0xEA, 0xEA, 0x30, 0xE6, 0xE8, 0xEC, 0xFC,
    0xE5, 0xE8, 0xED, 0x63, 0x00, 0x00, 0x00, 0x00, 0x00, 0x00, 0x00, 0x00, 0x00, 0x00, 0x00, 0x00,
    0x00, 0x00, 0x00, 0x00, 0x00, 0x00, 0x00, 0x00, 0x00, 0x00, 0x00, 0x00, 0x00, 0x00, 0x00, 0x00,
    0x00, 0x00, 0x00, 0x00, 0x00, 0x00, 0x00, 0x00, 0x00, 0x00, 0x00, 0x00, 0x00, 0x00, 0x00, 0x00,
    0x00, 0x00, 0x00, 0x00, 0x00, 0x00, 0x00, 0x00, 0x00, 0x00, 0x00, 0x00, 0x00, 0x00, 0x00, 0x00,
    0x00, 0x00, 0x00, 0x00, 0x00, 0x00, 0x00, 0x00, 0x00, 0x00, 0x00, 0x00, 0xE5, 0xE8, 0xED, 0x62,
    0xE6, 0xE8, 0xEC, 0xFC, 0xE7, 0xE9, 0xEC, 0x69, 0x00, 0x00, 0x00, 0x00, 0xE6, 0xE6, 0xEB, 0x32,
    0xE6, 0xE8, 0xED, 0x71, 0xE6, 0xE8, 0xEC, 0x90, 0xE6, 0xE8, 0xEC, 0x90, 0xE6, 0xE8, 0xED, 0x71,
    0xE6, 0xE6, 0xEB, 0x32, 0x00, 0x00, 0x00, 0x00, 0x00, 0x00, 0x00, 0x00, 0x00, 0x00, 0x00, 0x00,
    0x00, 0x00, 0x00, 0x00, 0x00, 0x00, 0x00, 0x00, 0x00, 0x00, 0x00, 0x00, 0x00, 0x00, 0x00, 0x00,
    0x00, 0x00, 0x00, 0x00, 0x00, 0x00, 0x00, 0x00, 0x00, 0x00, 0x00, 0x00, 0x00, 0x00, 0x00, 0x00,
    0xE5, 0xE8, 0xED, 0x62, 0xE6, 0xE8, 0xEC, 0xFD, 0xE7, 0xE9, 0xEC, 0xE6, 0xE6, 0xE8, 0xEC, 0xFE,
    0xE7, 0xE8, 0xEB, 0xD1, 0xE6, 0xE8, 0xEC, 0xAF, 0xE6, 0xE8, 0xEC, 0xAF, 0xE7, 0xE8, 0xEB, 0xD1,
    0xE6, 0xE8, 0xEC, 0xFE, 0xE6, 0xE8, 0xEC, 0xD4, 0xE6, 0xE9, 0xEC, 0x51, 0x00, 0x00, 0x00, 0x00,
    0x00, 0x00, 0x00, 0x00, 0x00, 0x00, 0x00, 0x00, 0x00, 0x00, 0x00, 0x00, 0x00, 0x00, 0x00, 0x00,
    0x00, 0x00, 0x00, 0x00, 0x00, 0x00, 0x00, 0x00, 0x00, 0x00, 0x00, 0x00, 0xE1, 0xE1, 0xF0, 0x11,
    0xE6, 0xE8, 0xEC, 0xB0, 0xE6, 0xE8, 0xED, 0xFB, 0xE5, 0xE7, 0xEC, 0xFE, 0xE6, 0xE8, 0xEC, 0x7B,
    0x00, 0x00, 0x00, 0x00, 0x00, 0x00, 0x00, 0x00, 0x00, 0x00, 0x00, 0x00, 0x00, 0x00, 0x00, 0x00,
    0xE7, 0xE7, 0xEF, 0x20, 0xE6, 0xE7, 0xED, 0x8C, 0xE6, 0xE8, 0xEC, 0xF9, 0xE6, 0xE8, 0xEC, 0xAE,
    0xDF, 0xEF, 0xEF, 0x10, 0x00, 0x00, 0x00, 0x00, 0x00, 0x00, 0x00, 0x00, 0x00, 0x00, 0x00, 0x00,
    0x00, 0x00, 0x00, 0x00, 0x00, 0x00, 0x00, 0x00, 0xE8, 0xE8, 0xE8, 0x16, 0xE6, 0xE8, 0xEC, 0xD4,
    0xE6, 0xE8, 0xEC, 0xD3, 0xE6, 0xE6, 0xEC, 0x28, 0xE5, 0xE8, 0xED, 0x62, 0xE6, 0xE8, 0xEC, 0xFC,
    0xE7, 0xE9, 0xEC, 0x69, 0x00, 0x00, 0x00, 0x00, 0x00, 0x00, 0x00, 0x00, 0x00, 0x00, 0x00, 0x00,
    0x00, 0x00, 0x00, 0x00, 0x00, 0x00, 0x00, 0x00, 0xE7, 0xE7, 0xED, 0x2A, 0xE6, 0xE8, 0xEC, 0xD4,
    0xE6, 0xE8, 0xEC, 0xD3, 0xE7, 0xE7, 0xE7, 0x15, 0x00, 0x00, 0x00, 0x00, 0x00, 0x00, 0x00, 0x00,
    0x00, 0x00, 0x00, 0x00, 0xE4, 0xE4, 0xF2, 0x13, 0xE6, 0xE8, 0xEC, 0xD2, 0xE6, 0xE8, 0xEC, 0xC8,
    0xEE, 0xEE, 0xEE, 0x0F, 0x00, 0x00, 0x00, 0x00, 0x00, 0x00, 0x00, 0x00, 0xE5, 0xE8, 0xED, 0x62,
    0xE6, 0xE8, 0xEC, 0xFC, 0xE7, 0xE9, 0xEC, 0x69, 0x00, 0x00, 0x00, 0x00, 0x00, 0x00, 0x00, 0x00,
    0x00, 0x00, 0x00, 0x00, 0x00, 0x00, 0x00, 0x00, 0x00, 0x00, 0x00, 0x00, 0xEE, 0xEE, 0xEE, 0x0F,
    0xE6, 0xE8, 0xEC, 0xC9, 0xE7, 0xE8, 0xEB, 0xD1, 0xE4, 0xE4, 0xF2, 0x13, 0x00, 0x00, 0x00, 0x00,
    0x00, 0x00, 0x00, 0x00, 0xE6, 0xE8, 0xED, 0xB4, 0xE6, 0xE8, 0xED, 0xCF, 0xDF, 0xEF, 0xEF, 0x10,
    0x00, 0x00, 0x00, 0x00, 0x00, 0x00, 0x00, 0x00, 0x00, 0x00, 0x00, 0x00, 0x00, 0x00, 0x00, 0x00,
    0xE5, 0xE8, 0xED, 0x62, 0xE6, 0xE8, 0xEC, 0xFC, 0xE7, 0xE9, 0xEC, 0x69, 0x00, 0x00, 0x00, 0x00,
    0x00, 0x00, 0x00, 0x00, 0x00, 0x00, 0x00, 0x00, 0x00, 0x00, 0x00, 0x00, 0x00, 0x00, 0x00, 0x00,
    0xDF, 0xEF, 0xEF, 0x10, 0xE6, 0xE8, 0xEB, 0xD0, 0xE6, 0xE8, 0xED, 0xB4, 0x00, 0x00, 0x00, 0x00,
    0x00, 0x00, 0x00, 0x00, 0xE6, 0xE8, 0xED, 0xB4, 0xE6, 0xE8, 0xED, 0xCF, 0xDF, 0xEF, 0xEF, 0x10,
    0x00, 0x00, 0x00, 0x00, 0x00, 0x00, 0x00, 0x00, 0x00, 0x00, 0x00, 0x00, 0x00, 0x00, 0x00, 0x00,
    0x00, 0x00, 0x00, 0x00, 0xE5, 0xE8, 0xED, 0x62, 0xE6, 0xE8, 0xEC, 0xFC, 0xE7, 0xE9, 0xEC, 0x69,
    0x00, 0x00, 0x00, 0x00, 0x00, 0x00, 0x00, 0x00, 0x00, 0x00, 0x00, 0x00, 0x00, 0x00, 0x00, 0x00,
    0xE1, 0xE1, 0xF0, 0x11, 0xE6, 0xE8, 0xEB, 0xD0, 0xE6, 0xE8, 0xED, 0xB4, 0x00, 0x00, 0x00, 0x00,
    0x00, 0x00, 0x00, 0x00, 0xE4, 0xE4, 0xF2, 0x13, 0xE6, 0xE8, 0xEC, 0xD2, 0xE6, 0xE8, 0xEC, 0xC9,
    0xEE, 0xEE, 0xEE, 0x0F, 0x00, 0x00, 0x00, 0x00, 0x00, 0x00, 0x00, 0x00, 0x00, 0x00, 0x00, 0x00,
    0x00, 0x00, 0x00, 0x00, 0x00, 0x00, 0x00, 0x00, 0xE5, 0xE8, 0xED, 0x62, 0xE6, 0xE8, 0xEC, 0xFC,
    0xE7, 0xE9, 0xEC, 0x69, 0x00, 0x00, 0x00, 0x00, 0x00, 0x00, 0x00, 0x00, 0xEE, 0xEE, 0xEE, 0x0F,
    0xE6, 0xE8, 0xEC, 0xCA, 0xE7, 0xE8, 0xEB, 0xD1, 0xE4, 0xE4, 0xF2, 0x13, 0x00, 0x00, 0x00, 0x00,
    0x00, 0x00, 0x00, 0x00, 0x00, 0x00, 0x00, 0x00, 0xE8, 0xE8, 0xE8, 0x16, 0xE6, 0xE8, 0xEC, 0xD4,
    0xE6, 0xE8, 0xEC, 0xD4, 0xE6, 0xE6, 0xEC, 0x29, 0x00, 0x00, 0x00, 0x00, 0x00, 0x00, 0x00, 0x00,
    0x00, 0x00, 0x00, 0x00, 0x00, 0x00, 0x00, 0x00, 0x00, 0x00, 0x00, 0x00, 0xE5, 0xE8, 0xED, 0x62,
    0xE6, 0xE8, 0xEC, 0xFC, 0xE7, 0xE9, 0xEC, 0x69, 0xE7, 0xE7, 0xED, 0x2A, 0xE6, 0xE8, 0xEC, 0xD5,
    0xE6, 0xE8, 0xEC, 0xD4, 0xE7, 0xE7, 0xE7, 0x15, 0x00, 0x00, 0x00, 0x00, 0x00, 0x00, 0x00, 0x00,
    0x00, 0x00, 0x00, 0x00, 0x00, 0x00, 0x00, 0x00, 0x00, 0x00, 0x00, 0x00, 0xE1, 0xE1, 0xF0, 0x11,
    0xE7, 0xE8, 0xEC, 0xB1, 0xE6, 0xE8, 0xEC, 0xF8, 0xE5, 0xE7, 0xED, 0x8B, 0xE6, 0xE6, 0xEF, 0x1F,
    0x00, 0x00, 0x00, 0x00, 0x00, 0x00, 0x00, 0x00, 0x00, 0x00, 0x00, 0x00, 0x00, 0x00, 0x00, 0x00,
    0xE5, 0xE7, 0xEC, 0x76, 0xE5, 0xE8, 0xEC, 0xFE, 0xE7, 0xEA, 0xEC, 0xFB, 0xE6, 0xE8, 0xEC, 0xAF,
    0xDF, 0xEF, 0xEF, 0x10, 0x00, 0x00, 0x00, 0x00, 0x00, 0x00, 0x00, 0x00, 0x00, 0x00, 0x00, 0x00,
    0x00, 0x00, 0x00, 0x00, 0x00, 0x00, 0x00, 0x00, 0x00, 0x00, 0x00, 0x00, 0x00, 0x00, 0x00, 0x00,
    0x00, 0x00, 0x00, 0x00, 0xE6, 0xE9, 0xEC, 0x52, 0xE6, 0xE8, 0xEC, 0xD5, 0xE6, 0xE8, 0xEC, 0xFE,
    0xE7, 0xE8, 0xEB, 0xD1, 0xE6, 0xE8, 0xEC, 0xAF, 0xE6, 0xE8, 0xEC, 0xAF, 0xE7, 0xE8, 0xEB, 0xD1,
    0xE6, 0xE8, 0xEC, 0xFE, 0xE5, 0xE8, 0xEC, 0xE5, 0xE6, 0xE8, 0xEC, 0xFD, 0xE7, 0xE9, 0xEC, 0x69,
    0x00, 0x00, 0x00, 0x00, 0x00, 0x00, 0x00, 0x00, 0x00, 0x00, 0x00, 0x00, 0x00, 0x00, 0x00, 0x00,
    0x00, 0x00, 0x00, 0x00, 0x00, 0x00, 0x00, 0x00, 0x00, 0x00, 0x00, 0x00, 0x00, 0x00, 0x00, 0x00,
    0x00, 0x00, 0x00, 0x00, 0x00, 0x00, 0x00, 0x00, 0x00, 0x00, 0x00, 0x00, 0xE6, 0xE6, 0xEB, 0x32,
    0xE6, 0xE8, 0xED, 0x71, 0xE6, 0xE8, 0xEC, 0x90, 0xE6, 0xE8, 0xEC, 0x90, 0xE6, 0xE8, 0xED, 0x71,
    0xE6, 0xE6, 0xEB, 0x32, 0x00, 0x00, 0x00, 0x00, 0xE5, 0xE8, 0xED, 0x62, 0xE6, 0xE8, 0xEC, 0xFC,
    0xE7, 0xE9, 0xEC, 0x69, 0x00, 0x00, 0x00, 0x00, 0x00, 0x00, 0x00, 0x00, 0x00, 0x00, 0x00, 0x00,
    0x00, 0x00, 0x00, 0x00, 0x00, 0x00, 0x00, 0x00, 0x00, 0x00, 0x00, 0x00, 0x00, 0x00, 0x00, 0x00,
    0x00, 0x00, 0x00, 0x00, 0x00, 0x00, 0x00, 0x00, 0x00, 0x00, 0x00, 0x00, 0x00, 0x00, 0x00, 0x00,
    0x00, 0x00, 0x00, 0x00, 0x00, 0x00, 0x00, 0x00, 0x00, 0x00, 0x00, 0x00, 0x00, 0x00, 0x00, 0x00,
    0x00, 0x00, 0x00, 0x00, 0x00, 0x00, 0x00, 0x00, 0x00, 0x00, 0x00, 0x00, 0xE5, 0xE8, 0xED, 0x63,
    0xE6, 0xE8, 0xEC, 0xFC, 0xE4, 0xE9, 0xE9, 0x2F, 0x00, 0x00, 0x00, 0x00, 0x00, 0x00, 0x00, 0x00,
    0x00, 0x00, 0x00, 0x00, 0x00, 0x00, 0x00, 0x00, 0x00, 0x00, 0x00, 0x00, 0x00, 0x00, 0x00, 0x00,
    0x00, 0x00, 0x00, 0x00, 0x00, 0x00, 0x00, 0x00, 0x00, 0x00, 0x00, 0x00, 0x00, 0x00, 0x00, 0x00,
    0x00, 0x00, 0x00, 0x00, 0x00, 0x00, 0x00, 0x00, 0x00, 0x00, 0x00, 0x00, 0x00, 0x00, 0x00, 0x00,
    0x00, 0x00, 0x00, 0x00, 0x00, 0x00, 0x00, 0x00, 0x00, 0x00, 0x00, 0x00, 0x00, 0x00, 0x00, 0x00,
    0xE3, 0xE9, 0xEE, 0x2E, 0xFF, 0xFF, 0xFF, 0x05, 0x00, 0x00, 0x00, 0x00, 0x00, 0x00, 0x00, 0x00,
    0x00, 0x00, 0x00, 0x00, 0x00, 0x00, 0x00, 0x00, 0x00, 0x00, 0x00, 0x00, 0x00, 0x00, 0x00, 0x00,
    0x00, 0x00, 0x00, 0x00, 0x00, 0x00, 0x00, 0x00, 0x00, 0x00, 0x00, 0x00, 0x00, 0x00, 0x00, 0x00,
    0x00, 0x00, 0x00, 0x00, 0x00, 0x00, 0x00, 0x00, 0x00, 0x00, 0x00, 0x00, 0x00, 0x00, 0x00, 0x00,
    0x00, 0x00, 0x00, 0x00, 0x00, 0x00, 0x00, 0x00, 0x00, 0x00, 0x00, 0x00, 0x00, 0x00, 0x00, 0x00,
    0x00, 0x00, 0x00, 0x00, 0x00, 0x00, 0x00, 0x00, 0x00, 0x00, 0x00, 0x00, 0x00, 0x00, 0x00, 0x00,
    0x00, 0x00, 0x00, 0x00, 0x00, 0x00, 0x00, 0x00, 0x00, 0x00, 0x00, 0x00, 0x00, 0x00, 0x00, 0x00,
    0x00, 0x00, 0x00, 0x00, 0x00, 0x00, 0x00, 0x00, 0x00, 0x00, 0x00, 0x00, 0x00, 0x00, 0x00, 0x00,
    0x00, 0x00, 0x00, 0x00, 0x00, 0x00, 0x00, 0x00, 0x00, 0x00, 0x00, 0x00, 0x00, 0x00, 0x00, 0x00,
    0x00, 0x00, 0x00, 0x00, 0x00, 0x00, 0x00, 0x00, 0x00, 0x00, 0x00, 0x00, 0x00, 0x00, 0x00, 0x00,
    0x00, 0x00, 0x00, 0x00, 0x00, 0x00, 0x00, 0x00, 0x00, 0x00, 0x00, 0x00, 0x00, 0x00, 0x00, 0x00,
}};
inline constexpr std::array<std::uint8_t, 1600> uve_node_icon_particle_emitter_3d_node_rgba{{
    0x00, 0x00, 0x00, 0x00, 0x00, 0x00, 0x00, 0x00, 0x00, 0x00, 0x00, 0x00, 0x00, 0x00, 0x00, 0x00,
    0x00, 0x00, 0x00, 0x00, 0x00, 0x00, 0x00, 0x00, 0x00, 0x00, 0x00, 0x00, 0x00, 0x00, 0x00, 0x00,
    0x00, 0x00, 0x00, 0x00, 0x00, 0x00, 0x00, 0x00, 0x00, 0x00, 0x00, 0x00, 0x00, 0x00, 0x00, 0x00,
    0x00, 0x00, 0x00, 0x00, 0x00, 0x00, 0x00, 0x00, 0x00, 0x00, 0x00, 0x00, 0x00, 0x00, 0x00, 0x00,
    0x00, 0x00, 0x00, 0x00, 0x00, 0x00, 0x00, 0x00, 0x00, 0x00, 0x00, 0x00, 0x00, 0x00, 0x00, 0x00,
    0x00, 0x00, 0x00, 0x00, 0x00, 0x00, 0x00, 0x00, 0x00, 0x00, 0x00, 0x00, 0x00, 0x00, 0x00, 0x00,
    0x00, 0x00, 0x00, 0x00, 0x00, 0x00, 0x00, 0x00, 0x00, 0x00, 0x00, 0x00, 0x00, 0x00, 0x00, 0x00,
    0x00, 0x00, 0x00, 0x00, 0x00, 0x00, 0x00, 0x00, 0x00, 0x00, 0x00, 0x00, 0x00, 0x00, 0x00, 0x00,
    0x00, 0x00, 0x00, 0x00, 0x00, 0x00, 0x00, 0x00, 0x00, 0x00, 0x00, 0x00, 0x00, 0x00, 0x00, 0x00,
    0x00, 0x00, 0x00, 0x00, 0x00, 0x00, 0x00, 0x00, 0x00, 0x00, 0x00, 0x00, 0x00, 0x00, 0x00, 0x00,
    0x00, 0x00, 0x00, 0x00, 0x00, 0x00, 0x00, 0x00, 0x00, 0x00, 0x00, 0x00, 0x00, 0x00, 0x00, 0x00,
    0x00, 0x00, 0x00, 0x00, 0x00, 0x00, 0x00, 0x00, 0x00, 0x00, 0x00, 0x00, 0x00, 0x00, 0x00, 0x00,
    0x00, 0x00, 0x00, 0x00, 0x00, 0x00, 0x00, 0x00, 0x00, 0x00, 0x00, 0x00, 0x00, 0x00, 0x00, 0x00,
    0x00, 0x00, 0x00, 0x00, 0x00, 0x00, 0x00, 0x00, 0x00, 0x00, 0x00, 0x00, 0x00, 0x00, 0x00, 0x00,
    0x00, 0x00, 0x00, 0x00, 0x00, 0x00, 0x00, 0x00, 0x00, 0x00, 0x00, 0x00, 0x00, 0x00, 0x00, 0x00,
    0x00, 0x00, 0x00, 0x00, 0x00, 0x00, 0x00, 0x00, 0x00, 0x00, 0x00, 0x00, 0x00, 0x00, 0x00, 0x00,
    0x00, 0x00, 0x00, 0x00, 0x00, 0x00, 0x00, 0x00, 0x00, 0x00, 0x00, 0x00, 0x00, 0x00, 0x00, 0x00,
    0x00, 0x00, 0x00, 0x00, 0x00, 0x00, 0x00, 0x00, 0x00, 0x00, 0x00, 0x00, 0x00, 0x00, 0x00, 0x00,
    0x00, 0x00, 0x00, 0x00, 0x00, 0x00, 0x00, 0x00, 0x00, 0x00, 0x00, 0x00, 0x00, 0x00, 0x00, 0x00,
    0x00, 0x00, 0x00, 0x00, 0x00, 0x00, 0x00, 0x00, 0x00, 0x00, 0x00, 0x00, 0x00, 0x00, 0x00, 0x00,
    0x00, 0x00, 0x00, 0x00, 0x00, 0x00, 0x00, 0x00, 0x00, 0x00, 0x00, 0x00, 0x00, 0x00, 0x00, 0x00,
    0x00, 0x00, 0x00, 0x1C, 0x00, 0x00, 0x00, 0x1C, 0x00, 0x00, 0x00, 0x00, 0x00, 0x00, 0x00, 0x00,
    0x00, 0x00, 0x00, 0x00, 0x00, 0x00, 0x00, 0x00, 0x00, 0x00, 0x00, 0x00, 0x00, 0x00, 0x00, 0x00,
    0x00, 0x00, 0x00, 0x00, 0x00, 0x00, 0x00, 0x00, 0x00, 0x00, 0x00, 0x0E, 0x00, 0x00, 0x00, 0x0E,
    0x00, 0x00, 0x00, 0x00, 0x00, 0x00, 0x00, 0x00, 0x00, 0x00, 0x00, 0x00, 0x00, 0x00, 0x00, 0x00,
    0x00, 0x00, 0x00, 0x00, 0x00, 0x00, 0x00, 0x00, 0x00, 0x00, 0x00, 0x00, 0x00, 0x00, 0x00, 0x07,
    0x5E, 0x5F, 0x60, 0xF6, 0x7E, 0x80, 0x82, 0xF8, 0x4D, 0x4D, 0x4D, 0x0A, 0x00, 0x00, 0x00, 0x00,
    0x00, 0x00, 0x00, 0x00, 0x00, 0x00, 0x00, 0x00, 0x00, 0x00, 0x00, 0x00, 0x00, 0x00, 0x00, 0x00,
    0x00, 0x00, 0x00, 0x00, 0xFF, 0xFF, 0xFF, 0x03, 0x82, 0x83, 0x85, 0xF1, 0x62, 0x63, 0x64, 0xEC,
    0x00, 0x00, 0x00, 0x00, 0x00, 0x00, 0x00, 0x00, 0x00, 0x00, 0x00, 0x00, 0x00, 0x00, 0x00, 0x00,
    0x00, 0x00, 0x00, 0x00, 0x00, 0x00, 0x00, 0x00, 0x00, 0x00, 0x00, 0x00, 0x00, 0x00, 0x00, 0x02,
    0x42, 0x43, 0x44, 0xC6, 0xDA, 0xDC, 0xDF, 0xF9, 0xE6, 0xE7, 0xEB, 0xB7, 0xEE, 0xEE, 0xEE, 0x0F,
    0x00, 0x00, 0x00, 0x00, 0x00, 0x00, 0x00, 0x00, 0x00, 0x00, 0x00, 0x00, 0x00, 0x00, 0x00, 0x00,
    0xEE, 0xEE, 0xEE, 0x0F, 0xE6, 0xE7, 0xEB, 0xB7, 0xDC, 0xDE, 0xE1, 0xF7, 0x4B, 0x4C, 0x4E, 0xAE,
    0x00, 0x00, 0x00, 0x00, 0x00, 0x00, 0x00, 0x00, 0x00, 0x00, 0x00, 0x00, 0x00, 0x00, 0x00, 0x00,
    0x00, 0x00, 0x00, 0x00, 0x00, 0x00, 0x00, 0x00, 0x00, 0x00, 0x00, 0x00, 0x00, 0x00, 0x00, 0x00,
    0x00, 0x00, 0x00, 0x00, 0xE9, 0xE9, 0xE9, 0x22, 0xE6, 0xE8, 0xEC, 0xD5, 0xE6, 0xE8, 0xEC, 0xDA,
    0xE5, 0xE5, 0xEB, 0x27, 0x00, 0x00, 0x00, 0x00, 0x00, 0x00, 0x00, 0x00, 0xE9, 0xE9, 0xE9, 0x22,
    0xE6, 0xE8, 0xEC, 0xD5, 0xE6, 0xE8, 0xEC, 0xDA, 0xE5, 0xE5, 0xEB, 0x27, 0x00, 0x00, 0x00, 0x00,
    0x00, 0x00, 0x00, 0x00, 0x00, 0x00, 0x00, 0x00, 0x00, 0x00, 0x00, 0x00, 0x00, 0x00, 0x00, 0x00,
    0x00, 0x00, 0x00, 0x00, 0x00, 0x00, 0x00, 0x00, 0x00, 0x00, 0x00, 0x00, 0x00, 0x00, 0x00, 0x00,
    0x00, 0x00, 0x00, 0x00, 0x00, 0x00, 0x00, 0x00, 0xEB, 0xEB, 0xEB, 0x0D, 0xE7, 0xE8, 0xEC, 0xB2,
    0xE6, 0xE8, 0xEC, 0xED, 0x96, 0x96, 0x99, 0x66, 0x8E, 0x91, 0x94, 0x5F, 0xE6, 0xE8, 0xEC, 0xE9,
    0xE6, 0xE8, 0xEC, 0xB9, 0xDF, 0xEF, 0xEF, 0x10, 0x00, 0x00, 0x00, 0x00, 0x00, 0x00, 0x00, 0x00,
    0x00, 0x00, 0x00, 0x00, 0x00, 0x00, 0x00, 0x00, 0x00, 0x00, 0x00, 0x00, 0x00, 0x00, 0x00, 0x00,
    0x00, 0x00, 0x00, 0x00, 0x00, 0x00, 0x00, 0x00, 0x00, 0x00, 0x00, 0x00, 0x00, 0x00, 0x00, 0x00,
    0x00, 0x00, 0x00, 0x00, 0x00, 0x00, 0x00, 0x00, 0x00, 0x00, 0x00, 0x00, 0xFF, 0xFF, 0xFF, 0x03,
    0xC9, 0xCA, 0xCD, 0xA4, 0xE1, 0xE3, 0xE7, 0xFF, 0xE1, 0xE3, 0xE7, 0xFF, 0xC9, 0xCA, 0xCD, 0xA4,
    0xFF, 0xFF, 0xFF, 0x03, 0x00, 0x00, 0x00, 0x00, 0x00, 0x00, 0x00, 0x00, 0x00, 0x00, 0x00, 0x00,
    0x00, 0x00, 0x00, 0x00, 0x00, 0x00, 0x00, 0x00, 0x00, 0x00, 0x00, 0x00, 0x00, 0x00, 0x00, 0x00,
    0x00, 0x00, 0x00, 0x00, 0x00, 0x00, 0x00, 0x00, 0x00, 0x00, 0x00, 0x00, 0x00, 0x00, 0x00, 0x00,
    0x00, 0x00, 0x00, 0x00, 0x00, 0x00, 0x00, 0x00, 0x00, 0x00, 0x00, 0x00, 0x00, 0x00, 0x00, 0x00,
    0xB1, 0xB3, 0xB7, 0x80, 0xE3, 0xE5, 0xE9, 0xFF, 0xE1, 0xE3, 0xE7, 0xFF, 0xCA, 0xCB, 0xCF, 0xA3,
    0xFF, 0xFF, 0xFF, 0x03, 0x00, 0x00, 0x00, 0x00, 0x00, 0x00, 0x00, 0x00, 0x00, 0x00, 0x00, 0x00,
    0x00, 0x00, 0x00, 0x00, 0x00, 0x00, 0x00, 0x00, 0x00, 0x00, 0x00, 0x00, 0x00, 0x00, 0x00, 0x00,
    0x00, 0x00, 0x00, 0x00, 0x00, 0x00, 0x00, 0x00, 0x00, 0x00, 0x00, 0x00, 0x00, 0x00, 0x00, 0x00,
    0x00, 0x00, 0x00, 0x00, 0x00, 0x00, 0x00, 0x00, 0x00, 0x00, 0x00, 0x00, 0xE5, 0xE8, 0xED, 0x62,
    0xE6, 0xE8, 0xEC, 0xFC, 0xB6, 0xB8, 0xBA, 0x85, 0x8E, 0x91, 0x94, 0x5F, 0xE6, 0xE8, 0xEC, 0xE9,
    0xE6, 0xE8, 0xEC, 0xB9, 0xDF, 0xEF, 0xEF, 0x10, 0x00, 0x00, 0x00, 0x00, 0x00, 0x00, 0x00, 0x00,
    0x00, 0x00, 0x00, 0x00, 0x00, 0x00, 0x00, 0x00, 0x00, 0x00, 0x00, 0x00, 0x00, 0x00, 0x00, 0x00,
    0x00, 0x00, 0x00, 0x00, 0x00, 0x00, 0x00, 0x00, 0x00, 0x00, 0x00, 0x00, 0x00, 0x00, 0x00, 0x00,
    0x00, 0x00, 0x00, 0x00, 0x00, 0x00, 0x00, 0x00, 0xE5, 0xE8, 0xED, 0x62, 0xE6, 0xE8, 0xEC, 0xFC,
    0xE7, 0xE9, 0xEC, 0x69, 0x00, 0x00, 0x00, 0x00, 0x00, 0x00, 0x00, 0x00, 0xE9, 0xE9, 0xE9, 0x22,
    0xE6, 0xE8, 0xEC, 0xD5, 0xE6, 0xE8, 0xEC, 0xDA, 0xE5, 0xE5, 0xEB, 0x27, 0x00, 0x00, 0x00, 0x00,
    0x00, 0x00, 0x00, 0x00, 0x00, 0x00, 0x00, 0x00, 0x00, 0x00, 0x00, 0x00, 0x00, 0x00, 0x00, 0x00,
    0x00, 0x00, 0x00, 0x00, 0x00, 0x00, 0x00, 0x00, 0x00, 0x00, 0x00, 0x00, 0x00, 0x00, 0x00, 0x00,
    0x00, 0x00, 0x00, 0x00, 0x83, 0x83, 0x86, 0xAA, 0xE5, 0xE7, 0xEB, 0xFD, 0xE5, 0xE8, 0xED, 0x63,
    0x00, 0x00, 0x00, 0x00, 0x00, 0x00, 0x00, 0x00, 0x00, 0x00, 0x00, 0x00, 0x00, 0x00, 0x00, 0x00,
    0xEE, 0xEE, 0xEE, 0x0F, 0xE6, 0xE7, 0xEB, 0xB7, 0xE0, 0xE2, 0xE5, 0xF3, 0x66, 0x68, 0x6A, 0x80,
    0x00, 0x00, 0x00, 0x00, 0x00, 0x00, 0x00, 0x00, 0x00, 0x00, 0x00, 0x00, 0x00, 0x00, 0x00, 0x00,
    0x00, 0x00, 0x00, 0x00, 0x00, 0x00, 0x00, 0x00, 0x00, 0x00, 0x00, 0x00, 0x00, 0x00, 0x00, 0x00,
    0x00, 0x00, 0x00, 0x00, 0x87, 0x88, 0x8A, 0xE5, 0x83, 0x83, 0x86, 0xAA, 0x00, 0x00, 0x00, 0x00,
    0x00, 0x00, 0x00, 0x00, 0x00, 0x00, 0x00, 0x00, 0x00, 0x00, 0x00, 0x00, 0x00, 0x00, 0x00, 0x00,
    0x00, 0x00, 0x00, 0x00, 0xFF, 0xFF, 0xFF, 0x03, 0x95, 0x96, 0x98, 0xD3, 0x76, 0x77, 0x78, 0xC5,
    0x00, 0x00, 0x00, 0x00, 0x00, 0x00, 0x00, 0x00, 0x00, 0x00, 0x00, 0x00, 0x00, 0x00, 0x00, 0x00,
    0x00, 0x00, 0x00, 0x00, 0x00, 0x00, 0x00, 0x00, 0x00, 0x00, 0x00, 0x00, 0x00, 0x00, 0x00, 0x00,
    0x00, 0x00, 0x00, 0x00, 0x00, 0x00, 0x00, 0x00, 0x00, 0x00, 0x00, 0x00, 0x00, 0x00, 0x00, 0x00,
    0x00, 0x00, 0x00, 0x00, 0x00, 0x00, 0x00, 0x00, 0x00, 0x00, 0x00, 0x00, 0x00, 0x00, 0x00, 0x00,
    0x00, 0x00, 0x00, 0x00, 0x00, 0x00, 0x00, 0x00, 0x00, 0x00, 0x00, 0x00, 0x00, 0x00, 0x00, 0x00,
    0x00, 0x00, 0x00, 0x00, 0x00, 0x00, 0x00, 0x00, 0x00, 0x00, 0x00, 0x00, 0x00, 0x00, 0x00, 0x00,
    0x00, 0x00, 0x00, 0x00, 0x00, 0x00, 0x00, 0x00, 0x00, 0x00, 0x00, 0x00, 0x00, 0x00, 0x00, 0x00,
    0x00, 0x00, 0x00, 0x00, 0x00, 0x00, 0x00, 0x00, 0x00, 0x00, 0x00, 0x00, 0x00, 0x00, 0x00, 0x00,
    0x00, 0x00, 0x00, 0x00, 0x00, 0x00, 0x00, 0x00, 0x00, 0x00, 0x00, 0x00, 0x00, 0x00, 0x00, 0x00,
    0x00, 0x00, 0x00, 0x00, 0x00, 0x00, 0x00, 0x00, 0x00, 0x00, 0x00, 0x00, 0x00, 0x00, 0x00, 0x00,
    0x00, 0x00, 0x00, 0x00, 0x00, 0x00, 0x00, 0x00, 0x00, 0x00, 0x00, 0x00, 0x00, 0x00, 0x00, 0x00,
    0x00, 0x00, 0x00, 0x00, 0x00, 0x00, 0x00, 0x00, 0x00, 0x00, 0x00, 0x00, 0x00, 0x00, 0x00, 0x00,
    0x00, 0x00, 0x00, 0x00, 0x00, 0x00, 0x00, 0x00, 0x00, 0x00, 0x00, 0x00, 0x00, 0x00, 0x00, 0x00,
    0x00, 0x00, 0x00, 0x00, 0x00, 0x00, 0x00, 0x00, 0x00, 0x00, 0x00, 0x00, 0x00, 0x00, 0x00, 0x00,
    0x00, 0x00, 0x00, 0x00, 0x00, 0x00, 0x00, 0x00, 0x00, 0x00, 0x00, 0x00, 0x00, 0x00, 0x00, 0x00,
    0x00, 0x00, 0x00, 0x00, 0x00, 0x00, 0x00, 0x00, 0x00, 0x00, 0x00, 0x00, 0x00, 0x00, 0x00, 0x00,
    0x00, 0x00, 0x00, 0x00, 0x00, 0x00, 0x00, 0x00, 0x00, 0x00, 0x00, 0x00, 0x00, 0x00, 0x00, 0x00,
    0x00, 0x00, 0x00, 0x00, 0x00, 0x00, 0x00, 0x00, 0x00, 0x00, 0x00, 0x00, 0x00, 0x00, 0x00, 0x00,
    0x00, 0x00, 0x00, 0x00, 0x00, 0x00, 0x00, 0x00, 0x00, 0x00, 0x00, 0x00, 0x00, 0x00, 0x00, 0x00,
    0x00, 0x00, 0x00, 0x00, 0x00, 0x00, 0x00, 0x00, 0x00, 0x00, 0x00, 0x00, 0x00, 0x00, 0x00, 0x00,
    0x00, 0x00, 0x00, 0x00, 0x00, 0x00, 0x00, 0x00, 0x00, 0x00, 0x00, 0x00, 0x00, 0x00, 0x00, 0x00,
    0x00, 0x00, 0x00, 0x00, 0x00, 0x00, 0x00, 0x00, 0x00, 0x00, 0x00, 0x00, 0x00, 0x00, 0x00, 0x00,
    0x00, 0x00, 0x00, 0x00, 0x00, 0x00, 0x00, 0x00, 0x00, 0x00, 0x00, 0x00, 0x00, 0x00, 0x00, 0x00,
    0x00, 0x00, 0x00, 0x00, 0x00, 0x00, 0x00, 0x00, 0x00, 0x00, 0x00, 0x00, 0x00, 0x00, 0x00, 0x00,
    0x00, 0x00, 0x00, 0x00, 0x00, 0x00, 0x00, 0x00, 0x00, 0x00, 0x00, 0x00, 0x00, 0x00, 0x00, 0x00,
    0x00, 0x00, 0x00, 0x00, 0x00, 0x00, 0x00, 0x00, 0x00, 0x00, 0x00, 0x00, 0x00, 0x00, 0x00, 0x00,
}};
inline constexpr std::array<std::uint8_t, 1600> uve_node_icon_plane_mesh_3d_node_rgba{{
    0x00, 0x00, 0x00, 0x00, 0x00, 0x00, 0x00, 0x00, 0x00, 0x00, 0x00, 0x00, 0x00, 0x00, 0x00, 0x00,
    0x00, 0x00, 0x00, 0x00, 0x00, 0x00, 0x00, 0x00, 0x00, 0x00, 0x00, 0x00, 0x00, 0x00, 0x00, 0x00,
    0x00, 0x00, 0x00, 0x00, 0x00, 0x00, 0x00, 0x00, 0x00, 0x00, 0x00, 0x00, 0x00, 0x00, 0x00, 0x00,
    0x00, 0x00, 0x00, 0x00, 0x00, 0x00, 0x00, 0x00, 0x00, 0x00, 0x00, 0x00, 0x00, 0x00, 0x00, 0x00,
    0x00, 0x00, 0x00, 0x00, 0x00, 0x00, 0x00, 0x00, 0x00, 0x00, 0x00, 0x00, 0x00, 0x00, 0x00, 0x00,
    0x00, 0x00, 0x00, 0x00, 0x00, 0x00, 0x00, 0x00, 0x00, 0x00, 0x00, 0x00, 0x00, 0x00, 0x00, 0x00,
    0x00, 0x00, 0x00, 0x00, 0x00, 0x00, 0x00, 0x00, 0x00, 0x00, 0x00, 0x00, 0x00, 0x00, 0x00, 0x00,
    0x00, 0x00, 0x00, 0x00, 0x00, 0x00, 0x00, 0x00, 0x00, 0x00, 0x00, 0x00, 0x00, 0x00, 0x00, 0x00,
    0x00, 0x00, 0x00, 0x00, 0x00, 0x00, 0x00, 0x00, 0x00, 0x00, 0x00, 0x00, 0x00, 0x00, 0x00, 0x00,
    0x00, 0x00, 0x00, 0x00, 0x00, 0x00, 0x00, 0x00, 0x00, 0x00, 0x00, 0x00, 0x00, 0x00, 0x00, 0x00,
    0x00, 0x00, 0x00, 0x00, 0x00, 0x00, 0x00, 0x00, 0x00, 0x00, 0x00, 0x00, 0x00, 0x00, 0x00, 0x00,
    0x00, 0x00, 0x00, 0x00, 0x00, 0x00, 0x00, 0x00, 0x00, 0x00, 0x00, 0x00, 0x00, 0x00, 0x00, 0x00,
    0x00, 0x00, 0x00, 0x00, 0x00, 0x00, 0x00, 0x00, 0x00, 0x00, 0x00, 0x00, 0x00, 0x00, 0x00, 0x00,
    0x00, 0x00, 0x00, 0x00, 0x00, 0x00, 0x00, 0x00, 0x00, 0x00, 0x00, 0x00, 0x00, 0x00, 0x00, 0x00,
    0x00, 0x00, 0x00, 0x00, 0x00, 0x00, 0x00, 0x00, 0x00, 0x00, 0x00, 0x00, 0x00, 0x00, 0x00, 0x00,
    0x00, 0x00, 0x00, 0x00, 0x00, 0x00, 0x00, 0x00, 0x00, 0x00, 0x00, 0x00, 0x00, 0x00, 0x00, 0x00,
    0x00, 0x00, 0x00, 0x00, 0x00, 0x00, 0x00, 0x00, 0x00, 0x00, 0x00, 0x00, 0x00, 0x00, 0x00, 0x00,
    0x00, 0x00, 0x00, 0x00, 0x00, 0x00, 0x00, 0x00, 0x00, 0x00, 0x00, 0x00, 0x00, 0x00, 0x00, 0x00,
    0x00, 0x00, 0x00, 0x00, 0x00, 0x00, 0x00, 0x00, 0x00, 0x00, 0x00, 0x00, 0x00, 0x00, 0x00, 0x00,
    0x00, 0x00, 0x00, 0x00, 0x00, 0x00, 0x00, 0x00, 0x00, 0x00, 0x00, 0x00, 0x00, 0x00, 0x00, 0x00,
    0x00, 0x00, 0x00, 0x00, 0x00, 0x00, 0x00, 0x00, 0x00, 0x00, 0x00, 0x00, 0x00, 0x00, 0x00, 0x00,
    0x00, 0x00, 0x00, 0x00, 0x00, 0x00, 0x00, 0x00, 0xE7, 0xE9, 0xED, 0x7F, 0xE6, 0xE8, 0xED, 0x99,
    0xE6, 0xE8, 0xED, 0x99, 0xE6, 0xE8, 0xED, 0x99, 0xE6, 0xE8, 0xED, 0x99, 0xE6, 0xE8, 0xED, 0x99,
    0xE6, 0xE8, 0xED, 0x99, 0xE7, 0xE9, 0xED, 0x7F, 0x00, 0x00, 0x00, 0x00, 0x00, 0x00, 0x00, 0x00,
    0x00, 0x00, 0x00, 0x00, 0x00, 0x00, 0x00, 0x00, 0x00, 0x00, 0x00, 0x00, 0x00, 0x00, 0x00, 0x00,
    0x00, 0x00, 0x00, 0x00, 0x00, 0x00, 0x00, 0x00, 0x00, 0x00, 0x00, 0x00, 0x00, 0x00, 0x00, 0x00,
    0x00, 0x00, 0x00, 0x00, 0xE6, 0xE6, 0xEA, 0x3D, 0xE6, 0xE8, 0xEC, 0xFC, 0xE6, 0xE8, 0xEB, 0x9B,
    0xE6, 0xE8, 0xED, 0x99, 0xE6, 0xE8, 0xED, 0x99, 0xE6, 0xE8, 0xED, 0x99, 0xE6, 0xE8, 0xED, 0x99,
    0xE6, 0xE8, 0xEB, 0x9B, 0xE6, 0xE8, 0xEC, 0xFC, 0xE6, 0xE6, 0xEA, 0x3D, 0x00, 0x00, 0x00, 0x00,
    0x00, 0x00, 0x00, 0x00, 0x00, 0x00, 0x00, 0x00, 0x00, 0x00, 0x00, 0x00, 0x00, 0x00, 0x00, 0x00,
    0x00, 0x00, 0x00, 0x00, 0x00, 0x00, 0x00, 0x00, 0x00, 0x00, 0x00, 0x00, 0x00, 0x00, 0x00, 0x00,
    0x00, 0x00, 0x00, 0x00, 0xE6, 0xE8, 0xEC, 0xAF, 0xE6, 0xE7, 0xEC, 0xAD, 0x00, 0x00, 0x00, 0x00,
    0x00, 0x00, 0x00, 0x00, 0x00, 0x00, 0x00, 0x00, 0x00, 0x00, 0x00, 0x00, 0x00, 0x00, 0x00, 0x00,
    0x00, 0x00, 0x00, 0x00, 0xE6, 0xE8, 0xEC, 0xAE, 0xE6, 0xE8, 0xEC, 0xAE, 0x00, 0x00, 0x00, 0x00,
    0x00, 0x00, 0x00, 0x00, 0x00, 0x00, 0x00, 0x00, 0x00, 0x00, 0x00, 0x00, 0x00, 0x00, 0x00, 0x00,
    0x00, 0x00, 0x00, 0x00, 0x00, 0x00, 0x00, 0x00, 0x00, 0x00, 0x00, 0x00, 0x00, 0x00, 0x00, 0x00,
    0xE8, 0xE8, 0xF0, 0x21, 0xE6, 0xE8, 0xEC, 0xFC, 0xE6, 0xEA, 0xEE, 0x3C, 0x00, 0x00, 0x00, 0x00,
    0x00, 0x00, 0x00, 0x00, 0x00, 0x00, 0x00, 0x00, 0x00, 0x00, 0x00, 0x00, 0x00, 0x00, 0x00, 0x00,
    0x00, 0x00, 0x00, 0x00, 0xE6, 0xE6, 0xEA, 0x3D, 0xE6, 0xE8, 0xEC, 0xFD, 0xE3, 0xEA, 0xEA, 0x24,
    0x00, 0x00, 0x00, 0x00, 0x00, 0x00, 0x00, 0x00, 0x00, 0x00, 0x00, 0x00, 0x00, 0x00, 0x00, 0x00,
    0x00, 0x00, 0x00, 0x00, 0x00, 0x00, 0x00, 0x00, 0x00, 0x00, 0x00, 0x00, 0x00, 0x00, 0x00, 0x00,
    0xE7, 0xE8, 0xEC, 0x93, 0xE6, 0xE8, 0xEC, 0xCB, 0x00, 0x00, 0x00, 0x00, 0x00, 0x00, 0x00, 0x00,
    0x00, 0x00, 0x00, 0x00, 0x00, 0x00, 0x00, 0x00, 0x00, 0x00, 0x00, 0x00, 0x00, 0x00, 0x00, 0x00,
    0x00, 0x00, 0x00, 0x00, 0x00, 0x00, 0x00, 0x00, 0xE6, 0xE8, 0xEC, 0xC8, 0xE7, 0xE8, 0xEC, 0x92,
    0x00, 0x00, 0x00, 0x00, 0x00, 0x00, 0x00, 0x00, 0x00, 0x00, 0x00, 0x00, 0x00, 0x00, 0x00, 0x00,
    0x00, 0x00, 0x00, 0x00, 0x00, 0x00, 0x00, 0x00, 0x00, 0x00, 0x00, 0x00, 0xDF, 0xEF, 0xEF, 0x10,
    0xE6, 0xE8, 0xEC, 0xF3, 0xE5, 0xE8, 0xEB, 0x58, 0x00, 0x00, 0x00, 0x00, 0x00, 0x00, 0x00, 0x00,
    0x00, 0x00, 0x00, 0x00, 0x00, 0x00, 0x00, 0x00, 0x00, 0x00, 0x00, 0x00, 0x00, 0x00, 0x00, 0x00,
    0x00, 0x00, 0x00, 0x00, 0x00, 0x00, 0x00, 0x00, 0xE5, 0xE8, 0xEB, 0x59, 0xE6, 0xE8, 0xEC, 0xF4,
    0xE3, 0xE3, 0xF1, 0x12, 0x00, 0x00, 0x00, 0x00, 0x00, 0x00, 0x00, 0x00, 0x00, 0x00, 0x00, 0x00,
    0x00, 0x00, 0x00, 0x00, 0x00, 0x00, 0x00, 0x00, 0x00, 0x00, 0x00, 0x00, 0xE5, 0xE7, 0xEC, 0x77,
    0xE6, 0xE8, 0xEC, 0xE4, 0xFF, 0xFF, 0xFF, 0x05, 0x00, 0x00, 0x00, 0x00, 0x00, 0x00, 0x00, 0x00,
    0x00, 0x00, 0x00, 0x00, 0x00, 0x00, 0x00, 0x00, 0x00, 0x00, 0x00, 0x00, 0x00, 0x00, 0x00, 0x00,
    0x00, 0x00, 0x00, 0x00, 0x00, 0x00, 0x00, 0x00, 0xFF, 0xFF, 0xFF, 0x04, 0xE6, 0xE8, 0xEC, 0xE1,
    0xE5, 0xE7, 0xEC, 0x76, 0x00, 0x00, 0x00, 0x00, 0x00, 0x00, 0x00, 0x00, 0x00, 0x00, 0x00, 0x00,
    0x00, 0x00, 0x00, 0x00, 0x00, 0x00, 0x00, 0x00, 0xFF, 0xFF, 0xFF, 0x05, 0xE6, 0xE8, 0xEC, 0xE2,
    0xE7, 0xE7, 0xEB, 0x75, 0x00, 0x00, 0x00, 0x00, 0x00, 0x00, 0x00, 0x00, 0x00, 0x00, 0x00, 0x00,
    0x00, 0x00, 0x00, 0x00, 0x00, 0x00, 0x00, 0x00, 0x00, 0x00, 0x00, 0x00, 0x00, 0x00, 0x00, 0x00,
    0x00, 0x00, 0x00, 0x00, 0x00, 0x00, 0x00, 0x00, 0x00, 0x00, 0x00, 0x00, 0xE7, 0xE7, 0xEB, 0x75,
    0xE6, 0xE8, 0xEC, 0xE2, 0xFF, 0xFF, 0xFF, 0x05, 0x00, 0x00, 0x00, 0x00, 0x00, 0x00, 0x00, 0x00,
    0x00, 0x00, 0x00, 0x00, 0x00, 0x00, 0x00, 0x00, 0xE7, 0xE7, 0xEC, 0x36, 0xE6, 0xE8, 0xEC, 0xFF,
    0xE6, 0xE8, 0xED, 0xA6, 0xE9, 0xE9, 0xE9, 0x22, 0x00, 0x00, 0x00, 0x00, 0x00, 0x00, 0x00, 0x00,
    0x00, 0x00, 0x00, 0x00, 0x00, 0x00, 0x00, 0x00, 0x00, 0x00, 0x00, 0x00, 0x00, 0x00, 0x00, 0x00,
    0x00, 0x00, 0x00, 0x00, 0x00, 0x00, 0x00, 0x00, 0xE9, 0xE9, 0xE9, 0x22, 0xE6, 0xE8, 0xED, 0xA6,
    0xE6, 0xE8, 0xEC, 0xFF, 0xE7, 0xE7, 0xEC, 0x36, 0x00, 0x00, 0x00, 0x00, 0x00, 0x00, 0x00, 0x00,
    0x00, 0x00, 0x00, 0x00, 0x00, 0x00, 0x00, 0x00, 0x00, 0x00, 0x00, 0x00, 0xE6, 0xEA, 0xED, 0x48,
    0xE5, 0xE8, 0xEC, 0xC7, 0xE6, 0xE8, 0xEC, 0xFA, 0xE7, 0xE8, 0xEC, 0x9D, 0xE9, 0xE9, 0xE9, 0x22,
    0x00, 0x00, 0x00, 0x00, 0x00, 0x00, 0x00, 0x00, 0x00, 0x00, 0x00, 0x00, 0x00, 0x00, 0x00, 0x00,
    0xE9, 0xE9, 0xE9, 0x22, 0xE7, 0xE8, 0xEC, 0x9D, 0xE6, 0xE8, 0xEC, 0xFA, 0xE5, 0xE8, 0xEC, 0xC7,
    0xE6, 0xEA, 0xED, 0x48, 0x00, 0x00, 0x00, 0x00, 0x00, 0x00, 0x00, 0x00, 0x00, 0x00, 0x00, 0x00,
    0x00, 0x00, 0x00, 0x00, 0x00, 0x00, 0x00, 0x00, 0x00, 0x00, 0x00, 0x00, 0x00, 0x00, 0x00, 0x00,
    0x00, 0x00, 0x00, 0x00, 0xE6, 0xEA, 0xEE, 0x3C, 0xE6, 0xE8, 0xEC, 0xC0, 0xE6, 0xE8, 0xEC, 0xFA,
    0xE6, 0xE7, 0xEC, 0xA2, 0xE3, 0xEA, 0xEA, 0x25, 0xE6, 0xE6, 0xEF, 0x1F, 0xE6, 0xE8, 0xEC, 0x91,
    0xE6, 0xE8, 0xEC, 0xF8, 0xE5, 0xE8, 0xEC, 0xC7, 0xE5, 0xE8, 0xEB, 0x4D, 0xFF, 0xFF, 0xFF, 0x01,
    0x00, 0x00, 0x00, 0x00, 0x00, 0x00, 0x00, 0x00, 0x00, 0x00, 0x00, 0x00, 0x00, 0x00, 0x00, 0x00,
    0x00, 0x00, 0x00, 0x00, 0x00, 0x00, 0x00, 0x00, 0x00, 0x00, 0x00, 0x00, 0x00, 0x00, 0x00, 0x00,
    0x00, 0x00, 0x00, 0x00, 0x00, 0x00, 0x00, 0x00, 0x00, 0x00, 0x00, 0x00, 0xE6, 0xEA, 0xED, 0x48,
    0xE5, 0xE8, 0xEC, 0xC7, 0xE6, 0xE8, 0xEC, 0xFA, 0xE6, 0xE8, 0xEC, 0xFA, 0xE5, 0xE8, 0xEC, 0xC7,
    0xE6, 0xEA, 0xED, 0x48, 0x00, 0x00, 0x00, 0x00, 0x00, 0x00, 0x00, 0x00, 0x00, 0x00, 0x00, 0x00,
    0x00, 0x00, 0x00, 0x00, 0x00, 0x00, 0x00, 0x00, 0x00, 0x00, 0x00, 0x00, 0x00, 0x00, 0x00, 0x00,
    0x00, 0x00, 0x00, 0x00, 0x00, 0x00, 0x00, 0x00, 0x00, 0x00, 0x00, 0x00, 0x00, 0x00, 0x00, 0x00,
    0x00, 0x00, 0x00, 0x00, 0x00, 0x00, 0x00, 0x00, 0x00, 0x00, 0x00, 0x00, 0x00, 0x00, 0x00, 0x00,
    0x00, 0x00, 0x00, 0x00, 0xE5, 0xE9, 0xEC, 0x44, 0xE5, 0xE9, 0xEC, 0x44, 0x00, 0x00, 0x00, 0x00,
    0x00, 0x00, 0x00, 0x00, 0x00, 0x00, 0x00, 0x00, 0x00, 0x00, 0x00, 0x00, 0x00, 0x00, 0x00, 0x00,
    0x00, 0x00, 0x00, 0x00, 0x00, 0x00, 0x00, 0x00, 0x00, 0x00, 0x00, 0x00, 0x00, 0x00, 0x00, 0x00,
    0x00, 0x00, 0x00, 0x00, 0x00, 0x00, 0x00, 0x00, 0x00, 0x00, 0x00, 0x00, 0x00, 0x00, 0x00, 0x00,
    0x00, 0x00, 0x00, 0x00, 0x00, 0x00, 0x00, 0x00, 0x00, 0x00, 0x00, 0x00, 0x00, 0x00, 0x00, 0x00,
    0x00, 0x00, 0x00, 0x00, 0x00, 0x00, 0x00, 0x00, 0x00, 0x00, 0x00, 0x00, 0x00, 0x00, 0x00, 0x00,
    0x00, 0x00, 0x00, 0x00, 0x00, 0x00, 0x00, 0x00, 0x00, 0x00, 0x00, 0x00, 0x00, 0x00, 0x00, 0x00,
    0x00, 0x00, 0x00, 0x00, 0x00, 0x00, 0x00, 0x00, 0x00, 0x00, 0x00, 0x00, 0x00, 0x00, 0x00, 0x00,
    0x00, 0x00, 0x00, 0x00, 0x00, 0x00, 0x00, 0x00, 0x00, 0x00, 0x00, 0x00, 0x00, 0x00, 0x00, 0x00,
    0x00, 0x00, 0x00, 0x00, 0x00, 0x00, 0x00, 0x00, 0x00, 0x00, 0x00, 0x00, 0x00, 0x00, 0x00, 0x00,
    0x00, 0x00, 0x00, 0x00, 0x00, 0x00, 0x00, 0x00, 0x00, 0x00, 0x00, 0x00, 0x00, 0x00, 0x00, 0x00,
    0x00, 0x00, 0x00, 0x00, 0x00, 0x00, 0x00, 0x00, 0x00, 0x00, 0x00, 0x00, 0x00, 0x00, 0x00, 0x00,
    0x00, 0x00, 0x00, 0x00, 0x00, 0x00, 0x00, 0x00, 0x00, 0x00, 0x00, 0x00, 0x00, 0x00, 0x00, 0x00,
    0x00, 0x00, 0x00, 0x00, 0x00, 0x00, 0x00, 0x00, 0x00, 0x00, 0x00, 0x00, 0x00, 0x00, 0x00, 0x00,
    0x00, 0x00, 0x00, 0x00, 0x00, 0x00, 0x00, 0x00, 0x00, 0x00, 0x00, 0x00, 0x00, 0x00, 0x00, 0x00,
    0x00, 0x00, 0x00, 0x00, 0x00, 0x00, 0x00, 0x00, 0x00, 0x00, 0x00, 0x00, 0x00, 0x00, 0x00, 0x00,
    0x00, 0x00, 0x00, 0x00, 0x00, 0x00, 0x00, 0x00, 0x00, 0x00, 0x00, 0x00, 0x00, 0x00, 0x00, 0x00,
    0x00, 0x00, 0x00, 0x00, 0x00, 0x00, 0x00, 0x00, 0x00, 0x00, 0x00, 0x00, 0x00, 0x00, 0x00, 0x00,
}};
inline constexpr std::array<std::uint8_t, 1600> uve_node_icon_projectile_3d_node_rgba{{
    0x00, 0x00, 0x00, 0x00, 0x00, 0x00, 0x00, 0x00, 0x00, 0x00, 0x00, 0x00, 0x00, 0x00, 0x00, 0x00,
    0x00, 0x00, 0x00, 0x00, 0x00, 0x00, 0x00, 0x00, 0x00, 0x00, 0x00, 0x00, 0x00, 0x00, 0x00, 0x00,
    0x00, 0x00, 0x00, 0x00, 0x00, 0x00, 0x00, 0x00, 0x00, 0x00, 0x00, 0x00, 0x00, 0x00, 0x00, 0x00,
    0x00, 0x00, 0x00, 0x00, 0x00, 0x00, 0x00, 0x00, 0x00, 0x00, 0x00, 0x00, 0x00, 0x00, 0x00, 0x00,
    0x00, 0x00, 0x00, 0x00, 0x00, 0x00, 0x00, 0x00, 0x00, 0x00, 0x00, 0x00, 0x00, 0x00, 0x00, 0x00,
    0x00, 0x00, 0x00, 0x00, 0x00, 0x00, 0x00, 0x00, 0x00, 0x00, 0x00, 0x00, 0x00, 0x00, 0x00, 0x00,
    0x00, 0x00, 0x00, 0x00, 0x00, 0x00, 0x00, 0x00, 0x00, 0x00, 0x00, 0x00, 0x00, 0x00, 0x00, 0x00,
    0x00, 0x00, 0x00, 0x00, 0x00, 0x00, 0x00, 0x00, 0x00, 0x00, 0x00, 0x00, 0x00, 0x00, 0x00, 0x00,
    0x00, 0x00, 0x00, 0x00, 0x00, 0x00, 0x00, 0x00, 0x00, 0x00, 0x00, 0x00, 0x00, 0x00, 0x00, 0x00,
    0x00, 0x00, 0x00, 0x00, 0x00, 0x00, 0x00, 0x00, 0x00, 0x00, 0x00, 0x00, 0x00, 0x00, 0x00, 0x00,
    0x00, 0x00, 0x00, 0x00, 0x00, 0x00, 0x00, 0x00, 0x00, 0x00, 0x00, 0x00, 0x00, 0x00, 0x00, 0x00,
    0x00, 0x00, 0x00, 0x00, 0x00, 0x00, 0x00, 0x00, 0x00, 0x00, 0x00, 0x00, 0x00, 0x00, 0x00, 0x00,
    0x00, 0x00, 0x00, 0x00, 0x00, 0x00, 0x00, 0x00, 0x00, 0x00, 0x00, 0x00, 0x00, 0x00, 0x00, 0x00,
    0x00, 0x00, 0x00, 0x00, 0x00, 0x00, 0x00, 0x00, 0x00, 0x00, 0x00, 0x00, 0x00, 0x00, 0x00, 0x00,
    0x00, 0x00, 0x00, 0x00, 0x00, 0x00, 0x00, 0x00, 0x00, 0x00, 0x00, 0x00, 0x00, 0x00, 0x00, 0x00,
    0x00, 0x00, 0x00, 0x00, 0x00, 0x00, 0x00, 0x00, 0x00, 0x00, 0x00, 0x00, 0x00, 0x00, 0x00, 0x00,
    0x00, 0x00, 0x00, 0x00, 0x00, 0x00, 0x00, 0x00, 0x00, 0x00, 0x00, 0x00, 0x00, 0x00, 0x00, 0x00,
    0x00, 0x00, 0x00, 0x00, 0x00, 0x00, 0x00, 0x00, 0x00, 0x00, 0x00, 0x00, 0x00, 0x00, 0x00, 0x00,
    0x00, 0x00, 0x00, 0x00, 0x00, 0x00, 0x00, 0x00, 0x00, 0x00, 0x00, 0x00, 0x00, 0x00, 0x00, 0x00,
    0x00, 0x00, 0x00, 0x00, 0x00, 0x00, 0x00, 0x00, 0x00, 0x00, 0x00, 0x00, 0x00, 0x00, 0x00, 0x00,
    0x00, 0x00, 0x00, 0x00, 0x00, 0x00, 0x00, 0x00, 0x00, 0x00, 0x00, 0x00, 0x00, 0x00, 0x00, 0x00,
    0x00, 0x00, 0x00, 0x00, 0x00, 0x00, 0x00, 0x00, 0x00, 0x00, 0x00, 0x00, 0x00, 0x00, 0x00, 0x00,
    0x00, 0x00, 0x00, 0x00, 0x00, 0x00, 0x00, 0x00, 0x00, 0x00, 0x00, 0x00, 0x00, 0x00, 0x00, 0x00,
    0x00, 0x00, 0x00, 0x00, 0x00, 0x00, 0x00, 0x00, 0x00, 0x00, 0x00, 0x00, 0x00, 0x00, 0x00, 0x00,
    0x00, 0x00, 0x00, 0x00, 0x00, 0x00, 0x00, 0x00, 0x00, 0x00, 0x00, 0x00, 0x00, 0x00, 0x00, 0x00,
    0x00, 0x00, 0x00, 0x00, 0x00, 0x00, 0x00, 0x00, 0x00, 0x00, 0x00, 0x00, 0x00, 0x00, 0x00, 0x00,
    0x00, 0x00, 0x00, 0x00, 0x00, 0x00, 0x00, 0x00, 0x00, 0x00, 0x00, 0x00, 0x00, 0x00, 0x00, 0x00,
    0x00, 0x00, 0x00, 0x00, 0x00, 0x00, 0x00, 0x00, 0x00, 0x00, 0x00, 0x00, 0x00, 0x00, 0x00, 0x00,
    0x00, 0x00, 0x00, 0x00, 0x00, 0x00, 0x00, 0x00, 0x00, 0x00, 0x00, 0x00, 0x00, 0x00, 0x00, 0x00,
    0x00, 0x00, 0x00, 0x00, 0x00, 0x00, 0x00, 0x00, 0x00, 0x00, 0x00, 0x00, 0x00, 0x00, 0x00, 0x00,
    0x00, 0x00, 0x00, 0x00, 0x00, 0x00, 0x00, 0x00, 0x00, 0x00, 0x00, 0x00, 0x00, 0x00, 0x00, 0x00,
    0x00, 0x00, 0x00, 0x00, 0x00, 0x00, 0x00, 0x00, 0xED, 0xED, 0xED, 0x0E, 0xE6, 0xE8, 0xED, 0xDD,
    0xE7, 0xE7, 0xEB, 0x41, 0x00, 0x00, 0x00, 0x00, 0x00, 0x00, 0x00, 0x00, 0x00, 0x00, 0x00, 0x00,
    0x00, 0x00, 0x00, 0x00, 0x00, 0x00, 0x00, 0x00, 0x00, 0x00, 0x00, 0x00, 0x00, 0x00, 0x00, 0x00,
    0x00, 0x00, 0x00, 0x00, 0x00, 0x00, 0x00, 0x00, 0x00, 0x00, 0x00, 0x00, 0x00, 0x00, 0x00, 0x00,
    0x00, 0x00, 0x00, 0x00, 0x00, 0x00, 0x00, 0x00, 0x00, 0x00, 0x00, 0x00, 0x00, 0x00, 0x00, 0x00,
    0x00, 0x00, 0x00, 0x00, 0x00, 0x00, 0x00, 0x00, 0x00, 0x00, 0x00, 0x00, 0xE6, 0xE7, 0xED, 0x8C,
    0xE6, 0xE8, 0xEC, 0xF5, 0xE7, 0xE7, 0xEB, 0x41, 0x00, 0x00, 0x00, 0x00, 0x00, 0x00, 0x00, 0x00,
    0x00, 0x00, 0x00, 0x00, 0xE7, 0xE7, 0xEC, 0x36, 0xE6, 0xE8, 0xEB, 0x9B, 0xE6, 0xE8, 0xEB, 0x9B,
    0xE7, 0xE7, 0xEC, 0x35, 0x00, 0x00, 0x00, 0x00, 0x00, 0x00, 0x00, 0x00, 0x00, 0x00, 0x00, 0x00,
    0x00, 0x00, 0x00, 0x00, 0x00, 0x00, 0x00, 0x00, 0x00, 0x00, 0x00, 0x00, 0x00, 0x00, 0x00, 0x00,
    0x00, 0x00, 0x00, 0x00, 0x00, 0x00, 0x00, 0x00, 0x00, 0x00, 0x00, 0x00, 0x00, 0x00, 0x00, 0x00,
    0xE6, 0xE8, 0xEC, 0x86, 0xE6, 0xE8, 0xEC, 0xF5, 0xE4, 0xE8, 0xEC, 0x43, 0x00, 0x00, 0x00, 0x00,
    0xE7, 0xE7, 0xEC, 0x36, 0xE6, 0xE8, 0xEC, 0xFA, 0xE6, 0xE8, 0xEC, 0xAE, 0xE6, 0xE8, 0xEC, 0xAF,
    0xE6, 0xE8, 0xEC, 0xFA, 0xE7, 0xE7, 0xEC, 0x35, 0x00, 0x00, 0x00, 0x00, 0x00, 0x00, 0x00, 0x00,
    0x00, 0x00, 0x00, 0x00, 0xDB, 0xDB, 0xDB, 0x07, 0xE6, 0xE8, 0xEC, 0x90, 0xE6, 0xE8, 0xED, 0x99,
    0xE6, 0xE8, 0xED, 0x99, 0xE6, 0xE8, 0xED, 0x99, 0xE6, 0xE8, 0xED, 0x99, 0xE6, 0xE8, 0xED, 0x99,
    0xE6, 0xE8, 0xED, 0x99, 0xE6, 0xE8, 0xEC, 0xEF, 0xE6, 0xE8, 0xEC, 0xF5, 0xE7, 0xE7, 0xEC, 0x35,
    0xE6, 0xE8, 0xEB, 0x9B, 0xE6, 0xE8, 0xEC, 0xAE, 0x00, 0x00, 0x00, 0x00, 0x00, 0x00, 0x00, 0x00,
    0xE6, 0xE8, 0xEC, 0xB0, 0xE6, 0xE8, 0xED, 0x9A, 0x00, 0x00, 0x00, 0x00, 0x00, 0x00, 0x00, 0x00,
    0x00, 0x00, 0x00, 0x00, 0xDB, 0xDB, 0xDB, 0x07, 0xE6, 0xE8, 0xEC, 0x90, 0xE6, 0xE8, 0xED, 0x99,
    0xE6, 0xE8, 0xED, 0x99, 0xE6, 0xE8, 0xED, 0x99, 0xE6, 0xE8, 0xED, 0x99, 0xE6, 0xE8, 0xED, 0x99,
    0xE6, 0xE8, 0xED, 0x99, 0xE6, 0xE8, 0xEC, 0xEF, 0xE6, 0xE8, 0xEC, 0xF5, 0xE7, 0xE7, 0xEC, 0x35,
    0xE6, 0xE8, 0xEB, 0x9B, 0xE6, 0xE8, 0xEC, 0xAF, 0x00, 0x00, 0x00, 0x00, 0x00, 0x00, 0x00, 0x00,
    0xE6, 0xE8, 0xEC, 0xB0, 0xE6, 0xE8, 0xED, 0x9A, 0x00, 0x00, 0x00, 0x00, 0x00, 0x00, 0x00, 0x00,
    0x00, 0x00, 0x00, 0x00, 0x00, 0x00, 0x00, 0x00, 0x00, 0x00, 0x00, 0x00, 0x00, 0x00, 0x00, 0x00,
    0x00, 0x00, 0x00, 0x00, 0x00, 0x00, 0x00, 0x00, 0x00, 0x00, 0x00, 0x00, 0x00, 0x00, 0x00, 0x00,
    0xE6, 0xE8, 0xEC, 0x86, 0xE6, 0xE8, 0xEC, 0xF5, 0xE8, 0xE8, 0xEC, 0x42, 0x00, 0x00, 0x00, 0x00,
    0xE7, 0xE7, 0xEC, 0x35, 0xE6, 0xE8, 0xEC, 0xFA, 0xE6, 0xE8, 0xEC, 0xAF, 0xE6, 0xE8, 0xEC, 0xB0,
    0xE6, 0xE8, 0xEC, 0xFA, 0xE6, 0xE6, 0xEB, 0x33, 0x00, 0x00, 0x00, 0x00, 0x00, 0x00, 0x00, 0x00,
    0x00, 0x00, 0x00, 0x00, 0x00, 0x00, 0x00, 0x00, 0x00, 0x00, 0x00, 0x00, 0x00, 0x00, 0x00, 0x00,
    0x00, 0x00, 0x00, 0x00, 0x00, 0x00, 0x00, 0x00, 0x00, 0x00, 0x00, 0x00, 0xE6, 0xE7, 0xED, 0x8C,
    0xE6, 0xE8, 0xEC, 0xF5, 0xE7, 0xE7, 0xEB, 0x41, 0x00, 0x00, 0x00, 0x00, 0x00, 0x00, 0x00, 0x00,
    0x00, 0x00, 0x00, 0x00, 0xE6, 0xE6, 0xEB, 0x34, 0xE6, 0xE8, 0xED, 0x9A, 0xE6, 0xE8, 0xED, 0x9A,
    0xE6, 0xE6, 0xEB, 0x33, 0x00, 0x00, 0x00, 0x00, 0x00, 0x00, 0x00, 0x00, 0x00, 0x00, 0x00, 0x00,
    0x00, 0x00, 0x00, 0x00, 0x00, 0x00, 0x00, 0x00, 0x00, 0x00, 0x00, 0x00, 0x00, 0x00, 0x00, 0x00,
    0x00, 0x00, 0x00, 0x00, 0x00, 0x00, 0x00, 0x00, 0xED, 0xED, 0xED, 0x0E, 0xE6, 0xE8, 0xED, 0xDD,
    0xE7, 0xE7, 0xEB, 0x41, 0x00, 0x00, 0x00, 0x00, 0x00, 0x00, 0x00, 0x00, 0x00, 0x00, 0x00, 0x00,
    0x00, 0x00, 0x00, 0x00, 0x00, 0x00, 0x00, 0x00, 0x00, 0x00, 0x00, 0x00, 0x00, 0x00, 0x00, 0x00,
    0x00, 0x00, 0x00, 0x00, 0x00, 0x00, 0x00, 0x00, 0x00, 0x00, 0x00, 0x00, 0x00, 0x00, 0x00, 0x00,
    0x00, 0x00, 0x00, 0x00, 0x00, 0x00, 0x00, 0x00, 0x00, 0x00, 0x00, 0x00, 0x00, 0x00, 0x00, 0x00,
    0x00, 0x00, 0x00, 0x00, 0x00, 0x00, 0x00, 0x00, 0x00, 0x00, 0x00, 0x00, 0x00, 0x00, 0x00, 0x00,
    0x00, 0x00, 0x00, 0x00, 0x00, 0x00, 0x00, 0x00, 0x00, 0x00, 0x00, 0x00, 0x00, 0x00, 0x00, 0x00,
    0x00, 0x00, 0x00, 0x00, 0x00, 0x00, 0x00, 0x00, 0x00, 0x00, 0x00, 0x00, 0x00, 0x00, 0x00, 0x00,
    0x00, 0x00, 0x00, 0x00, 0x00, 0x00, 0x00, 0x00, 0x00, 0x00, 0x00, 0x00, 0x00, 0x00, 0x00, 0x00,
    0x00, 0x00, 0x00, 0x00, 0x00, 0x00, 0x00, 0x00, 0x00, 0x00, 0x00, 0x00, 0x00, 0x00, 0x00, 0x00,
    0x00, 0x00, 0x00, 0x00, 0x00, 0x00, 0x00, 0x00, 0x00, 0x00, 0x00, 0x00, 0x00, 0x00, 0x00, 0x00,
    0x00, 0x00, 0x00, 0x00, 0x00, 0x00, 0x00, 0x00, 0x00, 0x00, 0x00, 0x00, 0x00, 0x00, 0x00, 0x00,
    0x00, 0x00, 0x00, 0x00, 0x00, 0x00, 0x00, 0x00, 0x00, 0x00, 0x00, 0x00, 0x00, 0x00, 0x00, 0x00,
    0x00, 0x00, 0x00, 0x00, 0x00, 0x00, 0x00, 0x00, 0x00, 0x00, 0x00, 0x00, 0x00, 0x00, 0x00, 0x00,
    0x00, 0x00, 0x00, 0x00, 0x00, 0x00, 0x00, 0x00, 0x00, 0x00, 0x00, 0x00, 0x00, 0x00, 0x00, 0x00,
    0x00, 0x00, 0x00, 0x00, 0x00, 0x00, 0x00, 0x00, 0x00, 0x00, 0x00, 0x00, 0x00, 0x00, 0x00, 0x00,
    0x00, 0x00, 0x00, 0x00, 0x00, 0x00, 0x00, 0x00, 0x00, 0x00, 0x00, 0x00, 0x00, 0x00, 0x00, 0x00,
    0x00, 0x00, 0x00, 0x00, 0x00, 0x00, 0x00, 0x00, 0x00, 0x00, 0x00, 0x00, 0x00, 0x00, 0x00, 0x00,
    0x00, 0x00, 0x00, 0x00, 0x00, 0x00, 0x00, 0x00, 0x00, 0x00, 0x00, 0x00, 0x00, 0x00, 0x00, 0x00,
    0x00, 0x00, 0x00, 0x00, 0x00, 0x00, 0x00, 0x00, 0x00, 0x00, 0x00, 0x00, 0x00, 0x00, 0x00, 0x00,
    0x00, 0x00, 0x00, 0x00, 0x00, 0x00, 0x00, 0x00, 0x00, 0x00, 0x00, 0x00, 0x00, 0x00, 0x00, 0x00,
    0x00, 0x00, 0x00, 0x00, 0x00, 0x00, 0x00, 0x00, 0x00, 0x00, 0x00, 0x00, 0x00, 0x00, 0x00, 0x00,
    0x00, 0x00, 0x00, 0x00, 0x00, 0x00, 0x00, 0x00, 0x00, 0x00, 0x00, 0x00, 0x00, 0x00, 0x00, 0x00,
    0x00, 0x00, 0x00, 0x00, 0x00, 0x00, 0x00, 0x00, 0x00, 0x00, 0x00, 0x00, 0x00, 0x00, 0x00, 0x00,
    0x00, 0x00, 0x00, 0x00, 0x00, 0x00, 0x00, 0x00, 0x00, 0x00, 0x00, 0x00, 0x00, 0x00, 0x00, 0x00,
    0x00, 0x00, 0x00, 0x00, 0x00, 0x00, 0x00, 0x00, 0x00, 0x00, 0x00, 0x00, 0x00, 0x00, 0x00, 0x00,
    0x00, 0x00, 0x00, 0x00, 0x00, 0x00, 0x00, 0x00, 0x00, 0x00, 0x00, 0x00, 0x00, 0x00, 0x00, 0x00,
    0x00, 0x00, 0x00, 0x00, 0x00, 0x00, 0x00, 0x00, 0x00, 0x00, 0x00, 0x00, 0x00, 0x00, 0x00, 0x00,
    0x00, 0x00, 0x00, 0x00, 0x00, 0x00, 0x00, 0x00, 0x00, 0x00, 0x00, 0x00, 0x00, 0x00, 0x00, 0x00,
    0x00, 0x00, 0x00, 0x00, 0x00, 0x00, 0x00, 0x00, 0x00, 0x00, 0x00, 0x00, 0x00, 0x00, 0x00, 0x00,
    0x00, 0x00, 0x00, 0x00, 0x00, 0x00, 0x00, 0x00, 0x00, 0x00, 0x00, 0x00, 0x00, 0x00, 0x00, 0x00,
    0x00, 0x00, 0x00, 0x00, 0x00, 0x00, 0x00, 0x00, 0x00, 0x00, 0x00, 0x00, 0x00, 0x00, 0x00, 0x00,
    0x00, 0x00, 0x00, 0x00, 0x00, 0x00, 0x00, 0x00, 0x00, 0x00, 0x00, 0x00, 0x00, 0x00, 0x00, 0x00,
    0x00, 0x00, 0x00, 0x00, 0x00, 0x00, 0x00, 0x00, 0x00, 0x00, 0x00, 0x00, 0x00, 0x00, 0x00, 0x00,
}};
inline constexpr std::array<std::uint8_t, 1600> uve_node_icon_ray_cast_3d_node_rgba{{
    0x00, 0x00, 0x00, 0x00, 0x00, 0x00, 0x00, 0x00, 0x00, 0x00, 0x00, 0x00, 0x00, 0x00, 0x00, 0x00,
    0x00, 0x00, 0x00, 0x00, 0x00, 0x00, 0x00, 0x00, 0x00, 0x00, 0x00, 0x00, 0x00, 0x00, 0x00, 0x00,
    0x00, 0x00, 0x00, 0x00, 0x00, 0x00, 0x00, 0x00, 0x00, 0x00, 0x00, 0x00, 0x00, 0x00, 0x00, 0x00,
    0x00, 0x00, 0x00, 0x00, 0x00, 0x00, 0x00, 0x00, 0x00, 0x00, 0x00, 0x00, 0x00, 0x00, 0x00, 0x00,
    0x00, 0x00, 0x00, 0x00, 0x00, 0x00, 0x00, 0x00, 0x00, 0x00, 0x00, 0x00, 0x00, 0x00, 0x00, 0x00,
    0x00, 0x00, 0x00, 0x00, 0x00, 0x00, 0x00, 0x00, 0x00, 0x00, 0x00, 0x00, 0x00, 0x00, 0x00, 0x00,
    0x00, 0x00, 0x00, 0x00, 0x00, 0x00, 0x00, 0x00, 0x00, 0x00, 0x00, 0x00, 0x00, 0x00, 0x00, 0x00,
    0x00, 0x00, 0x00, 0x00, 0x00, 0x00, 0x00, 0x00, 0x00, 0x00, 0x00, 0x00, 0x00, 0x00, 0x00, 0x00,
    0x00, 0x00, 0x00, 0x00, 0x00, 0x00, 0x00, 0x00, 0x00, 0x00, 0x00, 0x00, 0x00, 0x00, 0x00, 0x00,
    0x00, 0x00, 0x00, 0x00, 0x00, 0x00, 0x00, 0x00, 0x00, 0x00, 0x00, 0x00, 0x00, 0x00, 0x00, 0x00,
    0x00, 0x00, 0x00, 0x00, 0x00, 0x00, 0x00, 0x00, 0x00, 0x00, 0x00, 0x00, 0x00, 0x00, 0x00, 0x0A,
    0x00, 0x00, 0x00, 0x15, 0x00, 0x00, 0x00, 0x00, 0x00, 0x00, 0x00, 0x00, 0x00, 0x00, 0x00, 0x00,
    0x00, 0x00, 0x00, 0x00, 0x00, 0x00, 0x00, 0x00, 0x00, 0x00, 0x00, 0x00, 0x00, 0x00, 0x00, 0x00,
    0x00, 0x00, 0x00, 0x00, 0x00, 0x00, 0x00, 0x00, 0x00, 0x00, 0x00, 0x00, 0x00, 0x00, 0x00, 0x00,
    0x00, 0x00, 0x00, 0x00, 0x00, 0x00, 0x00, 0x00, 0x00, 0x00, 0x00, 0x00, 0x00, 0x00, 0x00, 0x00,
    0x00, 0x00, 0x00, 0x00, 0x00, 0x00, 0x00, 0x00, 0x00, 0x00, 0x00, 0x0A, 0x00, 0x00, 0x00, 0xE1,
    0x00, 0x00, 0x00, 0xFB, 0x00, 0x00, 0x00, 0x43, 0x00, 0x00, 0x00, 0x00, 0x00, 0x00, 0x00, 0x00,
    0x00, 0x00, 0x00, 0x00, 0x00, 0x00, 0x00, 0x00, 0x00, 0x00, 0x00, 0x00, 0x00, 0x00, 0x00, 0x00,
    0x00, 0x00, 0x00, 0x00, 0x00, 0x00, 0x00, 0x00, 0x00, 0x00, 0x00, 0x00, 0x00, 0x00, 0x00, 0x00,
    0x00, 0x00, 0x00, 0x00, 0x00, 0x00, 0x00, 0x00, 0x00, 0x00, 0x00, 0x00, 0x00, 0x00, 0x00, 0x00,
    0x00, 0x00, 0x00, 0x00, 0x00, 0x00, 0x00, 0x00, 0x00, 0x00, 0x00, 0x17, 0x00, 0x00, 0x00, 0xFB,
    0x00, 0x00, 0x00, 0xFF, 0x3B, 0x3B, 0x3D, 0x79, 0x00, 0x00, 0x00, 0x00, 0x00, 0x00, 0x00, 0x00,
    0x00, 0x00, 0x00, 0x00, 0x00, 0x00, 0x00, 0x00, 0x00, 0x00, 0x00, 0x00, 0x00, 0x00, 0x00, 0x00,
    0x00, 0x00, 0x00, 0x00, 0x00, 0x00, 0x00, 0x00, 0x00, 0x00, 0x00, 0x00, 0x00, 0x00, 0x00, 0x00,
    0x00, 0x00, 0x00, 0x00, 0x00, 0x00, 0x00, 0x00, 0x00, 0x00, 0x00, 0x00, 0x00, 0x00, 0x00, 0x00,
    0x00, 0x00, 0x00, 0x00, 0x00, 0x00, 0x00, 0x00, 0x00, 0x00, 0x00, 0x00, 0x00, 0x00, 0x00, 0x43,
    0x3C, 0x3C, 0x3E, 0x78, 0xE6, 0xE8, 0xEC, 0xFC, 0xE5, 0xE8, 0xED, 0x63, 0x00, 0x00, 0x00, 0x00,
    0x00, 0x00, 0x00, 0x00, 0x00, 0x00, 0x00, 0x00, 0x00, 0x00, 0x00, 0x00, 0x00, 0x00, 0x00, 0x00,
    0x00, 0x00, 0x00, 0x00, 0x00, 0x00, 0x00, 0x00, 0x00, 0x00, 0x00, 0x00, 0x00, 0x00, 0x00, 0x00,
    0x00, 0x00, 0x00, 0x00, 0x00, 0x00, 0x00, 0x00, 0x00, 0x00, 0x00, 0x00, 0x00, 0x00, 0x00, 0x00,
    0x00, 0x00, 0x00, 0x00, 0x00, 0x00, 0x00, 0x00, 0x00, 0x00, 0x00, 0x00, 0x00, 0x00, 0x00, 0x00,
    0x00, 0x00, 0x00, 0x00, 0xE5, 0xE8, 0xED, 0x63, 0xE6, 0xE8, 0xEC, 0xFC, 0xE5, 0xE8, 0xEC, 0x4F,
    0x00, 0x00, 0x00, 0x00, 0x00, 0x00, 0x00, 0x00, 0x00, 0x00, 0x00, 0x00, 0x00, 0x00, 0x00, 0x00,
    0x00, 0x00, 0x00, 0x00, 0x00, 0x00, 0x00, 0x00, 0x00, 0x00, 0x00, 0x00, 0x00, 0x00, 0x00, 0x00,
    0x00, 0x00, 0x00, 0x00, 0x00, 0x00, 0x00, 0x00, 0x00, 0x00, 0x00, 0x00, 0x00, 0x00, 0x00, 0x00,
    0x00, 0x00, 0x00, 0x00, 0x00, 0x00, 0x00, 0x00, 0x00, 0x00, 0x00, 0x00, 0x00, 0x00, 0x00, 0x00,
    0x00, 0x00, 0x00, 0x00, 0x00, 0x00, 0x00, 0x00, 0xE5, 0xE8, 0xEC, 0x4F, 0xE3, 0xE9, 0xEE, 0x2E,
    0xE7, 0xE7, 0xED, 0x2A, 0x00, 0x00, 0x00, 0x00, 0x00, 0x00, 0x00, 0x00, 0x00, 0x00, 0x00, 0x00,
    0x00, 0x00, 0x00, 0x00, 0x00, 0x00, 0x00, 0x00, 0x00, 0x00, 0x00, 0x00, 0x00, 0x00, 0x00, 0x00,
    0x00, 0x00, 0x00, 0x00, 0x00, 0x00, 0x00, 0x00, 0x00, 0x00, 0x00, 0x00, 0x00, 0x00, 0x00, 0x00,
    0x00, 0x00, 0x00, 0x00, 0x00, 0x00, 0x00, 0x00, 0x00, 0x00, 0x00, 0x00, 0x00, 0x00, 0x00, 0x00,
    0x00, 0x00, 0x00, 0x00, 0x00, 0x00, 0x00, 0x00, 0x00, 0x00, 0x00, 0x00, 0xE7, 0xE7, 0xED, 0x2A,
    0xE6, 0xE8, 0xEC, 0xFC, 0xE5, 0xE8, 0xED, 0x63, 0x00, 0x00, 0x00, 0x00, 0x00, 0x00, 0x00, 0x00,
    0x00, 0x00, 0x00, 0x00, 0x00, 0x00, 0x00, 0x00, 0x00, 0x00, 0x00, 0x00, 0x00, 0x00, 0x00, 0x00,
    0x00, 0x00, 0x00, 0x00, 0x00, 0x00, 0x00, 0x00, 0x00, 0x00, 0x00, 0x00, 0x00, 0x00, 0x00, 0x00,
    0x00, 0x00, 0x00, 0x00, 0x00, 0x00, 0x00, 0x00, 0x00, 0x00, 0x00, 0x00, 0x00, 0x00, 0x00, 0x00,
    0x00, 0x00, 0x00, 0x00, 0x00, 0x00, 0x00, 0x00, 0x00, 0x00, 0x00, 0x00, 0x00, 0x00, 0x00, 0x00,
    0xE5, 0xE8, 0xED, 0x63, 0xE6, 0xE8, 0xEC, 0xFC, 0xE7, 0xE7, 0xEE, 0x49, 0x00, 0x00, 0x00, 0x00,
    0x00, 0x00, 0x00, 0x00, 0x00, 0x00, 0x00, 0x00, 0x00, 0x00, 0x00, 0x00, 0xE6, 0xE8, 0xED, 0x64,
    0xE5, 0xEA, 0xEA, 0x31, 0x00, 0x00, 0x00, 0x00, 0x00, 0x00, 0x00, 0x00, 0x00, 0x00, 0x00, 0x00,
    0x00, 0x00, 0x00, 0x00, 0x00, 0x00, 0x00, 0x00, 0x00, 0x00, 0x00, 0x00, 0x00, 0x00, 0x00, 0x00,
    0x00, 0x00, 0x00, 0x00, 0x00, 0x00, 0x00, 0x00, 0x00, 0x00, 0x00, 0x00, 0x00, 0x00, 0x00, 0x00,
    0x00, 0x00, 0x00, 0x00, 0xE7, 0xE7, 0xEE, 0x49, 0xE4, 0xEB, 0xEB, 0x26, 0xE6, 0xE6, 0xEB, 0x34,
    0x00, 0x00, 0x00, 0x00, 0x00, 0x00, 0x00, 0x00, 0x00, 0x00, 0x00, 0x00, 0xE6, 0xE8, 0xEC, 0xCA,
    0xE7, 0xE7, 0xEB, 0x75, 0x00, 0x00, 0x00, 0x00, 0x00, 0x00, 0x00, 0x00, 0x00, 0x00, 0x00, 0x00,
    0x00, 0x00, 0x00, 0x00, 0x00, 0x00, 0x00, 0x00, 0x00, 0x00, 0x00, 0x00, 0x00, 0x00, 0x00, 0x00,
    0x00, 0x00, 0x00, 0x00, 0x00, 0x00, 0x00, 0x00, 0x00, 0x00, 0x00, 0x00, 0x00, 0x00, 0x00, 0x00,
    0x00, 0x00, 0x00, 0x00, 0x00, 0x00, 0x00, 0x00, 0xE6, 0xE6, 0xEB, 0x34, 0xE6, 0xE8, 0xEC, 0xFC,
    0xE5, 0xE8, 0xED, 0x63, 0x00, 0x00, 0x00, 0x00, 0x00, 0x00, 0x00, 0x00, 0xE6, 0xE8, 0xEC, 0xCA,
    0xE7, 0xE7, 0xEB, 0x75, 0x00, 0x00, 0x00, 0x00, 0x00, 0x00, 0x00, 0x00, 0x00, 0x00, 0x00, 0x00,
    0x00, 0x00, 0x00, 0x00, 0x00, 0x00, 0x00, 0x00, 0x00, 0x00, 0x00, 0x00, 0x00, 0x00, 0x00, 0x00,
    0x00, 0x00, 0x00, 0x00, 0x00, 0x00, 0x00, 0x00, 0x00, 0x00, 0x00, 0x00, 0x00, 0x00, 0x00, 0x00,
    0x00, 0x00, 0x00, 0x00, 0x00, 0x00, 0x00, 0x00, 0x00, 0x00, 0x00, 0x00, 0xE5, 0xE8, 0xED, 0x63,
    0xE6, 0xE8, 0xEC, 0xFC, 0xE8, 0xE8, 0xEC, 0x42, 0x00, 0x00, 0x00, 0x00, 0xE6, 0xE8, 0xEC, 0xCA,
    0xE7, 0xE7, 0xEB, 0x75, 0x00, 0x00, 0x00, 0x00, 0x00, 0x00, 0x00, 0x00, 0x00, 0x00, 0x00, 0x00,
    0x00, 0x00, 0x00, 0x00, 0x00, 0x00, 0x00, 0x00, 0x00, 0x00, 0x00, 0x00, 0x00, 0x00, 0x00, 0x00,
    0x00, 0x00, 0x00, 0x00, 0x00, 0x00, 0x00, 0x00, 0x00, 0x00, 0x00, 0x00, 0x00, 0x00, 0x00, 0x00,
    0x00, 0x00, 0x00, 0x00, 0x00, 0x00, 0x00, 0x00, 0x00, 0x00, 0x00, 0x00, 0xE5, 0xE8, 0xEB, 0x59,
    0xE6, 0xE8, 0xED, 0x9A, 0xE6, 0xE7, 0xEB, 0x82, 0xE5, 0xE7, 0xEC, 0x77, 0xE6, 0xE9, 0xEC, 0xE3,
    0xE7, 0xE7, 0xEB, 0x75, 0x00, 0x00, 0x00, 0x00, 0x00, 0x00, 0x00, 0x00, 0x00, 0x00, 0x00, 0x00,
    0x00, 0x00, 0x00, 0x00, 0x00, 0x00, 0x00, 0x00, 0x00, 0x00, 0x00, 0x00, 0x00, 0x00, 0x00, 0x00,
    0x00, 0x00, 0x00, 0x00, 0x00, 0x00, 0x00, 0x00, 0x00, 0x00, 0x00, 0x00, 0x00, 0x00, 0x00, 0x00,
    0x00, 0x00, 0x00, 0x00, 0x00, 0x00, 0x00, 0x00, 0x00, 0x00, 0x00, 0x00, 0xE5, 0xE8, 0xEB, 0xA9,
    0xE6, 0xE9, 0xEC, 0xCC, 0xE6, 0xE9, 0xEC, 0xCC, 0xE6, 0xE9, 0xEC, 0xCC, 0xE6, 0xE8, 0xEC, 0xCB,
    0xE5, 0xE9, 0xED, 0x45, 0x00, 0x00, 0x00, 0x00, 0x00, 0x00, 0x00, 0x00, 0x00, 0x00, 0x00, 0x00,
    0x00, 0x00, 0x00, 0x00, 0x00, 0x00, 0x00, 0x00, 0x00, 0x00, 0x00, 0x00, 0x00, 0x00, 0x00, 0x00,
    0x00, 0x00, 0x00, 0x00, 0x00, 0x00, 0x00, 0x00, 0x00, 0x00, 0x00, 0x00, 0x00, 0x00, 0x00, 0x00,
    0x00, 0x00, 0x00, 0x00, 0x00, 0x00, 0x00, 0x00, 0x00, 0x00, 0x00, 0x00, 0x00, 0x00, 0x00, 0x00,
    0x00, 0x00, 0x00, 0x00, 0x00, 0x00, 0x00, 0x00, 0x00, 0x00, 0x00, 0x00, 0x00, 0x00, 0x00, 0x00,
    0x00, 0x00, 0x00, 0x00, 0x00, 0x00, 0x00, 0x00, 0x00, 0x00, 0x00, 0x00, 0x00, 0x00, 0x00, 0x00,
    0x00, 0x00, 0x00, 0x00, 0x00, 0x00, 0x00, 0x00, 0x00, 0x00, 0x00, 0x00, 0x00, 0x00, 0x00, 0x00,
    0x00, 0x00, 0x00, 0x00, 0x00, 0x00, 0x00, 0x00, 0x00, 0x00, 0x00, 0x00, 0x00, 0x00, 0x00, 0x00,
    0x00, 0x00, 0x00, 0x00, 0x00, 0x00, 0x00, 0x00, 0x00, 0x00, 0x00, 0x00, 0x00, 0x00, 0x00, 0x00,
    0x00, 0x00, 0x00, 0x00, 0x00, 0x00, 0x00, 0x00, 0x00, 0x00, 0x00, 0x00, 0x00, 0x00, 0x00, 0x00,
    0x00, 0x00, 0x00, 0x00, 0x00, 0x00, 0x00, 0x00, 0x00, 0x00, 0x00, 0x00, 0x00, 0x00, 0x00, 0x00,
    0x00, 0x00, 0x00, 0x00, 0x00, 0x00, 0x00, 0x00, 0x00, 0x00, 0x00, 0x00, 0x00, 0x00, 0x00, 0x00,
    0x00, 0x00, 0x00, 0x00, 0x00, 0x00, 0x00, 0x00, 0x00, 0x00, 0x00, 0x00, 0x00, 0x00, 0x00, 0x00,
    0x00, 0x00, 0x00, 0x00, 0x00, 0x00, 0x00, 0x00, 0x00, 0x00, 0x00, 0x00, 0x00, 0x00, 0x00, 0x00,
    0x00, 0x00, 0x00, 0x00, 0x00, 0x00, 0x00, 0x00, 0x00, 0x00, 0x00, 0x00, 0x00, 0x00, 0x00, 0x00,
    0x00, 0x00, 0x00, 0x00, 0x00, 0x00, 0x00, 0x00, 0x00, 0x00, 0x00, 0x00, 0x00, 0x00, 0x00, 0x00,
    0x00, 0x00, 0x00, 0x00, 0x00, 0x00, 0x00, 0x00, 0x00, 0x00, 0x00, 0x00, 0x00, 0x00, 0x00, 0x00,
    0x00, 0x00, 0x00, 0x00, 0x00, 0x00, 0x00, 0x00, 0x00, 0x00, 0x00, 0x00, 0x00, 0x00, 0x00, 0x00,
    0x00, 0x00, 0x00, 0x00, 0x00, 0x00, 0x00, 0x00, 0x00, 0x00, 0x00, 0x00, 0x00, 0x00, 0x00, 0x00,
    0x00, 0x00, 0x00, 0x00, 0x00, 0x00, 0x00, 0x00, 0x00, 0x00, 0x00, 0x00, 0x00, 0x00, 0x00, 0x00,
    0x00, 0x00, 0x00, 0x00, 0x00, 0x00, 0x00, 0x00, 0x00, 0x00, 0x00, 0x00, 0x00, 0x00, 0x00, 0x00,
    0x00, 0x00, 0x00, 0x00, 0x00, 0x00, 0x00, 0x00, 0x00, 0x00, 0x00, 0x00, 0x00, 0x00, 0x00, 0x00,
    0x00, 0x00, 0x00, 0x00, 0x00, 0x00, 0x00, 0x00, 0x00, 0x00, 0x00, 0x00, 0x00, 0x00, 0x00, 0x00,
    0x00, 0x00, 0x00, 0x00, 0x00, 0x00, 0x00, 0x00, 0x00, 0x00, 0x00, 0x00, 0x00, 0x00, 0x00, 0x00,
    0x00, 0x00, 0x00, 0x00, 0x00, 0x00, 0x00, 0x00, 0x00, 0x00, 0x00, 0x00, 0x00, 0x00, 0x00, 0x00,
    0x00, 0x00, 0x00, 0x00, 0x00, 0x00, 0x00, 0x00, 0x00, 0x00, 0x00, 0x00, 0x00, 0x00, 0x00, 0x00,
}};
inline constexpr std::array<std::uint8_t, 1600> uve_node_icon_reflection_probe_node_rgba{{
    0x00, 0x00, 0x00, 0x00, 0x00, 0x00, 0x00, 0x00, 0x00, 0x00, 0x00, 0x00, 0x00, 0x00, 0x00, 0x00,
    0x00, 0x00, 0x00, 0x00, 0x00, 0x00, 0x00, 0x00, 0x00, 0x00, 0x00, 0x00, 0x00, 0x00, 0x00, 0x00,
    0x00, 0x00, 0x00, 0x00, 0x00, 0x00, 0x00, 0x00, 0x00, 0x00, 0x00, 0x00, 0x00, 0x00, 0x00, 0x00,
    0x00, 0x00, 0x00, 0x00, 0x00, 0x00, 0x00, 0x00, 0x00, 0x00, 0x00, 0x00, 0x00, 0x00, 0x00, 0x00,
    0x00, 0x00, 0x00, 0x00, 0x00, 0x00, 0x00, 0x00, 0x00, 0x00, 0x00, 0x00, 0x00, 0x00, 0x00, 0x00,
    0x00, 0x00, 0x00, 0x00, 0x00, 0x00, 0x00, 0x00, 0x00, 0x00, 0x00, 0x00, 0x00, 0x00, 0x00, 0x00,
    0x00, 0x00, 0x00, 0x00, 0x00, 0x00, 0x00, 0x00, 0x00, 0x00, 0x00, 0x00, 0x00, 0x00, 0x00, 0x00,
    0x00, 0x00, 0x00, 0x00, 0x00, 0x00, 0x00, 0x00, 0x00, 0x00, 0x00, 0x00, 0x00, 0x00, 0x00, 0x00,
    0x00, 0x00, 0x00, 0x00, 0x00, 0x00, 0x00, 0x00, 0x00, 0x00, 0x00, 0x00, 0x00, 0x00, 0x00, 0x00,
    0x00, 0x00, 0x00, 0x00, 0x00, 0x00, 0x00, 0x00, 0x00, 0x00, 0x00, 0x00, 0x00, 0x00, 0x00, 0x00,
    0x00, 0x00, 0x00, 0x00, 0x00, 0x00, 0x00, 0x00, 0x00, 0x00, 0x00, 0x00, 0x00, 0x00, 0x00, 0x00,
    0x00, 0x00, 0x00, 0x00, 0x00, 0x00, 0x00, 0x00, 0x00, 0x00, 0x00, 0x00, 0x00, 0x00, 0x00, 0x00,
    0xE6, 0xE6, 0xEF, 0x1F, 0xE6, 0xE6, 0xEA, 0x3E, 0xE6, 0xE6, 0xEA, 0x3E, 0xE6, 0xE6, 0xEE, 0x1E,
    0x00, 0x00, 0x00, 0x00, 0x00, 0x00, 0x00, 0x00, 0x00, 0x00, 0x00, 0x00, 0x00, 0x00, 0x00, 0x00,
    0x00, 0x00, 0x00, 0x00, 0x00, 0x00, 0x00, 0x00, 0x00, 0x00, 0x00, 0x00, 0x00, 0x00, 0x00, 0x00,
    0x00, 0x00, 0x00, 0x00, 0x00, 0x00, 0x00, 0x00, 0x00, 0x00, 0x00, 0x00, 0x00, 0x00, 0x00, 0x00,
    0x00, 0x00, 0x00, 0x00, 0xFF, 0xFF, 0xFF, 0x02, 0xE7, 0xE9, 0xEC, 0x5E, 0xE6, 0xE8, 0xEC, 0xD3,
    0xE6, 0xE8, 0xEC, 0xFF, 0xE6, 0xE8, 0xEC, 0xFE, 0xE6, 0xE9, 0xEC, 0xFD, 0xE6, 0xE8, 0xEC, 0xFF,
    0xE6, 0xE8, 0xEC, 0xD2, 0xE6, 0xE9, 0xEC, 0x5C, 0xFF, 0xFF, 0xFF, 0x02, 0x00, 0x00, 0x00, 0x00,
    0x00, 0x00, 0x00, 0x00, 0x00, 0x00, 0x00, 0x00, 0x00, 0x00, 0x00, 0x00, 0x00, 0x00, 0x00, 0x00,
    0x00, 0x00, 0x00, 0x00, 0x00, 0x00, 0x00, 0x00, 0x00, 0x00, 0x00, 0x00, 0x00, 0x00, 0x00, 0x00,
    0xEA, 0xEA, 0xEA, 0x0C, 0xE7, 0xE8, 0xEC, 0xB2, 0xE6, 0xE8, 0xEC, 0xF3, 0xE6, 0xE7, 0xEB, 0xC2,
    0xE6, 0xE8, 0xEC, 0xFC, 0xE6, 0xE8, 0xEC, 0xDA, 0xE6, 0xE9, 0xEB, 0x67, 0xE7, 0xE7, 0xED, 0x2B,
    0xE6, 0xE8, 0xEC, 0x85, 0xE6, 0xE8, 0xEC, 0xF4, 0xE7, 0xE8, 0xEC, 0xB1, 0xEA, 0xEA, 0xEA, 0x0C,
    0x00, 0x00, 0x00, 0x00, 0x00, 0x00, 0x00, 0x00, 0x00, 0x00, 0x00, 0x00, 0x00, 0x00, 0x00, 0x00,
    0x00, 0x00, 0x00, 0x00, 0x00, 0x00, 0x00, 0x00, 0x00, 0x00, 0x00, 0x00, 0xFF, 0xFF, 0xFF, 0x02,
    0xE7, 0xE8, 0xEC, 0xB2, 0xE7, 0xE8, 0xEC, 0xDB, 0xE4, 0xE9, 0xEB, 0x72, 0xE6, 0xE8, 0xEC, 0xF5,
    0xE6, 0xE9, 0xED, 0x47, 0x00, 0x00, 0x00, 0x00, 0x00, 0x00, 0x00, 0x00, 0x00, 0x00, 0x00, 0x00,
    0x00, 0x00, 0x00, 0x00, 0xE4, 0xEB, 0xEB, 0x26, 0xE6, 0xE8, 0xEC, 0xDC, 0xE6, 0xE8, 0xEC, 0xB0,
    0xFF, 0xFF, 0xFF, 0x02, 0x00, 0x00, 0x00, 0x00, 0x00, 0x00, 0x00, 0x00, 0x00, 0x00, 0x00, 0x00,
    0x00, 0x00, 0x00, 0x00, 0x00, 0x00, 0x00, 0x00, 0x00, 0x00, 0x00, 0x00, 0xE7, 0xE9, 0xEC, 0x5E,
    0xE6, 0xE8, 0xEC, 0xF3, 0xE3, 0xEA, 0xEA, 0x25, 0xE6, 0xE8, 0xEC, 0xC5, 0xE7, 0xE9, 0xEC, 0x88,
    0x00, 0x00, 0x00, 0x00, 0x00, 0x00, 0x00, 0x00, 0x00, 0x00, 0x00, 0x00, 0x00, 0x00, 0x00, 0x00,
    0x00, 0x00, 0x00, 0x00, 0x00, 0x00, 0x00, 0x00, 0xE5, 0xE5, 0xEB, 0x27, 0xE6, 0xE8, 0xEC, 0xF4,
    0xE6, 0xE9, 0xEB, 0x5B, 0x00, 0x00, 0x00, 0x00, 0x00, 0x00, 0x00, 0x00, 0x00, 0x00, 0x00, 0x00,
    0x00, 0x00, 0x00, 0x00, 0x00, 0x00, 0x00, 0x00, 0x00, 0x00, 0x00, 0x00, 0xE6, 0xE8, 0xEC, 0xD3,
    0xE6, 0xE8, 0xEC, 0x84, 0x00, 0x00, 0x00, 0x00, 0xE6, 0xE9, 0xEC, 0xE3, 0xE5, 0xE9, 0xED, 0x45,
    0x00, 0x00, 0x00, 0x00, 0x00, 0x00, 0x00, 0x00, 0x00, 0x00, 0x00, 0x00, 0x00, 0x00, 0x00, 0x00,
    0x00, 0x00, 0x00, 0x00, 0x00, 0x00, 0x00, 0x00, 0x00, 0x00, 0x00, 0x00, 0xE6, 0xE8, 0xEC, 0x86,
    0xE7, 0xE8, 0xEB, 0xD1, 0x00, 0x00, 0x00, 0x00, 0x00, 0x00, 0x00, 0x00, 0x00, 0x00, 0x00, 0x00,
    0x00, 0x00, 0x00, 0x00, 0x00, 0x00, 0x00, 0x00, 0xE6, 0xE6, 0xEF, 0x1F, 0xE6, 0xE8, 0xEC, 0xFF,
    0xE7, 0xE7, 0xED, 0x2A, 0x00, 0x00, 0x00, 0x00, 0xED, 0xED, 0xED, 0x0E, 0x00, 0x00, 0x00, 0x00,
    0x00, 0x00, 0x00, 0x00, 0x00, 0x00, 0x00, 0x00, 0x00, 0x00, 0x00, 0x00, 0x00, 0x00, 0x00, 0x00,
    0x00, 0x00, 0x00, 0x00, 0x00, 0x00, 0x00, 0x00, 0x00, 0x00, 0x00, 0x00, 0xE8, 0xE8, 0xEE, 0x2C,
    0xE6, 0xE8, 0xEC, 0xFF, 0xE5, 0xE5, 0xED, 0x1D, 0x00, 0x00, 0x00, 0x00, 0x00, 0x00, 0x00, 0x00,
    0x00, 0x00, 0x00, 0x00, 0x00, 0x00, 0x00, 0x00, 0xE7, 0xE7, 0xEB, 0x40, 0xE6, 0xE8, 0xEC, 0xFC,
    0xFF, 0xFF, 0xFF, 0x03, 0x00, 0x00, 0x00, 0x00, 0x00, 0x00, 0x00, 0x00, 0x00, 0x00, 0x00, 0x00,
    0x00, 0x00, 0x00, 0x00, 0x00, 0x00, 0x00, 0x00, 0x00, 0x00, 0x00, 0x00, 0x00, 0x00, 0x00, 0x00,
    0x00, 0x00, 0x00, 0x00, 0x00, 0x00, 0x00, 0x00, 0x00, 0x00, 0x00, 0x00, 0xFF, 0xFF, 0xFF, 0x04,
    0xE6, 0xE8, 0xEC, 0xFC, 0xE6, 0xE6, 0xEA, 0x3E, 0x00, 0x00, 0x00, 0x00, 0x00, 0x00, 0x00, 0x00,
    0x00, 0x00, 0x00, 0x00, 0x00, 0x00, 0x00, 0x00, 0xE6, 0xE6, 0xEA, 0x3E, 0xE6, 0xE8, 0xEC, 0xFD,
    0xFF, 0xFF, 0xFF, 0x04, 0x00, 0x00, 0x00, 0x00, 0x00, 0x00, 0x00, 0x00, 0x00, 0x00, 0x00, 0x00,
    0x00, 0x00, 0x00, 0x00, 0x00, 0x00, 0x00, 0x00, 0x00, 0x00, 0x00, 0x00, 0x00, 0x00, 0x00, 0x00,
    0x00, 0x00, 0x00, 0x00, 0x00, 0x00, 0x00, 0x00, 0x00, 0x00, 0x00, 0x00, 0xFF, 0xFF, 0xFF, 0x05,
    0xE6, 0xE8, 0xEC, 0xFD, 0xE6, 0xE6, 0xEA, 0x3D, 0x00, 0x00, 0x00, 0x00, 0x00, 0x00, 0x00, 0x00,
    0x00, 0x00, 0x00, 0x00, 0x00, 0x00, 0x00, 0x00, 0xE6, 0xE6, 0xEE, 0x1E, 0xE6, 0xE8, 0xEC, 0xFF,
    0xE7, 0xE7, 0xED, 0x2B, 0x00, 0x00, 0x00, 0x00, 0x00, 0x00, 0x00, 0x00, 0x00, 0x00, 0x00, 0x00,
    0x00, 0x00, 0x00, 0x00, 0x00, 0x00, 0x00, 0x00, 0x00, 0x00, 0x00, 0x00, 0x00, 0x00, 0x00, 0x00,
    0x00, 0x00, 0x00, 0x00, 0xED, 0xED, 0xED, 0x0E, 0x00, 0x00, 0x00, 0x00, 0xE8, 0xE8, 0xEE, 0x2D,
    0xE6, 0xE8, 0xEC, 0xFF, 0xE4, 0xE4, 0xED, 0x1C, 0x00, 0x00, 0x00, 0x00, 0x00, 0x00, 0x00, 0x00,
    0x00, 0x00, 0x00, 0x00, 0x00, 0x00, 0x00, 0x00, 0x00, 0x00, 0x00, 0x00, 0xE6, 0xE8, 0xEC, 0xD2,
    0xE6, 0xE8, 0xEC, 0x85, 0x00, 0x00, 0x00, 0x00, 0x00, 0x00, 0x00, 0x00, 0x00, 0x00, 0x00, 0x00,
    0x00, 0x00, 0x00, 0x00, 0x00, 0x00, 0x00, 0x00, 0x00, 0x00, 0x00, 0x00, 0x00, 0x00, 0x00, 0x00,
    0xE5, 0xE9, 0xED, 0x45, 0xE6, 0xE9, 0xEC, 0xE3, 0x00, 0x00, 0x00, 0x00, 0xE6, 0xE8, 0xEC, 0x87,
    0xE6, 0xE8, 0xEB, 0xD0, 0x00, 0x00, 0x00, 0x00, 0x00, 0x00, 0x00, 0x00, 0x00, 0x00, 0x00, 0x00,
    0x00, 0x00, 0x00, 0x00, 0x00, 0x00, 0x00, 0x00, 0x00, 0x00, 0x00, 0x00, 0xE6, 0xE9, 0xEC, 0x5C,
    0xE6, 0xE8, 0xEC, 0xF4, 0xE4, 0xEB, 0xEB, 0x26, 0x00, 0x00, 0x00, 0x00, 0x00, 0x00, 0x00, 0x00,
    0x00, 0x00, 0x00, 0x00, 0x00, 0x00, 0x00, 0x00, 0x00, 0x00, 0x00, 0x00, 0x00, 0x00, 0x00, 0x00,
    0xE7, 0xE9, 0xEC, 0x89, 0xE6, 0xE8, 0xEB, 0xC4, 0xE6, 0xE6, 0xEC, 0x28, 0xE6, 0xE8, 0xEC, 0xF5,
    0xE6, 0xE8, 0xEB, 0x5A, 0x00, 0x00, 0x00, 0x00, 0x00, 0x00, 0x00, 0x00, 0x00, 0x00, 0x00, 0x00,
    0x00, 0x00, 0x00, 0x00, 0x00, 0x00, 0x00, 0x00, 0x00, 0x00, 0x00, 0x00, 0xFF, 0xFF, 0xFF, 0x02,
    0xE7, 0xE8, 0xEC, 0xB1, 0xE6, 0xE8, 0xEC, 0xDC, 0xE5, 0xE5, 0xEB, 0x27, 0x00, 0x00, 0x00, 0x00,
    0x00, 0x00, 0x00, 0x00, 0x00, 0x00, 0x00, 0x00, 0x00, 0x00, 0x00, 0x00, 0xE7, 0xE7, 0xEA, 0x4A,
    0xE6, 0xE8, 0xEC, 0xF6, 0xE6, 0xE8, 0xED, 0x71, 0xE6, 0xE8, 0xED, 0xDD, 0xE6, 0xE8, 0xEC, 0xAF,
    0xFF, 0xFF, 0xFF, 0x01, 0x00, 0x00, 0x00, 0x00, 0x00, 0x00, 0x00, 0x00, 0x00, 0x00, 0x00, 0x00,
    0x00, 0x00, 0x00, 0x00, 0x00, 0x00, 0x00, 0x00, 0x00, 0x00, 0x00, 0x00, 0x00, 0x00, 0x00, 0x00,
    0xEA, 0xEA, 0xEA, 0x0C, 0xE6, 0xE8, 0xEC, 0xB0, 0xE6, 0xE8, 0xEC, 0xF4, 0xE6, 0xE8, 0xEC, 0x86,
    0xE8, 0xE8, 0xEE, 0x2C, 0xE6, 0xE9, 0xEB, 0x67, 0xE6, 0xE8, 0xED, 0xDD, 0xE5, 0xE7, 0xEB, 0xFD,
    0xE6, 0xE9, 0xED, 0xC3, 0xE6, 0xE8, 0xEC, 0xF5, 0xE6, 0xE8, 0xEC, 0xAF, 0xE8, 0xE8, 0xE8, 0x0B,
    0x00, 0x00, 0x00, 0x00, 0x00, 0x00, 0x00, 0x00, 0x00, 0x00, 0x00, 0x00, 0x00, 0x00, 0x00, 0x00,
    0x00, 0x00, 0x00, 0x00, 0x00, 0x00, 0x00, 0x00, 0x00, 0x00, 0x00, 0x00, 0x00, 0x00, 0x00, 0x00,
    0x00, 0x00, 0x00, 0x00, 0xFF, 0xFF, 0xFF, 0x02, 0xE6, 0xE9, 0xEB, 0x5B, 0xE7, 0xE8, 0xEB, 0xD1,
    0xE6, 0xE8, 0xEC, 0xFF, 0xE6, 0xE9, 0xEC, 0xFD, 0xE6, 0xE8, 0xEB, 0xFE, 0xE6, 0xE8, 0xEC, 0xFF,
    0xE6, 0xE8, 0xEB, 0xD0, 0xE6, 0xE8, 0xEB, 0x5A, 0xFF, 0xFF, 0xFF, 0x01, 0x00, 0x00, 0x00, 0x00,
    0x00, 0x00, 0x00, 0x00, 0x00, 0x00, 0x00, 0x00, 0x00, 0x00, 0x00, 0x00, 0x00, 0x00, 0x00, 0x00,
    0x00, 0x00, 0x00, 0x00, 0x00, 0x00, 0x00, 0x00, 0x00, 0x00, 0x00, 0x00, 0x00, 0x00, 0x00, 0x00,
    0x00, 0x00, 0x00, 0x00, 0x00, 0x00, 0x00, 0x00, 0x00, 0x00, 0x00, 0x00, 0x00, 0x00, 0x00, 0x00,
    0xE5, 0xE5, 0xED, 0x1D, 0xE6, 0xE6, 0xEA, 0x3D, 0xE6, 0xE6, 0xEA, 0x3D, 0xE4, 0xE4, 0xED, 0x1C,
    0x00, 0x00, 0x00, 0x00, 0x00, 0x00, 0x00, 0x00, 0x00, 0x00, 0x00, 0x00, 0x00, 0x00, 0x00, 0x00,
    0x00, 0x00, 0x00, 0x00, 0x00, 0x00, 0x00, 0x00, 0x00, 0x00, 0x00, 0x00, 0x00, 0x00, 0x00, 0x00,
    0x00, 0x00, 0x00, 0x00, 0x00, 0x00, 0x00, 0x00, 0x00, 0x00, 0x00, 0x00, 0x00, 0x00, 0x00, 0x00,
    0x00, 0x00, 0x00, 0x00, 0x00, 0x00, 0x00, 0x00, 0x00, 0x00, 0x00, 0x00, 0x00, 0x00, 0x00, 0x00,
    0x00, 0x00, 0x00, 0x00, 0x00, 0x00, 0x00, 0x00, 0x00, 0x00, 0x00, 0x00, 0x00, 0x00, 0x00, 0x00,
    0x00, 0x00, 0x00, 0x00, 0x00, 0x00, 0x00, 0x00, 0x00, 0x00, 0x00, 0x00, 0x00, 0x00, 0x00, 0x00,
    0x00, 0x00, 0x00, 0x00, 0x00, 0x00, 0x00, 0x00, 0x00, 0x00, 0x00, 0x00, 0x00, 0x00, 0x00, 0x00,
    0x00, 0x00, 0x00, 0x00, 0x00, 0x00, 0x00, 0x00, 0x00, 0x00, 0x00, 0x00, 0x00, 0x00, 0x00, 0x00,
    0x00, 0x00, 0x00, 0x00, 0x00, 0x00, 0x00, 0x00, 0x00, 0x00, 0x00, 0x00, 0x00, 0x00, 0x00, 0x00,
    0x00, 0x00, 0x00, 0x00, 0x00, 0x00, 0x00, 0x00, 0x00, 0x00, 0x00, 0x00, 0x00, 0x00, 0x00, 0x00,
    0x00, 0x00, 0x00, 0x00, 0x00, 0x00, 0x00, 0x00, 0x00, 0x00, 0x00, 0x00, 0x00, 0x00, 0x00, 0x00,
    0x00, 0x00, 0x00, 0x00, 0x00, 0x00, 0x00, 0x00, 0x00, 0x00, 0x00, 0x00, 0x00, 0x00, 0x00, 0x00,
}};
inline constexpr std::array<std::uint8_t, 1600> uve_node_icon_rigid_body_3d_node_rgba{{
    0x00, 0x00, 0x00, 0x00, 0x00, 0x00, 0x00, 0x00, 0x00, 0x00, 0x00, 0x00, 0x00, 0x00, 0x00, 0x00,
    0x00, 0x00, 0x00, 0x00, 0x00, 0x00, 0x00, 0x00, 0x00, 0x00, 0x00, 0x00, 0x00, 0x00, 0x00, 0x00,
    0x00, 0x00, 0x00, 0x00, 0x00, 0x00, 0x00, 0x00, 0x00, 0x00, 0x00, 0x00, 0x00, 0x00, 0x00, 0x00,
    0x00, 0x00, 0x00, 0x00, 0x00, 0x00, 0x00, 0x00, 0x00, 0x00, 0x00, 0x00, 0x00, 0x00, 0x00, 0x00,
    0x00, 0x00, 0x00, 0x00, 0x00, 0x00, 0x00, 0x00, 0x00, 0x00, 0x00, 0x00, 0x00, 0x00, 0x00, 0x00,
    0x00, 0x00, 0x00, 0x00, 0x00, 0x00, 0x00, 0x00, 0x00, 0x00, 0x00, 0x00, 0x00, 0x00, 0x00, 0x00,
    0x00, 0x00, 0x00, 0x00, 0x00, 0x00, 0x00, 0x00, 0x00, 0x00, 0x00, 0x00, 0x00, 0x00, 0x00, 0x00,
    0x00, 0x00, 0x00, 0x00, 0xFF, 0xFF, 0xFF, 0x05, 0xFF, 0xFF, 0xFF, 0x05, 0x00, 0x00, 0x00, 0x00,
    0x00, 0x00, 0x00, 0x00, 0x00, 0x00, 0x00, 0x00, 0x00, 0x00, 0x00, 0x00, 0x00, 0x00, 0x00, 0x00,
    0x00, 0x00, 0x00, 0x00, 0x00, 0x00, 0x00, 0x00, 0x00, 0x00, 0x00, 0x00, 0x00, 0x00, 0x00, 0x00,
    0x00, 0x00, 0x00, 0x00, 0x00, 0x00, 0x00, 0x00, 0xFF, 0xFF, 0xFF, 0x05, 0xE4, 0xEA, 0xEA, 0x30,
    0x00, 0x00, 0x00, 0x00, 0x00, 0x00, 0x00, 0x00, 0x00, 0x00, 0x00, 0x00, 0xFF, 0xFF, 0xFF, 0x02,
    0xE7, 0xE7, 0xEC, 0x5F, 0xE6, 0xE8, 0xEC, 0xE4, 0xE6, 0xE8, 0xEC, 0xE4, 0xE7, 0xE7, 0xEC, 0x5F,
    0xFF, 0xFF, 0xFF, 0x02, 0x00, 0x00, 0x00, 0x00, 0x00, 0x00, 0x00, 0x00, 0x00, 0x00, 0x00, 0x00,
    0xE4, 0xEA, 0xEA, 0x30, 0xFF, 0xFF, 0xFF, 0x05, 0x00, 0x00, 0x00, 0x00, 0x00, 0x00, 0x00, 0x00,
    0x00, 0x00, 0x00, 0x00, 0x00, 0x00, 0x00, 0x00, 0xE4, 0xE9, 0xE9, 0x2F, 0xE6, 0xE8, 0xEC, 0xFC,
    0xE7, 0xE9, 0xEC, 0x88, 0xFF, 0xFF, 0xFF, 0x03, 0xE7, 0xE7, 0xEB, 0x3F, 0xE6, 0xE9, 0xEC, 0xCC,
    0xE6, 0xE8, 0xEC, 0xF4, 0xE7, 0xE9, 0xED, 0x7E, 0xE7, 0xE9, 0xED, 0x7E, 0xE6, 0xE8, 0xEC, 0xF4,
    0xE6, 0xE9, 0xEC, 0xCC, 0xE7, 0xE7, 0xEB, 0x3F, 0xFF, 0xFF, 0xFF, 0x03, 0xE7, 0xE9, 0xEC, 0x88,
    0xE6, 0xE8, 0xEC, 0xFC, 0xE4, 0xE9, 0xE9, 0x2F, 0x00, 0x00, 0x00, 0x00, 0x00, 0x00, 0x00, 0x00,
    0x00, 0x00, 0x00, 0x00, 0x00, 0x00, 0x00, 0x00, 0x00, 0x00, 0x00, 0x00, 0xE7, 0xE7, 0xEB, 0x40,
    0xE6, 0xE8, 0xED, 0xED, 0xE5, 0xE8, 0xEB, 0xEA, 0xE6, 0xE8, 0xEC, 0xFD, 0xE6, 0xE9, 0xEC, 0xAA,
    0xE6, 0xE6, 0xEF, 0x1F, 0x00, 0x00, 0x00, 0x00, 0x00, 0x00, 0x00, 0x00, 0xE2, 0xEB, 0xEB, 0x1A,
    0xE6, 0xE8, 0xED, 0x99, 0xE6, 0xE8, 0xED, 0xFC, 0xE6, 0xE8, 0xEC, 0xEC, 0xE7, 0xE9, 0xEC, 0xF0,
    0xE6, 0xE9, 0xED, 0x47, 0x00, 0x00, 0x00, 0x00, 0x00, 0x00, 0x00, 0x00, 0x00, 0x00, 0x00, 0x00,
    0x00, 0x00, 0x00, 0x00, 0x00, 0x00, 0x00, 0x00, 0xFF, 0xFF, 0xFF, 0x05, 0xE6, 0xE8, 0xEB, 0x8E,
    0xE7, 0xE8, 0xEC, 0xFA, 0xE6, 0xE9, 0xEC, 0xF2, 0xE6, 0xE8, 0xEB, 0xE7, 0xE6, 0xE6, 0xEB, 0x33,
    0x00, 0x00, 0x00, 0x00, 0x00, 0x00, 0x00, 0x00, 0x00, 0x00, 0x00, 0x00, 0x00, 0x00, 0x00, 0x00,
    0xE3, 0xE9, 0xEE, 0x2E, 0xE5, 0xE8, 0xEC, 0xE4, 0xE5, 0xE8, 0xEB, 0xF4, 0xE7, 0xE9, 0xEB, 0xFA,
    0xE6, 0xE8, 0xEB, 0x8E, 0xFF, 0xFF, 0xFF, 0x05, 0x00, 0x00, 0x00, 0x00, 0x00, 0x00, 0x00, 0x00,
    0x00, 0x00, 0x00, 0x00, 0x00, 0x00, 0x00, 0x00, 0xE6, 0xE9, 0xED, 0x46, 0xE6, 0xE8, 0xEC, 0xFB,
    0xE5, 0xE8, 0xEB, 0x4E, 0xE8, 0xE8, 0xE8, 0x0B, 0xE6, 0xE9, 0xEC, 0xAA, 0xE6, 0xE8, 0xEC, 0xF3,
    0xED, 0xED, 0xED, 0x0E, 0x00, 0x00, 0x00, 0x00, 0x00, 0x00, 0x00, 0x00, 0xED, 0xED, 0xED, 0x0E,
    0xE6, 0xE8, 0xEC, 0xF3, 0xE6, 0xE9, 0xEC, 0xAA, 0xE8, 0xE8, 0xE8, 0x0B, 0xE5, 0xE8, 0xEB, 0x4E,
    0xE6, 0xE8, 0xEC, 0xFB, 0xE6, 0xE9, 0xED, 0x46, 0x00, 0x00, 0x00, 0x00, 0x00, 0x00, 0x00, 0x00,
    0x00, 0x00, 0x00, 0x00, 0x00, 0x00, 0x00, 0x00, 0xE7, 0xE7, 0xEB, 0x4B, 0xE6, 0xE8, 0xEC, 0xF4,
    0x00, 0x00, 0x00, 0x00, 0x00, 0x00, 0x00, 0x00, 0xFF, 0xFF, 0xFF, 0x01, 0xE6, 0xE6, 0xEB, 0x34,
    0x00, 0x00, 0x00, 0x00, 0x00, 0x00, 0x00, 0x00, 0x00, 0x00, 0x00, 0x00, 0x00, 0x00, 0x00, 0x00,
    0xE6, 0xE6, 0xEB, 0x34, 0xFF, 0xFF, 0xFF, 0x01, 0x00, 0x00, 0x00, 0x00, 0x00, 0x00, 0x00, 0x00,
    0xE6, 0xE8, 0xEC, 0xF4, 0xE7, 0xE7, 0xEB, 0x4B, 0x00, 0x00, 0x00, 0x00, 0x00, 0x00, 0x00, 0x00,
    0x00, 0x00, 0x00, 0x00, 0x00, 0x00, 0x00, 0x00, 0xE7, 0xE7, 0xEB, 0x4B, 0xE6, 0xE8, 0xEC, 0xF4,
    0x00, 0x00, 0x00, 0x00, 0x00, 0x00, 0x00, 0x00, 0x00, 0x00, 0x00, 0x00, 0x00, 0x00, 0x00, 0x00,
    0x00, 0x00, 0x00, 0x00, 0x00, 0x00, 0x00, 0x00, 0x00, 0x00, 0x00, 0x00, 0x00, 0x00, 0x00, 0x00,
    0x00, 0x00, 0x00, 0x00, 0x00, 0x00, 0x00, 0x00, 0x00, 0x00, 0x00, 0x00, 0x00, 0x00, 0x00, 0x00,
    0xE6, 0xE8, 0xEC, 0xF4, 0xE7, 0xE7, 0xEB, 0x4B, 0x00, 0x00, 0x00, 0x00, 0x00, 0x00, 0x00, 0x00,
    0x00, 0x00, 0x00, 0x00, 0x00, 0x00, 0x00, 0x00, 0xE7, 0xE7, 0xEB, 0x4B, 0xE6, 0xE8, 0xEC, 0xF4,
    0x00, 0x00, 0x00, 0x00, 0x00, 0x00, 0x00, 0x00, 0x00, 0x00, 0x00, 0x00, 0x00, 0x00, 0x00, 0x00,
    0x00, 0x00, 0x00, 0x00, 0x00, 0x00, 0x00, 0x00, 0x00, 0x00, 0x00, 0x00, 0x00, 0x00, 0x00, 0x00,
    0x00, 0x00, 0x00, 0x00, 0x00, 0x00, 0x00, 0x00, 0x00, 0x00, 0x00, 0x00, 0x00, 0x00, 0x00, 0x00,
    0xE6, 0xE8, 0xEC, 0xF4, 0xE7, 0xE7, 0xEB, 0x4B, 0x00, 0x00, 0x00, 0x00, 0x00, 0x00, 0x00, 0x00,
    0x00, 0x00, 0x00, 0x00, 0x00, 0x00, 0x00, 0x00, 0xE7, 0xE7, 0xEB, 0x4B, 0xE6, 0xE8, 0xEC, 0xF4,
    0x00, 0x00, 0x00, 0x00, 0x00, 0x00, 0x00, 0x00, 0x00, 0x00, 0x00, 0x00, 0x00, 0x00, 0x00, 0x00,
    0x00, 0x00, 0x00, 0x00, 0x00, 0x00, 0x00, 0x00, 0x00, 0x00, 0x00, 0x00, 0x00, 0x00, 0x00, 0x00,
    0x00, 0x00, 0x00, 0x00, 0x00, 0x00, 0x00, 0x00, 0x00, 0x00, 0x00, 0x00, 0x00, 0x00, 0x00, 0x00,
    0xE6, 0xE8, 0xEC, 0xF4, 0xE7, 0xE7, 0xEB, 0x4B, 0x00, 0x00, 0x00, 0x00, 0x00, 0x00, 0x00, 0x00,
    0x00, 0x00, 0x00, 0x00, 0x00, 0x00, 0x00, 0x00, 0xE7, 0xE7, 0xEB, 0x4B, 0xE6, 0xE8, 0xEC, 0xF4,
    0x00, 0x00, 0x00, 0x00, 0x00, 0x00, 0x00, 0x00, 0x00, 0x00, 0x00, 0x00, 0x00, 0x00, 0x00, 0x00,
    0x00, 0x00, 0x00, 0x00, 0x00, 0x00, 0x00, 0x00, 0x00, 0x00, 0x00, 0x00, 0x00, 0x00, 0x00, 0x00,
    0x00, 0x00, 0x00, 0x00, 0x00, 0x00, 0x00, 0x00, 0x00, 0x00, 0x00, 0x00, 0x00, 0x00, 0x00, 0x00,
    0xE6, 0xE8, 0xEC, 0xF4, 0xE7, 0xE7, 0xEB, 0x4B, 0x00, 0x00, 0x00, 0x00, 0x00, 0x00, 0x00, 0x00,
    0x00, 0x00, 0x00, 0x00, 0x00, 0x00, 0x00, 0x00, 0xE7, 0xE7, 0xEB, 0x4B, 0xE6, 0xE8, 0xEC, 0xF4,
    0x00, 0x00, 0x00, 0x00, 0x00, 0x00, 0x00, 0x00, 0xFF, 0xFF, 0xFF, 0x01, 0xE6, 0xE6, 0xEB, 0x34,
    0x00, 0x00, 0x00, 0x00, 0x00, 0x00, 0x00, 0x00, 0x00, 0x00, 0x00, 0x00, 0x00, 0x00, 0x00, 0x00,
    0xE6, 0xE6, 0xEB, 0x34, 0xFF, 0xFF, 0xFF, 0x01, 0x00, 0x00, 0x00, 0x00, 0x00, 0x00, 0x00, 0x00,
    0xE6, 0xE8, 0xEC, 0xF4, 0xE7, 0xE7, 0xEB, 0x4B, 0x00, 0x00, 0x00, 0x00, 0x00, 0x00, 0x00, 0x00,
    0x00, 0x00, 0x00, 0x00, 0x00, 0x00, 0x00, 0x00, 0xE6, 0xE9, 0xED, 0x46, 0xE6, 0xE8, 0xEC, 0xFB,
    0xE5, 0xE8, 0xEB, 0x4E, 0xE8, 0xE8, 0xE8, 0x0B, 0xE6, 0xE9, 0xEC, 0xAA, 0xE6, 0xE8, 0xEC, 0xF3,
    0xED, 0xED, 0xED, 0x0E, 0x00, 0x00, 0x00, 0x00, 0x00, 0x00, 0x00, 0x00, 0xED, 0xED, 0xED, 0x0E,
    0xE6, 0xE8, 0xEC, 0xF3, 0xE6, 0xE9, 0xEC, 0xAA, 0xE8, 0xE8, 0xE8, 0x0B, 0xE5, 0xE8, 0xEB, 0x4E,
    0xE6, 0xE8, 0xEC, 0xFB, 0xE6, 0xE9, 0xED, 0x46, 0x00, 0x00, 0x00, 0x00, 0x00, 0x00, 0x00, 0x00,
    0x00, 0x00, 0x00, 0x00, 0x00, 0x00, 0x00, 0x00, 0xFF, 0xFF, 0xFF, 0x05, 0xE6, 0xE8, 0xEB, 0x8E,
    0xE7, 0xE9, 0xEB, 0xFA, 0xE5, 0xE8, 0xEB, 0xF4, 0xE5, 0xE7, 0xEC, 0xE3, 0xE8, 0xE8, 0xEE, 0x2D,
    0x00, 0x00, 0x00, 0x00, 0x00, 0x00, 0x00, 0x00, 0x00, 0x00, 0x00, 0x00, 0x00, 0x00, 0x00, 0x00,
    0xE6, 0xE6, 0xEC, 0x28, 0xE6, 0xE8, 0xEC, 0xDF, 0xE6, 0xE8, 0xEC, 0xF5, 0xE7, 0xE8, 0xEC, 0xFA,
    0xE6, 0xE8, 0xEB, 0x8E, 0xFF, 0xFF, 0xFF, 0x05, 0x00, 0x00, 0x00, 0x00, 0x00, 0x00, 0x00, 0x00,
    0x00, 0x00, 0x00, 0x00, 0x00, 0x00, 0x00, 0x00, 0x00, 0x00, 0x00, 0x00, 0xE6, 0xE9, 0xED, 0x47,
    0xE7, 0xE9, 0xEC, 0xF0, 0xE7, 0xE8, 0xEC, 0xE7, 0xE6, 0xE8, 0xEC, 0xFD, 0xE6, 0xE9, 0xEC, 0xAA,
    0xE6, 0xE6, 0xEF, 0x1F, 0x00, 0x00, 0x00, 0x00, 0x00, 0x00, 0x00, 0x00, 0xE2, 0xEB, 0xEB, 0x1A,
    0xE6, 0xE8, 0xED, 0x99, 0xE7, 0xE8, 0xEC, 0xFC, 0xE7, 0xE8, 0xEC, 0xEA, 0xE6, 0xE8, 0xEC, 0xF3,
    0xE5, 0xE8, 0xEB, 0x4E, 0x00, 0x00, 0x00, 0x00, 0x00, 0x00, 0x00, 0x00, 0x00, 0x00, 0x00, 0x00,
    0x00, 0x00, 0x00, 0x00, 0x00, 0x00, 0x00, 0x00, 0xE4, 0xE9, 0xE9, 0x2F, 0xE6, 0xE8, 0xEC, 0xFC,
    0xE7, 0xE9, 0xEC, 0x88, 0xFF, 0xFF, 0xFF, 0x03, 0xE7, 0xE7, 0xEB, 0x3F, 0xE6, 0xE9, 0xEC, 0xCC,
    0xE6, 0xE8, 0xEC, 0xF4, 0xE7, 0xE9, 0xED, 0x7E, 0xE7, 0xE9, 0xED, 0x7E, 0xE6, 0xE8, 0xEC, 0xF4,
    0xE6, 0xE9, 0xEC, 0xCC, 0xE7, 0xE7, 0xEB, 0x3F, 0xFF, 0xFF, 0xFF, 0x03, 0xE7, 0xE9, 0xEC, 0x88,
    0xE6, 0xE8, 0xEC, 0xFC, 0xE4, 0xE9, 0xE9, 0x2F, 0x00, 0x00, 0x00, 0x00, 0x00, 0x00, 0x00, 0x00,
    0x00, 0x00, 0x00, 0x00, 0x00, 0x00, 0x00, 0x00, 0xFF, 0xFF, 0xFF, 0x05, 0xE4, 0xEA, 0xEA, 0x30,
    0x00, 0x00, 0x00, 0x00, 0x00, 0x00, 0x00, 0x00, 0x00, 0x00, 0x00, 0x00, 0xFF, 0xFF, 0xFF, 0x02,
    0xE7, 0xE7, 0xEC, 0x5F, 0xE6, 0xE8, 0xEC, 0xE4, 0xE6, 0xE8, 0xEC, 0xE4, 0xE7, 0xE7, 0xEC, 0x5F,
    0xFF, 0xFF, 0xFF, 0x02, 0x00, 0x00, 0x00, 0x00, 0x00, 0x00, 0x00, 0x00, 0x00, 0x00, 0x00, 0x00,
    0xE4, 0xEA, 0xEA, 0x30, 0xFF, 0xFF, 0xFF, 0x05, 0x00, 0x00, 0x00, 0x00, 0x00, 0x00, 0x00, 0x00,
    0x00, 0x00, 0x00, 0x00, 0x00, 0x00, 0x00, 0x00, 0x00, 0x00, 0x00, 0x00, 0x00, 0x00, 0x00, 0x00,
    0x00, 0x00, 0x00, 0x00, 0x00, 0x00, 0x00, 0x00, 0x00, 0x00, 0x00, 0x00, 0x00, 0x00, 0x00, 0x00,
    0x00, 0x00, 0x00, 0x00, 0xFF, 0xFF, 0xFF, 0x05, 0xFF, 0xFF, 0xFF, 0x05, 0x00, 0x00, 0x00, 0x00,
    0x00, 0x00, 0x00, 0x00, 0x00, 0x00, 0x00, 0x00, 0x00, 0x00, 0x00, 0x00, 0x00, 0x00, 0x00, 0x00,
    0x00, 0x00, 0x00, 0x00, 0x00, 0x00, 0x00, 0x00, 0x00, 0x00, 0x00, 0x00, 0x00, 0x00, 0x00, 0x00,
    0x00, 0x00, 0x00, 0x00, 0x00, 0x00, 0x00, 0x00, 0x00, 0x00, 0x00, 0x00, 0x00, 0x00, 0x00, 0x00,
    0x00, 0x00, 0x00, 0x00, 0x00, 0x00, 0x00, 0x00, 0x00, 0x00, 0x00, 0x00, 0x00, 0x00, 0x00, 0x00,
    0x00, 0x00, 0x00, 0x00, 0x00, 0x00, 0x00, 0x00, 0x00, 0x00, 0x00, 0x00, 0x00, 0x00, 0x00, 0x00,
    0x00, 0x00, 0x00, 0x00, 0x00, 0x00, 0x00, 0x00, 0x00, 0x00, 0x00, 0x00, 0x00, 0x00, 0x00, 0x00,
    0x00, 0x00, 0x00, 0x00, 0x00, 0x00, 0x00, 0x00, 0x00, 0x00, 0x00, 0x00, 0x00, 0x00, 0x00, 0x00,
}};
inline constexpr std::array<std::uint8_t, 1600> uve_node_icon_scene_node_rgba{{
    0x00, 0x00, 0x00, 0x00, 0x00, 0x00, 0x00, 0x00, 0x00, 0x00, 0x00, 0x00, 0x00, 0x00, 0x00, 0x00,
    0x00, 0x00, 0x00, 0x00, 0x00, 0x00, 0x00, 0x00, 0x00, 0x00, 0x00, 0x00, 0x00, 0x00, 0x00, 0x00,
    0x00, 0x00, 0x00, 0x00, 0x00, 0x00, 0x00, 0x00, 0x00, 0x00, 0x00, 0x00, 0x00, 0x00, 0x00, 0x00,
    0x00, 0x00, 0x00, 0x00, 0x00, 0x00, 0x00, 0x00, 0x00, 0x00, 0x00, 0x00, 0x00, 0x00, 0x00, 0x00,
    0x00, 0x00, 0x00, 0x00, 0x00, 0x00, 0x00, 0x00, 0x00, 0x00, 0x00, 0x00, 0x00, 0x00, 0x00, 0x00,
    0x00, 0x00, 0x00, 0x00, 0x00, 0x00, 0x00, 0x00, 0x00, 0x00, 0x00, 0x00, 0x00, 0x00, 0x00, 0x00,
    0x00, 0x00, 0x00, 0x00, 0x00, 0x00, 0x00, 0x00, 0x00, 0x00, 0x00, 0x00, 0x00, 0x00, 0x00, 0x00,
    0x00, 0x00, 0x00, 0x00, 0x00, 0x00, 0x00, 0x00, 0x00, 0x00, 0x00, 0x00, 0x00, 0x00, 0x00, 0x00,
    0x00, 0x00, 0x00, 0x00, 0x00, 0x00, 0x00, 0x00, 0x00, 0x00, 0x00, 0x00, 0x00, 0x00, 0x00, 0x00,
    0x00, 0x00, 0x00, 0x00, 0x00, 0x00, 0x00, 0x00, 0x00, 0x00, 0x00, 0x00, 0x00, 0x00, 0x00, 0x00,
    0x00, 0x00, 0x00, 0x00, 0x00, 0x00, 0x00, 0x00, 0x00, 0x00, 0x00, 0x00, 0x00, 0x00, 0x00, 0x00,
    0xE5, 0xEA, 0xEA, 0x31, 0xE5, 0xEA, 0xEA, 0x31, 0x00, 0x00, 0x00, 0x00, 0x00, 0x00, 0x00, 0x00,
    0x00, 0x00, 0x00, 0x00, 0x00, 0x00, 0x00, 0x00, 0x00, 0x00, 0x00, 0x00, 0x00, 0x00, 0x00, 0x00,
    0x00, 0x00, 0x00, 0x00, 0x00, 0x00, 0x00, 0x00, 0xE5, 0xEA, 0xEA, 0x31, 0xE5, 0xEA, 0xEA, 0x31,
    0x00, 0x00, 0x00, 0x00, 0x00, 0x00, 0x00, 0x00, 0x00, 0x00, 0x00, 0x00, 0x00, 0x00, 0x00, 0x00,
    0x00, 0x00, 0x00, 0x00, 0x00, 0x00, 0x00, 0x00, 0x00, 0x00, 0x00, 0x00, 0xE6, 0xE8, 0xED, 0xA6,
    0xE6, 0xE8, 0xEC, 0xFE, 0xE6, 0xE8, 0xEC, 0xFE, 0xE6, 0xE8, 0xEC, 0xA4, 0x00, 0x00, 0x00, 0x00,
    0x00, 0x00, 0x00, 0x00, 0x00, 0x00, 0x00, 0x00, 0x00, 0x00, 0x00, 0x00, 0x00, 0x00, 0x00, 0x00,
    0x00, 0x00, 0x00, 0x00, 0xE6, 0xE8, 0xED, 0xA6, 0xE6, 0xE8, 0xEC, 0xFE, 0xE6, 0xE8, 0xEC, 0xFE,
    0xE6, 0xE8, 0xEC, 0xA4, 0x00, 0x00, 0x00, 0x00, 0x00, 0x00, 0x00, 0x00, 0x00, 0x00, 0x00, 0x00,
    0x00, 0x00, 0x00, 0x00, 0x00, 0x00, 0x00, 0x00, 0xE5, 0xEA, 0xEA, 0x31, 0xE6, 0xE8, 0xEC, 0xFE,
    0xE7, 0xE7, 0xED, 0x2B, 0xE8, 0xE8, 0xEE, 0x2C, 0xE7, 0xE9, 0xED, 0xFE, 0xE6, 0xE9, 0xED, 0xAC,
    0xE6, 0xE8, 0xED, 0x99, 0xE6, 0xE8, 0xED, 0x99, 0xE6, 0xE8, 0xED, 0x99, 0xE6, 0xE8, 0xED, 0x99,
    0xE6, 0xE7, 0xEC, 0xAD, 0xE7, 0xE9, 0xED, 0xFE, 0xE7, 0xE7, 0xED, 0x2B, 0xE8, 0xE8, 0xEE, 0x2C,
    0xE6, 0xE8, 0xEC, 0xFE, 0xE4, 0xEA, 0xEA, 0x30, 0x00, 0x00, 0x00, 0x00, 0x00, 0x00, 0x00, 0x00,
    0x00, 0x00, 0x00, 0x00, 0x00, 0x00, 0x00, 0x00, 0xE5, 0xEA, 0xEA, 0x31, 0xE6, 0xE8, 0xEC, 0xFE,
    0xE8, 0xE8, 0xEE, 0x2C, 0xE7, 0xE7, 0xEC, 0x36, 0xE6, 0xE8, 0xEC, 0xFF, 0xE6, 0xE7, 0xEC, 0xAD,
    0xE6, 0xE8, 0xED, 0x99, 0xE6, 0xE8, 0xED, 0x99, 0xE6, 0xE8, 0xED, 0x99, 0xE6, 0xE8, 0xED, 0x99,
    0xE6, 0xE9, 0xED, 0xAD, 0xE6, 0xE8, 0xEC, 0xFF, 0xE7, 0xE7, 0xEC, 0x35, 0xE8, 0xE8, 0xEE, 0x2D,
    0xE6, 0xE8, 0xEC, 0xFE, 0xE4, 0xEA, 0xEA, 0x30, 0x00, 0x00, 0x00, 0x00, 0x00, 0x00, 0x00, 0x00,
    0x00, 0x00, 0x00, 0x00, 0x00, 0x00, 0x00, 0x00, 0x00, 0x00, 0x00, 0x00, 0xE6, 0xE8, 0xEC, 0xA4,
    0xE6, 0xE8, 0xEC, 0xFE, 0xE6, 0xE8, 0xEC, 0xFE, 0xE6, 0xE8, 0xEC, 0xFE, 0xE7, 0xE7, 0xEB, 0x3F,
    0x00, 0x00, 0x00, 0x00, 0x00, 0x00, 0x00, 0x00, 0x00, 0x00, 0x00, 0x00, 0x00, 0x00, 0x00, 0x00,
    0xE7, 0xE7, 0xEB, 0x3F, 0xE6, 0xE8, 0xEC, 0xFE, 0xE6, 0xE8, 0xEC, 0xFE, 0xE6, 0xE8, 0xEC, 0xFE,
    0xE6, 0xE7, 0xEC, 0xA2, 0x00, 0x00, 0x00, 0x00, 0x00, 0x00, 0x00, 0x00, 0x00, 0x00, 0x00, 0x00,
    0x00, 0x00, 0x00, 0x00, 0x00, 0x00, 0x00, 0x00, 0x00, 0x00, 0x00, 0x00, 0x00, 0x00, 0x00, 0x00,
    0xE4, 0xEA, 0xEA, 0x30, 0xE4, 0xE9, 0xE9, 0x2F, 0xE6, 0xE7, 0xEB, 0xB7, 0xE5, 0xE9, 0xEC, 0x9F,
    0x00, 0x00, 0x00, 0x00, 0x00, 0x00, 0x00, 0x00, 0x00, 0x00, 0x00, 0x00, 0x00, 0x00, 0x00, 0x00,
    0xE6, 0xE9, 0xEC, 0xA0, 0xE6, 0xE9, 0xEB, 0xB6, 0xE4, 0xEA, 0xEA, 0x30, 0xE4, 0xE9, 0xE9, 0x2F,
    0x00, 0x00, 0x00, 0x00, 0x00, 0x00, 0x00, 0x00, 0x00, 0x00, 0x00, 0x00, 0x00, 0x00, 0x00, 0x00,
    0x00, 0x00, 0x00, 0x00, 0x00, 0x00, 0x00, 0x00, 0x00, 0x00, 0x00, 0x00, 0x00, 0x00, 0x00, 0x00,
    0x00, 0x00, 0x00, 0x00, 0x00, 0x00, 0x00, 0x00, 0xE7, 0xE7, 0xED, 0x56, 0xE6, 0xE8, 0xEC, 0xF4,
    0xEB, 0xEB, 0xEB, 0x0D, 0x00, 0x00, 0x00, 0x00, 0x00, 0x00, 0x00, 0x00, 0xEA, 0xEA, 0xEA, 0x0C,
    0xE6, 0xE8, 0xEC, 0xF3, 0xE7, 0xE7, 0xED, 0x55, 0x00, 0x00, 0x00, 0x00, 0x00, 0x00, 0x00, 0x00,
    0x00, 0x00, 0x00, 0x00, 0x00, 0x00, 0x00, 0x00, 0x00, 0x00, 0x00, 0x00, 0x00, 0x00, 0x00, 0x00,
    0x00, 0x00, 0x00, 0x00, 0x00, 0x00, 0x00, 0x00, 0x00, 0x00, 0x00, 0x00, 0x00, 0x00, 0x00, 0x00,
    0x00, 0x00, 0x00, 0x00, 0x00, 0x00, 0x00, 0x00, 0xD5, 0xD5, 0xFF, 0x06, 0xE6, 0xE8, 0xEB, 0xEB,
    0xE5, 0xE8, 0xED, 0x62, 0x00, 0x00, 0x00, 0x00, 0x00, 0x00, 0x00, 0x00, 0xE5, 0xE8, 0xED, 0x63,
    0xE6, 0xE8, 0xEC, 0xED, 0xDB, 0xDB, 0xDB, 0x07, 0x00, 0x00, 0x00, 0x00, 0x00, 0x00, 0x00, 0x00,
    0x00, 0x00, 0x00, 0x00, 0x00, 0x00, 0x00, 0x00, 0x00, 0x00, 0x00, 0x00, 0x00, 0x00, 0x00, 0x00,
    0x00, 0x00, 0x00, 0x00, 0x00, 0x00, 0x00, 0x00, 0x00, 0x00, 0x00, 0x00, 0x00, 0x00, 0x00, 0x00,
    0x00, 0x00, 0x00, 0x00, 0x00, 0x00, 0x00, 0x00, 0x00, 0x00, 0x00, 0x00, 0xE5, 0xE9, 0xEC, 0x94,
    0xE6, 0xE7, 0xEB, 0xC3, 0x00, 0x00, 0x00, 0x00, 0x00, 0x00, 0x00, 0x00, 0xE6, 0xE8, 0xEB, 0xC4,
    0xE7, 0xE8, 0xEC, 0x93, 0x00, 0x00, 0x00, 0x00, 0x00, 0x00, 0x00, 0x00, 0x00, 0x00, 0x00, 0x00,
    0x00, 0x00, 0x00, 0x00, 0x00, 0x00, 0x00, 0x00, 0x00, 0x00, 0x00, 0x00, 0x00, 0x00, 0x00, 0x00,
    0x00, 0x00, 0x00, 0x00, 0x00, 0x00, 0x00, 0x00, 0x00, 0x00, 0x00, 0x00, 0x00, 0x00, 0x00, 0x00,
    0x00, 0x00, 0x00, 0x00, 0x00, 0x00, 0x00, 0x00, 0x00, 0x00, 0x00, 0x00, 0xE6, 0xE6, 0xEB, 0x33,
    0xE6, 0xE8, 0xEC, 0xFF, 0xE6, 0xE6, 0xEC, 0x28, 0xE3, 0xEA, 0xEA, 0x25, 0xE6, 0xE8, 0xEC, 0xFE,
    0xE6, 0xE6, 0xEB, 0x32, 0x00, 0x00, 0x00, 0x00, 0x00, 0x00, 0x00, 0x00, 0x00, 0x00, 0x00, 0x00,
    0x00, 0x00, 0x00, 0x00, 0x00, 0x00, 0x00, 0x00, 0x00, 0x00, 0x00, 0x00, 0x00, 0x00, 0x00, 0x00,
    0x00, 0x00, 0x00, 0x00, 0x00, 0x00, 0x00, 0x00, 0x00, 0x00, 0x00, 0x00, 0x00, 0x00, 0x00, 0x00,
    0x00, 0x00, 0x00, 0x00, 0x00, 0x00, 0x00, 0x00, 0x00, 0x00, 0x00, 0x00, 0x00, 0x00, 0x00, 0x00,
    0xE6, 0xE8, 0xEB, 0xD0, 0xE6, 0xEA, 0xED, 0x9C, 0xE7, 0xE8, 0xEC, 0x9D, 0xE6, 0xE8, 0xEC, 0xD2,
    0x00, 0x00, 0x00, 0x00, 0x00, 0x00, 0x00, 0x00, 0x00, 0x00, 0x00, 0x00, 0x00, 0x00, 0x00, 0x00,
    0x00, 0x00, 0x00, 0x00, 0x00, 0x00, 0x00, 0x00, 0x00, 0x00, 0x00, 0x00, 0x00, 0x00, 0x00, 0x00,
    0x00, 0x00, 0x00, 0x00, 0x00, 0x00, 0x00, 0x00, 0x00, 0x00, 0x00, 0x00, 0x00, 0x00, 0x00, 0x00,
    0x00, 0x00, 0x00, 0x00, 0x00, 0x00, 0x00, 0x00, 0x00, 0x00, 0x00, 0x00, 0x00, 0x00, 0x00, 0x00,
    0xE6, 0xE7, 0xEC, 0xC9, 0xE6, 0xE7, 0xEC, 0xFF, 0xE6, 0xE7, 0xEC, 0xFF, 0xE7, 0xE8, 0xED, 0xC7,
    0x00, 0x00, 0x00, 0x00, 0x00, 0x00, 0x00, 0x00, 0x00, 0x00, 0x00, 0x00, 0x00, 0x00, 0x00, 0x00,
    0x00, 0x00, 0x00, 0x00, 0x00, 0x00, 0x00, 0x00, 0x00, 0x00, 0x00, 0x00, 0x00, 0x00, 0x00, 0x00,
    0x00, 0x00, 0x00, 0x00, 0x00, 0x00, 0x00, 0x00, 0x00, 0x00, 0x00, 0x00, 0x00, 0x00, 0x00, 0x00,
    0x00, 0x00, 0x00, 0x00, 0x00, 0x00, 0x00, 0x00, 0x00, 0x00, 0x00, 0x00, 0xE5, 0xEA, 0xEA, 0x31,
    0xE6, 0xE8, 0xEC, 0xFE, 0xE7, 0xE7, 0xED, 0x2B, 0xE8, 0xE8, 0xEE, 0x2C, 0xE6, 0xE8, 0xEC, 0xFE,
    0xE4, 0xEA, 0xEA, 0x30, 0x00, 0x00, 0x00, 0x00, 0x00, 0x00, 0x00, 0x00, 0x00, 0x00, 0x00, 0x00,
    0x00, 0x00, 0x00, 0x00, 0x00, 0x00, 0x00, 0x00, 0x00, 0x00, 0x00, 0x00, 0x00, 0x00, 0x00, 0x00,
    0x00, 0x00, 0x00, 0x00, 0x00, 0x00, 0x00, 0x00, 0x00, 0x00, 0x00, 0x00, 0x00, 0x00, 0x00, 0x00,
    0x00, 0x00, 0x00, 0x00, 0x00, 0x00, 0x00, 0x00, 0x00, 0x00, 0x00, 0x00, 0xE5, 0xEA, 0xEA, 0x31,
    0xE6, 0xE8, 0xEC, 0xFE, 0xE8, 0xE8, 0xEE, 0x2C, 0xE8, 0xE8, 0xEE, 0x2D, 0xE6, 0xE8, 0xEC, 0xFE,
    0xE4, 0xEA, 0xEA, 0x30, 0x00, 0x00, 0x00, 0x00, 0x00, 0x00, 0x00, 0x00, 0x00, 0x00, 0x00, 0x00,
    0x00, 0x00, 0x00, 0x00, 0x00, 0x00, 0x00, 0x00, 0x00, 0x00, 0x00, 0x00, 0x00, 0x00, 0x00, 0x00,
    0x00, 0x00, 0x00, 0x00, 0x00, 0x00, 0x00, 0x00, 0x00, 0x00, 0x00, 0x00, 0x00, 0x00, 0x00, 0x00,
    0x00, 0x00, 0x00, 0x00, 0x00, 0x00, 0x00, 0x00, 0x00, 0x00, 0x00, 0x00, 0x00, 0x00, 0x00, 0x00,
    0xE6, 0xE8, 0xEC, 0xA4, 0xE6, 0xE8, 0xEC, 0xFE, 0xE6, 0xE8, 0xEC, 0xFE, 0xE6, 0xE7, 0xEC, 0xA2,
    0x00, 0x00, 0x00, 0x00, 0x00, 0x00, 0x00, 0x00, 0x00, 0x00, 0x00, 0x00, 0x00, 0x00, 0x00, 0x00,
    0x00, 0x00, 0x00, 0x00, 0x00, 0x00, 0x00, 0x00, 0x00, 0x00, 0x00, 0x00, 0x00, 0x00, 0x00, 0x00,
    0x00, 0x00, 0x00, 0x00, 0x00, 0x00, 0x00, 0x00, 0x00, 0x00, 0x00, 0x00, 0x00, 0x00, 0x00, 0x00,
    0x00, 0x00, 0x00, 0x00, 0x00, 0x00, 0x00, 0x00, 0x00, 0x00, 0x00, 0x00, 0x00, 0x00, 0x00, 0x00,
    0x00, 0x00, 0x00, 0x00, 0xE4, 0xEA, 0xEA, 0x30, 0xE4, 0xE9, 0xE9, 0x2F, 0x00, 0x00, 0x00, 0x00,
    0x00, 0x00, 0x00, 0x00, 0x00, 0x00, 0x00, 0x00, 0x00, 0x00, 0x00, 0x00, 0x00, 0x00, 0x00, 0x00,
    0x00, 0x00, 0x00, 0x00, 0x00, 0x00, 0x00, 0x00, 0x00, 0x00, 0x00, 0x00, 0x00, 0x00, 0x00, 0x00,
    0x00, 0x00, 0x00, 0x00, 0x00, 0x00, 0x00, 0x00, 0x00, 0x00, 0x00, 0x00, 0x00, 0x00, 0x00, 0x00,
    0x00, 0x00, 0x00, 0x00, 0x00, 0x00, 0x00, 0x00, 0x00, 0x00, 0x00, 0x00, 0x00, 0x00, 0x00, 0x00,
    0x00, 0x00, 0x00, 0x00, 0x00, 0x00, 0x00, 0x00, 0x00, 0x00, 0x00, 0x00, 0x00, 0x00, 0x00, 0x00,
    0x00, 0x00, 0x00, 0x00, 0x00, 0x00, 0x00, 0x00, 0x00, 0x00, 0x00, 0x00, 0x00, 0x00, 0x00, 0x00,
    0x00, 0x00, 0x00, 0x00, 0x00, 0x00, 0x00, 0x00, 0x00, 0x00, 0x00, 0x00, 0x00, 0x00, 0x00, 0x00,
    0x00, 0x00, 0x00, 0x00, 0x00, 0x00, 0x00, 0x00, 0x00, 0x00, 0x00, 0x00, 0x00, 0x00, 0x00, 0x00,
    0x00, 0x00, 0x00, 0x00, 0x00, 0x00, 0x00, 0x00, 0x00, 0x00, 0x00, 0x00, 0x00, 0x00, 0x00, 0x00,
    0x00, 0x00, 0x00, 0x00, 0x00, 0x00, 0x00, 0x00, 0x00, 0x00, 0x00, 0x00, 0x00, 0x00, 0x00, 0x00,
    0x00, 0x00, 0x00, 0x00, 0x00, 0x00, 0x00, 0x00, 0x00, 0x00, 0x00, 0x00, 0x00, 0x00, 0x00, 0x00,
    0x00, 0x00, 0x00, 0x00, 0x00, 0x00, 0x00, 0x00, 0x00, 0x00, 0x00, 0x00, 0x00, 0x00, 0x00, 0x00,
}};
inline constexpr std::array<std::uint8_t, 1600> uve_node_icon_scene_node_registry_rgba{{
    0x00, 0x00, 0x00, 0x00, 0x00, 0x00, 0x00, 0x00, 0x00, 0x00, 0x00, 0x00, 0x00, 0x00, 0x00, 0x00,
    0x00, 0x00, 0x00, 0x00, 0x00, 0x00, 0x00, 0x00, 0x00, 0x00, 0x00, 0x00, 0x00, 0x00, 0x00, 0x00,
    0x00, 0x00, 0x00, 0x00, 0x00, 0x00, 0x00, 0x00, 0x00, 0x00, 0x00, 0x00, 0x00, 0x00, 0x00, 0x00,
    0x00, 0x00, 0x00, 0x00, 0x00, 0x00, 0x00, 0x00, 0x00, 0x00, 0x00, 0x00, 0x00, 0x00, 0x00, 0x00,
    0x00, 0x00, 0x00, 0x00, 0x00, 0x00, 0x00, 0x00, 0x00, 0x00, 0x00, 0x00, 0x00, 0x00, 0x00, 0x00,
    0x00, 0x00, 0x00, 0x00, 0x00, 0x00, 0x00, 0x00, 0x00, 0x00, 0x00, 0x00, 0x00, 0x00, 0x00, 0x00,
    0x00, 0x00, 0x00, 0x00, 0x00, 0x00, 0x00, 0x00, 0x00, 0x00, 0x00, 0x00, 0x00, 0x00, 0x00, 0x00,
    0x00, 0x00, 0x00, 0x00, 0x00, 0x00, 0x00, 0x00, 0x00, 0x00, 0x00, 0x00, 0x00, 0x00, 0x00, 0x00,
    0x00, 0x00, 0x00, 0x00, 0x00, 0x00, 0x00, 0x00, 0x00, 0x00, 0x00, 0x00, 0x00, 0x00, 0x00, 0x00,
    0x00, 0x00, 0x00, 0x00, 0x00, 0x00, 0x00, 0x00, 0x00, 0x00, 0x00, 0x00, 0x00, 0x00, 0x00, 0x00,
    0x00, 0x00, 0x00, 0x00, 0x00, 0x00, 0x00, 0x00, 0x00, 0x00, 0x00, 0x00, 0xDF, 0xEF, 0xEF, 0x10,
    0xE5, 0xE9, 0xEC, 0x44, 0xE5, 0xE9, 0xEC, 0x44, 0xE5, 0xE9, 0xEC, 0x44, 0xE5, 0xE9, 0xEC, 0x44,
    0xE5, 0xE9, 0xEC, 0x44, 0xE5, 0xE9, 0xEC, 0x44, 0xE5, 0xE9, 0xEC, 0x44, 0xE5, 0xE9, 0xEC, 0x44,
    0xE5, 0xE9, 0xEC, 0x44, 0xE5, 0xE9, 0xEC, 0x44, 0xE5, 0xE9, 0xEC, 0x44, 0xE5, 0xE9, 0xEC, 0x44,
    0xEE, 0xEE, 0xEE, 0x0F, 0x00, 0x00, 0x00, 0x00, 0x00, 0x00, 0x00, 0x00, 0x00, 0x00, 0x00, 0x00,
    0x00, 0x00, 0x00, 0x00, 0x00, 0x00, 0x00, 0x00, 0xDF, 0xEF, 0xEF, 0x10, 0xE6, 0xE8, 0xEC, 0xF0,
    0xE6, 0xE8, 0xEC, 0xF0, 0xE6, 0xE9, 0xEC, 0xEE, 0xE6, 0xE9, 0xEC, 0xEE, 0xE6, 0xE9, 0xEC, 0xEE,
    0xE6, 0xE9, 0xEC, 0xEE, 0xE6, 0xE9, 0xEC, 0xEE, 0xE6, 0xE9, 0xEC, 0xEE, 0xE6, 0xE9, 0xEC, 0xEE,
    0xE6, 0xE9, 0xEC, 0xEE, 0xE6, 0xE9, 0xEC, 0xEE, 0xE6, 0xE9, 0xEC, 0xEE, 0xE6, 0xE8, 0xEC, 0xF0,
    0xE6, 0xE8, 0xEC, 0xEF, 0xEE, 0xEE, 0xEE, 0x0F, 0x00, 0x00, 0x00, 0x00, 0x00, 0x00, 0x00, 0x00,
    0x00, 0x00, 0x00, 0x00, 0x00, 0x00, 0x00, 0x00, 0xE7, 0xE7, 0xEE, 0x49, 0xE6, 0xE8, 0xEC, 0xF5,
    0x00, 0x00, 0x00, 0x00, 0x00, 0x00, 0x00, 0x00, 0x00, 0x00, 0x00, 0x00, 0x00, 0x00, 0x00, 0x00,
    0x00, 0x00, 0x00, 0x00, 0x00, 0x00, 0x00, 0x00, 0x00, 0x00, 0x00, 0x00, 0x00, 0x00, 0x00, 0x00,
    0x00, 0x00, 0x00, 0x00, 0x00, 0x00, 0x00, 0x00, 0x00, 0x00, 0x00, 0x00, 0x00, 0x00, 0x00, 0x00,
    0xE6, 0xE8, 0xEC, 0xF5, 0xE7, 0xE7, 0xEE, 0x49, 0x00, 0x00, 0x00, 0x00, 0x00, 0x00, 0x00, 0x00,
    0x00, 0x00, 0x00, 0x00, 0x00, 0x00, 0x00, 0x00, 0xE7, 0xE7, 0xEE, 0x49, 0xE6, 0xE8, 0xEC, 0xF5,
    0x00, 0x00, 0x00, 0x00, 0x00, 0x00, 0x00, 0x00, 0x00, 0x00, 0x00, 0x00, 0x00, 0x00, 0x00, 0x00,
    0x00, 0x00, 0x00, 0x00, 0x00, 0x00, 0x00, 0x00, 0x00, 0x00, 0x00, 0x00, 0x00, 0x00, 0x00, 0x00,
    0x00, 0x00, 0x00, 0x00, 0x00, 0x00, 0x00, 0x00, 0x00, 0x00, 0x00, 0x00, 0x00, 0x00, 0x00, 0x00,
    0xE6, 0xE8, 0xEC, 0xF5, 0xE7, 0xE7, 0xEE, 0x49, 0x00, 0x00, 0x00, 0x00, 0x00, 0x00, 0x00, 0x00,
    0x00, 0x00, 0x00, 0x00, 0x00, 0x00, 0x00, 0x00, 0xDF, 0xEF, 0xEF, 0x10, 0xE6, 0xE8, 0xEC, 0xF0,
    0xE6, 0xE8, 0xEC, 0xF0, 0xE6, 0xE9, 0xEC, 0xEE, 0xE6, 0xE9, 0xEC, 0xEE, 0xE6, 0xE9, 0xEC, 0xEE,
    0xE6, 0xE9, 0xEC, 0xEE, 0xE6, 0xE9, 0xEC, 0xEE, 0xE6, 0xE9, 0xEC, 0xEE, 0xE6, 0xE9, 0xEC, 0xEE,
    0xE6, 0xE9, 0xEC, 0xEE, 0xE6, 0xE9, 0xEC, 0xEE, 0xE6, 0xE9, 0xEC, 0xEE, 0xE6, 0xE8, 0xEC, 0xF0,
    0xE6, 0xE8, 0xEC, 0xEF, 0xEE, 0xEE, 0xEE, 0x0F, 0x00, 0x00, 0x00, 0x00, 0x00, 0x00, 0x00, 0x00,
    0x00, 0x00, 0x00, 0x00, 0x00, 0x00, 0x00, 0x00, 0x00, 0x00, 0x00, 0x00, 0xE6, 0xEE, 0xEE, 0x1E,
    0xE5, 0xE7, 0xEC, 0x76, 0xE5, 0xE7, 0xEC, 0x76, 0xE5, 0xE7, 0xEC, 0x76, 0xE5, 0xE7, 0xEC, 0x76,
    0xE5, 0xE7, 0xEC, 0x76, 0xE5, 0xE7, 0xEC, 0x76, 0xE5, 0xE7, 0xEC, 0x76, 0xE5, 0xE7, 0xEC, 0x76,
    0xE5, 0xE7, 0xEC, 0x76, 0xE5, 0xE7, 0xEC, 0x76, 0xE5, 0xE7, 0xEC, 0x76, 0xE5, 0xE7, 0xEC, 0x76,
    0xED, 0xED, 0xED, 0x1D, 0x00, 0x00, 0x00, 0x00, 0x00, 0x00, 0x00, 0x00, 0x00, 0x00, 0x00, 0x00,
    0x00, 0x00, 0x00, 0x00, 0x00, 0x00, 0x00, 0x00, 0xDF, 0xEF, 0xEF, 0x10, 0xE6, 0xE8, 0xEC, 0xF0,
    0xE6, 0xE8, 0xEC, 0xF0, 0xE6, 0xE9, 0xEC, 0xEE, 0xE6, 0xE9, 0xEC, 0xEE, 0xE6, 0xE9, 0xEC, 0xEE,
    0xE6, 0xE9, 0xEC, 0xEE, 0xE6, 0xE9, 0xEC, 0xEE, 0xE6, 0xE9, 0xEC, 0xEE, 0xE6, 0xE9, 0xEC, 0xEE,
    0xE6, 0xE9, 0xEC, 0xEE, 0xE6, 0xE9, 0xEC, 0xEE, 0xE6, 0xE9, 0xEC, 0xEE, 0xE6, 0xE8, 0xEC, 0xF0,
    0xE6, 0xE8, 0xEC, 0xEF, 0xEE, 0xEE, 0xEE, 0x0F, 0x00, 0x00, 0x00, 0x00, 0x00, 0x00, 0x00, 0x00,
    0x00, 0x00, 0x00, 0x00, 0x00, 0x00, 0x00, 0x00, 0xE7, 0xE7, 0xEE, 0x49, 0xE6, 0xE8, 0xEC, 0xF5,
    0x00, 0x00, 0x00, 0x00, 0x00, 0x00, 0x00, 0x00, 0x00, 0x00, 0x00, 0x00, 0x00, 0x00, 0x00, 0x00,
    0x00, 0x00, 0x00, 0x00, 0x00, 0x00, 0x00, 0x00, 0x00, 0x00, 0x00, 0x00, 0x00, 0x00, 0x00, 0x00,
    0x00, 0x00, 0x00, 0x00, 0x00, 0x00, 0x00, 0x00, 0x00, 0x00, 0x00, 0x00, 0x00, 0x00, 0x00, 0x00,
    0xE6, 0xE8, 0xEC, 0xF5, 0xE7, 0xE7, 0xEE, 0x49, 0x00, 0x00, 0x00, 0x00, 0x00, 0x00, 0x00, 0x00,
    0x00, 0x00, 0x00, 0x00, 0x00, 0x00, 0x00, 0x00, 0xE7, 0xE7, 0xEE, 0x49, 0xE6, 0xE8, 0xEC, 0xF5,
    0x00, 0x00, 0x00, 0x00, 0x00, 0x00, 0x00, 0x00, 0x00, 0x00, 0x00, 0x00, 0x00, 0x00, 0x00, 0x00,
    0x00, 0x00, 0x00, 0x00, 0x00, 0x00, 0x00, 0x00, 0x00, 0x00, 0x00, 0x00, 0x00, 0x00, 0x00, 0x00,
    0x00, 0x00, 0x00, 0x00, 0x00, 0x00, 0x00, 0x00, 0x00, 0x00, 0x00, 0x00, 0x00, 0x00, 0x00, 0x00,
    0xE6, 0xE8, 0xEC, 0xF5, 0xE7, 0xE7, 0xEE, 0x49, 0x00, 0x00, 0x00, 0x00, 0x00, 0x00, 0x00, 0x00,
    0x00, 0x00, 0x00, 0x00, 0x00, 0x00, 0x00, 0x00, 0xDF, 0xEF, 0xEF, 0x10, 0xE6, 0xE8, 0xEC, 0xF0,
    0xE6, 0xE8, 0xEC, 0xF0, 0xE6, 0xE9, 0xEC, 0xEE, 0xE6, 0xE9, 0xEC, 0xEE, 0xE6, 0xE9, 0xEC, 0xEE,
    0xE6, 0xE9, 0xEC, 0xEE, 0xE6, 0xE9, 0xEC, 0xEE, 0xE6, 0xE9, 0xEC, 0xEE, 0xE6, 0xE9, 0xEC, 0xEE,
    0xE6, 0xE9, 0xEC, 0xEE, 0xE6, 0xE9, 0xEC, 0xEE, 0xE6, 0xE9, 0xEC, 0xEE, 0xE6, 0xE8, 0xEC, 0xF0,
    0xE6, 0xE8, 0xEC, 0xEF, 0xEE, 0xEE, 0xEE, 0x0F, 0x00, 0x00, 0x00, 0x00, 0x00, 0x00, 0x00, 0x00,
    0x00, 0x00, 0x00, 0x00, 0x00, 0x00, 0x00, 0x00, 0x00, 0x00, 0x00, 0x00, 0xE6, 0xEE, 0xEE, 0x1E,
    0xE5, 0xE7, 0xEC, 0x76, 0xE5, 0xE7, 0xEC, 0x76, 0xE5, 0xE7, 0xEC, 0x76, 0xE5, 0xE7, 0xEC, 0x76,
    0xE5, 0xE7, 0xEC, 0x76, 0xE5, 0xE7, 0xEC, 0x76, 0xE5, 0xE7, 0xEC, 0x76, 0xE5, 0xE7, 0xEC, 0x76,
    0xE5, 0xE7, 0xEC, 0x76, 0xE5, 0xE7, 0xEC, 0x76, 0xE5, 0xE7, 0xEC, 0x76, 0xE5, 0xE7, 0xEC, 0x76,
    0xED, 0xED, 0xED, 0x1D, 0x00, 0x00, 0x00, 0x00, 0x00, 0x00, 0x00, 0x00, 0x00, 0x00, 0x00, 0x00,
    0x00, 0x00, 0x00, 0x00, 0x00, 0x00, 0x00, 0x00, 0xDF, 0xEF, 0xEF, 0x10, 0xE6, 0xE8, 0xEC, 0xF0,
    0xE6, 0xE8, 0xEC, 0xF0, 0xE6, 0xE9, 0xEC, 0xEE, 0xE6, 0xE9, 0xEC, 0xEE, 0xE6, 0xE9, 0xEC, 0xEE,
    0xE6, 0xE9, 0xEC, 0xEE, 0xE6, 0xE9, 0xEC, 0xEE, 0xE6, 0xE9, 0xEC, 0xEE, 0xE6, 0xE9, 0xEC, 0xEE,
    0xE6, 0xE9, 0xEC, 0xEE, 0xE6, 0xE9, 0xEC, 0xEE, 0xE6, 0xE9, 0xEC, 0xEE, 0xE6, 0xE8, 0xEC, 0xF0,
    0xE6, 0xE8, 0xEC, 0xEF, 0xEE, 0xEE, 0xEE, 0x0F, 0x00, 0x00, 0x00, 0x00, 0x00, 0x00, 0x00, 0x00,
    0x00, 0x00, 0x00, 0x00, 0x00, 0x00, 0x00, 0x00, 0xE7, 0xE7, 0xEE, 0x49, 0xE6, 0xE8, 0xEC, 0xF5,
    0x00, 0x00, 0x00, 0x00, 0x00, 0x00, 0x00, 0x00, 0x00, 0x00, 0x00, 0x00, 0x00, 0x00, 0x00, 0x00,
    0x00, 0x00, 0x00, 0x00, 0x00, 0x00, 0x00, 0x00, 0x00, 0x00, 0x00, 0x00, 0x00, 0x00, 0x00, 0x00,
    0x00, 0x00, 0x00, 0x00, 0x00, 0x00, 0x00, 0x00, 0x00, 0x00, 0x00, 0x00, 0x00, 0x00, 0x00, 0x00,
    0xE6, 0xE8, 0xEC, 0xF5, 0xE7, 0xE7, 0xEE, 0x49, 0x00, 0x00, 0x00, 0x00, 0x00, 0x00, 0x00, 0x00,
    0x00, 0x00, 0x00, 0x00, 0x00, 0x00, 0x00, 0x00, 0xE7, 0xE7, 0xEE, 0x49, 0xE6, 0xE8, 0xEC, 0xF5,
    0x00, 0x00, 0x00, 0x00, 0x00, 0x00, 0x00, 0x00, 0x00, 0x00, 0x00, 0x00, 0x00, 0x00, 0x00, 0x00,
    0x00, 0x00, 0x00, 0x00, 0x00, 0x00, 0x00, 0x00, 0x00, 0x00, 0x00, 0x00, 0x00, 0x00, 0x00, 0x00,
    0x00, 0x00, 0x00, 0x00, 0x00, 0x00, 0x00, 0x00, 0x00, 0x00, 0x00, 0x00, 0x00, 0x00, 0x00, 0x00,
    0xE6, 0xE8, 0xEC, 0xF5, 0xE7, 0xE7, 0xEE, 0x49, 0x00, 0x00, 0x00, 0x00, 0x00, 0x00, 0x00, 0x00,
    0x00, 0x00, 0x00, 0x00, 0x00, 0x00, 0x00, 0x00, 0xDF, 0xEF, 0xEF, 0x10, 0xE6, 0xE8, 0xEC, 0xF0,
    0xE6, 0xE8, 0xEC, 0xF0, 0xE6, 0xE9, 0xEC, 0xEE, 0xE6, 0xE9, 0xEC, 0xEE, 0xE6, 0xE9, 0xEC, 0xEE,
    0xE6, 0xE9, 0xEC, 0xEE, 0xE6, 0xE9, 0xEC, 0xEE, 0xE6, 0xE9, 0xEC, 0xEE, 0xE6, 0xE9, 0xEC, 0xEE,
    0xE6, 0xE9, 0xEC, 0xEE, 0xE6, 0xE9, 0xEC, 0xEE, 0xE6, 0xE9, 0xEC, 0xEE, 0xE6, 0xE8, 0xEC, 0xF0,
    0xE6, 0xE8, 0xEC, 0xEF, 0xEE, 0xEE, 0xEE, 0x0F, 0x00, 0x00, 0x00, 0x00, 0x00, 0x00, 0x00, 0x00,
    0x00, 0x00, 0x00, 0x00, 0x00, 0x00, 0x00, 0x00, 0x00, 0x00, 0x00, 0x00, 0xEE, 0xEE, 0xEE, 0x0F,
    0xE5, 0xE9, 0xEC, 0x44, 0xE5, 0xE9, 0xEC, 0x44, 0xE5, 0xE9, 0xEC, 0x44, 0xE5, 0xE9, 0xEC, 0x44,
    0xE5, 0xE9, 0xEC, 0x44, 0xE5, 0xE9, 0xEC, 0x44, 0xE5, 0xE9, 0xEC, 0x44, 0xE5, 0xE9, 0xEC, 0x44,
    0xE5, 0xE9, 0xEC, 0x44, 0xE5, 0xE9, 0xEC, 0x44, 0xE5, 0xE9, 0xEC, 0x44, 0xE5, 0xE9, 0xEC, 0x44,
    0xEE, 0xEE, 0xEE, 0x0F, 0x00, 0x00, 0x00, 0x00, 0x00, 0x00, 0x00, 0x00, 0x00, 0x00, 0x00, 0x00,
    0x00, 0x00, 0x00, 0x00, 0x00, 0x00, 0x00, 0x00, 0x00, 0x00, 0x00, 0x00, 0x00, 0x00, 0x00, 0x00,
    0x00, 0x00, 0x00, 0x00, 0x00, 0x00, 0x00, 0x00, 0x00, 0x00, 0x00, 0x00, 0x00, 0x00, 0x00, 0x00,
    0x00, 0x00, 0x00, 0x00, 0x00, 0x00, 0x00, 0x00, 0x00, 0x00, 0x00, 0x00, 0x00, 0x00, 0x00, 0x00,
    0x00, 0x00, 0x00, 0x00, 0x00, 0x00, 0x00, 0x00, 0x00, 0x00, 0x00, 0x00, 0x00, 0x00, 0x00, 0x00,
    0x00, 0x00, 0x00, 0x00, 0x00, 0x00, 0x00, 0x00, 0x00, 0x00, 0x00, 0x00, 0x00, 0x00, 0x00, 0x00,
    0x00, 0x00, 0x00, 0x00, 0x00, 0x00, 0x00, 0x00, 0x00, 0x00, 0x00, 0x00, 0x00, 0x00, 0x00, 0x00,
    0x00, 0x00, 0x00, 0x00, 0x00, 0x00, 0x00, 0x00, 0x00, 0x00, 0x00, 0x00, 0x00, 0x00, 0x00, 0x00,
    0x00, 0x00, 0x00, 0x00, 0x00, 0x00, 0x00, 0x00, 0x00, 0x00, 0x00, 0x00, 0x00, 0x00, 0x00, 0x00,
    0x00, 0x00, 0x00, 0x00, 0x00, 0x00, 0x00, 0x00, 0x00, 0x00, 0x00, 0x00, 0x00, 0x00, 0x00, 0x00,
    0x00, 0x00, 0x00, 0x00, 0x00, 0x00, 0x00, 0x00, 0x00, 0x00, 0x00, 0x00, 0x00, 0x00, 0x00, 0x00,
}};
inline constexpr std::array<std::uint8_t, 1600> uve_node_icon_script_node_rgba{{
    0x00, 0x00, 0x00, 0x00, 0x00, 0x00, 0x00, 0x00, 0x00, 0x00, 0x00, 0x00, 0x00, 0x00, 0x00, 0x00,
    0x00, 0x00, 0x00, 0x00, 0x00, 0x00, 0x00, 0x00, 0x00, 0x00, 0x00, 0x00, 0x00, 0x00, 0x00, 0x00,
    0x00, 0x00, 0x00, 0x00, 0x00, 0x00, 0x00, 0x00, 0x00, 0x00, 0x00, 0x00, 0x00, 0x00, 0x00, 0x00,
    0x00, 0x00, 0x00, 0x00, 0x00, 0x00, 0x00, 0x00, 0x00, 0x00, 0x00, 0x00, 0x00, 0x00, 0x00, 0x00,
    0x00, 0x00, 0x00, 0x00, 0x00, 0x00, 0x00, 0x00, 0x00, 0x00, 0x00, 0x00, 0x00, 0x00, 0x00, 0x00,
    0x00, 0x00, 0x00, 0x00, 0x00, 0x00, 0x00, 0x00, 0x00, 0x00, 0x00, 0x00, 0x00, 0x00, 0x00, 0x00,
    0x00, 0x00, 0x00, 0x00, 0x00, 0x00, 0x00, 0x00, 0x00, 0x00, 0x00, 0x00, 0x00, 0x00, 0x00, 0x00,
    0x00, 0x00, 0x00, 0x00, 0x00, 0x00, 0x00, 0x00, 0x00, 0x00, 0x00, 0x00, 0x00, 0x00, 0x00, 0x00,
    0x00, 0x00, 0x00, 0x00, 0x00, 0x00, 0x00, 0x00, 0x00, 0x00, 0x00, 0x00, 0x00, 0x00, 0x00, 0x00,
    0x00, 0x00, 0x00, 0x00, 0x00, 0x00, 0x00, 0x00, 0x00, 0x00, 0x00, 0x00, 0x00, 0x00, 0x00, 0x00,
    0x00, 0x00, 0x00, 0x00, 0x00, 0x00, 0x00, 0x00, 0x00, 0x00, 0x00, 0x00, 0x00, 0x00, 0x00, 0x00,
    0x00, 0x00, 0x00, 0x00, 0x00, 0x00, 0x00, 0x00, 0x00, 0x00, 0x00, 0x00, 0x00, 0x00, 0x00, 0x00,
    0x00, 0x00, 0x00, 0x00, 0x00, 0x00, 0x00, 0x00, 0x00, 0x00, 0x00, 0x00, 0x00, 0x00, 0x00, 0x00,
    0x00, 0x00, 0x00, 0x00, 0x00, 0x00, 0x00, 0x00, 0x00, 0x00, 0x00, 0x00, 0x00, 0x00, 0x00, 0x00,
    0x00, 0x00, 0x00, 0x00, 0x00, 0x00, 0x00, 0x00, 0x00, 0x00, 0x00, 0x00, 0x00, 0x00, 0x00, 0x00,
    0x00, 0x00, 0x00, 0x00, 0x00, 0x00, 0x00, 0x00, 0x00, 0x00, 0x00, 0x00, 0x00, 0x00, 0x00, 0x00,
    0x00, 0x00, 0x00, 0x00, 0x00, 0x00, 0x00, 0x00, 0x00, 0x00, 0x00, 0x00, 0x00, 0x00, 0x00, 0x00,
    0x00, 0x00, 0x00, 0x00, 0x00, 0x00, 0x00, 0x00, 0xE5, 0xE9, 0xEC, 0x44, 0xE6, 0xE6, 0xEF, 0x1F,
    0x00, 0x00, 0x00, 0x00, 0x00, 0x00, 0x00, 0x00, 0x00, 0x00, 0x00, 0x00, 0x00, 0x00, 0x00, 0x00,
    0x00, 0x00, 0x00, 0x00, 0x00, 0x00, 0x00, 0x00, 0x00, 0x00, 0x00, 0x00, 0x00, 0x00, 0x00, 0x00,
    0x00, 0x00, 0x00, 0x00, 0x00, 0x00, 0x00, 0x00, 0x00, 0x00, 0x00, 0x00, 0x00, 0x00, 0x00, 0x00,
    0x00, 0x00, 0x00, 0x00, 0x00, 0x00, 0x00, 0x00, 0x00, 0x00, 0x00, 0x00, 0x00, 0x00, 0x00, 0x00,
    0x00, 0x00, 0x00, 0x00, 0x00, 0x00, 0x00, 0x00, 0xE6, 0xE8, 0xEC, 0xD7, 0xE6, 0xE9, 0xEB, 0x68,
    0x00, 0x00, 0x00, 0x00, 0x00, 0x00, 0x00, 0x00, 0x00, 0x00, 0x00, 0x00, 0x00, 0x00, 0x00, 0x00,
    0x00, 0x00, 0x00, 0x00, 0x00, 0x00, 0x00, 0x00, 0x00, 0x00, 0x00, 0x00, 0x00, 0x00, 0x00, 0x00,
    0x00, 0x00, 0x00, 0x00, 0x00, 0x00, 0x00, 0x00, 0x00, 0x00, 0x00, 0x00, 0x00, 0x00, 0x00, 0x00,
    0x00, 0x00, 0x00, 0x00, 0x00, 0x00, 0x00, 0x00, 0x00, 0x00, 0x00, 0x00, 0x00, 0x00, 0x00, 0x00,
    0x00, 0x00, 0x00, 0x00, 0xFF, 0xFF, 0xFF, 0x03, 0xE6, 0xE8, 0xEC, 0xF9, 0xE5, 0xE9, 0xED, 0x45,
    0x00, 0x00, 0x00, 0x00, 0x00, 0x00, 0x00, 0x00, 0x00, 0x00, 0x00, 0x00, 0x00, 0x00, 0x00, 0x00,
    0x00, 0x00, 0x00, 0x00, 0x00, 0x00, 0x00, 0x00, 0x00, 0x00, 0x00, 0x00, 0x00, 0x00, 0x00, 0x00,
    0x00, 0x00, 0x00, 0x00, 0x00, 0x00, 0x00, 0x00, 0x00, 0x00, 0x00, 0x00, 0x00, 0x00, 0x00, 0x00,
    0x00, 0x00, 0x00, 0x00, 0x00, 0x00, 0x00, 0x00, 0xE7, 0xE7, 0xEB, 0x41, 0xE6, 0xE8, 0xED, 0xDD,
    0xED, 0xED, 0xED, 0x0E, 0xE8, 0xE8, 0xF0, 0x21, 0xE6, 0xE8, 0xEC, 0xFF, 0xE4, 0xE9, 0xE9, 0x2F,
    0xE6, 0xE8, 0xED, 0xDD, 0xE7, 0xE7, 0xEB, 0x41, 0x00, 0x00, 0x00, 0x00, 0x00, 0x00, 0x00, 0x00,
    0x00, 0x00, 0x00, 0x00, 0x00, 0x00, 0x00, 0x00, 0x00, 0x00, 0x00, 0x00, 0x00, 0x00, 0x00, 0x00,
    0x00, 0x00, 0x00, 0x00, 0x00, 0x00, 0x00, 0x00, 0x00, 0x00, 0x00, 0x00, 0x00, 0x00, 0x00, 0x00,
    0x00, 0x00, 0x00, 0x00, 0xE7, 0xE7, 0xEB, 0x41, 0xE6, 0xE8, 0xEC, 0xF5, 0xE5, 0xE7, 0xED, 0x8B,
    0x00, 0x00, 0x00, 0x00, 0xE6, 0xE9, 0xED, 0x46, 0xE6, 0xE8, 0xEC, 0xF9, 0xFF, 0xFF, 0xFF, 0x03,
    0xE6, 0xE7, 0xED, 0x8C, 0xE6, 0xE8, 0xEC, 0xF5, 0xE7, 0xE7, 0xEB, 0x41, 0x00, 0x00, 0x00, 0x00,
    0x00, 0x00, 0x00, 0x00, 0x00, 0x00, 0x00, 0x00, 0x00, 0x00, 0x00, 0x00, 0x00, 0x00, 0x00, 0x00,
    0x00, 0x00, 0x00, 0x00, 0x00, 0x00, 0x00, 0x00, 0x00, 0x00, 0x00, 0x00, 0x00, 0x00, 0x00, 0x00,
    0xE6, 0xE6, 0xEA, 0x3D, 0xE6, 0xE8, 0xEC, 0xF3, 0xE6, 0xE8, 0xEB, 0x8E, 0x00, 0x00, 0x00, 0x00,
    0x00, 0x00, 0x00, 0x00, 0xE7, 0xE7, 0xEC, 0x6B, 0xE6, 0xE8, 0xEC, 0xD7, 0x00, 0x00, 0x00, 0x00,
    0x00, 0x00, 0x00, 0x00, 0xE6, 0xE8, 0xEC, 0x86, 0xE6, 0xE8, 0xEC, 0xF5, 0xE4, 0xE8, 0xEC, 0x43,
    0x00, 0x00, 0x00, 0x00, 0x00, 0x00, 0x00, 0x00, 0x00, 0x00, 0x00, 0x00, 0x00, 0x00, 0x00, 0x00,
    0x00, 0x00, 0x00, 0x00, 0x00, 0x00, 0x00, 0x00, 0x00, 0x00, 0x00, 0x00, 0xE7, 0xE7, 0xEC, 0x35,
    0xE6, 0xE8, 0xEC, 0xF5, 0xE6, 0xE7, 0xED, 0x8C, 0x00, 0x00, 0x00, 0x00, 0x00, 0x00, 0x00, 0x00,
    0x00, 0x00, 0x00, 0x00, 0xE6, 0xE8, 0xEB, 0x8E, 0xE5, 0xE8, 0xEC, 0xB3, 0x00, 0x00, 0x00, 0x00,
    0x00, 0x00, 0x00, 0x00, 0x00, 0x00, 0x00, 0x00, 0xE6, 0xE7, 0xED, 0x8C, 0xE6, 0xE8, 0xEC, 0xF5,
    0xE7, 0xE7, 0xEC, 0x35, 0x00, 0x00, 0x00, 0x00, 0x00, 0x00, 0x00, 0x00, 0x00, 0x00, 0x00, 0x00,
    0x00, 0x00, 0x00, 0x00, 0x00, 0x00, 0x00, 0x00, 0x00, 0x00, 0x00, 0x00, 0xE7, 0xE7, 0xEC, 0x35,
    0xE6, 0xE8, 0xEC, 0xF5, 0xE6, 0xE7, 0xED, 0x8C, 0x00, 0x00, 0x00, 0x00, 0x00, 0x00, 0x00, 0x00,
    0x00, 0x00, 0x00, 0x00, 0xE5, 0xE8, 0xEC, 0xB3, 0xE6, 0xE8, 0xEB, 0x8E, 0x00, 0x00, 0x00, 0x00,
    0x00, 0x00, 0x00, 0x00, 0x00, 0x00, 0x00, 0x00, 0xE6, 0xE7, 0xED, 0x8C, 0xE6, 0xE8, 0xEC, 0xF5,
    0xE7, 0xE7, 0xEC, 0x35, 0x00, 0x00, 0x00, 0x00, 0x00, 0x00, 0x00, 0x00, 0x00, 0x00, 0x00, 0x00,
    0x00, 0x00, 0x00, 0x00, 0x00, 0x00, 0x00, 0x00, 0x00, 0x00, 0x00, 0x00, 0x00, 0x00, 0x00, 0x00,
    0xE6, 0xE6, 0xEA, 0x3D, 0xE6, 0xE8, 0xEC, 0xF3, 0xE6, 0xE8, 0xEB, 0x8E, 0x00, 0x00, 0x00, 0x00,
    0x00, 0x00, 0x00, 0x00, 0xE6, 0xE9, 0xEC, 0xD8, 0xE7, 0xE7, 0xEC, 0x6A, 0x00, 0x00, 0x00, 0x00,
    0x00, 0x00, 0x00, 0x00, 0xE6, 0xE8, 0xEC, 0x86, 0xE6, 0xE8, 0xEC, 0xF5, 0xE8, 0xE8, 0xEC, 0x42,
    0x00, 0x00, 0x00, 0x00, 0x00, 0x00, 0x00, 0x00, 0x00, 0x00, 0x00, 0x00, 0x00, 0x00, 0x00, 0x00,
    0x00, 0x00, 0x00, 0x00, 0x00, 0x00, 0x00, 0x00, 0x00, 0x00, 0x00, 0x00, 0x00, 0x00, 0x00, 0x00,
    0x00, 0x00, 0x00, 0x00, 0xE7, 0xE7, 0xEB, 0x41, 0xE6, 0xE8, 0xEC, 0xF5, 0xE5, 0xE7, 0xED, 0x8B,
    0xFF, 0xFF, 0xFF, 0x03, 0xE6, 0xE8, 0xEC, 0xF9, 0xE6, 0xE9, 0xED, 0x46, 0x00, 0x00, 0x00, 0x00,
    0xE6, 0xE7, 0xED, 0x8C, 0xE6, 0xE8, 0xEC, 0xF5, 0xE7, 0xE7, 0xEB, 0x41, 0x00, 0x00, 0x00, 0x00,
    0x00, 0x00, 0x00, 0x00, 0x00, 0x00, 0x00, 0x00, 0x00, 0x00, 0x00, 0x00, 0x00, 0x00, 0x00, 0x00,
    0x00, 0x00, 0x00, 0x00, 0x00, 0x00, 0x00, 0x00, 0x00, 0x00, 0x00, 0x00, 0x00, 0x00, 0x00, 0x00,
    0x00, 0x00, 0x00, 0x00, 0x00, 0x00, 0x00, 0x00, 0xE7, 0xE7, 0xEB, 0x41, 0xE6, 0xE8, 0xED, 0xDD,
    0xE4, 0xE9, 0xE9, 0x2F, 0xE6, 0xE8, 0xEC, 0xFF, 0xE8, 0xE8, 0xF0, 0x21, 0xED, 0xED, 0xED, 0x0E,
    0xE6, 0xE8, 0xED, 0xDD, 0xE7, 0xE7, 0xEB, 0x41, 0x00, 0x00, 0x00, 0x00, 0x00, 0x00, 0x00, 0x00,
    0x00, 0x00, 0x00, 0x00, 0x00, 0x00, 0x00, 0x00, 0x00, 0x00, 0x00, 0x00, 0x00, 0x00, 0x00, 0x00,
    0x00, 0x00, 0x00, 0x00, 0x00, 0x00, 0x00, 0x00, 0x00, 0x00, 0x00, 0x00, 0x00, 0x00, 0x00, 0x00,
    0x00, 0x00, 0x00, 0x00, 0x00, 0x00, 0x00, 0x00, 0x00, 0x00, 0x00, 0x00, 0x00, 0x00, 0x00, 0x00,
    0xE6, 0xE9, 0xED, 0x46, 0xE6, 0xE8, 0xEC, 0xF9, 0xFF, 0xFF, 0xFF, 0x03, 0x00, 0x00, 0x00, 0x00,
    0x00, 0x00, 0x00, 0x00, 0x00, 0x00, 0x00, 0x00, 0x00, 0x00, 0x00, 0x00, 0x00, 0x00, 0x00, 0x00,
    0x00, 0x00, 0x00, 0x00, 0x00, 0x00, 0x00, 0x00, 0x00, 0x00, 0x00, 0x00, 0x00, 0x00, 0x00, 0x00,
    0x00, 0x00, 0x00, 0x00, 0x00, 0x00, 0x00, 0x00, 0x00, 0x00, 0x00, 0x00, 0x00, 0x00, 0x00, 0x00,
    0x00, 0x00, 0x00, 0x00, 0x00, 0x00, 0x00, 0x00, 0x00, 0x00, 0x00, 0x00, 0x00, 0x00, 0x00, 0x00,
    0xE6, 0xE9, 0xEB, 0x68, 0xE6, 0xE8, 0xEC, 0xD7, 0x00, 0x00, 0x00, 0x00, 0x00, 0x00, 0x00, 0x00,
    0x00, 0x00, 0x00, 0x00, 0x00, 0x00, 0x00, 0x00, 0x00, 0x00, 0x00, 0x00, 0x00, 0x00, 0x00, 0x00,
    0x00, 0x00, 0x00, 0x00, 0x00, 0x00, 0x00, 0x00, 0x00, 0x00, 0x00, 0x00, 0x00, 0x00, 0x00, 0x00,
    0x00, 0x00, 0x00, 0x00, 0x00, 0x00, 0x00, 0x00, 0x00, 0x00, 0x00, 0x00, 0x00, 0x00, 0x00, 0x00,
    0x00, 0x00, 0x00, 0x00, 0x00, 0x00, 0x00, 0x00, 0x00, 0x00, 0x00, 0x00, 0x00, 0x00, 0x00, 0x00,
    0xE6, 0xE6, 0xEF, 0x1F, 0xE5, 0xE9, 0xEC, 0x44, 0x00, 0x00, 0x00, 0x00, 0x00, 0x00, 0x00, 0x00,
    0x00, 0x00, 0x00, 0x00, 0x00, 0x00, 0x00, 0x00, 0x00, 0x00, 0x00, 0x00, 0x00, 0x00, 0x00, 0x00,
    0x00, 0x00, 0x00, 0x00, 0x00, 0x00, 0x00, 0x00, 0x00, 0x00, 0x00, 0x00, 0x00, 0x00, 0x00, 0x00,
    0x00, 0x00, 0x00, 0x00, 0x00, 0x00, 0x00, 0x00, 0x00, 0x00, 0x00, 0x00, 0x00, 0x00, 0x00, 0x00,
    0x00, 0x00, 0x00, 0x00, 0x00, 0x00, 0x00, 0x00, 0x00, 0x00, 0x00, 0x00, 0x00, 0x00, 0x00, 0x00,
    0x00, 0x00, 0x00, 0x00, 0x00, 0x00, 0x00, 0x00, 0x00, 0x00, 0x00, 0x00, 0x00, 0x00, 0x00, 0x00,
    0x00, 0x00, 0x00, 0x00, 0x00, 0x00, 0x00, 0x00, 0x00, 0x00, 0x00, 0x00, 0x00, 0x00, 0x00, 0x00,
    0x00, 0x00, 0x00, 0x00, 0x00, 0x00, 0x00, 0x00, 0x00, 0x00, 0x00, 0x00, 0x00, 0x00, 0x00, 0x00,
    0x00, 0x00, 0x00, 0x00, 0x00, 0x00, 0x00, 0x00, 0x00, 0x00, 0x00, 0x00, 0x00, 0x00, 0x00, 0x00,
    0x00, 0x00, 0x00, 0x00, 0x00, 0x00, 0x00, 0x00, 0x00, 0x00, 0x00, 0x00, 0x00, 0x00, 0x00, 0x00,
    0x00, 0x00, 0x00, 0x00, 0x00, 0x00, 0x00, 0x00, 0x00, 0x00, 0x00, 0x00, 0x00, 0x00, 0x00, 0x00,
    0x00, 0x00, 0x00, 0x00, 0x00, 0x00, 0x00, 0x00, 0x00, 0x00, 0x00, 0x00, 0x00, 0x00, 0x00, 0x00,
    0x00, 0x00, 0x00, 0x00, 0x00, 0x00, 0x00, 0x00, 0x00, 0x00, 0x00, 0x00, 0x00, 0x00, 0x00, 0x00,
    0x00, 0x00, 0x00, 0x00, 0x00, 0x00, 0x00, 0x00, 0x00, 0x00, 0x00, 0x00, 0x00, 0x00, 0x00, 0x00,
    0x00, 0x00, 0x00, 0x00, 0x00, 0x00, 0x00, 0x00, 0x00, 0x00, 0x00, 0x00, 0x00, 0x00, 0x00, 0x00,
    0x00, 0x00, 0x00, 0x00, 0x00, 0x00, 0x00, 0x00, 0x00, 0x00, 0x00, 0x00, 0x00, 0x00, 0x00, 0x00,
    0x00, 0x00, 0x00, 0x00, 0x00, 0x00, 0x00, 0x00, 0x00, 0x00, 0x00, 0x00, 0x00, 0x00, 0x00, 0x00,
    0x00, 0x00, 0x00, 0x00, 0x00, 0x00, 0x00, 0x00, 0x00, 0x00, 0x00, 0x00, 0x00, 0x00, 0x00, 0x00,
}};
inline constexpr std::array<std::uint8_t, 1600> uve_node_icon_skeleton_3d_node_rgba{{
    0x00, 0x00, 0x00, 0x00, 0x00, 0x00, 0x00, 0x00, 0x00, 0x00, 0x00, 0x00, 0x00, 0x00, 0x00, 0x00,
    0x00, 0x00, 0x00, 0x00, 0x00, 0x00, 0x00, 0x00, 0x00, 0x00, 0x00, 0x00, 0x00, 0x00, 0x00, 0x00,
    0x00, 0x00, 0x00, 0x00, 0x00, 0x00, 0x00, 0x00, 0x00, 0x00, 0x00, 0x00, 0x00, 0x00, 0x00, 0x00,
    0x00, 0x00, 0x00, 0x00, 0x00, 0x00, 0x00, 0x00, 0x00, 0x00, 0x00, 0x00, 0x00, 0x00, 0x00, 0x00,
    0x00, 0x00, 0x00, 0x00, 0x00, 0x00, 0x00, 0x00, 0x00, 0x00, 0x00, 0x00, 0x00, 0x00, 0x00, 0x00,
    0x00, 0x00, 0x00, 0x00, 0x00, 0x00, 0x00, 0x00, 0x00, 0x00, 0x00, 0x00, 0x00, 0x00, 0x00, 0x00,
    0x00, 0x00, 0x00, 0x00, 0x00, 0x00, 0x00, 0x00, 0x00, 0x00, 0x00, 0x00, 0x00, 0x00, 0x00, 0x00,
    0x00, 0x00, 0x00, 0x00, 0x00, 0x00, 0x00, 0x00, 0x00, 0x00, 0x00, 0x00, 0x00, 0x00, 0x00, 0x00,
    0x00, 0x00, 0x00, 0x00, 0x00, 0x00, 0x00, 0x00, 0x00, 0x00, 0x00, 0x00, 0x00, 0x00, 0x00, 0x00,
    0x00, 0x00, 0x00, 0x00, 0x00, 0x00, 0x00, 0x00, 0x00, 0x00, 0x00, 0x00, 0x00, 0x00, 0x00, 0x00,
    0x00, 0x00, 0x00, 0x00, 0x00, 0x00, 0x00, 0x00, 0xE4, 0xEA, 0xEA, 0x30, 0xE6, 0xE9, 0xEC, 0xCC,
    0xE6, 0xE8, 0xEC, 0xE1, 0xE7, 0xE7, 0xEC, 0x6A, 0x00, 0x00, 0x00, 0x00, 0x00, 0x00, 0x00, 0x00,
    0x00, 0x00, 0x00, 0x00, 0x00, 0x00, 0x00, 0x00, 0x00, 0x00, 0x00, 0x00, 0x00, 0x00, 0x00, 0x00,
    0x00, 0x00, 0x00, 0x00, 0x00, 0x00, 0x00, 0x00, 0xE7, 0xE7, 0xEC, 0x6A, 0xE6, 0xE8, 0xEC, 0xE2,
    0xE6, 0xE9, 0xEC, 0xCC, 0xE4, 0xEA, 0xEA, 0x30, 0x00, 0x00, 0x00, 0x00, 0x00, 0x00, 0x00, 0x00,
    0x00, 0x00, 0x00, 0x00, 0x00, 0x00, 0x00, 0x00, 0xE6, 0xE9, 0xEC, 0xCC, 0xE6, 0xE9, 0xEC, 0xAB,
    0xE6, 0xE8, 0xED, 0x71, 0xE6, 0xE8, 0xEC, 0xFD, 0xE9, 0xE9, 0xE9, 0x23, 0x00, 0x00, 0x00, 0x00,
    0x00, 0x00, 0x00, 0x00, 0x00, 0x00, 0x00, 0x00, 0x00, 0x00, 0x00, 0x00, 0x00, 0x00, 0x00, 0x00,
    0x00, 0x00, 0x00, 0x00, 0xE3, 0xEA, 0xEA, 0x24, 0xE6, 0xE8, 0xEC, 0xFD, 0xE6, 0xE8, 0xED, 0x70,
    0xE6, 0xE7, 0xEC, 0xAC, 0xE6, 0xE8, 0xEC, 0xCA, 0x00, 0x00, 0x00, 0x00, 0x00, 0x00, 0x00, 0x00,
    0x00, 0x00, 0x00, 0x00, 0x00, 0x00, 0x00, 0x00, 0xE6, 0xE8, 0xEC, 0xE2, 0xE6, 0xE8, 0xED, 0x70,
    0xE7, 0xE7, 0xED, 0x2B, 0xE6, 0xE8, 0xEC, 0xFD, 0xE8, 0xE8, 0xED, 0x38, 0x00, 0x00, 0x00, 0x00,
    0x00, 0x00, 0x00, 0x00, 0x00, 0x00, 0x00, 0x00, 0x00, 0x00, 0x00, 0x00, 0x00, 0x00, 0x00, 0x00,
    0x00, 0x00, 0x00, 0x00, 0xE4, 0xE9, 0xED, 0x39, 0xE6, 0xE9, 0xED, 0xFD, 0xE7, 0xE7, 0xED, 0x2A,
    0xE6, 0xE8, 0xED, 0x71, 0xE6, 0xE8, 0xEC, 0xE1, 0x00, 0x00, 0x00, 0x00, 0x00, 0x00, 0x00, 0x00,
    0x00, 0x00, 0x00, 0x00, 0x00, 0x00, 0x00, 0x00, 0xE7, 0xE9, 0xEC, 0x69, 0xE6, 0xE8, 0xEC, 0xFD,
    0xE6, 0xE8, 0xEC, 0xFD, 0xE6, 0xE8, 0xEC, 0xFE, 0xE6, 0xE8, 0xED, 0x65, 0x00, 0x00, 0x00, 0x00,
    0x00, 0x00, 0x00, 0x00, 0x00, 0x00, 0x00, 0x00, 0x00, 0x00, 0x00, 0x00, 0x00, 0x00, 0x00, 0x00,
    0x00, 0x00, 0x00, 0x00, 0xE6, 0xE8, 0xED, 0x65, 0xE6, 0xE8, 0xEC, 0xFE, 0xE6, 0xE9, 0xED, 0xFD,
    0xE6, 0xE8, 0xEC, 0xFD, 0xE6, 0xE9, 0xEB, 0x68, 0x00, 0x00, 0x00, 0x00, 0x00, 0x00, 0x00, 0x00,
    0x00, 0x00, 0x00, 0x00, 0x00, 0x00, 0x00, 0x00, 0x00, 0x00, 0x00, 0x00, 0xE9, 0xE9, 0xE9, 0x23,
    0xE8, 0xE8, 0xEC, 0x37, 0xE6, 0xE8, 0xED, 0x64, 0xE6, 0xE8, 0xEC, 0xFC, 0xE7, 0xE9, 0xEC, 0x69,
    0x00, 0x00, 0x00, 0x00, 0x00, 0x00, 0x00, 0x00, 0x00, 0x00, 0x00, 0x00, 0x00, 0x00, 0x00, 0x00,
    0xE5, 0xE8, 0xED, 0x62, 0xE6, 0xE8, 0xEC, 0xFC, 0xE7, 0xEA, 0xEC, 0x6B, 0xE8, 0xE8, 0xEC, 0x37,
    0xE9, 0xE9, 0xE9, 0x23, 0x00, 0x00, 0x00, 0x00, 0x00, 0x00, 0x00, 0x00, 0x00, 0x00, 0x00, 0x00,
    0x00, 0x00, 0x00, 0x00, 0x00, 0x00, 0x00, 0x00, 0x00, 0x00, 0x00, 0x00, 0x00, 0x00, 0x00, 0x00,
    0x00, 0x00, 0x00, 0x00, 0x00, 0x00, 0x00, 0x00, 0xE5, 0xE8, 0xED, 0x62, 0xE6, 0xE8, 0xEC, 0xFC,
    0xE7, 0xE9, 0xEC, 0x69, 0xE6, 0xE6, 0xE6, 0x0A, 0xE6, 0xE6, 0xE6, 0x0A, 0xE5, 0xE8, 0xED, 0x62,
    0xE6, 0xE8, 0xEC, 0xFC, 0xE7, 0xE9, 0xEC, 0x69, 0x00, 0x00, 0x00, 0x00, 0x00, 0x00, 0x00, 0x00,
    0x00, 0x00, 0x00, 0x00, 0x00, 0x00, 0x00, 0x00, 0x00, 0x00, 0x00, 0x00, 0x00, 0x00, 0x00, 0x00,
    0x00, 0x00, 0x00, 0x00, 0x00, 0x00, 0x00, 0x00, 0x00, 0x00, 0x00, 0x00, 0x00, 0x00, 0x00, 0x00,
    0x00, 0x00, 0x00, 0x00, 0x00, 0x00, 0x00, 0x00, 0x00, 0x00, 0x00, 0x00, 0xE5, 0xE8, 0xED, 0x63,
    0xE6, 0xE8, 0xEC, 0xFD, 0xE5, 0xE8, 0xEC, 0xFC, 0xE6, 0xE8, 0xEC, 0xFC, 0xE6, 0xE8, 0xEC, 0xFD,
    0xE5, 0xE8, 0xED, 0x63, 0x00, 0x00, 0x00, 0x00, 0x00, 0x00, 0x00, 0x00, 0x00, 0x00, 0x00, 0x00,
    0x00, 0x00, 0x00, 0x00, 0x00, 0x00, 0x00, 0x00, 0x00, 0x00, 0x00, 0x00, 0x00, 0x00, 0x00, 0x00,
    0x00, 0x00, 0x00, 0x00, 0x00, 0x00, 0x00, 0x00, 0x00, 0x00, 0x00, 0x00, 0x00, 0x00, 0x00, 0x00,
    0x00, 0x00, 0x00, 0x00, 0x00, 0x00, 0x00, 0x00, 0x00, 0x00, 0x00, 0x00, 0xE6, 0xE6, 0xE6, 0x0A,
    0xE5, 0xE8, 0xEC, 0xFC, 0xE6, 0xE8, 0xEC, 0x86, 0xE7, 0xE7, 0xEA, 0x88, 0xE7, 0xE9, 0xEC, 0xFB,
    0xE6, 0xE6, 0xE6, 0x0A, 0x00, 0x00, 0x00, 0x00, 0x00, 0x00, 0x00, 0x00, 0x00, 0x00, 0x00, 0x00,
    0x00, 0x00, 0x00, 0x00, 0x00, 0x00, 0x00, 0x00, 0x00, 0x00, 0x00, 0x00, 0x00, 0x00, 0x00, 0x00,
    0x00, 0x00, 0x00, 0x00, 0x00, 0x00, 0x00, 0x00, 0x00, 0x00, 0x00, 0x00, 0x00, 0x00, 0x00, 0x00,
    0x00, 0x00, 0x00, 0x00, 0x00, 0x00, 0x00, 0x00, 0x00, 0x00, 0x00, 0x00, 0xE6, 0xE6, 0xE6, 0x0A,
    0xE7, 0xE9, 0xEC, 0xFA, 0xE7, 0xE7, 0xEA, 0x88, 0xE7, 0xE7, 0xEC, 0x88, 0xE7, 0xE9, 0xEB, 0xFA,
    0xE6, 0xE6, 0xE6, 0x0A, 0x00, 0x00, 0x00, 0x00, 0x00, 0x00, 0x00, 0x00, 0x00, 0x00, 0x00, 0x00,
    0x00, 0x00, 0x00, 0x00, 0x00, 0x00, 0x00, 0x00, 0x00, 0x00, 0x00, 0x00, 0x00, 0x00, 0x00, 0x00,
    0x00, 0x00, 0x00, 0x00, 0x00, 0x00, 0x00, 0x00, 0x00, 0x00, 0x00, 0x00, 0x00, 0x00, 0x00, 0x00,
    0x00, 0x00, 0x00, 0x00, 0x00, 0x00, 0x00, 0x00, 0x00, 0x00, 0x00, 0x00, 0xFF, 0xFF, 0xFF, 0x05,
    0xE5, 0xE8, 0xEC, 0xDF, 0xE6, 0xE9, 0xEC, 0xFD, 0xE6, 0xE9, 0xEC, 0xFD, 0xE6, 0xE8, 0xED, 0xDE,
    0xFF, 0xFF, 0xFF, 0x05, 0x00, 0x00, 0x00, 0x00, 0x00, 0x00, 0x00, 0x00, 0x00, 0x00, 0x00, 0x00,
    0x00, 0x00, 0x00, 0x00, 0x00, 0x00, 0x00, 0x00, 0x00, 0x00, 0x00, 0x00, 0x00, 0x00, 0x00, 0x00,
    0x00, 0x00, 0x00, 0x00, 0x00, 0x00, 0x00, 0x00, 0x00, 0x00, 0x00, 0x00, 0x00, 0x00, 0x00, 0x00,
    0x00, 0x00, 0x00, 0x00, 0x00, 0x00, 0x00, 0x00, 0x00, 0x00, 0x00, 0x00, 0xE6, 0xE7, 0xEB, 0x8D,
    0xE6, 0xE8, 0xEC, 0xE9, 0xE2, 0xE9, 0xE9, 0x23, 0xE7, 0xE7, 0xE7, 0x20, 0xE6, 0xE8, 0xEC, 0xE6,
    0xE6, 0xE7, 0xED, 0x8C, 0x00, 0x00, 0x00, 0x00, 0x00, 0x00, 0x00, 0x00, 0x00, 0x00, 0x00, 0x00,
    0x00, 0x00, 0x00, 0x00, 0x00, 0x00, 0x00, 0x00, 0x00, 0x00, 0x00, 0x00, 0x00, 0x00, 0x00, 0x00,
    0x00, 0x00, 0x00, 0x00, 0x00, 0x00, 0x00, 0x00, 0x00, 0x00, 0x00, 0x00, 0x00, 0x00, 0x00, 0x00,
    0xFF, 0xFF, 0xFF, 0x03, 0xE8, 0xE8, 0xED, 0x38, 0xE8, 0xE8, 0xEB, 0x64, 0xE6, 0xE8, 0xEC, 0xFC,
    0xE6, 0xE9, 0xED, 0x46, 0x00, 0x00, 0x00, 0x00, 0x00, 0x00, 0x00, 0x00, 0xE7, 0xE7, 0xEB, 0x41,
    0xE6, 0xE8, 0xEC, 0xFB, 0xE4, 0xE9, 0xEC, 0x69, 0xE8, 0xE8, 0xED, 0x38, 0xFF, 0xFF, 0xFF, 0x03,
    0x00, 0x00, 0x00, 0x00, 0x00, 0x00, 0x00, 0x00, 0x00, 0x00, 0x00, 0x00, 0x00, 0x00, 0x00, 0x00,
    0x00, 0x00, 0x00, 0x00, 0x00, 0x00, 0x00, 0x00, 0x00, 0x00, 0x00, 0x00, 0xFF, 0xFF, 0xFF, 0x03,
    0xE6, 0xE8, 0xEC, 0xBB, 0xE6, 0xE8, 0xEC, 0xFD, 0xE6, 0xE8, 0xEB, 0xFF, 0xE7, 0xE8, 0xED, 0xB5,
    0x00, 0x00, 0x00, 0x00, 0x00, 0x00, 0x00, 0x00, 0x00, 0x00, 0x00, 0x00, 0x00, 0x00, 0x00, 0x00,
    0xE6, 0xE7, 0xEB, 0xB6, 0xE6, 0xE8, 0xEB, 0xFF, 0xE6, 0xE8, 0xEC, 0xFD, 0xE6, 0xE8, 0xEC, 0xBB,
    0xFF, 0xFF, 0xFF, 0x03, 0x00, 0x00, 0x00, 0x00, 0x00, 0x00, 0x00, 0x00, 0x00, 0x00, 0x00, 0x00,
    0x00, 0x00, 0x00, 0x00, 0x00, 0x00, 0x00, 0x00, 0x00, 0x00, 0x00, 0x00, 0xE4, 0xE9, 0xED, 0x39,
    0xE6, 0xE8, 0xEC, 0xFC, 0xE4, 0xE4, 0xED, 0x1C, 0xE5, 0xE7, 0xED, 0x81, 0xE6, 0xE8, 0xEC, 0xE1,
    0x00, 0x00, 0x00, 0x00, 0x00, 0x00, 0x00, 0x00, 0x00, 0x00, 0x00, 0x00, 0x00, 0x00, 0x00, 0x00,
    0xE6, 0xE8, 0xEC, 0xE2, 0xE7, 0xE9, 0xED, 0x7F, 0xE5, 0xE5, 0xED, 0x1D, 0xE6, 0xE8, 0xEC, 0xFD,
    0xE8, 0xE8, 0xED, 0x38, 0x00, 0x00, 0x00, 0x00, 0x00, 0x00, 0x00, 0x00, 0x00, 0x00, 0x00, 0x00,
    0x00, 0x00, 0x00, 0x00, 0x00, 0x00, 0x00, 0x00, 0x00, 0x00, 0x00, 0x00, 0xE3, 0xEA, 0xEA, 0x24,
    0xE6, 0xE8, 0xEC, 0xFD, 0xE6, 0xE8, 0xED, 0x71, 0xE6, 0xE7, 0xEC, 0xAC, 0xE6, 0xE8, 0xEC, 0xCA,
    0x00, 0x00, 0x00, 0x00, 0x00, 0x00, 0x00, 0x00, 0x00, 0x00, 0x00, 0x00, 0x00, 0x00, 0x00, 0x00,
    0xE6, 0xE8, 0xEC, 0xCB, 0xE6, 0xE9, 0xEC, 0xAB, 0xE6, 0xE9, 0xED, 0x72, 0xE6, 0xE8, 0xEC, 0xFD,
    0xE9, 0xE9, 0xE9, 0x23, 0x00, 0x00, 0x00, 0x00, 0x00, 0x00, 0x00, 0x00, 0x00, 0x00, 0x00, 0x00,
    0x00, 0x00, 0x00, 0x00, 0x00, 0x00, 0x00, 0x00, 0x00, 0x00, 0x00, 0x00, 0x00, 0x00, 0x00, 0x00,
    0xE7, 0xE9, 0xEC, 0x69, 0xE6, 0xE8, 0xEC, 0xE1, 0xE6, 0xE8, 0xEC, 0xCA, 0xE4, 0xE9, 0xE9, 0x2F,
    0x00, 0x00, 0x00, 0x00, 0x00, 0x00, 0x00, 0x00, 0x00, 0x00, 0x00, 0x00, 0x00, 0x00, 0x00, 0x00,
    0xE4, 0xEA, 0xEA, 0x30, 0xE6, 0xE8, 0xEC, 0xCA, 0xE6, 0xE8, 0xEC, 0xE1, 0xE7, 0xE9, 0xEC, 0x69,
    0x00, 0x00, 0x00, 0x00, 0x00, 0x00, 0x00, 0x00, 0x00, 0x00, 0x00, 0x00, 0x00, 0x00, 0x00, 0x00,
    0x00, 0x00, 0x00, 0x00, 0x00, 0x00, 0x00, 0x00, 0x00, 0x00, 0x00, 0x00, 0x00, 0x00, 0x00, 0x00,
    0x00, 0x00, 0x00, 0x00, 0x00, 0x00, 0x00, 0x00, 0x00, 0x00, 0x00, 0x00, 0x00, 0x00, 0x00, 0x00,
    0x00, 0x00, 0x00, 0x00, 0x00, 0x00, 0x00, 0x00, 0x00, 0x00, 0x00, 0x00, 0x00, 0x00, 0x00, 0x00,
    0x00, 0x00, 0x00, 0x00, 0x00, 0x00, 0x00, 0x00, 0x00, 0x00, 0x00, 0x00, 0x00, 0x00, 0x00, 0x00,
    0x00, 0x00, 0x00, 0x00, 0x00, 0x00, 0x00, 0x00, 0x00, 0x00, 0x00, 0x00, 0x00, 0x00, 0x00, 0x00,
    0x00, 0x00, 0x00, 0x00, 0x00, 0x00, 0x00, 0x00, 0x00, 0x00, 0x00, 0x00, 0x00, 0x00, 0x00, 0x00,
    0x00, 0x00, 0x00, 0x00, 0x00, 0x00, 0x00, 0x00, 0x00, 0x00, 0x00, 0x00, 0x00, 0x00, 0x00, 0x00,
    0x00, 0x00, 0x00, 0x00, 0x00, 0x00, 0x00, 0x00, 0x00, 0x00, 0x00, 0x00, 0x00, 0x00, 0x00, 0x00,
    0x00, 0x00, 0x00, 0x00, 0x00, 0x00, 0x00, 0x00, 0x00, 0x00, 0x00, 0x00, 0x00, 0x00, 0x00, 0x00,
    0x00, 0x00, 0x00, 0x00, 0x00, 0x00, 0x00, 0x00, 0x00, 0x00, 0x00, 0x00, 0x00, 0x00, 0x00, 0x00,
}};
inline constexpr std::array<std::uint8_t, 1600> uve_node_icon_spawn_point_3d_node_rgba{{
    0x00, 0x00, 0x00, 0x00, 0x00, 0x00, 0x00, 0x00, 0x00, 0x00, 0x00, 0x00, 0x00, 0x00, 0x00, 0x00,
    0x00, 0x00, 0x00, 0x00, 0x00, 0x00, 0x00, 0x00, 0x00, 0x00, 0x00, 0x00, 0x00, 0x00, 0x00, 0x00,
    0x00, 0x00, 0x00, 0x00, 0x00, 0x00, 0x00, 0x00, 0x00, 0x00, 0x00, 0x00, 0x00, 0x00, 0x00, 0x00,
    0x00, 0x00, 0x00, 0x00, 0x00, 0x00, 0x00, 0x00, 0x00, 0x00, 0x00, 0x00, 0x00, 0x00, 0x00, 0x00,
    0x00, 0x00, 0x00, 0x00, 0x00, 0x00, 0x00, 0x00, 0x00, 0x00, 0x00, 0x00, 0x00, 0x00, 0x00, 0x00,
    0x00, 0x00, 0x00, 0x00, 0x00, 0x00, 0x00, 0x00, 0x00, 0x00, 0x00, 0x00, 0x00, 0x00, 0x00, 0x00,
    0x00, 0x00, 0x00, 0x00, 0x00, 0x00, 0x00, 0x00, 0x00, 0x00, 0x00, 0x00, 0x00, 0x00, 0x00, 0x00,
    0x00, 0x00, 0x00, 0x00, 0x00, 0x00, 0x00, 0x00, 0x00, 0x00, 0x00, 0x00, 0x00, 0x00, 0x00, 0x00,
    0x00, 0x00, 0x00, 0x00, 0x00, 0x00, 0x00, 0x00, 0x00, 0x00, 0x00, 0x00, 0x00, 0x00, 0x00, 0x00,
    0x00, 0x00, 0x00, 0x00, 0x00, 0x00, 0x00, 0x00, 0x00, 0x00, 0x00, 0x00, 0x00, 0x00, 0x00, 0x00,
    0x00, 0x00, 0x00, 0x00, 0x00, 0x00, 0x00, 0x00, 0x00, 0x00, 0x00, 0x00, 0x00, 0x00, 0x00, 0x00,
    0x00, 0x00, 0x00, 0x00, 0x00, 0x00, 0x00, 0x00, 0x00, 0x00, 0x00, 0x00, 0x00, 0x00, 0x00, 0x00,
    0xE6, 0xE6, 0xEF, 0x1F, 0xE6, 0xE6, 0xEA, 0x3E, 0xE6, 0xE6, 0xEA, 0x3E, 0xE6, 0xE6, 0xEE, 0x1E,
    0x00, 0x00, 0x00, 0x00, 0x00, 0x00, 0x00, 0x00, 0x00, 0x00, 0x00, 0x00, 0x00, 0x00, 0x00, 0x00,
    0x00, 0x00, 0x00, 0x00, 0x00, 0x00, 0x00, 0x00, 0x00, 0x00, 0x00, 0x00, 0x00, 0x00, 0x00, 0x00,
    0x00, 0x00, 0x00, 0x00, 0x00, 0x00, 0x00, 0x00, 0x00, 0x00, 0x00, 0x00, 0x00, 0x00, 0x00, 0x00,
    0x00, 0x00, 0x00, 0x00, 0xFF, 0xFF, 0xFF, 0x02, 0xE7, 0xE9, 0xEC, 0x5E, 0xE6, 0xE8, 0xEC, 0xD3,
    0xE6, 0xE8, 0xEC, 0xFF, 0xE6, 0xE8, 0xEC, 0xFD, 0xE6, 0xE8, 0xEC, 0xFD, 0xE6, 0xE8, 0xEC, 0xFF,
    0xE6, 0xE8, 0xEC, 0xD2, 0xE6, 0xE9, 0xEC, 0x5C, 0xFF, 0xFF, 0xFF, 0x02, 0x00, 0x00, 0x00, 0x00,
    0x00, 0x00, 0x00, 0x00, 0x00, 0x00, 0x00, 0x00, 0x00, 0x00, 0x00, 0x00, 0x00, 0x00, 0x00, 0x00,
    0x00, 0x00, 0x00, 0x00, 0x00, 0x00, 0x00, 0x00, 0x00, 0x00, 0x00, 0x00, 0x00, 0x00, 0x00, 0x00,
    0xEA, 0xEA, 0xEA, 0x0C, 0xE7, 0xE8, 0xEC, 0xB2, 0xE6, 0xE8, 0xEC, 0xF3, 0xE6, 0xE8, 0xEC, 0x84,
    0xE7, 0xE7, 0xED, 0x2A, 0xFF, 0xFF, 0xFF, 0x03, 0xFF, 0xFF, 0xFF, 0x04, 0xE7, 0xE7, 0xED, 0x2B,
    0xE6, 0xE8, 0xEC, 0x85, 0xE6, 0xE8, 0xEC, 0xF4, 0xE7, 0xE8, 0xEC, 0xB1, 0xEA, 0xEA, 0xEA, 0x0C,
    0x00, 0x00, 0x00, 0x00, 0x00, 0x00, 0x00, 0x00, 0x00, 0x00, 0x00, 0x00, 0x00, 0x00, 0x00, 0x00,
    0x00, 0x00, 0x00, 0x00, 0x00, 0x00, 0x00, 0x00, 0x00, 0x00, 0x00, 0x00, 0xFF, 0xFF, 0xFF, 0x02,
    0xE7, 0xE8, 0xEC, 0xB2, 0xE7, 0xE8, 0xEC, 0xDB, 0xE3, 0xEA, 0xEA, 0x25, 0x00, 0x00, 0x00, 0x00,
    0x00, 0x00, 0x00, 0x00, 0x00, 0x00, 0x00, 0x00, 0x00, 0x00, 0x00, 0x00, 0x00, 0x00, 0x00, 0x00,
    0x00, 0x00, 0x00, 0x00, 0xE4, 0xEB, 0xEB, 0x26, 0xE6, 0xE8, 0xEC, 0xDC, 0xE6, 0xE8, 0xEC, 0xB0,
    0xFF, 0xFF, 0xFF, 0x02, 0x00, 0x00, 0x00, 0x00, 0x00, 0x00, 0x00, 0x00, 0x00, 0x00, 0x00, 0x00,
    0x00, 0x00, 0x00, 0x00, 0x00, 0x00, 0x00, 0x00, 0x00, 0x00, 0x00, 0x00, 0xE7, 0xE9, 0xEC, 0x5E,
    0xE6, 0xE8, 0xEC, 0xF3, 0xE3, 0xEA, 0xEA, 0x25, 0x00, 0x00, 0x00, 0x00, 0x00, 0x00, 0x00, 0x00,
    0x00, 0x00, 0x00, 0x00, 0xE5, 0xE7, 0xEB, 0x80, 0xE5, 0xE7, 0xEB, 0x80, 0x00, 0x00, 0x00, 0x00,
    0x00, 0x00, 0x00, 0x00, 0x00, 0x00, 0x00, 0x00, 0xE5, 0xE5, 0xEB, 0x27, 0xE6, 0xE8, 0xEC, 0xF4,
    0xE6, 0xE9, 0xEB, 0x5B, 0x00, 0x00, 0x00, 0x00, 0x00, 0x00, 0x00, 0x00, 0x00, 0x00, 0x00, 0x00,
    0x00, 0x00, 0x00, 0x00, 0x00, 0x00, 0x00, 0x00, 0x00, 0x00, 0x00, 0x00, 0xE6, 0xE8, 0xEC, 0xD3,
    0xE6, 0xE8, 0xEC, 0x84, 0x00, 0x00, 0x00, 0x00, 0x00, 0x00, 0x00, 0x00, 0x00, 0x00, 0x00, 0x00,
    0x00, 0x00, 0x00, 0x00, 0xE5, 0xE9, 0xEC, 0x9F, 0xE5, 0xE9, 0xEC, 0x9F, 0x00, 0x00, 0x00, 0x00,
    0x00, 0x00, 0x00, 0x00, 0x00, 0x00, 0x00, 0x00, 0x00, 0x00, 0x00, 0x00, 0xE6, 0xE8, 0xEC, 0x86,
    0xE7, 0xE8, 0xEB, 0xD1, 0x00, 0x00, 0x00, 0x00, 0x00, 0x00, 0x00, 0x00, 0x00, 0x00, 0x00, 0x00,
    0x00, 0x00, 0x00, 0x00, 0x00, 0x00, 0x00, 0x00, 0xE6, 0xE6, 0xEF, 0x1F, 0xE6, 0xE8, 0xEC, 0xFF,
    0xE7, 0xE7, 0xED, 0x2A, 0x00, 0x00, 0x00, 0x00, 0x00, 0x00, 0x00, 0x00, 0x00, 0x00, 0x00, 0x00,
    0x00, 0x00, 0x00, 0x00, 0xE5, 0xE9, 0xEC, 0x9F, 0xE5, 0xE9, 0xEC, 0x9F, 0x00, 0x00, 0x00, 0x00,
    0x00, 0x00, 0x00, 0x00, 0x00, 0x00, 0x00, 0x00, 0x00, 0x00, 0x00, 0x00, 0xE8, 0xE8, 0xEE, 0x2C,
    0xE6, 0xE8, 0xEC, 0xFF, 0xE5, 0xE5, 0xED, 0x1D, 0x00, 0x00, 0x00, 0x00, 0x00, 0x00, 0x00, 0x00,
    0x00, 0x00, 0x00, 0x00, 0x00, 0x00, 0x00, 0x00, 0xE7, 0xE7, 0xEB, 0x40, 0xE6, 0xE8, 0xEC, 0xFC,
    0xFF, 0xFF, 0xFF, 0x03, 0x00, 0x00, 0x00, 0x00, 0xE7, 0xE9, 0xED, 0x7E, 0xE6, 0xE8, 0xED, 0x99,
    0xE6, 0xE8, 0xED, 0x99, 0xE6, 0xE7, 0xEC, 0xD9, 0xE6, 0xE7, 0xEC, 0xD9, 0xE6, 0xE8, 0xED, 0x99,
    0xE6, 0xE8, 0xED, 0x99, 0xE7, 0xE9, 0xED, 0x7E, 0x00, 0x00, 0x00, 0x00, 0xFF, 0xFF, 0xFF, 0x04,
    0xE6, 0xE8, 0xEC, 0xFC, 0xE6, 0xE6, 0xEA, 0x3E, 0x00, 0x00, 0x00, 0x00, 0x00, 0x00, 0x00, 0x00,
    0x00, 0x00, 0x00, 0x00, 0x00, 0x00, 0x00, 0x00, 0xE6, 0xE6, 0xEA, 0x3E, 0xE6, 0xE8, 0xEC, 0xFD,
    0xFF, 0xFF, 0xFF, 0x04, 0x00, 0x00, 0x00, 0x00, 0xE7, 0xE9, 0xED, 0x7E, 0xE6, 0xE8, 0xED, 0x99,
    0xE6, 0xE8, 0xED, 0x99, 0xE6, 0xE7, 0xEC, 0xD9, 0xE6, 0xE7, 0xEC, 0xD9, 0xE6, 0xE8, 0xED, 0x99,
    0xE6, 0xE8, 0xED, 0x99, 0xE7, 0xE9, 0xED, 0x7E, 0x00, 0x00, 0x00, 0x00, 0xFF, 0xFF, 0xFF, 0x05,
    0xE6, 0xE8, 0xEC, 0xFD, 0xE6, 0xE6, 0xEA, 0x3D, 0x00, 0x00, 0x00, 0x00, 0x00, 0x00, 0x00, 0x00,
    0x00, 0x00, 0x00, 0x00, 0x00, 0x00, 0x00, 0x00, 0xE6, 0xE6, 0xEE, 0x1E, 0xE6, 0xE8, 0xEC, 0xFF,
    0xE7, 0xE7, 0xED, 0x2B, 0x00, 0x00, 0x00, 0x00, 0x00, 0x00, 0x00, 0x00, 0x00, 0x00, 0x00, 0x00,
    0x00, 0x00, 0x00, 0x00, 0xE5, 0xE9, 0xEC, 0x9F, 0xE5, 0xE9, 0xEC, 0x9F, 0x00, 0x00, 0x00, 0x00,
    0x00, 0x00, 0x00, 0x00, 0x00, 0x00, 0x00, 0x00, 0x00, 0x00, 0x00, 0x00, 0xE8, 0xE8, 0xEE, 0x2D,
    0xE6, 0xE8, 0xEC, 0xFF, 0xE4, 0xE4, 0xED, 0x1C, 0x00, 0x00, 0x00, 0x00, 0x00, 0x00, 0x00, 0x00,
    0x00, 0x00, 0x00, 0x00, 0x00, 0x00, 0x00, 0x00, 0x00, 0x00, 0x00, 0x00, 0xE6, 0xE8, 0xEC, 0xD2,
    0xE6, 0xE8, 0xEC, 0x85, 0x00, 0x00, 0x00, 0x00, 0x00, 0x00, 0x00, 0x00, 0x00, 0x00, 0x00, 0x00,
    0x00, 0x00, 0x00, 0x00, 0xE5, 0xE9, 0xEC, 0x9F, 0xE5, 0xE9, 0xEC, 0x9F, 0x00, 0x00, 0x00, 0x00,
    0x00, 0x00, 0x00, 0x00, 0x00, 0x00, 0x00, 0x00, 0x00, 0x00, 0x00, 0x00, 0xE6, 0xE8, 0xEC, 0x87,
    0xE6, 0xE8, 0xEB, 0xD0, 0x00, 0x00, 0x00, 0x00, 0x00, 0x00, 0x00, 0x00, 0x00, 0x00, 0x00, 0x00,
    0x00, 0x00, 0x00, 0x00, 0x00, 0x00, 0x00, 0x00, 0x00, 0x00, 0x00, 0x00, 0xE6, 0xE9, 0xEC, 0x5C,
    0xE6, 0xE8, 0xEC, 0xF4, 0xE4, 0xEB, 0xEB, 0x26, 0x00, 0x00, 0x00, 0x00, 0x00, 0x00, 0x00, 0x00,
    0x00, 0x00, 0x00, 0x00, 0xE5, 0xE7, 0xEB, 0x80, 0xE5, 0xE7, 0xEB, 0x80, 0x00, 0x00, 0x00, 0x00,
    0x00, 0x00, 0x00, 0x00, 0x00, 0x00, 0x00, 0x00, 0xE6, 0xE6, 0xEC, 0x28, 0xE6, 0xE8, 0xEC, 0xF5,
    0xE6, 0xE8, 0xEB, 0x5A, 0x00, 0x00, 0x00, 0x00, 0x00, 0x00, 0x00, 0x00, 0x00, 0x00, 0x00, 0x00,
    0x00, 0x00, 0x00, 0x00, 0x00, 0x00, 0x00, 0x00, 0x00, 0x00, 0x00, 0x00, 0xFF, 0xFF, 0xFF, 0x02,
    0xE7, 0xE8, 0xEC, 0xB1, 0xE6, 0xE8, 0xEC, 0xDC, 0xE5, 0xE5, 0xEB, 0x27, 0x00, 0x00, 0x00, 0x00,
    0x00, 0x00, 0x00, 0x00, 0x00, 0x00, 0x00, 0x00, 0x00, 0x00, 0x00, 0x00, 0x00, 0x00, 0x00, 0x00,
    0x00, 0x00, 0x00, 0x00, 0xE6, 0xE6, 0xEC, 0x28, 0xE6, 0xE8, 0xED, 0xDD, 0xE6, 0xE8, 0xEC, 0xAF,
    0xFF, 0xFF, 0xFF, 0x01, 0x00, 0x00, 0x00, 0x00, 0x00, 0x00, 0x00, 0x00, 0x00, 0x00, 0x00, 0x00,
    0x00, 0x00, 0x00, 0x00, 0x00, 0x00, 0x00, 0x00, 0x00, 0x00, 0x00, 0x00, 0x00, 0x00, 0x00, 0x00,
    0xEA, 0xEA, 0xEA, 0x0C, 0xE6, 0xE8, 0xEC, 0xB0, 0xE6, 0xE8, 0xEC, 0xF4, 0xE6, 0xE8, 0xEC, 0x86,
    0xE8, 0xE8, 0xEE, 0x2C, 0xFF, 0xFF, 0xFF, 0x04, 0xFF, 0xFF, 0xFF, 0x04, 0xE8, 0xE8, 0xEE, 0x2C,
    0xE6, 0xE8, 0xEC, 0x87, 0xE6, 0xE8, 0xEC, 0xF5, 0xE6, 0xE8, 0xEC, 0xAF, 0xE8, 0xE8, 0xE8, 0x0B,
    0x00, 0x00, 0x00, 0x00, 0x00, 0x00, 0x00, 0x00, 0x00, 0x00, 0x00, 0x00, 0x00, 0x00, 0x00, 0x00,
    0x00, 0x00, 0x00, 0x00, 0x00, 0x00, 0x00, 0x00, 0x00, 0x00, 0x00, 0x00, 0x00, 0x00, 0x00, 0x00,
    0x00, 0x00, 0x00, 0x00, 0xFF, 0xFF, 0xFF, 0x02, 0xE6, 0xE9, 0xEB, 0x5B, 0xE7, 0xE8, 0xEB, 0xD1,
    0xE6, 0xE8, 0xEC, 0xFF, 0xE6, 0xE8, 0xEC, 0xFD, 0xE6, 0xE8, 0xEC, 0xFD, 0xE6, 0xE8, 0xEC, 0xFF,
    0xE6, 0xE8, 0xEB, 0xD0, 0xE6, 0xE8, 0xEB, 0x5A, 0xFF, 0xFF, 0xFF, 0x01, 0x00, 0x00, 0x00, 0x00,
    0x00, 0x00, 0x00, 0x00, 0x00, 0x00, 0x00, 0x00, 0x00, 0x00, 0x00, 0x00, 0x00, 0x00, 0x00, 0x00,
    0x00, 0x00, 0x00, 0x00, 0x00, 0x00, 0x00, 0x00, 0x00, 0x00, 0x00, 0x00, 0x00, 0x00, 0x00, 0x00,
    0x00, 0x00, 0x00, 0x00, 0x00, 0x00, 0x00, 0x00, 0x00, 0x00, 0x00, 0x00, 0x00, 0x00, 0x00, 0x00,
    0xE5, 0xE5, 0xED, 0x1D, 0xE6, 0xE6, 0xEA, 0x3D, 0xE6, 0xE6, 0xEA, 0x3D, 0xE4, 0xE4, 0xED, 0x1C,
    0x00, 0x00, 0x00, 0x00, 0x00, 0x00, 0x00, 0x00, 0x00, 0x00, 0x00, 0x00, 0x00, 0x00, 0x00, 0x00,
    0x00, 0x00, 0x00, 0x00, 0x00, 0x00, 0x00, 0x00, 0x00, 0x00, 0x00, 0x00, 0x00, 0x00, 0x00, 0x00,
    0x00, 0x00, 0x00, 0x00, 0x00, 0x00, 0x00, 0x00, 0x00, 0x00, 0x00, 0x00, 0x00, 0x00, 0x00, 0x00,
    0x00, 0x00, 0x00, 0x00, 0x00, 0x00, 0x00, 0x00, 0x00, 0x00, 0x00, 0x00, 0x00, 0x00, 0x00, 0x00,
    0x00, 0x00, 0x00, 0x00, 0x00, 0x00, 0x00, 0x00, 0x00, 0x00, 0x00, 0x00, 0x00, 0x00, 0x00, 0x00,
    0x00, 0x00, 0x00, 0x00, 0x00, 0x00, 0x00, 0x00, 0x00, 0x00, 0x00, 0x00, 0x00, 0x00, 0x00, 0x00,
    0x00, 0x00, 0x00, 0x00, 0x00, 0x00, 0x00, 0x00, 0x00, 0x00, 0x00, 0x00, 0x00, 0x00, 0x00, 0x00,
    0x00, 0x00, 0x00, 0x00, 0x00, 0x00, 0x00, 0x00, 0x00, 0x00, 0x00, 0x00, 0x00, 0x00, 0x00, 0x00,
    0x00, 0x00, 0x00, 0x00, 0x00, 0x00, 0x00, 0x00, 0x00, 0x00, 0x00, 0x00, 0x00, 0x00, 0x00, 0x00,
    0x00, 0x00, 0x00, 0x00, 0x00, 0x00, 0x00, 0x00, 0x00, 0x00, 0x00, 0x00, 0x00, 0x00, 0x00, 0x00,
    0x00, 0x00, 0x00, 0x00, 0x00, 0x00, 0x00, 0x00, 0x00, 0x00, 0x00, 0x00, 0x00, 0x00, 0x00, 0x00,
    0x00, 0x00, 0x00, 0x00, 0x00, 0x00, 0x00, 0x00, 0x00, 0x00, 0x00, 0x00, 0x00, 0x00, 0x00, 0x00,
}};
inline constexpr std::array<std::uint8_t, 1600> uve_node_icon_sphere_mesh_3d_node_rgba{{
    0x00, 0x00, 0x00, 0x00, 0x00, 0x00, 0x00, 0x00, 0x00, 0x00, 0x00, 0x00, 0x00, 0x00, 0x00, 0x00,
    0x00, 0x00, 0x00, 0x00, 0x00, 0x00, 0x00, 0x00, 0x00, 0x00, 0x00, 0x00, 0x00, 0x00, 0x00, 0x00,
    0x00, 0x00, 0x00, 0x00, 0x00, 0x00, 0x00, 0x00, 0x00, 0x00, 0x00, 0x00, 0x00, 0x00, 0x00, 0x00,
    0x00, 0x00, 0x00, 0x00, 0x00, 0x00, 0x00, 0x00, 0x00, 0x00, 0x00, 0x00, 0x00, 0x00, 0x00, 0x00,
    0x00, 0x00, 0x00, 0x00, 0x00, 0x00, 0x00, 0x00, 0x00, 0x00, 0x00, 0x00, 0x00, 0x00, 0x00, 0x00,
    0x00, 0x00, 0x00, 0x00, 0x00, 0x00, 0x00, 0x00, 0x00, 0x00, 0x00, 0x00, 0x00, 0x00, 0x00, 0x00,
    0x00, 0x00, 0x00, 0x00, 0x00, 0x00, 0x00, 0x00, 0x00, 0x00, 0x00, 0x00, 0x00, 0x00, 0x00, 0x00,
    0x00, 0x00, 0x00, 0x00, 0x00, 0x00, 0x00, 0x00, 0x00, 0x00, 0x00, 0x00, 0x00, 0x00, 0x00, 0x00,
    0x00, 0x00, 0x00, 0x00, 0x00, 0x00, 0x00, 0x00, 0x00, 0x00, 0x00, 0x00, 0x00, 0x00, 0x00, 0x00,
    0x00, 0x00, 0x00, 0x00, 0x00, 0x00, 0x00, 0x00, 0x00, 0x00, 0x00, 0x00, 0x00, 0x00, 0x00, 0x00,
    0x00, 0x00, 0x00, 0x00, 0x00, 0x00, 0x00, 0x00, 0x00, 0x00, 0x00, 0x00, 0x00, 0x00, 0x00, 0x00,
    0x00, 0x00, 0x00, 0x00, 0x00, 0x00, 0x00, 0x00, 0x00, 0x00, 0x00, 0x00, 0x00, 0x00, 0x00, 0x00,
    0xE6, 0xE6, 0xEF, 0x1F, 0xE9, 0xE9, 0xE9, 0x51, 0xE9, 0xE9, 0xE9, 0x51, 0xE6, 0xE6, 0xEE, 0x1E,
    0x00, 0x00, 0x00, 0x00, 0x00, 0x00, 0x00, 0x00, 0x00, 0x00, 0x00, 0x00, 0x00, 0x00, 0x00, 0x00,
    0x00, 0x00, 0x00, 0x00, 0x00, 0x00, 0x00, 0x00, 0x00, 0x00, 0x00, 0x00, 0x00, 0x00, 0x00, 0x00,
    0x00, 0x00, 0x00, 0x00, 0x00, 0x00, 0x00, 0x00, 0x00, 0x00, 0x00, 0x00, 0x00, 0x00, 0x00, 0x00,
    0x00, 0x00, 0x00, 0x00, 0xFF, 0xFF, 0xFF, 0x02, 0xE7, 0xE9, 0xEC, 0x5E, 0xE6, 0xE8, 0xEC, 0xD3,
    0xE6, 0xE8, 0xEC, 0xFF, 0xE7, 0xE8, 0xEC, 0xFE, 0xE7, 0xE8, 0xEC, 0xFE, 0xE6, 0xE8, 0xEC, 0xFF,
    0xE6, 0xE8, 0xEC, 0xD2, 0xE6, 0xE9, 0xEC, 0x5C, 0xFF, 0xFF, 0xFF, 0x02, 0x00, 0x00, 0x00, 0x00,
    0x00, 0x00, 0x00, 0x00, 0x00, 0x00, 0x00, 0x00, 0x00, 0x00, 0x00, 0x00, 0x00, 0x00, 0x00, 0x00,
    0x00, 0x00, 0x00, 0x00, 0x00, 0x00, 0x00, 0x00, 0x00, 0x00, 0x00, 0x00, 0x00, 0x00, 0x00, 0x00,
    0xEA, 0xEA, 0xEA, 0x0C, 0xE7, 0xE8, 0xEC, 0xB2, 0xE6, 0xE8, 0xEC, 0xF3, 0xE6, 0xE8, 0xEC, 0x84,
    0xE7, 0xE7, 0xED, 0x2A, 0xE6, 0xE9, 0xEC, 0xA0, 0xE6, 0xE9, 0xEC, 0xA1, 0xE7, 0xE7, 0xED, 0x2B,
    0xE6, 0xE8, 0xEC, 0x85, 0xE6, 0xE8, 0xEC, 0xF4, 0xE7, 0xE8, 0xEC, 0xB1, 0xEA, 0xEA, 0xEA, 0x0C,
    0x00, 0x00, 0x00, 0x00, 0x00, 0x00, 0x00, 0x00, 0x00, 0x00, 0x00, 0x00, 0x00, 0x00, 0x00, 0x00,
    0x00, 0x00, 0x00, 0x00, 0x00, 0x00, 0x00, 0x00, 0x00, 0x00, 0x00, 0x00, 0xFF, 0xFF, 0xFF, 0x02,
    0xE7, 0xE8, 0xEC, 0xB2, 0xE7, 0xE8, 0xEC, 0xDB, 0xE3, 0xEA, 0xEA, 0x25, 0x00, 0x00, 0x00, 0x00,
    0x00, 0x00, 0x00, 0x00, 0xE5, 0xE9, 0xEC, 0x9F, 0xE5, 0xE9, 0xEC, 0x9F, 0x00, 0x00, 0x00, 0x00,
    0x00, 0x00, 0x00, 0x00, 0xE4, 0xEB, 0xEB, 0x26, 0xE6, 0xE8, 0xEC, 0xDC, 0xE6, 0xE8, 0xEC, 0xB0,
    0xFF, 0xFF, 0xFF, 0x02, 0x00, 0x00, 0x00, 0x00, 0x00, 0x00, 0x00, 0x00, 0x00, 0x00, 0x00, 0x00,
    0x00, 0x00, 0x00, 0x00, 0x00, 0x00, 0x00, 0x00, 0x00, 0x00, 0x00, 0x00, 0xE7, 0xE9, 0xEC, 0x5E,
    0xE6, 0xE8, 0xEC, 0xF3, 0xE3, 0xEA, 0xEA, 0x25, 0x00, 0x00, 0x00, 0x00, 0x00, 0x00, 0x00, 0x00,
    0xFF, 0xFF, 0xFF, 0x04, 0xE5, 0xE8, 0xEB, 0xA8, 0xE5, 0xE8, 0xEB, 0xA8, 0xFF, 0xFF, 0xFF, 0x04,
    0x00, 0x00, 0x00, 0x00, 0x00, 0x00, 0x00, 0x00, 0xE5, 0xE5, 0xEB, 0x27, 0xE6, 0xE8, 0xEC, 0xF4,
    0xE6, 0xE9, 0xEB, 0x5B, 0x00, 0x00, 0x00, 0x00, 0x00, 0x00, 0x00, 0x00, 0x00, 0x00, 0x00, 0x00,
    0x00, 0x00, 0x00, 0x00, 0x00, 0x00, 0x00, 0x00, 0x00, 0x00, 0x00, 0x00, 0xE6, 0xE8, 0xEC, 0xD3,
    0xE6, 0xE8, 0xEB, 0x8F, 0xE5, 0xE7, 0xEC, 0x77, 0xE6, 0xE7, 0xEC, 0xB8, 0xE6, 0xE8, 0xEC, 0xED,
    0xE6, 0xE8, 0xEC, 0xFF, 0xE6, 0xE8, 0xEC, 0xFF, 0xE6, 0xE8, 0xEC, 0xFF, 0xE6, 0xE8, 0xEC, 0xFF,
    0xE6, 0xE8, 0xEC, 0xED, 0xE6, 0xE7, 0xEB, 0xB7, 0xE5, 0xE7, 0xEC, 0x77, 0xE6, 0xE8, 0xEC, 0x91,
    0xE7, 0xE8, 0xEB, 0xD1, 0x00, 0x00, 0x00, 0x00, 0x00, 0x00, 0x00, 0x00, 0x00, 0x00, 0x00, 0x00,
    0x00, 0x00, 0x00, 0x00, 0x00, 0x00, 0x00, 0x00, 0xE6, 0xE6, 0xEF, 0x1F, 0xE6, 0xE8, 0xEC, 0xFF,
    0xE6, 0xE8, 0xEC, 0xF4, 0xE6, 0xE9, 0xEC, 0xD8, 0xE6, 0xE8, 0xEC, 0x90, 0xE6, 0xE9, 0xED, 0x53,
    0xE6, 0xEA, 0xEE, 0x3C, 0xE6, 0xE9, 0xEC, 0xAE, 0xE6, 0xE9, 0xEC, 0xAE, 0xE6, 0xEA, 0xEE, 0x3C,
    0xE7, 0xE7, 0xED, 0x54, 0xE6, 0xE8, 0xEC, 0x90, 0xE6, 0xE9, 0xEC, 0xD8, 0xE6, 0xE8, 0xEC, 0xF4,
    0xE6, 0xE8, 0xEC, 0xFF, 0xE5, 0xE5, 0xED, 0x1D, 0x00, 0x00, 0x00, 0x00, 0x00, 0x00, 0x00, 0x00,
    0x00, 0x00, 0x00, 0x00, 0x00, 0x00, 0x00, 0x00, 0xE7, 0xE7, 0xEC, 0x5E, 0xE6, 0xE8, 0xEC, 0xFF,
    0xE6, 0xE8, 0xED, 0x64, 0xFF, 0xFF, 0xFF, 0x02, 0x00, 0x00, 0x00, 0x00, 0x00, 0x00, 0x00, 0x00,
    0x00, 0x00, 0x00, 0x00, 0xE5, 0xE9, 0xEC, 0x9F, 0xE5, 0xE9, 0xEC, 0x9F, 0x00, 0x00, 0x00, 0x00,
    0x00, 0x00, 0x00, 0x00, 0x00, 0x00, 0x00, 0x00, 0xFF, 0xFF, 0xFF, 0x02, 0xE6, 0xE9, 0xEE, 0x66,
    0xE6, 0xE8, 0xEC, 0xFF, 0xE3, 0xE3, 0xE9, 0x5C, 0x00, 0x00, 0x00, 0x00, 0x00, 0x00, 0x00, 0x00,
    0x00, 0x00, 0x00, 0x00, 0x00, 0x00, 0x00, 0x00, 0xE6, 0xE6, 0xEC, 0x5C, 0xE6, 0xE8, 0xEC, 0xFF,
    0xE6, 0xE9, 0xEE, 0x66, 0xFF, 0xFF, 0xFF, 0x02, 0x00, 0x00, 0x00, 0x00, 0x00, 0x00, 0x00, 0x00,
    0x00, 0x00, 0x00, 0x00, 0xE5, 0xE9, 0xEC, 0x9F, 0xE5, 0xE9, 0xEC, 0x9F, 0x00, 0x00, 0x00, 0x00,
    0x00, 0x00, 0x00, 0x00, 0x00, 0x00, 0x00, 0x00, 0xFF, 0xFF, 0xFF, 0x02, 0xE6, 0xE9, 0xEB, 0x68,
    0xE6, 0xE8, 0xEC, 0xFF, 0xE6, 0xE6, 0xE9, 0x5B, 0x00, 0x00, 0x00, 0x00, 0x00, 0x00, 0x00, 0x00,
    0x00, 0x00, 0x00, 0x00, 0x00, 0x00, 0x00, 0x00, 0xE6, 0xE6, 0xEE, 0x1E, 0xE6, 0xE8, 0xEC, 0xFF,
    0xE6, 0xE8, 0xEC, 0xF3, 0xE6, 0xE7, 0xEC, 0xD9, 0xE6, 0xE8, 0xEC, 0x91, 0xE7, 0xE7, 0xED, 0x56,
    0xE6, 0xE6, 0xEA, 0x3D, 0xE5, 0xE8, 0xEC, 0xAF, 0xE5, 0xE8, 0xEC, 0xAF, 0xE6, 0xE6, 0xEA, 0x3D,
    0xE7, 0xE7, 0xED, 0x56, 0xE6, 0xE8, 0xEC, 0x91, 0xE6, 0xE7, 0xEC, 0xD9, 0xE6, 0xE8, 0xEC, 0xF3,
    0xE6, 0xE8, 0xEC, 0xFF, 0xE4, 0xE4, 0xED, 0x1C, 0x00, 0x00, 0x00, 0x00, 0x00, 0x00, 0x00, 0x00,
    0x00, 0x00, 0x00, 0x00, 0x00, 0x00, 0x00, 0x00, 0x00, 0x00, 0x00, 0x00, 0xE6, 0xE8, 0xEC, 0xD2,
    0xE6, 0xE8, 0xEC, 0x90, 0xE5, 0xE7, 0xEC, 0x76, 0xE6, 0xE9, 0xEB, 0xB6, 0xE6, 0xE8, 0xEB, 0xEB,
    0xE6, 0xE8, 0xEC, 0xFF, 0xE6, 0xE8, 0xEC, 0xFF, 0xE6, 0xE8, 0xEC, 0xFF, 0xE6, 0xE8, 0xEC, 0xFF,
    0xE6, 0xE8, 0xEB, 0xEB, 0xE6, 0xE9, 0xEB, 0xB6, 0xE5, 0xE7, 0xEC, 0x76, 0xE6, 0xE8, 0xEC, 0x91,
    0xE6, 0xE8, 0xEB, 0xD0, 0x00, 0x00, 0x00, 0x00, 0x00, 0x00, 0x00, 0x00, 0x00, 0x00, 0x00, 0x00,
    0x00, 0x00, 0x00, 0x00, 0x00, 0x00, 0x00, 0x00, 0x00, 0x00, 0x00, 0x00, 0xE6, 0xE9, 0xEC, 0x5C,
    0xE6, 0xE8, 0xEC, 0xF4, 0xE4, 0xEB, 0xEB, 0x26, 0x00, 0x00, 0x00, 0x00, 0x00, 0x00, 0x00, 0x00,
    0xFF, 0xFF, 0xFF, 0x03, 0xE5, 0xE8, 0xEB, 0xA8, 0xE5, 0xE8, 0xEB, 0xA8, 0xFF, 0xFF, 0xFF, 0x03,
    0x00, 0x00, 0x00, 0x00, 0x00, 0x00, 0x00, 0x00, 0xE6, 0xE6, 0xEC, 0x28, 0xE6, 0xE8, 0xEC, 0xF5,
    0xE6, 0xE8, 0xEB, 0x5A, 0x00, 0x00, 0x00, 0x00, 0x00, 0x00, 0x00, 0x00, 0x00, 0x00, 0x00, 0x00,
    0x00, 0x00, 0x00, 0x00, 0x00, 0x00, 0x00, 0x00, 0x00, 0x00, 0x00, 0x00, 0xFF, 0xFF, 0xFF, 0x02,
    0xE7, 0xE8, 0xEC, 0xB1, 0xE6, 0xE8, 0xEC, 0xDC, 0xE5, 0xE5, 0xEB, 0x27, 0x00, 0x00, 0x00, 0x00,
    0x00, 0x00, 0x00, 0x00, 0xE5, 0xE9, 0xEC, 0x9F, 0xE5, 0xE9, 0xEC, 0x9F, 0x00, 0x00, 0x00, 0x00,
    0x00, 0x00, 0x00, 0x00, 0xE6, 0xE6, 0xEC, 0x28, 0xE6, 0xE8, 0xED, 0xDD, 0xE6, 0xE8, 0xEC, 0xAF,
    0xFF, 0xFF, 0xFF, 0x01, 0x00, 0x00, 0x00, 0x00, 0x00, 0x00, 0x00, 0x00, 0x00, 0x00, 0x00, 0x00,
    0x00, 0x00, 0x00, 0x00, 0x00, 0x00, 0x00, 0x00, 0x00, 0x00, 0x00, 0x00, 0x00, 0x00, 0x00, 0x00,
    0xEA, 0xEA, 0xEA, 0x0C, 0xE6, 0xE8, 0xEC, 0xB0, 0xE6, 0xE8, 0xEC, 0xF4, 0xE6, 0xE8, 0xEC, 0x86,
    0xE8, 0xE8, 0xEE, 0x2C, 0xE6, 0xE9, 0xEC, 0xA1, 0xE6, 0xE9, 0xEC, 0xA1, 0xE8, 0xE8, 0xEE, 0x2C,
    0xE6, 0xE8, 0xEC, 0x87, 0xE6, 0xE8, 0xEC, 0xF5, 0xE6, 0xE8, 0xEC, 0xAF, 0xE8, 0xE8, 0xE8, 0x0B,
    0x00, 0x00, 0x00, 0x00, 0x00, 0x00, 0x00, 0x00, 0x00, 0x00, 0x00, 0x00, 0x00, 0x00, 0x00, 0x00,
    0x00, 0x00, 0x00, 0x00, 0x00, 0x00, 0x00, 0x00, 0x00, 0x00, 0x00, 0x00, 0x00, 0x00, 0x00, 0x00,
    0x00, 0x00, 0x00, 0x00, 0xFF, 0xFF, 0xFF, 0x02, 0xE6, 0xE9, 0xEB, 0x5B, 0xE7, 0xE8, 0xEB, 0xD1,
    0xE6, 0xE8, 0xEC, 0xFF, 0xE7, 0xE8, 0xEC, 0xFE, 0xE7, 0xE8, 0xEC, 0xFE, 0xE6, 0xE8, 0xEC, 0xFF,
    0xE6, 0xE8, 0xEB, 0xD0, 0xE6, 0xE8, 0xEB, 0x5A, 0xFF, 0xFF, 0xFF, 0x01, 0x00, 0x00, 0x00, 0x00,
    0x00, 0x00, 0x00, 0x00, 0x00, 0x00, 0x00, 0x00, 0x00, 0x00, 0x00, 0x00, 0x00, 0x00, 0x00, 0x00,
    0x00, 0x00, 0x00, 0x00, 0x00, 0x00, 0x00, 0x00, 0x00, 0x00, 0x00, 0x00, 0x00, 0x00, 0x00, 0x00,
    0x00, 0x00, 0x00, 0x00, 0x00, 0x00, 0x00, 0x00, 0x00, 0x00, 0x00, 0x00, 0x00, 0x00, 0x00, 0x00,
    0xE5, 0xE5, 0xED, 0x1D, 0xE9, 0xE9, 0xEC, 0x50, 0xE9, 0xE9, 0xEC, 0x50, 0xE4, 0xE4, 0xED, 0x1C,
    0x00, 0x00, 0x00, 0x00, 0x00, 0x00, 0x00, 0x00, 0x00, 0x00, 0x00, 0x00, 0x00, 0x00, 0x00, 0x00,
    0x00, 0x00, 0x00, 0x00, 0x00, 0x00, 0x00, 0x00, 0x00, 0x00, 0x00, 0x00, 0x00, 0x00, 0x00, 0x00,
    0x00, 0x00, 0x00, 0x00, 0x00, 0x00, 0x00, 0x00, 0x00, 0x00, 0x00, 0x00, 0x00, 0x00, 0x00, 0x00,
    0x00, 0x00, 0x00, 0x00, 0x00, 0x00, 0x00, 0x00, 0x00, 0x00, 0x00, 0x00, 0x00, 0x00, 0x00, 0x00,
    0x00, 0x00, 0x00, 0x00, 0x00, 0x00, 0x00, 0x00, 0x00, 0x00, 0x00, 0x00, 0x00, 0x00, 0x00, 0x00,
    0x00, 0x00, 0x00, 0x00, 0x00, 0x00, 0x00, 0x00, 0x00, 0x00, 0x00, 0x00, 0x00, 0x00, 0x00, 0x00,
    0x00, 0x00, 0x00, 0x00, 0x00, 0x00, 0x00, 0x00, 0x00, 0x00, 0x00, 0x00, 0x00, 0x00, 0x00, 0x00,
    0x00, 0x00, 0x00, 0x00, 0x00, 0x00, 0x00, 0x00, 0x00, 0x00, 0x00, 0x00, 0x00, 0x00, 0x00, 0x00,
    0x00, 0x00, 0x00, 0x00, 0x00, 0x00, 0x00, 0x00, 0x00, 0x00, 0x00, 0x00, 0x00, 0x00, 0x00, 0x00,
    0x00, 0x00, 0x00, 0x00, 0x00, 0x00, 0x00, 0x00, 0x00, 0x00, 0x00, 0x00, 0x00, 0x00, 0x00, 0x00,
    0x00, 0x00, 0x00, 0x00, 0x00, 0x00, 0x00, 0x00, 0x00, 0x00, 0x00, 0x00, 0x00, 0x00, 0x00, 0x00,
    0x00, 0x00, 0x00, 0x00, 0x00, 0x00, 0x00, 0x00, 0x00, 0x00, 0x00, 0x00, 0x00, 0x00, 0x00, 0x00,
}};
inline constexpr std::array<std::uint8_t, 1600> uve_node_icon_spring_arm_3d_node_rgba{{
    0x00, 0x00, 0x00, 0x00, 0x00, 0x00, 0x00, 0x00, 0x00, 0x00, 0x00, 0x00, 0x00, 0x00, 0x00, 0x00,
    0x00, 0x00, 0x00, 0x00, 0x00, 0x00, 0x00, 0x00, 0x00, 0x00, 0x00, 0x00, 0x00, 0x00, 0x00, 0x00,
    0x00, 0x00, 0x00, 0x00, 0x00, 0x00, 0x00, 0x00, 0x00, 0x00, 0x00, 0x00, 0x00, 0x00, 0x00, 0x00,
    0x00, 0x00, 0x00, 0x00, 0x00, 0x00, 0x00, 0x00, 0x00, 0x00, 0x00, 0x00, 0x00, 0x00, 0x00, 0x00,
    0x00, 0x00, 0x00, 0x00, 0x00, 0x00, 0x00, 0x00, 0x00, 0x00, 0x00, 0x00, 0x00, 0x00, 0x00, 0x00,
    0x00, 0x00, 0x00, 0x00, 0x00, 0x00, 0x00, 0x00, 0x00, 0x00, 0x00, 0x00, 0x00, 0x00, 0x00, 0x00,
    0x00, 0x00, 0x00, 0x00, 0x00, 0x00, 0x00, 0x00, 0x00, 0x00, 0x00, 0x00, 0xE9, 0xE9, 0xE9, 0x23,
    0xE6, 0xE8, 0xEC, 0x7B, 0xE5, 0xE8, 0xEB, 0x58, 0xFF, 0xFF, 0xFF, 0x02, 0x00, 0x00, 0x00, 0x00,
    0x00, 0x00, 0x00, 0x00, 0x00, 0x00, 0x00, 0x00, 0x00, 0x00, 0x00, 0x00, 0x00, 0x00, 0x00, 0x00,
    0x00, 0x00, 0x00, 0x00, 0x00, 0x00, 0x00, 0x00, 0x00, 0x00, 0x00, 0x00, 0x00, 0x00, 0x00, 0x00,
    0x00, 0x00, 0x00, 0x00, 0x00, 0x00, 0x00, 0x00, 0xE4, 0xEA, 0xEA, 0x30, 0xE6, 0xE9, 0xEC, 0xCC,
    0xE6, 0xE8, 0xEC, 0xE1, 0xE7, 0xE7, 0xEC, 0x6A, 0xE8, 0xE8, 0xF0, 0x21, 0xE6, 0xE8, 0xEC, 0xEC,
    0xE6, 0xE7, 0xEC, 0xCE, 0xE6, 0xE8, 0xEC, 0xF1, 0xE5, 0xE7, 0xED, 0x8B, 0x00, 0x00, 0x00, 0x00,
    0x00, 0x00, 0x00, 0x00, 0x00, 0x00, 0x00, 0x00, 0x00, 0x00, 0x00, 0x00, 0x00, 0x00, 0x00, 0x00,
    0x00, 0x00, 0x00, 0x00, 0x00, 0x00, 0x00, 0x00, 0x00, 0x00, 0x00, 0x00, 0x00, 0x00, 0x00, 0x00,
    0x00, 0x00, 0x00, 0x00, 0x00, 0x00, 0x00, 0x00, 0xE6, 0xE9, 0xEC, 0xCC, 0xE6, 0xE9, 0xEC, 0xAB,
    0xE6, 0xE8, 0xED, 0x71, 0xE6, 0xE8, 0xED, 0xFD, 0xE6, 0xE7, 0xEC, 0xD5, 0xE6, 0xE8, 0xEC, 0xB9,
    0xFF, 0xFF, 0xFF, 0x02, 0xE8, 0xE8, 0xEC, 0x42, 0xE6, 0xE8, 0xEC, 0xFB, 0xE7, 0xE9, 0xEC, 0x5E,
    0xFF, 0xFF, 0xFF, 0x02, 0x00, 0x00, 0x00, 0x00, 0x00, 0x00, 0x00, 0x00, 0x00, 0x00, 0x00, 0x00,
    0x00, 0x00, 0x00, 0x00, 0x00, 0x00, 0x00, 0x00, 0xFF, 0xFF, 0xFF, 0x01, 0x00, 0x00, 0x00, 0x00,
    0x00, 0x00, 0x00, 0x00, 0x00, 0x00, 0x00, 0x00, 0xE6, 0xE8, 0xEC, 0xE2, 0xE6, 0xE8, 0xED, 0x70,
    0xE9, 0xE9, 0xF2, 0x39, 0xE6, 0xE8, 0xEC, 0xFF, 0xE6, 0xE8, 0xEB, 0xDD, 0xE4, 0xE4, 0xF2, 0x13,
    0x00, 0x00, 0x00, 0x00, 0x00, 0x00, 0x00, 0x00, 0xE7, 0xE7, 0xEC, 0x6B, 0xE6, 0xE8, 0xEC, 0xFC,
    0xE6, 0xE8, 0xEC, 0xE4, 0xE1, 0xE1, 0xF0, 0x11, 0x00, 0x00, 0x00, 0x00, 0x00, 0x00, 0x00, 0x00,
    0x00, 0x00, 0x00, 0x00, 0xE5, 0xEA, 0xEA, 0x31, 0xE6, 0xE8, 0xEC, 0xF1, 0xE6, 0xE9, 0xED, 0x47,
    0x00, 0x00, 0x00, 0x00, 0x00, 0x00, 0x00, 0x00, 0xE7, 0xE9, 0xEC, 0x69, 0xE6, 0xE8, 0xEC, 0xFD,
    0xE6, 0xE8, 0xEC, 0xFD, 0xE6, 0xE9, 0xED, 0xC3, 0xFF, 0xFF, 0xFF, 0x07, 0x00, 0x00, 0x00, 0x00,
    0x00, 0x00, 0x00, 0x00, 0x00, 0x00, 0x00, 0x00, 0x00, 0x00, 0x00, 0x00, 0xE7, 0xE7, 0xED, 0x2A,
    0xE6, 0xE8, 0xEC, 0xFF, 0xE7, 0xE7, 0xED, 0x2A, 0xE5, 0xE8, 0xEB, 0x4D, 0xE6, 0xE9, 0xEC, 0xCD,
    0xE5, 0xE8, 0xEC, 0xB3, 0xE7, 0xE7, 0xEE, 0x69, 0xE6, 0xE8, 0xEC, 0xED, 0xFF, 0xFF, 0xFF, 0x04,
    0x00, 0x00, 0x00, 0x00, 0x00, 0x00, 0x00, 0x00, 0x00, 0x00, 0x00, 0x00, 0xE9, 0xE9, 0xE9, 0x23,
    0xE8, 0xE8, 0xEC, 0x37, 0xFF, 0xFF, 0xFF, 0x03, 0x00, 0x00, 0x00, 0x00, 0x00, 0x00, 0x00, 0x00,
    0x00, 0x00, 0x00, 0x00, 0x00, 0x00, 0x00, 0x00, 0x00, 0x00, 0x00, 0x00, 0xFF, 0xFF, 0xFF, 0x05,
    0xE6, 0xE9, 0xEC, 0xE3, 0xE7, 0xE8, 0xEC, 0xD2, 0xE6, 0xE8, 0xEC, 0xFB, 0xE6, 0xE9, 0xEC, 0xCE,
    0xE7, 0xE8, 0xEB, 0xE9, 0xE6, 0xE8, 0xEC, 0xF4, 0xE6, 0xE8, 0xEC, 0xBA, 0x00, 0x00, 0x00, 0x00,
    0x00, 0x00, 0x00, 0x00, 0x00, 0x00, 0x00, 0x00, 0x00, 0x00, 0x00, 0x00, 0x00, 0x00, 0x00, 0x00,
    0x00, 0x00, 0x00, 0x00, 0x00, 0x00, 0x00, 0x00, 0x00, 0x00, 0x00, 0x00, 0x00, 0x00, 0x00, 0x00,
    0x00, 0x00, 0x00, 0x00, 0x00, 0x00, 0x00, 0x00, 0x00, 0x00, 0x00, 0x00, 0x00, 0x00, 0x00, 0x00,
    0xE4, 0xE4, 0xED, 0x1C, 0xE6, 0xE8, 0xEC, 0x84, 0xE5, 0xE7, 0xEB, 0xFE, 0xE5, 0xE8, 0xED, 0xD0,
    0xE6, 0xE7, 0xEC, 0xE2, 0xE6, 0xE7, 0xEC, 0xD4, 0xEE, 0xEE, 0xEE, 0x0F, 0x00, 0x00, 0x00, 0x00,
    0x00, 0x00, 0x00, 0x00, 0x00, 0x00, 0x00, 0x00, 0x00, 0x00, 0x00, 0x00, 0x00, 0x00, 0x00, 0x00,
    0x00, 0x00, 0x00, 0x00, 0x00, 0x00, 0x00, 0x00, 0x00, 0x00, 0x00, 0x00, 0x00, 0x00, 0x00, 0x00,
    0x00, 0x00, 0x00, 0x00, 0x00, 0x00, 0x00, 0x00, 0x00, 0x00, 0x00, 0x00, 0x00, 0x00, 0x00, 0x00,
    0x00, 0x00, 0x00, 0x00, 0x00, 0x00, 0x00, 0x00, 0xE6, 0xE8, 0xEC, 0x6E, 0xE6, 0xE8, 0xEC, 0xF5,
    0xE6, 0xE8, 0xED, 0xDD, 0xE4, 0xEA, 0xEA, 0x30, 0x00, 0x00, 0x00, 0x00, 0x00, 0x00, 0x00, 0x00,
    0x00, 0x00, 0x00, 0x00, 0x00, 0x00, 0x00, 0x00, 0x00, 0x00, 0x00, 0x00, 0x00, 0x00, 0x00, 0x00,
    0x00, 0x00, 0x00, 0x00, 0x00, 0x00, 0x00, 0x00, 0x00, 0x00, 0x00, 0x00, 0x00, 0x00, 0x00, 0x00,
    0x00, 0x00, 0x00, 0x00, 0x00, 0x00, 0x00, 0x00, 0x00, 0x00, 0x00, 0x00, 0x00, 0x00, 0x00, 0x00,
    0x00, 0x00, 0x00, 0x00, 0x00, 0x00, 0x00, 0x00, 0x00, 0x00, 0x00, 0x00, 0xFF, 0xFF, 0xFF, 0x02,
    0x00, 0x00, 0x00, 0x00, 0x00, 0x00, 0x00, 0x00, 0x00, 0x00, 0x00, 0x00, 0x00, 0x00, 0x00, 0x00,
    0x00, 0x00, 0x00, 0x00, 0x00, 0x00, 0x00, 0x00, 0x00, 0x00, 0x00, 0x00, 0x00, 0x00, 0x00, 0x00,
    0x00, 0x00, 0x00, 0x00, 0x00, 0x00, 0x00, 0x00, 0x00, 0x00, 0x00, 0x00, 0x00, 0x00, 0x00, 0x00,
    0x00, 0x00, 0x00, 0x00, 0x00, 0x00, 0x00, 0x00, 0x00, 0x00, 0x00, 0x00, 0x00, 0x00, 0x00, 0x00,
    0x00, 0x00, 0x00, 0x00, 0x00, 0x00, 0x00, 0x00, 0x00, 0x00, 0x00, 0x00, 0x00, 0x00, 0x00, 0x00,
    0x00, 0x00, 0x00, 0x00, 0x00, 0x00, 0x00, 0x00, 0x00, 0x00, 0x00, 0x00, 0x00, 0x00, 0x00, 0x00,
    0x00, 0x00, 0x00, 0x00, 0x00, 0x00, 0x00, 0x00, 0x00, 0x00, 0x00, 0x00, 0x00, 0x00, 0x00, 0x00,
    0x00, 0x00, 0x00, 0x00, 0x00, 0x00, 0x00, 0x00, 0x00, 0x00, 0x00, 0x00, 0x00, 0x00, 0x00, 0x00,
    0x00, 0x00, 0x00, 0x00, 0x00, 0x00, 0x00, 0x00, 0x00, 0x00, 0x00, 0x00, 0x00, 0x00, 0x00, 0x00,
    0x00, 0x00, 0x00, 0x00, 0x00, 0x00, 0x00, 0x00, 0x00, 0x00, 0x00, 0x00, 0x00, 0x00, 0x00, 0x00,
    0x00, 0x00, 0x00, 0x00, 0x00, 0x00, 0x00, 0x00, 0x00, 0x00, 0x00, 0x00, 0x00, 0x00, 0x00, 0x00,
    0x00, 0x00, 0x00, 0x00, 0x00, 0x00, 0x00, 0x00, 0x00, 0x00, 0x00, 0x00, 0x00, 0x00, 0x00, 0x00,
    0x00, 0x00, 0x00, 0x00, 0x00, 0x00, 0x00, 0x00, 0x00, 0x00, 0x00, 0x00, 0x00, 0x00, 0x00, 0x00,
    0x00, 0x00, 0x00, 0x00, 0x00, 0x00, 0x00, 0x00, 0x00, 0x00, 0x00, 0x00, 0x00, 0x00, 0x00, 0x00,
    0x00, 0x00, 0x00, 0x00, 0x00, 0x00, 0x00, 0x00, 0x00, 0x00, 0x00, 0x00, 0x00, 0x00, 0x00, 0x00,
    0x00, 0x00, 0x00, 0x00, 0x00, 0x00, 0x00, 0x00, 0x00, 0x00, 0x00, 0x00, 0x00, 0x00, 0x00, 0x00,
    0x00, 0x00, 0x00, 0x00, 0x00, 0x00, 0x00, 0x00, 0x00, 0x00, 0x00, 0x00, 0x00, 0x00, 0x00, 0x00,
    0x00, 0x00, 0x00, 0x00, 0x00, 0x00, 0x00, 0x00, 0x00, 0x00, 0x00, 0x00, 0x00, 0x00, 0x00, 0x00,
    0x00, 0x00, 0x00, 0x00, 0x00, 0x00, 0x00, 0x00, 0x00, 0x00, 0x00, 0x00, 0x00, 0x00, 0x00, 0x00,
    0x00, 0x00, 0x00, 0x00, 0x00, 0x00, 0x00, 0x00, 0x00, 0x00, 0x00, 0x00, 0x00, 0x00, 0x00, 0x00,
    0x00, 0x00, 0x00, 0x00, 0x00, 0x00, 0x00, 0x00, 0x00, 0x00, 0x00, 0x00, 0x00, 0x00, 0x00, 0x00,
    0x00, 0x00, 0x00, 0x00, 0x00, 0x00, 0x00, 0x00, 0x00, 0x00, 0x00, 0x00, 0x00, 0x00, 0x00, 0x00,
    0x00, 0x00, 0x00, 0x00, 0x00, 0x00, 0x00, 0x00, 0x00, 0x00, 0x00, 0x00, 0x00, 0x00, 0x00, 0x00,
    0x00, 0x00, 0x00, 0x00, 0x00, 0x00, 0x00, 0x00, 0x00, 0x00, 0x00, 0x00, 0x00, 0x00, 0x00, 0x00,
    0x00, 0x00, 0x00, 0x00, 0x00, 0x00, 0x00, 0x00, 0x00, 0x00, 0x00, 0x00, 0x00, 0x00, 0x00, 0x00,
    0x00, 0x00, 0x00, 0x00, 0x00, 0x00, 0x00, 0x00, 0x00, 0x00, 0x00, 0x00, 0x00, 0x00, 0x00, 0x00,
    0x00, 0x00, 0x00, 0x00, 0x00, 0x00, 0x00, 0x00, 0x00, 0x00, 0x00, 0x00, 0x00, 0x00, 0x00, 0x00,
    0x00, 0x00, 0x00, 0x00, 0x00, 0x00, 0x00, 0x00, 0x00, 0x00, 0x00, 0x00, 0x00, 0x00, 0x00, 0x00,
    0x00, 0x00, 0x00, 0x00, 0x00, 0x00, 0x00, 0x00, 0x00, 0x00, 0x00, 0x00, 0x00, 0x00, 0x00, 0x00,
    0x00, 0x00, 0x00, 0x00, 0x00, 0x00, 0x00, 0x00, 0x00, 0x00, 0x00, 0x00, 0x00, 0x00, 0x00, 0x00,
    0x00, 0x00, 0x00, 0x00, 0x00, 0x00, 0x00, 0x00, 0x00, 0x00, 0x00, 0x00, 0x00, 0x00, 0x00, 0x00,
    0x00, 0x00, 0x00, 0x00, 0x00, 0x00, 0x00, 0x00, 0x00, 0x00, 0x00, 0x00, 0x00, 0x00, 0x00, 0x00,
    0x00, 0x00, 0x00, 0x00, 0x00, 0x00, 0x00, 0x00, 0x00, 0x00, 0x00, 0x00, 0x00, 0x00, 0x00, 0x00,
    0x00, 0x00, 0x00, 0x00, 0x00, 0x00, 0x00, 0x00, 0x00, 0x00, 0x00, 0x00, 0x00, 0x00, 0x00, 0x00,
    0x00, 0x00, 0x00, 0x00, 0x00, 0x00, 0x00, 0x00, 0x00, 0x00, 0x00, 0x00, 0x00, 0x00, 0x00, 0x00,
    0x00, 0x00, 0x00, 0x00, 0x00, 0x00, 0x00, 0x00, 0x00, 0x00, 0x00, 0x00, 0x00, 0x00, 0x00, 0x00,
    0x00, 0x00, 0x00, 0x00, 0x00, 0x00, 0x00, 0x00, 0x00, 0x00, 0x00, 0x00, 0x00, 0x00, 0x00, 0x00,
    0x00, 0x00, 0x00, 0x00, 0x00, 0x00, 0x00, 0x00, 0x00, 0x00, 0x00, 0x00, 0x00, 0x00, 0x00, 0x00,
    0x00, 0x00, 0x00, 0x00, 0x00, 0x00, 0x00, 0x00, 0x00, 0x00, 0x00, 0x00, 0x00, 0x00, 0x00, 0x00,
    0x00, 0x00, 0x00, 0x00, 0x00, 0x00, 0x00, 0x00, 0x00, 0x00, 0x00, 0x00, 0x00, 0x00, 0x00, 0x00,
    0x00, 0x00, 0x00, 0x00, 0x00, 0x00, 0x00, 0x00, 0x00, 0x00, 0x00, 0x00, 0x00, 0x00, 0x00, 0x00,
    0x00, 0x00, 0x00, 0x00, 0x00, 0x00, 0x00, 0x00, 0x00, 0x00, 0x00, 0x00, 0x00, 0x00, 0x00, 0x00,
    0x00, 0x00, 0x00, 0x00, 0x00, 0x00, 0x00, 0x00, 0x00, 0x00, 0x00, 0x00, 0x00, 0x00, 0x00, 0x00,
    0x00, 0x00, 0x00, 0x00, 0x00, 0x00, 0x00, 0x00, 0x00, 0x00, 0x00, 0x00, 0x00, 0x00, 0x00, 0x00,
    0x00, 0x00, 0x00, 0x00, 0x00, 0x00, 0x00, 0x00, 0x00, 0x00, 0x00, 0x00, 0x00, 0x00, 0x00, 0x00,
    0x00, 0x00, 0x00, 0x00, 0x00, 0x00, 0x00, 0x00, 0x00, 0x00, 0x00, 0x00, 0x00, 0x00, 0x00, 0x00,
    0x00, 0x00, 0x00, 0x00, 0x00, 0x00, 0x00, 0x00, 0x00, 0x00, 0x00, 0x00, 0x00, 0x00, 0x00, 0x00,
    0x00, 0x00, 0x00, 0x00, 0x00, 0x00, 0x00, 0x00, 0x00, 0x00, 0x00, 0x00, 0x00, 0x00, 0x00, 0x00,
    0x00, 0x00, 0x00, 0x00, 0x00, 0x00, 0x00, 0x00, 0x00, 0x00, 0x00, 0x00, 0x00, 0x00, 0x00, 0x00,
    0x00, 0x00, 0x00, 0x00, 0x00, 0x00, 0x00, 0x00, 0x00, 0x00, 0x00, 0x00, 0x00, 0x00, 0x00, 0x00,
    0x00, 0x00, 0x00, 0x00, 0x00, 0x00, 0x00, 0x00, 0x00, 0x00, 0x00, 0x00, 0x00, 0x00, 0x00, 0x00,
}};
inline constexpr std::array<std::uint8_t, 1600> uve_node_icon_static_body_3d_node_rgba{{
    0x00, 0x00, 0x00, 0x00, 0x00, 0x00, 0x00, 0x00, 0x00, 0x00, 0x00, 0x00, 0x00, 0x00, 0x00, 0x00,
    0x00, 0x00, 0x00, 0x00, 0x00, 0x00, 0x00, 0x00, 0x00, 0x00, 0x00, 0x00, 0x00, 0x00, 0x00, 0x00,
    0x00, 0x00, 0x00, 0x00, 0x00, 0x00, 0x00, 0x00, 0x00, 0x00, 0x00, 0x00, 0x00, 0x00, 0x00, 0x00,
    0x00, 0x00, 0x00, 0x00, 0x00, 0x00, 0x00, 0x00, 0x00, 0x00, 0x00, 0x00, 0x00, 0x00, 0x00, 0x00,
    0x00, 0x00, 0x00, 0x00, 0x00, 0x00, 0x00, 0x00, 0x00, 0x00, 0x00, 0x00, 0x00, 0x00, 0x00, 0x00,
    0x00, 0x00, 0x00, 0x00, 0x00, 0x00, 0x00, 0x00, 0x00, 0x00, 0x00, 0x00, 0x00, 0x00, 0x00, 0x00,
    0x00, 0x00, 0x00, 0x00, 0x00, 0x00, 0x00, 0x00, 0x00, 0x00, 0x00, 0x00, 0x00, 0x00, 0x00, 0x00,
    0x00, 0x00, 0x00, 0x00, 0xFF, 0xFF, 0xFF, 0x05, 0xFF, 0xFF, 0xFF, 0x05, 0x00, 0x00, 0x00, 0x00,
    0x00, 0x00, 0x00, 0x00, 0x00, 0x00, 0x00, 0x00, 0x00, 0x00, 0x00, 0x00, 0x00, 0x00, 0x00, 0x00,
    0x00, 0x00, 0x00, 0x00, 0x00, 0x00, 0x00, 0x00, 0x00, 0x00, 0x00, 0x00, 0x00, 0x00, 0x00, 0x00,
    0x00, 0x00, 0x00, 0x00, 0x00, 0x00, 0x00, 0x00, 0x00, 0x00, 0x00, 0x00, 0x00, 0x00, 0x00, 0x00,
    0x00, 0x00, 0x00, 0x00, 0x00, 0x00, 0x00, 0x00, 0x00, 0x00, 0x00, 0x00, 0xFF, 0xFF, 0xFF, 0x02,
    0xE7, 0xE7, 0xEC, 0x5F, 0xE6, 0xE8, 0xEC, 0xE4, 0xE6, 0xE8, 0xEC, 0xE4, 0xE7, 0xE7, 0xEC, 0x5F,
    0xFF, 0xFF, 0xFF, 0x02, 0x00, 0x00, 0x00, 0x00, 0x00, 0x00, 0x00, 0x00, 0x00, 0x00, 0x00, 0x00,
    0x00, 0x00, 0x00, 0x00, 0x00, 0x00, 0x00, 0x00, 0x00, 0x00, 0x00, 0x00, 0x00, 0x00, 0x00, 0x00,
    0x00, 0x00, 0x00, 0x00, 0x00, 0x00, 0x00, 0x00, 0x00, 0x00, 0x00, 0x00, 0x00, 0x00, 0x00, 0x00,
    0x00, 0x00, 0x00, 0x00, 0x00, 0x00, 0x00, 0x00, 0xE7, 0xE7, 0xEB, 0x3F, 0xE6, 0xE9, 0xEC, 0xCC,
    0xE6, 0xE8, 0xEC, 0xF4, 0xE7, 0xE9, 0xED, 0x7E, 0xE7, 0xE9, 0xED, 0x7E, 0xE6, 0xE8, 0xEC, 0xF4,
    0xE6, 0xE9, 0xEC, 0xCC, 0xE7, 0xE7, 0xEB, 0x3F, 0x00, 0x00, 0x00, 0x00, 0x00, 0x00, 0x00, 0x00,
    0x00, 0x00, 0x00, 0x00, 0x00, 0x00, 0x00, 0x00, 0x00, 0x00, 0x00, 0x00, 0x00, 0x00, 0x00, 0x00,
    0x00, 0x00, 0x00, 0x00, 0x00, 0x00, 0x00, 0x00, 0x00, 0x00, 0x00, 0x00, 0x00, 0x00, 0x00, 0x00,
    0xE3, 0xEA, 0xEA, 0x25, 0xE6, 0xE9, 0xEC, 0xAA, 0xE6, 0xE8, 0xEC, 0xFD, 0xE6, 0xE9, 0xEC, 0xAA,
    0xE6, 0xE6, 0xEF, 0x1F, 0x00, 0x00, 0x00, 0x00, 0x00, 0x00, 0x00, 0x00, 0xE2, 0xEB, 0xEB, 0x1A,
    0xE6, 0xE8, 0xED, 0x99, 0xE6, 0xE8, 0xEC, 0xFC, 0xE6, 0xE8, 0xEC, 0xBB, 0xE7, 0xE7, 0xED, 0x2B,
    0x00, 0x00, 0x00, 0x00, 0x00, 0x00, 0x00, 0x00, 0x00, 0x00, 0x00, 0x00, 0x00, 0x00, 0x00, 0x00,
    0x00, 0x00, 0x00, 0x00, 0x00, 0x00, 0x00, 0x00, 0xFF, 0xFF, 0xFF, 0x05, 0xE6, 0xE8, 0xEB, 0x8E,
    0xE6, 0xE8, 0xEC, 0xF9, 0xE6, 0xE8, 0xEC, 0xBE, 0xE5, 0xEA, 0xEA, 0x31, 0x00, 0x00, 0x00, 0x00,
    0x00, 0x00, 0x00, 0x00, 0x00, 0x00, 0x00, 0x00, 0x00, 0x00, 0x00, 0x00, 0x00, 0x00, 0x00, 0x00,
    0x00, 0x00, 0x00, 0x00, 0xE5, 0xEA, 0xEA, 0x31, 0xE6, 0xE8, 0xEC, 0xBE, 0xE6, 0xE8, 0xEC, 0xF9,
    0xE6, 0xE8, 0xEB, 0x8E, 0xFF, 0xFF, 0xFF, 0x05, 0x00, 0x00, 0x00, 0x00, 0x00, 0x00, 0x00, 0x00,
    0x00, 0x00, 0x00, 0x00, 0x00, 0x00, 0x00, 0x00, 0xE6, 0xE9, 0xED, 0x46, 0xE6, 0xE8, 0xEC, 0xFB,
    0xE5, 0xE8, 0xEB, 0x4E, 0x00, 0x00, 0x00, 0x00, 0x00, 0x00, 0x00, 0x00, 0x00, 0x00, 0x00, 0x00,
    0x00, 0x00, 0x00, 0x00, 0x00, 0x00, 0x00, 0x00, 0x00, 0x00, 0x00, 0x00, 0x00, 0x00, 0x00, 0x00,
    0x00, 0x00, 0x00, 0x00, 0x00, 0x00, 0x00, 0x00, 0x00, 0x00, 0x00, 0x00, 0xE5, 0xE8, 0xEB, 0x4E,
    0xE6, 0xE8, 0xEC, 0xFB, 0xE6, 0xE9, 0xED, 0x46, 0x00, 0x00, 0x00, 0x00, 0x00, 0x00, 0x00, 0x00,
    0x00, 0x00, 0x00, 0x00, 0x00, 0x00, 0x00, 0x00, 0xE7, 0xE7, 0xEB, 0x4B, 0xE6, 0xE8, 0xEC, 0xF4,
    0x00, 0x00, 0x00, 0x00, 0x00, 0x00, 0x00, 0x00, 0x00, 0x00, 0x00, 0x00, 0x00, 0x00, 0x00, 0x00,
    0x00, 0x00, 0x00, 0x00, 0x00, 0x00, 0x00, 0x00, 0x00, 0x00, 0x00, 0x00, 0x00, 0x00, 0x00, 0x00,
    0x00, 0x00, 0x00, 0x00, 0x00, 0x00, 0x00, 0x00, 0x00, 0x00, 0x00, 0x00, 0x00, 0x00, 0x00, 0x00,
    0xE6, 0xE8, 0xEC, 0xF4, 0xE7, 0xE7, 0xEB, 0x4B, 0x00, 0x00, 0x00, 0x00, 0x00, 0x00, 0x00, 0x00,
    0x00, 0x00, 0x00, 0x00, 0x00, 0x00, 0x00, 0x00, 0xE7, 0xE7, 0xEB, 0x4B, 0xE6, 0xE8, 0xEC, 0xF4,
    0x00, 0x00, 0x00, 0x00, 0x00, 0x00, 0x00, 0x00, 0x00, 0x00, 0x00, 0x00, 0x00, 0x00, 0x00, 0x00,
    0x00, 0x00, 0x00, 0x00, 0x00, 0x00, 0x00, 0x00, 0x00, 0x00, 0x00, 0x00, 0x00, 0x00, 0x00, 0x00,
    0x00, 0x00, 0x00, 0x00, 0x00, 0x00, 0x00, 0x00, 0x00, 0x00, 0x00, 0x00, 0x00, 0x00, 0x00, 0x00,
    0xE6, 0xE8, 0xEC, 0xF4, 0xE7, 0xE7, 0xEB, 0x4B, 0x00, 0x00, 0x00, 0x00, 0x00, 0x00, 0x00, 0x00,
    0x00, 0x00, 0x00, 0x00, 0x00, 0x00, 0x00, 0x00, 0xE7, 0xE7, 0xEB, 0x4B, 0xE6, 0xE8, 0xEC, 0xF4,
    0x00, 0x00, 0x00, 0x00, 0x00, 0x00, 0x00, 0x00, 0x00, 0x00, 0x00, 0x00, 0x00, 0x00, 0x00, 0x00,
    0x00, 0x00, 0x00, 0x00, 0x00, 0x00, 0x00, 0x00, 0x00, 0x00, 0x00, 0x00, 0x00, 0x00, 0x00, 0x00,
    0x00, 0x00, 0x00, 0x00, 0x00, 0x00, 0x00, 0x00, 0x00, 0x00, 0x00, 0x00, 0x00, 0x00, 0x00, 0x00,
    0xE6, 0xE8, 0xEC, 0xF4, 0xE7, 0xE7, 0xEB, 0x4B, 0x00, 0x00, 0x00, 0x00, 0x00, 0x00, 0x00, 0x00,
    0x00, 0x00, 0x00, 0x00, 0x00, 0x00, 0x00, 0x00, 0xE7, 0xE7, 0xEB, 0x4B, 0xE6, 0xE8, 0xEC, 0xF4,
    0x00, 0x00, 0x00, 0x00, 0x00, 0x00, 0x00, 0x00, 0x00, 0x00, 0x00, 0x00, 0x00, 0x00, 0x00, 0x00,
    0x00, 0x00, 0x00, 0x00, 0x00, 0x00, 0x00, 0x00, 0x00, 0x00, 0x00, 0x00, 0x00, 0x00, 0x00, 0x00,
    0x00, 0x00, 0x00, 0x00, 0x00, 0x00, 0x00, 0x00, 0x00, 0x00, 0x00, 0x00, 0x00, 0x00, 0x00, 0x00,
    0xE6, 0xE8, 0xEC, 0xF4, 0xE7, 0xE7, 0xEB, 0x4B, 0x00, 0x00, 0x00, 0x00, 0x00, 0x00, 0x00, 0x00,
    0x00, 0x00, 0x00, 0x00, 0x00, 0x00, 0x00, 0x00, 0xE7, 0xE7, 0xEB, 0x4B, 0xE6, 0xE8, 0xEC, 0xF4,
    0x00, 0x00, 0x00, 0x00, 0x00, 0x00, 0x00, 0x00, 0x00, 0x00, 0x00, 0x00, 0x00, 0x00, 0x00, 0x00,
    0x00, 0x00, 0x00, 0x00, 0x00, 0x00, 0x00, 0x00, 0x00, 0x00, 0x00, 0x00, 0x00, 0x00, 0x00, 0x00,
    0x00, 0x00, 0x00, 0x00, 0x00, 0x00, 0x00, 0x00, 0x00, 0x00, 0x00, 0x00, 0x00, 0x00, 0x00, 0x00,
    0xE6, 0xE8, 0xEC, 0xF4, 0xE7, 0xE7, 0xEB, 0x4B, 0x00, 0x00, 0x00, 0x00, 0x00, 0x00, 0x00, 0x00,
    0x00, 0x00, 0x00, 0x00, 0x00, 0x00, 0x00, 0x00, 0xE7, 0xE7, 0xEB, 0x4B, 0xE6, 0xE8, 0xEC, 0xF4,
    0x00, 0x00, 0x00, 0x00, 0x00, 0x00, 0x00, 0x00, 0x00, 0x00, 0x00, 0x00, 0x00, 0x00, 0x00, 0x00,
    0x00, 0x00, 0x00, 0x00, 0x00, 0x00, 0x00, 0x00, 0x00, 0x00, 0x00, 0x00, 0x00, 0x00, 0x00, 0x00,
    0x00, 0x00, 0x00, 0x00, 0x00, 0x00, 0x00, 0x00, 0x00, 0x00, 0x00, 0x00, 0x00, 0x00, 0x00, 0x00,
    0xE6, 0xE8, 0xEC, 0xF4, 0xE7, 0xE7, 0xEB, 0x4B, 0x00, 0x00, 0x00, 0x00, 0x00, 0x00, 0x00, 0x00,
    0x00, 0x00, 0x00, 0x00, 0x00, 0x00, 0x00, 0x00, 0xE6, 0xE9, 0xED, 0x46, 0xE6, 0xE8, 0xEC, 0xFB,
    0xE5, 0xE8, 0xEB, 0x4E, 0x00, 0x00, 0x00, 0x00, 0x00, 0x00, 0x00, 0x00, 0x00, 0x00, 0x00, 0x00,
    0x00, 0x00, 0x00, 0x00, 0x00, 0x00, 0x00, 0x00, 0x00, 0x00, 0x00, 0x00, 0x00, 0x00, 0x00, 0x00,
    0x00, 0x00, 0x00, 0x00, 0x00, 0x00, 0x00, 0x00, 0x00, 0x00, 0x00, 0x00, 0xE5, 0xE8, 0xEB, 0x4E,
    0xE6, 0xE8, 0xEC, 0xFB, 0xE6, 0xE9, 0xED, 0x46, 0x00, 0x00, 0x00, 0x00, 0x00, 0x00, 0x00, 0x00,
    0x00, 0x00, 0x00, 0x00, 0x00, 0x00, 0x00, 0x00, 0xFF, 0xFF, 0xFF, 0x05, 0xE6, 0xE8, 0xEB, 0x8E,
    0xE6, 0xE8, 0xEC, 0xF9, 0xE4, 0xE7, 0xEC, 0xBF, 0xE8, 0xE8, 0xEA, 0x6F, 0xDF, 0xDF, 0xDF, 0x10,
    0x00, 0x00, 0x00, 0x00, 0x00, 0x00, 0x00, 0x00, 0x00, 0x00, 0x00, 0x00, 0x00, 0x00, 0x00, 0x00,
    0x00, 0x00, 0x00, 0x00, 0xE5, 0xEA, 0xEA, 0x31, 0xE6, 0xE8, 0xEC, 0xBE, 0xE5, 0xE7, 0xEC, 0xF9,
    0xE6, 0xE8, 0xEB, 0xB0, 0xE7, 0xE7, 0xE7, 0x15, 0x00, 0x00, 0x00, 0x00, 0x00, 0x00, 0x00, 0x00,
    0x00, 0x00, 0x00, 0x00, 0x00, 0x00, 0x00, 0x00, 0x00, 0x00, 0x00, 0x00, 0x00, 0x00, 0x00, 0x00,
    0xDF, 0xE6, 0xEC, 0x28, 0xE6, 0xEA, 0xEC, 0xCD, 0xE7, 0xE8, 0xEC, 0xFE, 0xE5, 0xE8, 0xEB, 0xAF,
    0xE6, 0xE6, 0xEF, 0x1F, 0xE5, 0xE8, 0xEB, 0x4D, 0xE6, 0xE6, 0xEA, 0x3D, 0xE2, 0xEB, 0xEB, 0x1A,
    0xE5, 0xE7, 0xEB, 0xA9, 0xE6, 0xE8, 0xED, 0xFD, 0xE5, 0xE7, 0xEC, 0xBC, 0xE8, 0xEA, 0xEC, 0x83,
    0xE7, 0xE9, 0xEC, 0x89, 0xDF, 0xDF, 0xDF, 0x10, 0x00, 0x00, 0x00, 0x00, 0x00, 0x00, 0x00, 0x00,
    0x00, 0x00, 0x00, 0x00, 0x00, 0x00, 0x00, 0x00, 0x00, 0x00, 0x00, 0x00, 0x00, 0x00, 0x00, 0x00,
    0xE5, 0xE5, 0xEC, 0x4F, 0xE7, 0xE9, 0xEC, 0x89, 0xE9, 0xE9, 0xEF, 0x50, 0xE6, 0xE9, 0xEC, 0xCC,
    0xE6, 0xE7, 0xEC, 0xF8, 0xE7, 0xE9, 0xED, 0xC8, 0xE5, 0xE6, 0xEC, 0x91, 0xE5, 0xE7, 0xEB, 0xF6,
    0xE7, 0xE9, 0xEC, 0xE9, 0xE7, 0xE7, 0xEB, 0x7D, 0xE5, 0xE5, 0xEC, 0x4F, 0xE7, 0xE9, 0xEC, 0x89,
    0xE9, 0xE9, 0xF4, 0x17, 0x00, 0x00, 0x00, 0x00, 0x00, 0x00, 0x00, 0x00, 0x00, 0x00, 0x00, 0x00,
    0x00, 0x00, 0x00, 0x00, 0x00, 0x00, 0x00, 0x00, 0x00, 0x00, 0x00, 0x00, 0x00, 0x00, 0x00, 0x00,
    0xEE, 0xEE, 0xEE, 0x0F, 0xDF, 0xDF, 0xDF, 0x10, 0x00, 0x00, 0x00, 0x00, 0xE9, 0xE9, 0xE9, 0x22,
    0xE6, 0xE8, 0xEC, 0xBB, 0xE6, 0xE7, 0xEC, 0xE8, 0xE6, 0xE8, 0xEC, 0xE4, 0xE7, 0xE8, 0xEC, 0xB2,
    0xE7, 0xEA, 0xED, 0x54, 0x00, 0x00, 0x00, 0x00, 0xEE, 0xEE, 0xEE, 0x0F, 0xDF, 0xDF, 0xDF, 0x10,
    0x00, 0x00, 0x00, 0x00, 0x00, 0x00, 0x00, 0x00, 0x00, 0x00, 0x00, 0x00, 0x00, 0x00, 0x00, 0x00,
    0x00, 0x00, 0x00, 0x00, 0x00, 0x00, 0x00, 0x00, 0x00, 0x00, 0x00, 0x00, 0x00, 0x00, 0x00, 0x00,
    0x00, 0x00, 0x00, 0x00, 0x00, 0x00, 0x00, 0x00, 0x00, 0x00, 0x00, 0x00, 0x00, 0x00, 0x00, 0x00,
    0xFF, 0xFF, 0xFF, 0x08, 0xFF, 0xFF, 0xFF, 0x05, 0xFF, 0xFF, 0xFF, 0x05, 0xFF, 0xFF, 0xFF, 0x08,
    0x00, 0x00, 0x00, 0x00, 0x00, 0x00, 0x00, 0x00, 0x00, 0x00, 0x00, 0x00, 0x00, 0x00, 0x00, 0x00,
    0x00, 0x00, 0x00, 0x00, 0x00, 0x00, 0x00, 0x00, 0x00, 0x00, 0x00, 0x00, 0x00, 0x00, 0x00, 0x00,
    0x00, 0x00, 0x00, 0x00, 0x00, 0x00, 0x00, 0x00, 0x00, 0x00, 0x00, 0x00, 0x00, 0x00, 0x00, 0x00,
    0x00, 0x00, 0x00, 0x00, 0x00, 0x00, 0x00, 0x00, 0x00, 0x00, 0x00, 0x00, 0x00, 0x00, 0x00, 0x00,
    0x00, 0x00, 0x00, 0x00, 0x00, 0x00, 0x00, 0x00, 0x00, 0x00, 0x00, 0x00, 0x00, 0x00, 0x00, 0x00,
    0x00, 0x00, 0x00, 0x00, 0x00, 0x00, 0x00, 0x00, 0x00, 0x00, 0x00, 0x00, 0x00, 0x00, 0x00, 0x00,
    0x00, 0x00, 0x00, 0x00, 0x00, 0x00, 0x00, 0x00, 0x00, 0x00, 0x00, 0x00, 0x00, 0x00, 0x00, 0x00,
}};
inline constexpr std::array<std::uint8_t, 1600> uve_node_icon_transform_node_rgba{{
    0x00, 0x00, 0x00, 0x00, 0x00, 0x00, 0x00, 0x00, 0x00, 0x00, 0x00, 0x00, 0x00, 0x00, 0x00, 0x00,
    0x00, 0x00, 0x00, 0x00, 0x00, 0x00, 0x00, 0x00, 0x00, 0x00, 0x00, 0x00, 0x00, 0x00, 0x00, 0x00,
    0x00, 0x00, 0x00, 0x00, 0x00, 0x00, 0x00, 0x00, 0x00, 0x00, 0x00, 0x00, 0x00, 0x00, 0x00, 0x00,
    0x00, 0x00, 0x00, 0x00, 0x00, 0x00, 0x00, 0x00, 0x00, 0x00, 0x00, 0x00, 0x00, 0x00, 0x00, 0x00,
    0x00, 0x00, 0x00, 0x00, 0x00, 0x00, 0x00, 0x00, 0x00, 0x00, 0x00, 0x00, 0x00, 0x00, 0x00, 0x00,
    0x00, 0x00, 0x00, 0x00, 0x00, 0x00, 0x00, 0x00, 0x00, 0x00, 0x00, 0x00, 0x00, 0x00, 0x00, 0x00,
    0x00, 0x00, 0x00, 0x00, 0x00, 0x00, 0x00, 0x00, 0x00, 0x00, 0x00, 0x00, 0x00, 0x00, 0x00, 0x00,
    0x00, 0x00, 0x00, 0x00, 0x00, 0x00, 0x00, 0x00, 0x00, 0x00, 0x00, 0x00, 0x00, 0x00, 0x00, 0x00,
    0x00, 0x00, 0x00, 0x00, 0x00, 0x00, 0x00, 0x00, 0x00, 0x00, 0x00, 0x00, 0x00, 0x00, 0x00, 0x00,
    0x00, 0x00, 0x00, 0x00, 0x00, 0x00, 0x00, 0x00, 0x00, 0x00, 0x00, 0x00, 0x00, 0x00, 0x00, 0x00,
    0x00, 0x00, 0x00, 0x00, 0x00, 0x00, 0x00, 0x00, 0x00, 0x00, 0x00, 0x00, 0x00, 0x00, 0x00, 0x00,
    0x00, 0x00, 0x00, 0x00, 0x00, 0x00, 0x00, 0x00, 0x00, 0x00, 0x00, 0x00, 0x00, 0x00, 0x00, 0x00,
    0x00, 0x00, 0x00, 0x00, 0xE2, 0xEB, 0xEB, 0x1A, 0xE2, 0xEB, 0xEB, 0x1A, 0x00, 0x00, 0x00, 0x00,
    0x00, 0x00, 0x00, 0x00, 0x00, 0x00, 0x00, 0x00, 0x00, 0x00, 0x00, 0x00, 0x00, 0x00, 0x00, 0x00,
    0x00, 0x00, 0x00, 0x00, 0x00, 0x00, 0x00, 0x00, 0x00, 0x00, 0x00, 0x00, 0x00, 0x00, 0x00, 0x00,
    0x00, 0x00, 0x00, 0x00, 0x00, 0x00, 0x00, 0x00, 0x00, 0x00, 0x00, 0x00, 0x00, 0x00, 0x00, 0x00,
    0x00, 0x00, 0x00, 0x00, 0x00, 0x00, 0x00, 0x00, 0x00, 0x00, 0x00, 0x00, 0x00, 0x00, 0x00, 0x00,
    0xE5, 0xE5, 0xEB, 0x27, 0xE7, 0xE8, 0xEC, 0xE5, 0xE7, 0xE8, 0xEC, 0xE5, 0xE5, 0xE5, 0xEB, 0x27,
    0x00, 0x00, 0x00, 0x00, 0x00, 0x00, 0x00, 0x00, 0x00, 0x00, 0x00, 0x00, 0x00, 0x00, 0x00, 0x00,
    0x00, 0x00, 0x00, 0x00, 0x00, 0x00, 0x00, 0x00, 0x00, 0x00, 0x00, 0x00, 0x00, 0x00, 0x00, 0x00,
    0x00, 0x00, 0x00, 0x00, 0x00, 0x00, 0x00, 0x00, 0x00, 0x00, 0x00, 0x00, 0x00, 0x00, 0x00, 0x00,
    0x00, 0x00, 0x00, 0x00, 0x00, 0x00, 0x00, 0x00, 0x00, 0x00, 0x00, 0x00, 0xE5, 0xE5, 0xEB, 0x27,
    0xE7, 0xE8, 0xEC, 0xE5, 0xE6, 0xE8, 0xEC, 0xFC, 0xE6, 0xE8, 0xEC, 0xFC, 0xE7, 0xE8, 0xEC, 0xE5,
    0xE5, 0xE5, 0xEB, 0x27, 0x00, 0x00, 0x00, 0x00, 0x00, 0x00, 0x00, 0x00, 0x00, 0x00, 0x00, 0x00,
    0x00, 0x00, 0x00, 0x00, 0x00, 0x00, 0x00, 0x00, 0x00, 0x00, 0x00, 0x00, 0x00, 0x00, 0x00, 0x00,
    0x00, 0x00, 0x00, 0x00, 0x00, 0x00, 0x00, 0x00, 0x00, 0x00, 0x00, 0x00, 0x00, 0x00, 0x00, 0x00,
    0x00, 0x00, 0x00, 0x00, 0x00, 0x00, 0x00, 0x00, 0xE8, 0xE8, 0xE8, 0x0B, 0xE7, 0xE8, 0xEC, 0xE5,
    0xE7, 0xE8, 0xEC, 0xB1, 0xE6, 0xE8, 0xEC, 0xA5, 0xE6, 0xE8, 0xEC, 0xA5, 0xE7, 0xE8, 0xEC, 0xB1,
    0xE7, 0xE8, 0xEC, 0xE5, 0xE8, 0xE8, 0xE8, 0x0B, 0x00, 0x00, 0x00, 0x00, 0x00, 0x00, 0x00, 0x00,
    0x00, 0x00, 0x00, 0x00, 0x00, 0x00, 0x00, 0x00, 0x00, 0x00, 0x00, 0x00, 0x00, 0x00, 0x00, 0x00,
    0x00, 0x00, 0x00, 0x00, 0x00, 0x00, 0x00, 0x00, 0x00, 0x00, 0x00, 0x00, 0x00, 0x00, 0x00, 0x00,
    0x00, 0x00, 0x00, 0x00, 0x00, 0x00, 0x00, 0x00, 0xFF, 0xFF, 0xFF, 0x02, 0xE7, 0xE9, 0xEC, 0x5E,
    0xD5, 0xD5, 0xFF, 0x06, 0xE5, 0xE9, 0xEC, 0x9F, 0xE5, 0xE9, 0xEC, 0x9F, 0xD5, 0xD5, 0xFF, 0x06,
    0xE7, 0xE9, 0xEC, 0x5E, 0xFF, 0xFF, 0xFF, 0x05, 0xEA, 0xEA, 0xEA, 0x0C, 0x00, 0x00, 0x00, 0x00,
    0x00, 0x00, 0x00, 0x00, 0x00, 0x00, 0x00, 0x00, 0x00, 0x00, 0x00, 0x00, 0x00, 0x00, 0x00, 0x00,
    0x00, 0x00, 0x00, 0x00, 0x00, 0x00, 0x00, 0x00, 0x00, 0x00, 0x00, 0x00, 0x00, 0x00, 0x00, 0x00,
    0x00, 0x00, 0x00, 0x00, 0x00, 0x00, 0x00, 0x00, 0x00, 0x00, 0x00, 0x00, 0x00, 0x00, 0x00, 0x00,
    0x00, 0x00, 0x00, 0x00, 0xE5, 0xE9, 0xEC, 0x9F, 0xE5, 0xE9, 0xEC, 0x9F, 0x00, 0x00, 0x00, 0x00,
    0x00, 0x00, 0x00, 0x00, 0xE7, 0xE9, 0xEC, 0x5E, 0xE7, 0xE8, 0xEC, 0xE5, 0xE5, 0xE5, 0xEB, 0x27,
    0x00, 0x00, 0x00, 0x00, 0x00, 0x00, 0x00, 0x00, 0x00, 0x00, 0x00, 0x00, 0x00, 0x00, 0x00, 0x00,
    0x00, 0x00, 0x00, 0x00, 0x00, 0x00, 0x00, 0x00, 0x00, 0x00, 0x00, 0x00, 0x00, 0x00, 0x00, 0x00,
    0x00, 0x00, 0x00, 0x00, 0x00, 0x00, 0x00, 0x00, 0x00, 0x00, 0x00, 0x00, 0x00, 0x00, 0x00, 0x00,
    0x00, 0x00, 0x00, 0x00, 0xBD, 0xC0, 0xC3, 0xAA, 0xBD, 0xC0, 0xC3, 0xAA, 0x00, 0x00, 0x00, 0x00,
    0x00, 0x00, 0x00, 0x00, 0xFF, 0xFF, 0xFF, 0x05, 0xE6, 0xE8, 0xEC, 0xAF, 0xE6, 0xE8, 0xEC, 0xE8,
    0xE7, 0xE7, 0xED, 0x2A, 0x00, 0x00, 0x00, 0x00, 0x00, 0x00, 0x00, 0x00, 0x00, 0x00, 0x00, 0x00,
    0x00, 0x00, 0x00, 0x00, 0x00, 0x00, 0x00, 0x00, 0xE2, 0xEB, 0xEB, 0x1A, 0xE6, 0xE7, 0xEC, 0x97,
    0xE6, 0xE8, 0xED, 0x99, 0xE6, 0xE8, 0xED, 0x99, 0xE6, 0xE8, 0xED, 0x99, 0xE6, 0xE8, 0xED, 0x99,
    0xBD, 0xBE, 0xC1, 0xA5, 0x06, 0x06, 0x06, 0xFE, 0x06, 0x06, 0x06, 0xFE, 0xBD, 0xBE, 0xC3, 0xA5,
    0xE6, 0xE8, 0xED, 0x99, 0xE6, 0xE8, 0xED, 0x99, 0xE5, 0xE9, 0xEC, 0x9F, 0xE6, 0xE8, 0xEC, 0xFB,
    0xE7, 0xE8, 0xEC, 0xE5, 0xE2, 0xEB, 0xEB, 0x1A, 0x00, 0x00, 0x00, 0x00, 0x00, 0x00, 0x00, 0x00,
    0x00, 0x00, 0x00, 0x00, 0x00, 0x00, 0x00, 0x00, 0xE2, 0xEB, 0xEB, 0x1A, 0xE6, 0xE7, 0xEC, 0x97,
    0xE6, 0xE8, 0xED, 0x99, 0xE6, 0xE8, 0xED, 0x99, 0xE6, 0xE8, 0xED, 0x99, 0xE6, 0xE8, 0xED, 0x99,
    0xBD, 0xBE, 0xC1, 0xA5, 0x06, 0x06, 0x06, 0xFE, 0x07, 0x07, 0x07, 0xFE, 0xBD, 0xBE, 0xC3, 0xA5,
    0xE6, 0xE8, 0xED, 0x99, 0xE6, 0xE8, 0xED, 0x99, 0xE5, 0xE9, 0xEC, 0x9F, 0xE6, 0xE8, 0xEC, 0xFB,
    0xE7, 0xE8, 0xEC, 0xE5, 0xE2, 0xEB, 0xEB, 0x1A, 0x00, 0x00, 0x00, 0x00, 0x00, 0x00, 0x00, 0x00,
    0x00, 0x00, 0x00, 0x00, 0x00, 0x00, 0x00, 0x00, 0x00, 0x00, 0x00, 0x00, 0x00, 0x00, 0x00, 0x00,
    0x00, 0x00, 0x00, 0x00, 0x00, 0x00, 0x00, 0x00, 0x00, 0x00, 0x00, 0x00, 0x00, 0x00, 0x00, 0x00,
    0x00, 0x00, 0x00, 0x00, 0xBF, 0xC2, 0xC3, 0xAA, 0xBF, 0xC2, 0xC3, 0xAA, 0x00, 0x00, 0x00, 0x00,
    0x00, 0x00, 0x00, 0x00, 0xD5, 0xD5, 0xFF, 0x06, 0xE6, 0xE8, 0xEC, 0xAF, 0xE6, 0xE8, 0xEC, 0xE8,
    0xE7, 0xE7, 0xED, 0x2A, 0x00, 0x00, 0x00, 0x00, 0x00, 0x00, 0x00, 0x00, 0x00, 0x00, 0x00, 0x00,
    0x00, 0x00, 0x00, 0x00, 0x00, 0x00, 0x00, 0x00, 0x00, 0x00, 0x00, 0x00, 0x00, 0x00, 0x00, 0x00,
    0x00, 0x00, 0x00, 0x00, 0x00, 0x00, 0x00, 0x00, 0x00, 0x00, 0x00, 0x00, 0x00, 0x00, 0x00, 0x00,
    0x00, 0x00, 0x00, 0x00, 0xE5, 0xE9, 0xEC, 0x9F, 0xE5, 0xE9, 0xEC, 0x9F, 0x00, 0x00, 0x00, 0x00,
    0x00, 0x00, 0x00, 0x00, 0xE7, 0xE9, 0xEC, 0x5E, 0xE7, 0xE8, 0xEC, 0xE5, 0xE5, 0xE5, 0xEB, 0x27,
    0x00, 0x00, 0x00, 0x00, 0x00, 0x00, 0x00, 0x00, 0x00, 0x00, 0x00, 0x00, 0x00, 0x00, 0x00, 0x00,
    0x00, 0x00, 0x00, 0x00, 0x00, 0x00, 0x00, 0x00, 0x00, 0x00, 0x00, 0x00, 0x00, 0x00, 0x00, 0x00,
    0x00, 0x00, 0x00, 0x00, 0x00, 0x00, 0x00, 0x00, 0x00, 0x00, 0x00, 0x00, 0x00, 0x00, 0x00, 0x00,
    0x00, 0x00, 0x00, 0x00, 0xE5, 0xE9, 0xEC, 0x9F, 0xE5, 0xE9, 0xEC, 0x9F, 0x00, 0x00, 0x00, 0x00,
    0x00, 0x00, 0x00, 0x00, 0xFF, 0xFF, 0xFF, 0x03, 0xEA, 0xEA, 0xEA, 0x0C, 0x00, 0x00, 0x00, 0x00,
    0x00, 0x00, 0x00, 0x00, 0x00, 0x00, 0x00, 0x00, 0x00, 0x00, 0x00, 0x00, 0x00, 0x00, 0x00, 0x00,
    0x00, 0x00, 0x00, 0x00, 0x00, 0x00, 0x00, 0x00, 0x00, 0x00, 0x00, 0x00, 0x00, 0x00, 0x00, 0x00,
    0x00, 0x00, 0x00, 0x00, 0x00, 0x00, 0x00, 0x00, 0x00, 0x00, 0x00, 0x00, 0x00, 0x00, 0x00, 0x00,
    0x00, 0x00, 0x00, 0x00, 0xE5, 0xE9, 0xEC, 0x9F, 0xE5, 0xE9, 0xEC, 0x9F, 0x00, 0x00, 0x00, 0x00,
    0x00, 0x00, 0x00, 0x00, 0x00, 0x00, 0x00, 0x00, 0x00, 0x00, 0x00, 0x00, 0x00, 0x00, 0x00, 0x00,
    0x00, 0x00, 0x00, 0x00, 0x00, 0x00, 0x00, 0x00, 0x00, 0x00, 0x00, 0x00, 0x00, 0x00, 0x00, 0x00,
    0x00, 0x00, 0x00, 0x00, 0x00, 0x00, 0x00, 0x00, 0x00, 0x00, 0x00, 0x00, 0x00, 0x00, 0x00, 0x00,
    0x00, 0x00, 0x00, 0x00, 0x00, 0x00, 0x00, 0x00, 0x00, 0x00, 0x00, 0x00, 0x00, 0x00, 0x00, 0x00,
    0x00, 0x00, 0x00, 0x00, 0xE5, 0xE9, 0xEC, 0x9F, 0xE5, 0xE9, 0xEC, 0x9F, 0x00, 0x00, 0x00, 0x00,
    0x00, 0x00, 0x00, 0x00, 0x00, 0x00, 0x00, 0x00, 0x00, 0x00, 0x00, 0x00, 0x00, 0x00, 0x00, 0x00,
    0x00, 0x00, 0x00, 0x00, 0x00, 0x00, 0x00, 0x00, 0x00, 0x00, 0x00, 0x00, 0x00, 0x00, 0x00, 0x00,
    0x00, 0x00, 0x00, 0x00, 0x00, 0x00, 0x00, 0x00, 0x00, 0x00, 0x00, 0x00, 0x00, 0x00, 0x00, 0x00,
    0x00, 0x00, 0x00, 0x00, 0x00, 0x00, 0x00, 0x00, 0x00, 0x00, 0x00, 0x00, 0x00, 0x00, 0x00, 0x00,
    0x00, 0x00, 0x00, 0x00, 0xE6, 0xE8, 0xEB, 0x9C, 0xE6, 0xE8, 0xEB, 0x9C, 0x00, 0x00, 0x00, 0x00,
    0x00, 0x00, 0x00, 0x00, 0x00, 0x00, 0x00, 0x00, 0x00, 0x00, 0x00, 0x00, 0x00, 0x00, 0x00, 0x00,
    0x00, 0x00, 0x00, 0x00, 0x00, 0x00, 0x00, 0x00, 0x00, 0x00, 0x00, 0x00, 0x00, 0x00, 0x00, 0x00,
    0x00, 0x00, 0x00, 0x00, 0x00, 0x00, 0x00, 0x00, 0x00, 0x00, 0x00, 0x00, 0x00, 0x00, 0x00, 0x00,
    0x00, 0x00, 0x00, 0x00, 0x00, 0x00, 0x00, 0x00, 0x00, 0x00, 0x00, 0x00, 0x00, 0x00, 0x00, 0x00,
    0x00, 0x00, 0x00, 0x00, 0xEB, 0xEB, 0xEB, 0x19, 0xEB, 0xEB, 0xEB, 0x19, 0x00, 0x00, 0x00, 0x00,
    0x00, 0x00, 0x00, 0x00, 0x00, 0x00, 0x00, 0x00, 0x00, 0x00, 0x00, 0x00, 0x00, 0x00, 0x00, 0x00,
    0x00, 0x00, 0x00, 0x00, 0x00, 0x00, 0x00, 0x00, 0x00, 0x00, 0x00, 0x00, 0x00, 0x00, 0x00, 0x00,
    0x00, 0x00, 0x00, 0x00, 0x00, 0x00, 0x00, 0x00, 0x00, 0x00, 0x00, 0x00, 0x00, 0x00, 0x00, 0x00,
    0x00, 0x00, 0x00, 0x00, 0x00, 0x00, 0x00, 0x00, 0x00, 0x00, 0x00, 0x00, 0x00, 0x00, 0x00, 0x00,
    0x00, 0x00, 0x00, 0x00, 0x00, 0x00, 0x00, 0x00, 0x00, 0x00, 0x00, 0x00, 0x00, 0x00, 0x00, 0x00,
    0x00, 0x00, 0x00, 0x00, 0x00, 0x00, 0x00, 0x00, 0x00, 0x00, 0x00, 0x00, 0x00, 0x00, 0x00, 0x00,
    0x00, 0x00, 0x00, 0x00, 0x00, 0x00, 0x00, 0x00, 0x00, 0x00, 0x00, 0x00, 0x00, 0x00, 0x00, 0x00,
    0x00, 0x00, 0x00, 0x00, 0x00, 0x00, 0x00, 0x00, 0x00, 0x00, 0x00, 0x00, 0x00, 0x00, 0x00, 0x00,
    0x00, 0x00, 0x00, 0x00, 0x00, 0x00, 0x00, 0x00, 0x00, 0x00, 0x00, 0x00, 0x00, 0x00, 0x00, 0x00,
    0x00, 0x00, 0x00, 0x00, 0x00, 0x00, 0x00, 0x00, 0x00, 0x00, 0x00, 0x00, 0x00, 0x00, 0x00, 0x00,
    0x00, 0x00, 0x00, 0x00, 0x00, 0x00, 0x00, 0x00, 0x00, 0x00, 0x00, 0x00, 0x00, 0x00, 0x00, 0x00,
    0x00, 0x00, 0x00, 0x00, 0x00, 0x00, 0x00, 0x00, 0x00, 0x00, 0x00, 0x00, 0x00, 0x00, 0x00, 0x00,
}};
inline constexpr std::array<std::uint8_t, 1600> uve_node_icon_visibility_region_node_rgba{{
    0x00, 0x00, 0x00, 0x00, 0x00, 0x00, 0x00, 0x00, 0x00, 0x00, 0x00, 0x00, 0x00, 0x00, 0x00, 0x00,
    0x00, 0x00, 0x00, 0x00, 0x00, 0x00, 0x00, 0x00, 0x00, 0x00, 0x00, 0x00, 0x00, 0x00, 0x00, 0x00,
    0x00, 0x00, 0x00, 0x00, 0x00, 0x00, 0x00, 0x00, 0x00, 0x00, 0x00, 0x00, 0x00, 0x00, 0x00, 0x00,
    0x00, 0x00, 0x00, 0x00, 0x00, 0x00, 0x00, 0x00, 0x00, 0x00, 0x00, 0x00, 0x00, 0x00, 0x00, 0x00,
    0x00, 0x00, 0x00, 0x00, 0x00, 0x00, 0x00, 0x00, 0x00, 0x00, 0x00, 0x00, 0x00, 0x00, 0x00, 0x00,
    0x00, 0x00, 0x00, 0x00, 0x00, 0x00, 0x00, 0x00, 0x00, 0x00, 0x00, 0x00, 0x00, 0x00, 0x00, 0x00,
    0x00, 0x00, 0x00, 0x00, 0x00, 0x00, 0x00, 0x00, 0x00, 0x00, 0x00, 0x00, 0x00, 0x00, 0x00, 0x00,
    0x00, 0x00, 0x00, 0x00, 0x00, 0x00, 0x00, 0x00, 0x00, 0x00, 0x00, 0x00, 0x00, 0x00, 0x00, 0x00,
    0x00, 0x00, 0x00, 0x00, 0x00, 0x00, 0x00, 0x00, 0x00, 0x00, 0x00, 0x00, 0x00, 0x00, 0x00, 0x00,
    0x00, 0x00, 0x00, 0x00, 0x00, 0x00, 0x00, 0x00, 0x00, 0x00, 0x00, 0x00, 0x00, 0x00, 0x00, 0x00,
    0x00, 0x00, 0x00, 0x00, 0x00, 0x00, 0x00, 0x00, 0x00, 0x00, 0x00, 0x00, 0x00, 0x00, 0x00, 0x00,
    0x00, 0x00, 0x00, 0x00, 0x00, 0x00, 0x00, 0x00, 0x00, 0x00, 0x00, 0x00, 0x00, 0x00, 0x00, 0x00,
    0x00, 0x00, 0x00, 0x00, 0x00, 0x00, 0x00, 0x00, 0x00, 0x00, 0x00, 0x00, 0x00, 0x00, 0x00, 0x00,
    0x00, 0x00, 0x00, 0x00, 0x00, 0x00, 0x00, 0x00, 0x00, 0x00, 0x00, 0x00, 0x00, 0x00, 0x00, 0x00,
    0x00, 0x00, 0x00, 0x00, 0x00, 0x00, 0x00, 0x00, 0x00, 0x00, 0x00, 0x00, 0x00, 0x00, 0x00, 0x00,
    0x00, 0x00, 0x00, 0x00, 0x00, 0x00, 0x00, 0x00, 0x00, 0x00, 0x00, 0x00, 0x00, 0x00, 0x00, 0x00,
    0x00, 0x00, 0x00, 0x00, 0x00, 0x00, 0x00, 0x00, 0x00, 0x00, 0x00, 0x00, 0xE3, 0xE3, 0xE3, 0x09,
    0xE7, 0xE7, 0xEB, 0x40, 0xE5, 0xE8, 0xED, 0x63, 0xE5, 0xE8, 0xED, 0x63, 0xE7, 0xE7, 0xEB, 0x40,
    0xE3, 0xE3, 0xE3, 0x09, 0x00, 0x00, 0x00, 0x00, 0x00, 0x00, 0x00, 0x00, 0x00, 0x00, 0x00, 0x00,
    0x00, 0x00, 0x00, 0x00, 0x00, 0x00, 0x00, 0x00, 0x00, 0x00, 0x00, 0x00, 0x00, 0x00, 0x00, 0x00,
    0x00, 0x00, 0x00, 0x00, 0x00, 0x00, 0x00, 0x00, 0x00, 0x00, 0x00, 0x00, 0x00, 0x00, 0x00, 0x00,
    0x00, 0x00, 0x00, 0x00, 0xDF, 0xEF, 0xEF, 0x10, 0xE6, 0xE7, 0xED, 0x8C, 0xE6, 0xE9, 0xEC, 0xEE,
    0xE6, 0xE8, 0xEC, 0xFA, 0xE6, 0xE8, 0xEC, 0xDC, 0xE6, 0xE8, 0xEC, 0xDC, 0xE6, 0xE8, 0xEC, 0xFA,
    0xE6, 0xE9, 0xEC, 0xEE, 0xE6, 0xE7, 0xED, 0x8C, 0xEE, 0xEE, 0xEE, 0x0F, 0x00, 0x00, 0x00, 0x00,
    0x00, 0x00, 0x00, 0x00, 0x00, 0x00, 0x00, 0x00, 0x00, 0x00, 0x00, 0x00, 0x00, 0x00, 0x00, 0x00,
    0x00, 0x00, 0x00, 0x00, 0x00, 0x00, 0x00, 0x00, 0x00, 0x00, 0x00, 0x00, 0x00, 0x00, 0x00, 0x00,
    0xE8, 0xE8, 0xEC, 0x42, 0xE7, 0xE8, 0xEC, 0xE5, 0xE6, 0xE9, 0xEC, 0xD8, 0xE7, 0xE7, 0xEC, 0x5F,
    0xDF, 0xDF, 0xDF, 0x08, 0x00, 0x00, 0x00, 0x00, 0x00, 0x00, 0x00, 0x00, 0xE3, 0xE3, 0xE3, 0x09,
    0xE7, 0xE7, 0xEC, 0x60, 0xE6, 0xE7, 0xEC, 0xD9, 0xE6, 0xE8, 0xEC, 0xE4, 0xE7, 0xE7, 0xEB, 0x3F,
    0x00, 0x00, 0x00, 0x00, 0x00, 0x00, 0x00, 0x00, 0x00, 0x00, 0x00, 0x00, 0x00, 0x00, 0x00, 0x00,
    0x00, 0x00, 0x00, 0x00, 0x00, 0x00, 0x00, 0x00, 0x00, 0x00, 0x00, 0x00, 0xE7, 0xE7, 0xED, 0x56,
    0xE6, 0xE8, 0xEC, 0xF9, 0xE6, 0xE8, 0xEC, 0x90, 0xDF, 0xDF, 0xDF, 0x08, 0x00, 0x00, 0x00, 0x00,
    0x00, 0x00, 0x00, 0x00, 0xE6, 0xE6, 0xE6, 0x0A, 0xE6, 0xE6, 0xE6, 0x0A, 0x00, 0x00, 0x00, 0x00,
    0x00, 0x00, 0x00, 0x00, 0xDF, 0xDF, 0xDF, 0x08, 0xE7, 0xE8, 0xEC, 0x92, 0xE6, 0xE8, 0xEC, 0xF8,
    0xE7, 0xE7, 0xED, 0x54, 0x00, 0x00, 0x00, 0x00, 0x00, 0x00, 0x00, 0x00, 0x00, 0x00, 0x00, 0x00,
    0x00, 0x00, 0x00, 0x00, 0x00, 0x00, 0x00, 0x00, 0xE6, 0xE6, 0xEA, 0x3D, 0xE6, 0xE8, 0xEC, 0xF8,
    0xE7, 0xE7, 0xEB, 0x75, 0x00, 0x00, 0x00, 0x00, 0x00, 0x00, 0x00, 0x00, 0xE4, 0xE4, 0xF2, 0x13,
    0xE6, 0xE8, 0xEC, 0xAE, 0xE6, 0xE8, 0xEC, 0xFC, 0xE6, 0xE8, 0xEC, 0xFB, 0xE6, 0xE7, 0xEC, 0xAD,
    0xE4, 0xE4, 0xF2, 0x13, 0x00, 0x00, 0x00, 0x00, 0x00, 0x00, 0x00, 0x00, 0xE7, 0xE7, 0xEB, 0x75,
    0xE6, 0xE8, 0xEC, 0xF8, 0xE6, 0xEA, 0xEE, 0x3C, 0x00, 0x00, 0x00, 0x00, 0x00, 0x00, 0x00, 0x00,
    0x00, 0x00, 0x00, 0x00, 0xE8, 0xE8, 0xF0, 0x21, 0xE6, 0xE8, 0xEB, 0xEB, 0xE7, 0xE8, 0xEC, 0x92,
    0x00, 0x00, 0x00, 0x00, 0x00, 0x00, 0x00, 0x00, 0x00, 0x00, 0x00, 0x00, 0xE6, 0xE8, 0xEC, 0xAE,
    0xE7, 0xE8, 0xEB, 0xD1, 0xE6, 0xE6, 0xEA, 0x3D, 0xE6, 0xE6, 0xEA, 0x3D, 0xE6, 0xE8, 0xEC, 0xD2,
    0xE6, 0xE7, 0xEC, 0xAC, 0x00, 0x00, 0x00, 0x00, 0x00, 0x00, 0x00, 0x00, 0x00, 0x00, 0x00, 0x00,
    0xE7, 0xE8, 0xEC, 0x93, 0xE6, 0xE8, 0xEC, 0xEA, 0xE7, 0xE7, 0xEF, 0x20, 0x00, 0x00, 0x00, 0x00,
    0x00, 0x00, 0x00, 0x00, 0xE6, 0xE7, 0xEC, 0xB8, 0xE5, 0xE8, 0xEC, 0xBD, 0xFF, 0xFF, 0xFF, 0x03,
    0x00, 0x00, 0x00, 0x00, 0x00, 0x00, 0x00, 0x00, 0xE6, 0xE6, 0xE6, 0x0A, 0xE6, 0xE8, 0xEC, 0xFC,
    0xE6, 0xE6, 0xEA, 0x3D, 0x00, 0x00, 0x00, 0x00, 0x00, 0x00, 0x00, 0x00, 0xE6, 0xE6, 0xEA, 0x3E,
    0xE6, 0xE8, 0xEC, 0xFB, 0xE6, 0xE6, 0xE6, 0x0A, 0x00, 0x00, 0x00, 0x00, 0x00, 0x00, 0x00, 0x00,
    0xFF, 0xFF, 0xFF, 0x04, 0xE6, 0xE8, 0xEC, 0xBF, 0xE6, 0xE7, 0xEB, 0xB7, 0x00, 0x00, 0x00, 0x00,
    0x00, 0x00, 0x00, 0x00, 0xE6, 0xE7, 0xEB, 0xB7, 0xE6, 0xE8, 0xEC, 0xBE, 0xFF, 0xFF, 0xFF, 0x04,
    0x00, 0x00, 0x00, 0x00, 0x00, 0x00, 0x00, 0x00, 0xE6, 0xE6, 0xE6, 0x0A, 0xE6, 0xE8, 0xEC, 0xFB,
    0xE6, 0xE6, 0xEA, 0x3D, 0x00, 0x00, 0x00, 0x00, 0x00, 0x00, 0x00, 0x00, 0xE7, 0xE7, 0xEB, 0x3F,
    0xE6, 0xE8, 0xEC, 0xFB, 0xE6, 0xE6, 0xE6, 0x0A, 0x00, 0x00, 0x00, 0x00, 0x00, 0x00, 0x00, 0x00,
    0xFF, 0xFF, 0xFF, 0x04, 0xE6, 0xE8, 0xEC, 0xC0, 0xE6, 0xE7, 0xEB, 0xB7, 0x00, 0x00, 0x00, 0x00,
    0x00, 0x00, 0x00, 0x00, 0xE7, 0xE7, 0xEF, 0x20, 0xE6, 0xE8, 0xEC, 0xEA, 0xE7, 0xE8, 0xEC, 0x93,
    0x00, 0x00, 0x00, 0x00, 0x00, 0x00, 0x00, 0x00, 0x00, 0x00, 0x00, 0x00, 0xE6, 0xE7, 0xEC, 0xAD,
    0xE7, 0xE8, 0xEB, 0xD1, 0xE6, 0xE6, 0xEA, 0x3E, 0xE7, 0xE7, 0xEB, 0x3F, 0xE6, 0xE8, 0xEC, 0xD2,
    0xE6, 0xE9, 0xEC, 0xAB, 0x00, 0x00, 0x00, 0x00, 0x00, 0x00, 0x00, 0x00, 0x00, 0x00, 0x00, 0x00,
    0xE5, 0xE9, 0xEC, 0x95, 0xE6, 0xE8, 0xEC, 0xEA, 0xE6, 0xE6, 0xEF, 0x1F, 0x00, 0x00, 0x00, 0x00,
    0x00, 0x00, 0x00, 0x00, 0x00, 0x00, 0x00, 0x00, 0xE6, 0xEA, 0xEE, 0x3C, 0xE6, 0xE8, 0xEC, 0xF8,
    0xE5, 0xE7, 0xEC, 0x76, 0x00, 0x00, 0x00, 0x00, 0x00, 0x00, 0x00, 0x00, 0xE4, 0xE4, 0xF2, 0x13,
    0xE6, 0xE7, 0xEC, 0xAC, 0xE6, 0xE8, 0xEC, 0xFB, 0xE6, 0xE8, 0xEC, 0xFB, 0xE6, 0xE7, 0xEC, 0xAC,
    0xE3, 0xE3, 0xF1, 0x12, 0x00, 0x00, 0x00, 0x00, 0x00, 0x00, 0x00, 0x00, 0xE6, 0xE8, 0xEC, 0x78,
    0xE6, 0xE8, 0xEC, 0xF8, 0xE5, 0xE9, 0xEE, 0x3B, 0x00, 0x00, 0x00, 0x00, 0x00, 0x00, 0x00, 0x00,
    0x00, 0x00, 0x00, 0x00, 0x00, 0x00, 0x00, 0x00, 0x00, 0x00, 0x00, 0x00, 0xE7, 0xE7, 0xED, 0x54,
    0xE6, 0xE8, 0xEC, 0xF8, 0xE7, 0xE8, 0xEC, 0x92, 0xE3, 0xE3, 0xE3, 0x09, 0x00, 0x00, 0x00, 0x00,
    0x00, 0x00, 0x00, 0x00, 0xE6, 0xE6, 0xE6, 0x0A, 0xE6, 0xE6, 0xE6, 0x0A, 0x00, 0x00, 0x00, 0x00,
    0x00, 0x00, 0x00, 0x00, 0xE3, 0xE3, 0xE3, 0x09, 0xE6, 0xE7, 0xEC, 0x96, 0xE6, 0xE8, 0xEC, 0xF8,
    0xE7, 0xE7, 0xED, 0x54, 0x00, 0x00, 0x00, 0x00, 0x00, 0x00, 0x00, 0x00, 0x00, 0x00, 0x00, 0x00,
    0x00, 0x00, 0x00, 0x00, 0x00, 0x00, 0x00, 0x00, 0x00, 0x00, 0x00, 0x00, 0x00, 0x00, 0x00, 0x00,
    0xE7, 0xE7, 0xEB, 0x3F, 0xE6, 0xE9, 0xEC, 0xE3, 0xE6, 0xE7, 0xEC, 0xD9, 0xE5, 0xE7, 0xED, 0x61,
    0xE3, 0xE3, 0xE3, 0x09, 0x00, 0x00, 0x00, 0x00, 0x00, 0x00, 0x00, 0x00, 0xE6, 0xE6, 0xE6, 0x0A,
    0xE5, 0xE8, 0xED, 0x62, 0xE6, 0xE8, 0xEC, 0xDA, 0xE6, 0xE8, 0xEC, 0xE2, 0xE6, 0xE6, 0xEA, 0x3E,
    0x00, 0x00, 0x00, 0x00, 0x00, 0x00, 0x00, 0x00, 0x00, 0x00, 0x00, 0x00, 0x00, 0x00, 0x00, 0x00,
    0x00, 0x00, 0x00, 0x00, 0x00, 0x00, 0x00, 0x00, 0x00, 0x00, 0x00, 0x00, 0x00, 0x00, 0x00, 0x00,
    0x00, 0x00, 0x00, 0x00, 0xEE, 0xEE, 0xEE, 0x0F, 0xE5, 0xE7, 0xED, 0x8B, 0xE6, 0xE8, 0xEC, 0xED,
    0xE6, 0xE8, 0xEC, 0xFB, 0xE6, 0xE8, 0xEC, 0xDC, 0xE6, 0xE8, 0xEC, 0xDC, 0xE6, 0xE8, 0xEC, 0xFB,
    0xE6, 0xE8, 0xEC, 0xEC, 0xE5, 0xE9, 0xED, 0x8A, 0xED, 0xED, 0xED, 0x0E, 0x00, 0x00, 0x00, 0x00,
    0x00, 0x00, 0x00, 0x00, 0x00, 0x00, 0x00, 0x00, 0x00, 0x00, 0x00, 0x00, 0x00, 0x00, 0x00, 0x00,
    0x00, 0x00, 0x00, 0x00, 0x00, 0x00, 0x00, 0x00, 0x00, 0x00, 0x00, 0x00, 0x00, 0x00, 0x00, 0x00,
    0x00, 0x00, 0x00, 0x00, 0x00, 0x00, 0x00, 0x00, 0x00, 0x00, 0x00, 0x00, 0xDF, 0xDF, 0xDF, 0x08,
    0xE7, 0xE7, 0xEB, 0x3F, 0xE5, 0xE8, 0xED, 0x63, 0xE5, 0xE8, 0xED, 0x63, 0xE7, 0xE7, 0xEB, 0x3F,
    0xDF, 0xDF, 0xDF, 0x08, 0x00, 0x00, 0x00, 0x00, 0x00, 0x00, 0x00, 0x00, 0x00, 0x00, 0x00, 0x00,
    0x00, 0x00, 0x00, 0x00, 0x00, 0x00, 0x00, 0x00, 0x00, 0x00, 0x00, 0x00, 0x00, 0x00, 0x00, 0x00,
    0x00, 0x00, 0x00, 0x00, 0x00, 0x00, 0x00, 0x00, 0x00, 0x00, 0x00, 0x00, 0x00, 0x00, 0x00, 0x00,
    0x00, 0x00, 0x00, 0x00, 0x00, 0x00, 0x00, 0x00, 0x00, 0x00, 0x00, 0x00, 0x00, 0x00, 0x00, 0x00,
    0x00, 0x00, 0x00, 0x00, 0x00, 0x00, 0x00, 0x00, 0x00, 0x00, 0x00, 0x00, 0x00, 0x00, 0x00, 0x00,
    0x00, 0x00, 0x00, 0x00, 0x00, 0x00, 0x00, 0x00, 0x00, 0x00, 0x00, 0x00, 0x00, 0x00, 0x00, 0x00,
    0x00, 0x00, 0x00, 0x00, 0x00, 0x00, 0x00, 0x00, 0x00, 0x00, 0x00, 0x00, 0x00, 0x00, 0x00, 0x00,
    0x00, 0x00, 0x00, 0x00, 0x00, 0x00, 0x00, 0x00, 0x00, 0x00, 0x00, 0x00, 0x00, 0x00, 0x00, 0x00,
    0x00, 0x00, 0x00, 0x00, 0x00, 0x00, 0x00, 0x00, 0x00, 0x00, 0x00, 0x00, 0x00, 0x00, 0x00, 0x00,
    0x00, 0x00, 0x00, 0x00, 0x00, 0x00, 0x00, 0x00, 0x00, 0x00, 0x00, 0x00, 0x00, 0x00, 0x00, 0x00,
    0x00, 0x00, 0x00, 0x00, 0x00, 0x00, 0x00, 0x00, 0x00, 0x00, 0x00, 0x00, 0x00, 0x00, 0x00, 0x00,
    0x00, 0x00, 0x00, 0x00, 0x00, 0x00, 0x00, 0x00, 0x00, 0x00, 0x00, 0x00, 0x00, 0x00, 0x00, 0x00,
    0x00, 0x00, 0x00, 0x00, 0x00, 0x00, 0x00, 0x00, 0x00, 0x00, 0x00, 0x00, 0x00, 0x00, 0x00, 0x00,
    0x00, 0x00, 0x00, 0x00, 0x00, 0x00, 0x00, 0x00, 0x00, 0x00, 0x00, 0x00, 0x00, 0x00, 0x00, 0x00,
    0x00, 0x00, 0x00, 0x00, 0x00, 0x00, 0x00, 0x00, 0x00, 0x00, 0x00, 0x00, 0x00, 0x00, 0x00, 0x00,
    0x00, 0x00, 0x00, 0x00, 0x00, 0x00, 0x00, 0x00, 0x00, 0x00, 0x00, 0x00, 0x00, 0x00, 0x00, 0x00,
    0x00, 0x00, 0x00, 0x00, 0x00, 0x00, 0x00, 0x00, 0x00, 0x00, 0x00, 0x00, 0x00, 0x00, 0x00, 0x00,
}};
inline constexpr std::array<std::uint8_t, 1600> uve_node_icon_world_environment_node_rgba{{
    0x00, 0x00, 0x00, 0x00, 0x00, 0x00, 0x00, 0x00, 0x00, 0x00, 0x00, 0x00, 0x00, 0x00, 0x00, 0x00,
    0x00, 0x00, 0x00, 0x00, 0x00, 0x00, 0x00, 0x00, 0x00, 0x00, 0x00, 0x00, 0x00, 0x00, 0x00, 0x00,
    0x00, 0x00, 0x00, 0x00, 0x00, 0x00, 0x00, 0x00, 0x00, 0x00, 0x00, 0x00, 0x00, 0x00, 0x00, 0x00,
    0x00, 0x00, 0x00, 0x00, 0x00, 0x00, 0x00, 0x00, 0x00, 0x00, 0x00, 0x00, 0x00, 0x00, 0x00, 0x00,
    0x00, 0x00, 0x00, 0x00, 0x00, 0x00, 0x00, 0x00, 0x00, 0x00, 0x00, 0x00, 0x00, 0x00, 0x00, 0x00,
    0x00, 0x00, 0x00, 0x00, 0x00, 0x00, 0x00, 0x00, 0x00, 0x00, 0x00, 0x00, 0x00, 0x00, 0x00, 0x00,
    0x00, 0x00, 0x00, 0x00, 0x00, 0x00, 0x00, 0x00, 0x00, 0x00, 0x00, 0x00, 0x00, 0x00, 0x00, 0x00,
    0x00, 0x00, 0x00, 0x00, 0xEB, 0xEB, 0xF5, 0x19, 0xEB, 0xEB, 0xF5, 0x19, 0x00, 0x00, 0x00, 0x00,
    0x00, 0x00, 0x00, 0x00, 0x00, 0x00, 0x00, 0x00, 0x00, 0x00, 0x00, 0x00, 0x00, 0x00, 0x00, 0x00,
    0x00, 0x00, 0x00, 0x00, 0x00, 0x00, 0x00, 0x00, 0x00, 0x00, 0x00, 0x00, 0x00, 0x00, 0x00, 0x00,
    0x00, 0x00, 0x00, 0x00, 0x00, 0x00, 0x00, 0x00, 0x00, 0x00, 0x00, 0x00, 0x00, 0x00, 0x00, 0x00,
    0x00, 0x00, 0x00, 0x00, 0x00, 0x00, 0x00, 0x00, 0xE5, 0xE8, 0xEB, 0x4E, 0xE7, 0xE8, 0xEC, 0xB2,
    0xE7, 0xE8, 0xEC, 0xF6, 0xE6, 0xE8, 0xEC, 0xFF, 0xE6, 0xE8, 0xEC, 0xFF, 0xE7, 0xE8, 0xEC, 0xF6,
    0xE7, 0xE8, 0xEC, 0xB1, 0xE5, 0xE8, 0xEB, 0x4E, 0x00, 0x00, 0x00, 0x00, 0x00, 0x00, 0x00, 0x00,
    0x00, 0x00, 0x00, 0x00, 0x00, 0x00, 0x00, 0x00, 0x00, 0x00, 0x00, 0x00, 0x00, 0x00, 0x00, 0x00,
    0x00, 0x00, 0x00, 0x00, 0x00, 0x00, 0x00, 0x00, 0x00, 0x00, 0x00, 0x00, 0x00, 0x00, 0x00, 0x00,
    0xE7, 0xE7, 0xE7, 0x15, 0xE5, 0xE8, 0xEC, 0xBD, 0xE6, 0xE8, 0xEC, 0xF9, 0xE7, 0xE9, 0xEC, 0x9F,
    0xE6, 0xE8, 0xEB, 0xCF, 0xE6, 0xE7, 0xEC, 0xE0, 0xE7, 0xE8, 0xED, 0xE0, 0xE6, 0xE7, 0xEB, 0xCE,
    0xE6, 0xE9, 0xEC, 0xA1, 0xE6, 0xE8, 0xEC, 0xF9, 0xE6, 0xE8, 0xEC, 0xBB, 0xE6, 0xE6, 0xF2, 0x14,
    0x00, 0x00, 0x00, 0x00, 0x00, 0x00, 0x00, 0x00, 0x00, 0x00, 0x00, 0x00, 0x00, 0x00, 0x00, 0x00,
    0x00, 0x00, 0x00, 0x00, 0x00, 0x00, 0x00, 0x00, 0x00, 0x00, 0x00, 0x00, 0xE7, 0xE7, 0xE7, 0x15,
    0xE7, 0xE8, 0xED, 0xDD, 0xE6, 0xE9, 0xEC, 0xCC, 0xE9, 0xE9, 0xE9, 0x22, 0xE6, 0xE8, 0xED, 0x71,
    0xE6, 0xE8, 0xEC, 0xED, 0xE8, 0xE8, 0xF0, 0x21, 0xE9, 0xE9, 0xE9, 0x22, 0xE6, 0xE9, 0xEC, 0xEE,
    0xE6, 0xE8, 0xED, 0x6F, 0xE9, 0xE9, 0xE9, 0x23, 0xE6, 0xE9, 0xEC, 0xCC, 0xE7, 0xE8, 0xEC, 0xDC,
    0xE6, 0xE6, 0xF2, 0x14, 0x00, 0x00, 0x00, 0x00, 0x00, 0x00, 0x00, 0x00, 0x00, 0x00, 0x00, 0x00,
    0x00, 0x00, 0x00, 0x00, 0x00, 0x00, 0x00, 0x00, 0x00, 0x00, 0x00, 0x00, 0xE7, 0xE8, 0xEC, 0xBC,
    0xE5, 0xE8, 0xEC, 0xE4, 0xE7, 0xE7, 0xEA, 0x56, 0xE2, 0xE2, 0xE2, 0x1A, 0xE6, 0xE8, 0xEC, 0xF1,
    0xE7, 0xE9, 0xEC, 0x69, 0x00, 0x00, 0x00, 0x00, 0x00, 0x00, 0x00, 0x00, 0xE7, 0xE7, 0xEC, 0x6B,
    0xE6, 0xE8, 0xEC, 0xF0, 0xE0, 0xE0, 0xE0, 0x19, 0xE8, 0xE8, 0xEA, 0x57, 0xE5, 0xE8, 0xEC, 0xE5,
    0xE6, 0xE8, 0xEC, 0xBA, 0x00, 0x00, 0x00, 0x00, 0x00, 0x00, 0x00, 0x00, 0x00, 0x00, 0x00, 0x00,
    0x00, 0x00, 0x00, 0x00, 0x00, 0x00, 0x00, 0x00, 0xE5, 0xE8, 0xEB, 0x4E, 0xE6, 0xE8, 0xEC, 0xF9,
    0xE9, 0xE9, 0xED, 0x39, 0xE7, 0xE7, 0xEB, 0x73, 0xE6, 0xE9, 0xED, 0xAE, 0xE5, 0xE8, 0xEC, 0xE4,
    0xED, 0xED, 0xED, 0x0E, 0x00, 0x00, 0x00, 0x00, 0x00, 0x00, 0x00, 0x00, 0xED, 0xED, 0xED, 0x0E,
    0xE7, 0xE9, 0xEC, 0xE5, 0xE5, 0xE8, 0xEC, 0xAE, 0xE7, 0xE7, 0xEB, 0x73, 0xE9, 0xED, 0xED, 0x3A,
    0xE6, 0xE8, 0xEC, 0xF9, 0xE8, 0xE8, 0xEB, 0x4C, 0x00, 0x00, 0x00, 0x00, 0x00, 0x00, 0x00, 0x00,
    0x00, 0x00, 0x00, 0x00, 0x00, 0x00, 0x00, 0x00, 0xE7, 0xE8, 0xEC, 0xB2, 0xE7, 0xE8, 0xEC, 0x9E,
    0x00, 0x00, 0x00, 0x00, 0xDF, 0xDF, 0xDF, 0x08, 0xE6, 0xE7, 0xEC, 0xD6, 0xE7, 0xE8, 0xEC, 0xBE,
    0xE5, 0xE7, 0xEB, 0x80, 0xE6, 0xE8, 0xEC, 0x79, 0xE6, 0xE8, 0xEC, 0x79, 0xE5, 0xE7, 0xEB, 0x80,
    0xE6, 0xE7, 0xEB, 0xBF, 0xE6, 0xE8, 0xEC, 0xD4, 0xDF, 0xDF, 0xDF, 0x08, 0x00, 0x00, 0x00, 0x00,
    0xE6, 0xE9, 0xEC, 0xA0, 0xE6, 0xE8, 0xEC, 0xB0, 0x00, 0x00, 0x00, 0x00, 0x00, 0x00, 0x00, 0x00,
    0x00, 0x00, 0x00, 0x00, 0xFF, 0xFF, 0xFF, 0x01, 0xE6, 0xE8, 0xEC, 0xF5, 0xE5, 0xE8, 0xEC, 0x4F,
    0x00, 0x00, 0x00, 0x00, 0x00, 0x00, 0x00, 0x00, 0xE6, 0xE8, 0xEC, 0xF6, 0xE7, 0xEA, 0xEE, 0x49,
    0xEA, 0xEA, 0xEA, 0x18, 0xE5, 0xE5, 0xEB, 0x27, 0xE5, 0xE5, 0xEB, 0x27, 0xEA, 0xEA, 0xEA, 0x18,
    0xE7, 0xE7, 0xEB, 0x4B, 0xE6, 0xE8, 0xEC, 0xF5, 0x00, 0x00, 0x00, 0x00, 0x00, 0x00, 0x00, 0x00,
    0xE6, 0xE9, 0xEC, 0x52, 0xE6, 0xE8, 0xEC, 0xF4, 0xFF, 0xFF, 0xFF, 0x01, 0x00, 0x00, 0x00, 0x00,
    0x00, 0x00, 0x00, 0x00, 0xEB, 0xEB, 0xEB, 0x1A, 0xE6, 0xE8, 0xEC, 0xFF, 0xE7, 0xE9, 0xED, 0xAA,
    0xE6, 0xE8, 0xED, 0x99, 0xE7, 0xE8, 0xEC, 0x9D, 0xE6, 0xE8, 0xEC, 0xFF, 0xE6, 0xE8, 0xEC, 0xAE,
    0xE6, 0xE8, 0xED, 0x99, 0xE6, 0xE8, 0xED, 0x99, 0xE6, 0xE8, 0xED, 0x99, 0xE6, 0xE8, 0xED, 0x99,
    0xE6, 0xE8, 0xEC, 0xAF, 0xE6, 0xE8, 0xEC, 0xFF, 0xE7, 0xE8, 0xEC, 0x9D, 0xE6, 0xE8, 0xED, 0x99,
    0xE6, 0xE7, 0xED, 0xAB, 0xE6, 0xE8, 0xEC, 0xFF, 0xEB, 0xEB, 0xF5, 0x19, 0x00, 0x00, 0x00, 0x00,
    0x00, 0x00, 0x00, 0x00, 0xEB, 0xEB, 0xF5, 0x19, 0xE6, 0xE8, 0xEC, 0xFF, 0xE6, 0xE7, 0xEC, 0xAB,
    0xE6, 0xE8, 0xED, 0x99, 0xE7, 0xE8, 0xEC, 0x9D, 0xE6, 0xE8, 0xEC, 0xFF, 0xE6, 0xE8, 0xEC, 0xAE,
    0xE6, 0xE8, 0xED, 0x99, 0xE6, 0xE8, 0xED, 0x99, 0xE6, 0xE8, 0xED, 0x99, 0xE6, 0xE8, 0xED, 0x99,
    0xE6, 0xE8, 0xEC, 0xAF, 0xE6, 0xE8, 0xEC, 0xFF, 0xE7, 0xE8, 0xEC, 0x9D, 0xE6, 0xE8, 0xED, 0x99,
    0xE6, 0xE9, 0xED, 0xAB, 0xE6, 0xE8, 0xEC, 0xFF, 0xE0, 0xE0, 0xEB, 0x19, 0x00, 0x00, 0x00, 0x00,
    0x00, 0x00, 0x00, 0x00, 0xFF, 0xFF, 0xFF, 0x01, 0xE6, 0xE8, 0xEC, 0xF5, 0xE6, 0xE9, 0xEC, 0x50,
    0x00, 0x00, 0x00, 0x00, 0x00, 0x00, 0x00, 0x00, 0xE6, 0xE8, 0xEC, 0xF6, 0xE7, 0xE7, 0xEE, 0x4A,
    0xEB, 0xEB, 0xEB, 0x19, 0xE5, 0xEB, 0xEB, 0x27, 0xE5, 0xEB, 0xEB, 0x27, 0xE0, 0xEB, 0xEB, 0x19,
    0xE7, 0xE7, 0xEB, 0x4B, 0xE6, 0xE8, 0xEC, 0xF4, 0x00, 0x00, 0x00, 0x00, 0x00, 0x00, 0x00, 0x00,
    0xE6, 0xE9, 0xEC, 0x52, 0xE6, 0xE8, 0xEC, 0xF3, 0xFF, 0xFF, 0xFF, 0x01, 0x00, 0x00, 0x00, 0x00,
    0x00, 0x00, 0x00, 0x00, 0x00, 0x00, 0x00, 0x00, 0xE7, 0xE8, 0xEC, 0xB1, 0xE7, 0xE8, 0xEC, 0x9E,
    0x00, 0x00, 0x00, 0x00, 0xDF, 0xFF, 0xFF, 0x08, 0xE6, 0xE8, 0xEC, 0xD5, 0xE6, 0xE8, 0xEC, 0xBE,
    0xE5, 0xE7, 0xEB, 0x80, 0xE6, 0xE8, 0xEC, 0x79, 0xE6, 0xE8, 0xEC, 0x79, 0xE5, 0xE7, 0xEB, 0x80,
    0xE6, 0xE8, 0xEC, 0xBF, 0xE6, 0xE7, 0xEB, 0xD4, 0xDF, 0xFF, 0xFF, 0x08, 0x00, 0x00, 0x00, 0x00,
    0xE6, 0xE9, 0xEC, 0xA0, 0xE6, 0xE8, 0xEC, 0xAF, 0x00, 0x00, 0x00, 0x00, 0x00, 0x00, 0x00, 0x00,
    0x00, 0x00, 0x00, 0x00, 0x00, 0x00, 0x00, 0x00, 0xE5, 0xE8, 0xEB, 0x4D, 0xE6, 0xE8, 0xEC, 0xF9,
    0xE9, 0xE9, 0xED, 0x3A, 0xE7, 0xE9, 0xED, 0x73, 0xE6, 0xE9, 0xED, 0xAE, 0xE6, 0xE9, 0xED, 0xE4,
    0xEB, 0xEB, 0xFF, 0x0D, 0x00, 0x00, 0x00, 0x00, 0x00, 0x00, 0x00, 0x00, 0xEB, 0xEB, 0xFF, 0x0D,
    0xE7, 0xE9, 0xED, 0xE5, 0xE6, 0xE7, 0xED, 0xAD, 0xE7, 0xE9, 0xED, 0x73, 0xE6, 0xE6, 0xEA, 0x3C,
    0xE6, 0xE8, 0xEC, 0xFA, 0xE7, 0xE7, 0xEB, 0x4B, 0x00, 0x00, 0x00, 0x00, 0x00, 0x00, 0x00, 0x00,
    0x00, 0x00, 0x00, 0x00, 0x00, 0x00, 0x00, 0x00, 0x00, 0x00, 0x00, 0x00, 0xE6, 0xE8, 0xEC, 0xBB,
    0xE5, 0xE8, 0xEC, 0xE5, 0xE5, 0xE8, 0xEA, 0x57, 0xEB, 0xEB, 0xEB, 0x19, 0xE6, 0xE8, 0xEC, 0xF0,
    0xE7, 0xE7, 0xEC, 0x6A, 0x00, 0x00, 0x00, 0x00, 0x00, 0x00, 0x00, 0x00, 0xE5, 0xE7, 0xEC, 0x6C,
    0xE6, 0xE8, 0xEC, 0xEF, 0xEA, 0xEA, 0xEA, 0x18, 0xE5, 0xE8, 0xEA, 0x57, 0xE5, 0xE8, 0xEC, 0xE5,
    0xE6, 0xE8, 0xEC, 0xB9, 0x00, 0x00, 0x00, 0x00, 0x00, 0x00, 0x00, 0x00, 0x00, 0x00, 0x00, 0x00,
    0x00, 0x00, 0x00, 0x00, 0x00, 0x00, 0x00, 0x00, 0x00, 0x00, 0x00, 0x00, 0xE6, 0xE6, 0xF2, 0x14,
    0xE7, 0xE8, 0xEC, 0xDC, 0xE6, 0xE9, 0xEC, 0xCD, 0xE3, 0xEA, 0xEA, 0x24, 0xE6, 0xE8, 0xED, 0x70,
    0xE6, 0xE9, 0xEC, 0xEE, 0xE8, 0xE8, 0xF0, 0x21, 0xE9, 0xE9, 0xE9, 0x22, 0xE6, 0xE8, 0xEC, 0xEF,
    0xE6, 0xE8, 0xEC, 0x6E, 0xE3, 0xEA, 0xEA, 0x25, 0xE6, 0xE7, 0xEC, 0xCE, 0xE7, 0xE8, 0xEC, 0xDC,
    0xE4, 0xE4, 0xF2, 0x13, 0x00, 0x00, 0x00, 0x00, 0x00, 0x00, 0x00, 0x00, 0x00, 0x00, 0x00, 0x00,
    0x00, 0x00, 0x00, 0x00, 0x00, 0x00, 0x00, 0x00, 0x00, 0x00, 0x00, 0x00, 0x00, 0x00, 0x00, 0x00,
    0xE6, 0xE6, 0xF2, 0x14, 0xE6, 0xE8, 0xEC, 0xBA, 0xE6, 0xE8, 0xEC, 0xF9, 0xE6, 0xE9, 0xEC, 0xA1,
    0xE6, 0xE8, 0xEB, 0xCF, 0xE7, 0xE8, 0xED, 0xE0, 0xE7, 0xE8, 0xED, 0xE0, 0xE5, 0xE9, 0xEB, 0xCE,
    0xE7, 0xEA, 0xEE, 0xA1, 0xE6, 0xE8, 0xEC, 0xFA, 0xE6, 0xE8, 0xEC, 0xB9, 0xE4, 0xE4, 0xF2, 0x13,
    0x00, 0x00, 0x00, 0x00, 0x00, 0x00, 0x00, 0x00, 0x00, 0x00, 0x00, 0x00, 0x00, 0x00, 0x00, 0x00,
    0x00, 0x00, 0x00, 0x00, 0x00, 0x00, 0x00, 0x00, 0x00, 0x00, 0x00, 0x00, 0x00, 0x00, 0x00, 0x00,
    0x00, 0x00, 0x00, 0x00, 0x00, 0x00, 0x00, 0x00, 0xE8, 0xE8, 0xEB, 0x4C, 0xE6, 0xE8, 0xEC, 0xAF,
    0xE6, 0xE8, 0xEB, 0xF5, 0xE6, 0xE8, 0xEC, 0xFF, 0xE6, 0xE8, 0xEC, 0xFF, 0xE7, 0xE8, 0xEC, 0xF4,
    0xE6, 0xE8, 0xEC, 0xAF, 0xE7, 0xE7, 0xEB, 0x4B, 0x00, 0x00, 0x00, 0x00, 0x00, 0x00, 0x00, 0x00,
    0x00, 0x00, 0x00, 0x00, 0x00, 0x00, 0x00, 0x00, 0x00, 0x00, 0x00, 0x00, 0x00, 0x00, 0x00, 0x00,
    0x00, 0x00, 0x00, 0x00, 0x00, 0x00, 0x00, 0x00, 0x00, 0x00, 0x00, 0x00, 0x00, 0x00, 0x00, 0x00,
    0x00, 0x00, 0x00, 0x00, 0x00, 0x00, 0x00, 0x00, 0x00, 0x00, 0x00, 0x00, 0x00, 0x00, 0x00, 0x00,
    0x00, 0x00, 0x00, 0x00, 0xEA, 0xEA, 0xF4, 0x18, 0xEA, 0xEA, 0xF4, 0x18, 0x00, 0x00, 0x00, 0x00,
    0x00, 0x00, 0x00, 0x00, 0x00, 0x00, 0x00, 0x00, 0x00, 0x00, 0x00, 0x00, 0x00, 0x00, 0x00, 0x00,
    0x00, 0x00, 0x00, 0x00, 0x00, 0x00, 0x00, 0x00, 0x00, 0x00, 0x00, 0x00, 0x00, 0x00, 0x00, 0x00,
    0x00, 0x00, 0x00, 0x00, 0x00, 0x00, 0x00, 0x00, 0x00, 0x00, 0x00, 0x00, 0x00, 0x00, 0x00, 0x00,
    0x00, 0x00, 0x00, 0x00, 0x00, 0x00, 0x00, 0x00, 0x00, 0x00, 0x00, 0x00, 0x00, 0x00, 0x00, 0x00,
    0x00, 0x00, 0x00, 0x00, 0x00, 0x00, 0x00, 0x00, 0x00, 0x00, 0x00, 0x00, 0x00, 0x00, 0x00, 0x00,
    0x00, 0x00, 0x00, 0x00, 0x00, 0x00, 0x00, 0x00, 0x00, 0x00, 0x00, 0x00, 0x00, 0x00, 0x00, 0x00,
    0x00, 0x00, 0x00, 0x00, 0x00, 0x00, 0x00, 0x00, 0x00, 0x00, 0x00, 0x00, 0x00, 0x00, 0x00, 0x00,
}};
inline constexpr std::array<std::uint8_t, 1600> uve_node_icon_world_partition_node_rgba{{
    0x00, 0x00, 0x00, 0x00, 0x00, 0x00, 0x00, 0x00, 0x00, 0x00, 0x00, 0x00, 0x00, 0x00, 0x00, 0x00,
    0x00, 0x00, 0x00, 0x00, 0x00, 0x00, 0x00, 0x00, 0x00, 0x00, 0x00, 0x00, 0x00, 0x00, 0x00, 0x00,
    0x00, 0x00, 0x00, 0x00, 0x00, 0x00, 0x00, 0x00, 0x00, 0x00, 0x00, 0x00, 0x00, 0x00, 0x00, 0x00,
    0x00, 0x00, 0x00, 0x00, 0x00, 0x00, 0x00, 0x00, 0x00, 0x00, 0x00, 0x00, 0x00, 0x00, 0x00, 0x00,
    0x00, 0x00, 0x00, 0x00, 0x00, 0x00, 0x00, 0x00, 0x00, 0x00, 0x00, 0x00, 0x00, 0x00, 0x00, 0x00,
    0x00, 0x00, 0x00, 0x00, 0x00, 0x00, 0x00, 0x00, 0x00, 0x00, 0x00, 0x00, 0x00, 0x00, 0x00, 0x00,
    0x00, 0x00, 0x00, 0x00, 0x00, 0x00, 0x00, 0x00, 0x00, 0x00, 0x00, 0x00, 0x00, 0x00, 0x00, 0x00,
    0x00, 0x00, 0x00, 0x00, 0x00, 0x00, 0x00, 0x00, 0x00, 0x00, 0x00, 0x00, 0x00, 0x00, 0x00, 0x00,
    0x00, 0x00, 0x00, 0x00, 0x00, 0x00, 0x00, 0x00, 0x00, 0x00, 0x00, 0x00, 0x00, 0x00, 0x00, 0x00,
    0x00, 0x00, 0x00, 0x00, 0x00, 0x00, 0x00, 0x00, 0x00, 0x00, 0x00, 0x00, 0x00, 0x00, 0x00, 0x00,
    0x00, 0x00, 0x00, 0x00, 0x00, 0x00, 0x00, 0x00, 0xFF, 0xFF, 0xFF, 0x05, 0xE8, 0xE8, 0xEC, 0x42,
    0xE5, 0xE9, 0xEC, 0x44, 0xE7, 0xE7, 0xEC, 0x36, 0xE6, 0xE6, 0xF2, 0x14, 0xE5, 0xE9, 0xEC, 0x44,
    0xE4, 0xEA, 0xEA, 0x30, 0x00, 0x00, 0x00, 0x00, 0x00, 0x00, 0x00, 0x00, 0xE4, 0xEA, 0xEA, 0x30,
    0xE5, 0xE9, 0xEC, 0x44, 0xE5, 0xE9, 0xEC, 0x44, 0xE6, 0xE6, 0xE6, 0x0A, 0xE7, 0xE7, 0xEB, 0x40,
    0xE8, 0xE8, 0xEC, 0x42, 0xFF, 0xFF, 0xFF, 0x05, 0x00, 0x00, 0x00, 0x00, 0x00, 0x00, 0x00, 0x00,
    0x00, 0x00, 0x00, 0x00, 0x00, 0x00, 0x00, 0x00, 0xE6, 0xE9, 0xED, 0x47, 0xE6, 0xE8, 0xEC, 0xFE,
    0xE6, 0xE9, 0xEC, 0xEE, 0xE6, 0xE8, 0xED, 0xDD, 0xE7, 0xE7, 0xEC, 0x6A, 0xE6, 0xE8, 0xEC, 0xF3,
    0xE6, 0xE8, 0xEC, 0xF0, 0x00, 0x00, 0x00, 0x00, 0x00, 0x00, 0x00, 0x00, 0xE6, 0xE8, 0xEC, 0xF0,
    0xE6, 0xE8, 0xEC, 0xF3, 0xE6, 0xE8, 0xEC, 0xED, 0xE7, 0xE9, 0xEC, 0x5E, 0xE6, 0xE8, 0xEC, 0xEA,
    0xE6, 0xE8, 0xEC, 0xFE, 0xE6, 0xE9, 0xED, 0x47, 0x00, 0x00, 0x00, 0x00, 0x00, 0x00, 0x00, 0x00,
    0x00, 0x00, 0x00, 0x00, 0x00, 0x00, 0x00, 0x00, 0xE5, 0xE9, 0xEC, 0x44, 0xE6, 0xE8, 0xEC, 0xED,
    0x00, 0x00, 0x00, 0x00, 0x00, 0x00, 0x00, 0x00, 0x00, 0x00, 0x00, 0x00, 0xE4, 0xEB, 0xEB, 0x26,
    0xE6, 0xE8, 0xEC, 0xA5, 0x00, 0x00, 0x00, 0x00, 0x00, 0x00, 0x00, 0x00, 0xE6, 0xE8, 0xEC, 0xED,
    0xE5, 0xE9, 0xEC, 0x44, 0x00, 0x00, 0x00, 0x00, 0x00, 0x00, 0x00, 0x00, 0x00, 0x00, 0x00, 0x00,
    0xE6, 0xE8, 0xEC, 0xA5, 0xE4, 0xEB, 0xEB, 0x26, 0x00, 0x00, 0x00, 0x00, 0x00, 0x00, 0x00, 0x00,
    0x00, 0x00, 0x00, 0x00, 0x00, 0x00, 0x00, 0x00, 0xE6, 0xE6, 0xE6, 0x0A, 0xE7, 0xE9, 0xEC, 0x5E,
    0x00, 0x00, 0x00, 0x00, 0x00, 0x00, 0x00, 0x00, 0x00, 0x00, 0x00, 0x00, 0xE4, 0xEB, 0xEB, 0x26,
    0xE6, 0xE8, 0xED, 0xA6, 0x00, 0x00, 0x00, 0x00, 0x00, 0x00, 0x00, 0x00, 0xE7, 0xE9, 0xEC, 0x5E,
    0xE6, 0xE6, 0xE6, 0x0A, 0x00, 0x00, 0x00, 0x00, 0x00, 0x00, 0x00, 0x00, 0x00, 0x00, 0x00, 0x00,
    0xE6, 0xE8, 0xED, 0xA6, 0xE4, 0xEB, 0xEB, 0x26, 0x00, 0x00, 0x00, 0x00, 0x00, 0x00, 0x00, 0x00,
    0x00, 0x00, 0x00, 0x00, 0x00, 0x00, 0x00, 0x00, 0xE7, 0xE7, 0xEE, 0x49, 0xE6, 0xE8, 0xEC, 0xF2,
    0x00, 0x00, 0x00, 0x00, 0x00, 0x00, 0x00, 0x00, 0x00, 0x00, 0x00, 0x00, 0xE7, 0xE7, 0xEB, 0x4B,
    0xE6, 0xE8, 0xEC, 0xF4, 0x00, 0x00, 0x00, 0x00, 0x00, 0x00, 0x00, 0x00, 0xE6, 0xE8, 0xEC, 0xF2,
    0xE7, 0xE7, 0xEE, 0x49, 0x00, 0x00, 0x00, 0x00, 0x00, 0x00, 0x00, 0x00, 0x00, 0x00, 0x00, 0x00,
    0xE6, 0xE8, 0xEC, 0xF4, 0xE7, 0xE7, 0xEB, 0x4B, 0x00, 0x00, 0x00, 0x00, 0x00, 0x00, 0x00, 0x00,
    0x00, 0x00, 0x00, 0x00, 0x00, 0x00, 0x00, 0x00, 0xE7, 0xE7, 0xEB, 0x4B, 0xE6, 0xE8, 0xEC, 0xF4,
    0xEB, 0xEB, 0xEB, 0x19, 0xE5, 0xE9, 0xEC, 0x44, 0xE5, 0xE9, 0xEC, 0x44, 0xE7, 0xE9, 0xEC, 0x69,
    0xE6, 0xE8, 0xEC, 0xF4, 0x00, 0x00, 0x00, 0x00, 0x00, 0x00, 0x00, 0x00, 0xE6, 0xE8, 0xEC, 0xF4,
    0xE5, 0xE8, 0xEC, 0x4F, 0xE8, 0xE8, 0xEC, 0x42, 0xE5, 0xE9, 0xEC, 0x44, 0xE7, 0xE7, 0xEC, 0x36,
    0xE6, 0xE8, 0xEC, 0xF4, 0xE7, 0xE7, 0xEA, 0x4A, 0x00, 0x00, 0x00, 0x00, 0x00, 0x00, 0x00, 0x00,
    0x00, 0x00, 0x00, 0x00, 0x00, 0x00, 0x00, 0x00, 0xE6, 0xE6, 0xEB, 0x33, 0xE6, 0xE9, 0xEC, 0xCD,
    0xE6, 0xE8, 0xEC, 0x7C, 0xE6, 0xE9, 0xEC, 0xEE, 0xE6, 0xE9, 0xEC, 0xEE, 0xE6, 0xE8, 0xEC, 0xA3,
    0xE6, 0xE9, 0xEB, 0x68, 0x00, 0x00, 0x00, 0x00, 0x00, 0x00, 0x00, 0x00, 0xE6, 0xE9, 0xEC, 0xCD,
    0xE5, 0xE7, 0xED, 0x61, 0xE6, 0xE8, 0xEC, 0xEC, 0xE6, 0xE9, 0xEC, 0xEE, 0xE6, 0xE8, 0xEB, 0xDE,
    0xE7, 0xE9, 0xEC, 0x69, 0xE6, 0xE6, 0xF2, 0x14, 0x00, 0x00, 0x00, 0x00, 0x00, 0x00, 0x00, 0x00,
    0x00, 0x00, 0x00, 0x00, 0x00, 0x00, 0x00, 0x00, 0x00, 0x00, 0x00, 0x00, 0x00, 0x00, 0x00, 0x00,
    0x00, 0x00, 0x00, 0x00, 0x00, 0x00, 0x00, 0x00, 0x00, 0x00, 0x00, 0x00, 0x00, 0x00, 0x00, 0x00,
    0x00, 0x00, 0x00, 0x00, 0x00, 0x00, 0x00, 0x00, 0x00, 0x00, 0x00, 0x00, 0x00, 0x00, 0x00, 0x00,
    0x00, 0x00, 0x00, 0x00, 0x00, 0x00, 0x00, 0x00, 0x00, 0x00, 0x00, 0x00, 0x00, 0x00, 0x00, 0x00,
    0x00, 0x00, 0x00, 0x00, 0x00, 0x00, 0x00, 0x00, 0x00, 0x00, 0x00, 0x00, 0x00, 0x00, 0x00, 0x00,
    0x00, 0x00, 0x00, 0x00, 0x00, 0x00, 0x00, 0x00, 0x00, 0x00, 0x00, 0x00, 0x00, 0x00, 0x00, 0x00,
    0x00, 0x00, 0x00, 0x00, 0x00, 0x00, 0x00, 0x00, 0x00, 0x00, 0x00, 0x00, 0x00, 0x00, 0x00, 0x00,
    0x00, 0x00, 0x00, 0x00, 0x00, 0x00, 0x00, 0x00, 0x00, 0x00, 0x00, 0x00, 0x00, 0x00, 0x00, 0x00,
    0x00, 0x00, 0x00, 0x00, 0x00, 0x00, 0x00, 0x00, 0x00, 0x00, 0x00, 0x00, 0x00, 0x00, 0x00, 0x00,
    0x00, 0x00, 0x00, 0x00, 0x00, 0x00, 0x00, 0x00, 0x00, 0x00, 0x00, 0x00, 0x00, 0x00, 0x00, 0x00,
    0x00, 0x00, 0x00, 0x00, 0x00, 0x00, 0x00, 0x00, 0xE6, 0xE6, 0xEB, 0x33, 0xE6, 0xE8, 0xEC, 0xEC,
    0xE6, 0xE9, 0xEC, 0xEE, 0xE6, 0xE8, 0xED, 0xDD, 0xE7, 0xE7, 0xEC, 0x6A, 0xE6, 0xE9, 0xEC, 0xEE,
    0xE6, 0xE8, 0xED, 0xCF, 0x00, 0x00, 0x00, 0x00, 0x00, 0x00, 0x00, 0x00, 0xE6, 0xE8, 0xED, 0xCF,
    0xE6, 0xE9, 0xEC, 0xEE, 0xE6, 0xE8, 0xEC, 0xED, 0xE7, 0xE9, 0xEC, 0x5E, 0xE6, 0xE8, 0xEC, 0xEA,
    0xE6, 0xE8, 0xEC, 0xEC, 0xE6, 0xE6, 0xEB, 0x33, 0x00, 0x00, 0x00, 0x00, 0x00, 0x00, 0x00, 0x00,
    0x00, 0x00, 0x00, 0x00, 0x00, 0x00, 0x00, 0x00, 0xE7, 0xE7, 0xEB, 0x4B, 0xE6, 0xE8, 0xEC, 0xF7,
    0xE5, 0xE9, 0xEC, 0x44, 0xE7, 0xE7, 0xEC, 0x36, 0xE6, 0xE6, 0xF2, 0x14, 0xE6, 0xE8, 0xED, 0x6F,
    0xE6, 0xE8, 0xEC, 0xE9, 0x00, 0x00, 0x00, 0x00, 0x00, 0x00, 0x00, 0x00, 0xE6, 0xE8, 0xEC, 0xF4,
    0xE6, 0xE8, 0xEC, 0x7B, 0xE5, 0xE9, 0xEC, 0x44, 0xE6, 0xE6, 0xE6, 0x0A, 0xE7, 0xE7, 0xEB, 0x40,
    0xE6, 0xE8, 0xEB, 0xEB, 0xE7, 0xE7, 0xEB, 0x3F, 0x00, 0x00, 0x00, 0x00, 0x00, 0x00, 0x00, 0x00,
    0x00, 0x00, 0x00, 0x00, 0x00, 0x00, 0x00, 0x00, 0xE6, 0xE6, 0xF2, 0x14, 0xE7, 0xE9, 0xEC, 0x69,
    0x00, 0x00, 0x00, 0x00, 0x00, 0x00, 0x00, 0x00, 0x00, 0x00, 0x00, 0x00, 0xED, 0xED, 0xED, 0x0E,
    0xE5, 0xE8, 0xED, 0x62, 0x00, 0x00, 0x00, 0x00, 0x00, 0x00, 0x00, 0x00, 0xE7, 0xE9, 0xEC, 0x69,
    0xE6, 0xE6, 0xF2, 0x14, 0x00, 0x00, 0x00, 0x00, 0x00, 0x00, 0x00, 0x00, 0x00, 0x00, 0x00, 0x00,
    0xE5, 0xE8, 0xED, 0x62, 0xED, 0xED, 0xED, 0x0E, 0x00, 0x00, 0x00, 0x00, 0x00, 0x00, 0x00, 0x00,
    0x00, 0x00, 0x00, 0x00, 0x00, 0x00, 0x00, 0x00, 0xE4, 0xE9, 0xED, 0x39, 0xE6, 0xE8, 0xEC, 0xE0,
    0x00, 0x00, 0x00, 0x00, 0x00, 0x00, 0x00, 0x00, 0x00, 0x00, 0x00, 0x00, 0xE7, 0xE7, 0xEA, 0x4A,
    0xE6, 0xE8, 0xEC, 0xF3, 0x00, 0x00, 0x00, 0x00, 0x00, 0x00, 0x00, 0x00, 0xE6, 0xE8, 0xEC, 0xE0,
    0xE4, 0xE9, 0xED, 0x39, 0x00, 0x00, 0x00, 0x00, 0x00, 0x00, 0x00, 0x00, 0x00, 0x00, 0x00, 0x00,
    0xE6, 0xE8, 0xEC, 0xF3, 0xE7, 0xE7, 0xEA, 0x4A, 0x00, 0x00, 0x00, 0x00, 0x00, 0x00, 0x00, 0x00,
    0x00, 0x00, 0x00, 0x00, 0x00, 0x00, 0x00, 0x00, 0xE7, 0xE7, 0xEB, 0x4B, 0xE6, 0xE8, 0xEC, 0xF4,
    0x00, 0x00, 0x00, 0x00, 0x00, 0x00, 0x00, 0x00, 0x00, 0x00, 0x00, 0x00, 0xE7, 0xE7, 0xEB, 0x4B,
    0xE6, 0xE8, 0xEC, 0xF4, 0x00, 0x00, 0x00, 0x00, 0x00, 0x00, 0x00, 0x00, 0xE6, 0xE8, 0xEC, 0xF4,
    0xE7, 0xE7, 0xEB, 0x4B, 0x00, 0x00, 0x00, 0x00, 0x00, 0x00, 0x00, 0x00, 0x00, 0x00, 0x00, 0x00,
    0xE6, 0xE8, 0xEC, 0xF4, 0xE7, 0xE7, 0xEB, 0x4B, 0x00, 0x00, 0x00, 0x00, 0x00, 0x00, 0x00, 0x00,
    0x00, 0x00, 0x00, 0x00, 0x00, 0x00, 0x00, 0x00, 0xE6, 0xE9, 0xED, 0x47, 0xE6, 0xE8, 0xEC, 0xF0,
    0xE6, 0xE8, 0xEC, 0x7C, 0xE6, 0xE9, 0xEC, 0xEE, 0xE6, 0xE9, 0xEC, 0xEE, 0xE7, 0xE8, 0xEC, 0xBC,
    0xE6, 0xE8, 0xEC, 0xB9, 0x00, 0x00, 0x00, 0x00, 0x00, 0x00, 0x00, 0x00, 0xE6, 0xE8, 0xEC, 0xF0,
    0xE7, 0xE7, 0xEB, 0x75, 0xE6, 0xE8, 0xEC, 0xEC, 0xE6, 0xE9, 0xEC, 0xEE, 0xE6, 0xE8, 0xEB, 0xDE,
    0xE6, 0xE8, 0xEC, 0xBB, 0xE8, 0xE8, 0xEE, 0x2C, 0x00, 0x00, 0x00, 0x00, 0x00, 0x00, 0x00, 0x00,
    0x00, 0x00, 0x00, 0x00, 0x00, 0x00, 0x00, 0x00, 0xFF, 0xFF, 0xFF, 0x05, 0xE3, 0xE9, 0xEE, 0x2E,
    0xEB, 0xEB, 0xEB, 0x19, 0xE5, 0xE9, 0xEC, 0x44, 0xE5, 0xE9, 0xEC, 0x44, 0xE6, 0xE6, 0xEF, 0x1F,
    0x00, 0x00, 0x00, 0x00, 0x00, 0x00, 0x00, 0x00, 0x00, 0x00, 0x00, 0x00, 0xE3, 0xE9, 0xEE, 0x2E,
    0xE3, 0xE3, 0xE3, 0x09, 0xE8, 0xE8, 0xEC, 0x42, 0xE5, 0xE9, 0xEC, 0x44, 0xE7, 0xE7, 0xEC, 0x36,
    0x00, 0x00, 0x00, 0x00, 0x00, 0x00, 0x00, 0x00, 0x00, 0x00, 0x00, 0x00, 0x00, 0x00, 0x00, 0x00,
    0x00, 0x00, 0x00, 0x00, 0x00, 0x00, 0x00, 0x00, 0x00, 0x00, 0x00, 0x00, 0x00, 0x00, 0x00, 0x00,
    0x00, 0x00, 0x00, 0x00, 0x00, 0x00, 0x00, 0x00, 0x00, 0x00, 0x00, 0x00, 0x00, 0x00, 0x00, 0x00,
    0x00, 0x00, 0x00, 0x00, 0x00, 0x00, 0x00, 0x00, 0x00, 0x00, 0x00, 0x00, 0x00, 0x00, 0x00, 0x00,
    0x00, 0x00, 0x00, 0x00, 0x00, 0x00, 0x00, 0x00, 0x00, 0x00, 0x00, 0x00, 0x00, 0x00, 0x00, 0x00,
    0x00, 0x00, 0x00, 0x00, 0x00, 0x00, 0x00, 0x00, 0x00, 0x00, 0x00, 0x00, 0x00, 0x00, 0x00, 0x00,
    0x00, 0x00, 0x00, 0x00, 0x00, 0x00, 0x00, 0x00, 0x00, 0x00, 0x00, 0x00, 0x00, 0x00, 0x00, 0x00,
    0x00, 0x00, 0x00, 0x00, 0x00, 0x00, 0x00, 0x00, 0x00, 0x00, 0x00, 0x00, 0x00, 0x00, 0x00, 0x00,
    0x00, 0x00, 0x00, 0x00, 0x00, 0x00, 0x00, 0x00, 0x00, 0x00, 0x00, 0x00, 0x00, 0x00, 0x00, 0x00,
    0x00, 0x00, 0x00, 0x00, 0x00, 0x00, 0x00, 0x00, 0x00, 0x00, 0x00, 0x00, 0x00, 0x00, 0x00, 0x00,
    0x00, 0x00, 0x00, 0x00, 0x00, 0x00, 0x00, 0x00, 0x00, 0x00, 0x00, 0x00, 0x00, 0x00, 0x00, 0x00,
}};
